 mass envelope_frac water_frac mantle_frac core_frac H_frac_envelope He_frac_envelope MgO_frac_mantle SiO2_frac_mantle FeO_frac_mantle Fe_frac_solid_core FeS_frac_solid_core FeO_frac_solid_core Fe_frac_liquid_core FeS_frac_liquid_core FeO_frac_liquid_core T_eq albedo rotation_period age atmospheric_Z 100pa_radius 2000pa_radius transit_radius twothirdsopt_radius condensed_radius diff_v_2000pa diff_v_100pa inner_pressure inner_temperature
   1.00000000000000000000000000000000002E-0002   0.00000000000000000000000000000000000         0.00000000000000000000000000000000000        0.500000000000000000000000000000000000        0.500000000000000000000000000000000000        0.724999999999999999999999999999999981        0.275000000000000000000000000000000019        0.512000024318695068359375000000000000        0.425000011920928955078125000000000000         6.30000010132789611816406250000000000E-0002  0.870056494511586616800702331296776776        0.129943505488413383199297668703223248         0.00000000000000000000000000000000000        0.683022559859958444886526535977552353        0.167811590859605266884724425470909642        0.129098359310438402074632433326122454         2000.00000000000000000000000000000000        0.300000011920928955078125000000000000        -1.00000000000000000000000000000000000         4.50000000000000000000000000000000000         50.0000000000000000000000000000000000        0.238348875410160498986638549854974158        0.238412896395642597031653514276883354        0.238412896395642597031653514276883354        0.238412896395642597031653514276883354        0.238412896395642597031653514276883354         0.00000000000000000000000000000000000         2.68529875900069547971403691218955341E-0002   9.75607599022663030175284572503589715         2063.82196974281804874964541122376491      
   1.04737089795944979999999999999999994E-0002   0.00000000000000000000000000000000000         0.00000000000000000000000000000000000        0.500000000000000000000000000000000000        0.500000000000000000000000000000000000        0.724999999999999999999999999999999981        0.275000000000000000000000000000000019        0.512000024318695068359375000000000000        0.425000011920928955078125000000000000         6.30000010132789611816406250000000000E-0002  0.870056494511586616800702331296776776        0.129943505488413383199297668703223248         0.00000000000000000000000000000000000        0.683022559859958444886526535977552353        0.167811590859605266884724425470909642        0.129098359310438402074632433326122454         2000.00000000000000000000000000000000        0.300000011920928955078125000000000000        -1.00000000000000000000000000000000000         4.50000000000000000000000000000000000         50.0000000000000000000000000000000000        0.241986957165822010896432794393612705        0.241989722813743853796147296113051826        0.241989722813743853796147296113051826        0.241989722813743853796147296113051826        0.241989722813743853796147296113051826         0.00000000000000000000000000000000000         1.14287825519415992241463690300472347E-0003   10.0819784194063177836834354877821691         2070.52536393696709581019739048750028      
   1.09698579789238420522548511872003990E-0002   0.00000000000000000000000000000000000         0.00000000000000000000000000000000000        0.500000000000000000000000000000000000        0.500000000000000000000000000000000000        0.724999999999999999999999999999999981        0.275000000000000000000000000000000019        0.512000024318695068359375000000000000        0.425000011920928955078125000000000000         6.30000010132789611816406250000000000E-0002  0.870056494511586616800702331296776776        0.129943505488413383199297668703223248         0.00000000000000000000000000000000000        0.683022559859958444886526535977552353        0.167811590859605266884724425470909642        0.129098359310438402074632433326122454         2000.00000000000000000000000000000000        0.300000011920928955078125000000000000        -1.00000000000000000000000000000000000         4.50000000000000000000000000000000000         50.0000000000000000000000000000000000        0.245683269016517657845512499066896764        0.245678954559130096335985265421077471        0.245678954559130096335985265421077471        0.245678954559130096335985265421077471        0.245678954559130096335985265421077471         0.00000000000000000000000000000000000        -1.75613633463386641885656511625837328E-0003   10.4189188012542738276035150245207247         2077.36738964664609005523932020371158      
   1.14895100018730995888633688328071024E-0002   0.00000000000000000000000000000000000         0.00000000000000000000000000000000000        0.500000000000000000000000000000000000        0.500000000000000000000000000000000000        0.724999999999999999999999999999999981        0.275000000000000000000000000000000019        0.512000024318695068359375000000000000        0.425000011920928955078125000000000000         6.30000010132789611816406250000000000E-0002  0.870056494511586616800702331296776776        0.129943505488413383199297668703223248         0.00000000000000000000000000000000000        0.683022559859958444886526535977552353        0.167811590859605266884724425470909642        0.129098359310438402074632433326122454         2000.00000000000000000000000000000000        0.300000011920928955078125000000000000        -1.00000000000000000000000000000000000         4.50000000000000000000000000000000000         50.0000000000000000000000000000000000        0.249429744605142036289137632074075613        0.249471708928638055191520459499515877        0.249471708928638055191520459499515877        0.249471708928638055191520459499515877        0.249471708928638055191520459499515877         0.00000000000000000000000000000000000         1.68212755170659017425492025196218406E-0002   10.7681391158948423125255724661145577         2084.40329135806821353873715442829673      
   1.20337784077759080699533028507740594E-0002   0.00000000000000000000000000000000000         0.00000000000000000000000000000000000        0.500000000000000000000000000000000000        0.500000000000000000000000000000000000        0.724999999999999999999999999999999981        0.275000000000000000000000000000000019        0.512000024318695068359375000000000000        0.425000011920928955078125000000000000         6.30000010132789611816406250000000000E-0002  0.870056494511586616800702331296776776        0.129943505488413383199297668703223248         0.00000000000000000000000000000000000        0.683022559859958444886526535977552353        0.167811590859605266884724425470909642        0.129098359310438402074632433326122454         2000.00000000000000000000000000000000        0.300000011920928955078125000000000000        -1.00000000000000000000000000000000000         4.50000000000000000000000000000000000         50.0000000000000000000000000000000000        0.253238543771706378961177344441089558        0.253246907081613456970186385033801302        0.253246907081613456970186385033801302        0.253246907081613456970186385033801302        0.253246907081613456970186385033801302         0.00000000000000000000000000000000000         3.30243318801235314600425759096511202E-0003   11.1289694480887386865255534016956480         2091.61647900758131842419280279584576      
   1.26038292967972908968014429974629652E-0002   0.00000000000000000000000000000000000         0.00000000000000000000000000000000000        0.500000000000000000000000000000000000        0.500000000000000000000000000000000000        0.724999999999999999999999999999999981        0.275000000000000000000000000000000019        0.512000024318695068359375000000000000        0.425000011920928955078125000000000000         6.30000010132789611816406250000000000E-0002  0.870056494511586616800702331296776776        0.129943505488413383199297668703223248         0.00000000000000000000000000000000000        0.683022559859958444886526535977552353        0.167811590859605266884724425470909642        0.129098359310438402074632433326122454         2000.00000000000000000000000000000000        0.300000011920928955078125000000000000        -1.00000000000000000000000000000000000         4.50000000000000000000000000000000000         50.0000000000000000000000000000000000        0.257100441396525890727897987323116085        0.257094408404156486853834554734543553        0.257094408404156486853834554734543553        0.257094408404156486853834554734543553        0.257094408404156486853834554734543553         0.00000000000000000000000000000000000        -2.34660582735036165831580769685943311E-0003   11.5028810709168813246557479187408556         2098.99879008882688990910250195959872      
   1.32008840083141992917991631746251185E-0002   0.00000000000000000000000000000000000         0.00000000000000000000000000000000000        0.500000000000000000000000000000000000        0.500000000000000000000000000000000000        0.724999999999999999999999999999999981        0.275000000000000000000000000000000019        0.512000024318695068359375000000000000        0.425000011920928955078125000000000000         6.30000010132789611816406250000000000E-0002  0.870056494511586616800702331296776776        0.129943505488413383199297668703223248         0.00000000000000000000000000000000000        0.683022559859958444886526535977552353        0.167811590859605266884724425470909642        0.129098359310438402074632433326122454         2000.00000000000000000000000000000000        0.300000011920928955078125000000000000        -1.00000000000000000000000000000000000         4.50000000000000000000000000000000000         50.0000000000000000000000000000000000        0.261030302909799460406380654055854815        0.261014157171006325612721822724049658        0.261014157171006325612721822724049658        0.261014157171006325612721822724049658        0.261014157171006325612721822724049658         0.00000000000000000000000000000000000        -6.18577128847334264233274877866923217E-0003   11.8905035664910431274234082502390804         2106.53494840297646607410936162789298      
   1.38262217376465838916887111257333255E-0002   0.00000000000000000000000000000000000         0.00000000000000000000000000000000000        0.500000000000000000000000000000000000        0.500000000000000000000000000000000000        0.724999999999999999999999999999999981        0.275000000000000000000000000000000019        0.512000024318695068359375000000000000        0.425000011920928955078125000000000000         6.30000010132789611816406250000000000E-0002  0.870056494511586616800702331296776776        0.129943505488413383199297668703223248         0.00000000000000000000000000000000000        0.683022559859958444886526535977552353        0.167811590859605266884724425470909642        0.129098359310438402074632433326122454         2000.00000000000000000000000000000000        0.300000011920928955078125000000000000        -1.00000000000000000000000000000000000         4.50000000000000000000000000000000000         50.0000000000000000000000000000000000        0.265015918085233676582399056093665041        0.265007455098049473173531488140669616        0.265007455098049473173531488140669616        0.265007455098049473173531488140669616        0.265007455098049473173531488140669616         0.00000000000000000000000000000000000        -3.19349022882099996860871604354459004E-0003   12.2888882622058958365252966011507356         2114.27187597591085908726627650617975      
   1.44811822767453669205644236020971476E-0002   0.00000000000000000000000000000000000         0.00000000000000000000000000000000000        0.500000000000000000000000000000000000        0.500000000000000000000000000000000000        0.724999999999999999999999999999999981        0.275000000000000000000000000000000019        0.512000024318695068359375000000000000        0.425000011920928955078125000000000000         6.30000010132789611816406250000000000E-0002  0.870056494511586616800702331296776776        0.129943505488413383199297668703223248         0.00000000000000000000000000000000000        0.683022559859958444886526535977552353        0.167811590859605266884724425470909642        0.129098359310438402074632433326122454         2000.00000000000000000000000000000000        0.300000011920928955078125000000000000        -1.00000000000000000000000000000000000         4.50000000000000000000000000000000000         50.0000000000000000000000000000000000        0.269041437965193350885196547733295767        0.269053620161297956449027513322188643        0.269053620161297956449027513322188643        0.269053620161297956449027513322188643        0.269053620161297956449027513322188643         0.00000000000000000000000000000000000         4.52779490471167909856126743236600374E-0003   12.7050222346942982554990884562704196         2122.26774008050183212199906321788370      
   1.51671688847092646313725750372786121E-0002   0.00000000000000000000000000000000000         0.00000000000000000000000000000000000        0.500000000000000000000000000000000000        0.500000000000000000000000000000000000        0.724999999999999999999999999999999981        0.275000000000000000000000000000000019        0.512000024318695068359375000000000000        0.425000011920928955078125000000000000         6.30000010132789611816406250000000000E-0002  0.870056494511586616800702331296776776        0.129943505488413383199297668703223248         0.00000000000000000000000000000000000        0.683022559859958444886526535977552353        0.167811590859605266884724425470909642        0.129098359310438402074632433326122454         2000.00000000000000000000000000000000        0.300000011920928955078125000000000000        -1.00000000000000000000000000000000000         4.50000000000000000000000000000000000         50.0000000000000000000000000000000000        0.273137681483105196546922273858872685        0.273134587130707312839170812832238805        0.273134587130707312839170812832238805        0.273134587130707312839170812832238805        0.273134587130707312839170812832238805         0.00000000000000000000000000000000000        -1.13290390294031839434441475750508650E-0003   13.1348042845585423932558892196143839         2130.42947276256225000032701148395091      
   1.58856512942805692341715952667117983E-0002   0.00000000000000000000000000000000000         0.00000000000000000000000000000000000        0.500000000000000000000000000000000000        0.500000000000000000000000000000000000        0.724999999999999999999999999999999981        0.275000000000000000000000000000000019        0.512000024318695068359375000000000000        0.425000011920928955078125000000000000         6.30000010132789611816406250000000000E-0002  0.870056494511586616800702331296776776        0.129943505488413383199297668703223248         0.00000000000000000000000000000000000        0.683022559859958444886526535977552353        0.167811590859605266884724425470909642        0.129098359310438402074632433326122454         2000.00000000000000000000000000000000        0.300000011920928955078125000000000000        -1.00000000000000000000000000000000000         4.50000000000000000000000000000000000         50.0000000000000000000000000000000000        0.277284574897973438596583116250881378        0.277286154240040111461611126741921402        0.277286154240040111461611126741921402        0.277286154240040111461611126741921402        0.277286154240040111461611126741921402         0.00000000000000000000000000000000000         5.69571196586204478450710373769550634E-0004   13.5810148178473098245967979174905870         2138.80515707862673786423252794192667      
   1.66381688607613357256321400820289791E-0002   0.00000000000000000000000000000000000         0.00000000000000000000000000000000000        0.500000000000000000000000000000000000        0.500000000000000000000000000000000000        0.724999999999999999999999999999999981        0.275000000000000000000000000000000019        0.512000024318695068359375000000000000        0.425000011920928955078125000000000000         6.30000010132789611816406250000000000E-0002  0.870056494511586616800702331296776776        0.129943505488413383199297668703223248         0.00000000000000000000000000000000000        0.683022559859958444886526535977552353        0.167811590859605266884724425470909642        0.129098359310438402074632433326122454         2000.00000000000000000000000000000000        0.300000011920928955078125000000000000        -1.00000000000000000000000000000000000         4.50000000000000000000000000000000000         50.0000000000000000000000000000000000        0.281506966504620535067011196377136170        0.281552856662882296662101821110240989        0.281552856662882296662101821110240989        0.281552856662882296662101821110240989        0.281552856662882296662101821110240989         0.00000000000000000000000000000000000         1.62989496202158018657567100953117937E-0002   14.0417080574658677939272351560402389         2147.32303043378121987393138389727912      
   1.74263338600965560876971718594349557E-0002   0.00000000000000000000000000000000000         0.00000000000000000000000000000000000        0.500000000000000000000000000000000000        0.500000000000000000000000000000000000        0.724999999999999999999999999999999981        0.275000000000000000000000000000000019        0.512000024318695068359375000000000000        0.425000011920928955078125000000000000         6.30000010132789611816406250000000000E-0002  0.870056494511586616800702331296776776        0.129943505488413383199297668703223248         0.00000000000000000000000000000000000        0.683022559859958444886526535977552353        0.167811590859605266884724425470909642        0.129098359310438402074632433326122454         2000.00000000000000000000000000000000        0.300000011920928955078125000000000000        -1.00000000000000000000000000000000000         4.50000000000000000000000000000000000         50.0000000000000000000000000000000000        0.285785887687803119537239783500744162        0.285812083120389872875904977165998290        0.285812083120389872875904977165998290        0.285812083120389872875904977165998290        0.285812083120389872875904977165998290         0.00000000000000000000000000000000000         9.16526421862972417567263407253842626E-0003   14.5166947562123302328159279234918459         2156.11072136174302990822417048444426      
   1.82518349431904949929850662738093818E-0002   0.00000000000000000000000000000000000         0.00000000000000000000000000000000000        0.500000000000000000000000000000000000        0.500000000000000000000000000000000000        0.724999999999999999999999999999999981        0.275000000000000000000000000000000019        0.512000024318695068359375000000000000        0.425000011920928955078125000000000000         6.30000010132789611816406250000000000E-0002  0.870056494511586616800702331296776776        0.129943505488413383199297668703223248         0.00000000000000000000000000000000000        0.683022559859958444886526535977552353        0.167811590859605266884724425470909642        0.129098359310438402074632433326122454         2000.00000000000000000000000000000000        0.300000011920928955078125000000000000        -1.00000000000000000000000000000000000         4.50000000000000000000000000000000000         50.0000000000000000000000000000000000        0.290114543770583396468850415627157415        0.290128384260613126979848208772883925        0.290128384260613126979848208772883925        0.290128384260613126979848208772883925        0.290128384260613126979848208772883925         0.00000000000000000000000000000000000         4.77047086068560520989835716263961165E-0003   15.0159495713811532424174225510346684         2165.14469366942073648867975590786363      
   1.91164407538570921685539093537247029E-0002   0.00000000000000000000000000000000000         0.00000000000000000000000000000000000        0.500000000000000000000000000000000000        0.500000000000000000000000000000000000        0.724999999999999999999999999999999981        0.275000000000000000000000000000000019        0.512000024318695068359375000000000000        0.425000011920928955078125000000000000         6.30000010132789611816406250000000000E-0002  0.870056494511586616800702331296776776        0.129943505488413383199297668703223248         0.00000000000000000000000000000000000        0.683022559859958444886526535977552353        0.167811590859605266884724425470909642        0.129098359310438402074632433326122454         2000.00000000000000000000000000000000        0.300000011920928955078125000000000000        -1.00000000000000000000000000000000000         4.50000000000000000000000000000000000         50.0000000000000000000000000000000000        0.294528415982270607391619263003841380        0.294527007825455853411667498139963985        0.294527007825455853411667498139963985        0.294527007825455853411667498139963985        0.294527007825455853411667498139963985         0.00000000000000000000000000000000000        -4.78107873756857388027855407076787649E-0004   15.5294336267072133980866439948962088         2174.30018231633752324371809893600816      
   2.00220037181559240923900195423679447E-0002   0.00000000000000000000000000000000000         0.00000000000000000000000000000000000        0.500000000000000000000000000000000000        0.500000000000000000000000000000000000        0.724999999999999999999999999999999981        0.275000000000000000000000000000000019        0.512000024318695068359375000000000000        0.425000011920928955078125000000000000         6.30000010132789611816406250000000000E-0002  0.870056494511586616800702331296776776        0.129943505488413383199297668703223248         0.00000000000000000000000000000000000        0.683022559859958444886526535977552353        0.167811590859605266884724425470909642        0.129098359310438402074632433326122454         2000.00000000000000000000000000000000        0.300000011920928955078125000000000000        -1.00000000000000000000000000000000000         4.50000000000000000000000000000000000         50.0000000000000000000000000000000000        0.298972436766675548879728880747028284        0.299008525213439377868802322903062845        0.299008525213439377868802322903062845        0.299008525213439377868802322903062845        0.299008525213439377868802322903062845         0.00000000000000000000000000000000000         1.20693705097766693256301430154437885E-0002   16.0585324262011381726506878492087018         2183.79965386597050865460367490390895      
   2.09704640132324128654944033811962271E-0002   0.00000000000000000000000000000000000         0.00000000000000000000000000000000000        0.500000000000000000000000000000000000        0.500000000000000000000000000000000000        0.724999999999999999999999999999999981        0.275000000000000000000000000000000019        0.512000024318695068359375000000000000        0.425000011920928955078125000000000000         6.30000010132789611816406250000000000E-0002  0.870056494511586616800702331296776776        0.129943505488413383199297668703223248         0.00000000000000000000000000000000000        0.683022559859958444886526535977552353        0.167811590859605266884724425470909642        0.129098359310438402074632433326122454         2000.00000000000000000000000000000000        0.300000011920928955078125000000000000        -1.00000000000000000000000000000000000         4.50000000000000000000000000000000000         50.0000000000000000000000000000000000        0.303515555538218422689245720438406563        0.303521557228501744935603095182728940        0.303521557228501744935603095182728940        0.303521557228501744935603095182728940        0.303521557228501744935603095182728940         0.00000000000000000000000000000000000         1.97735223096656755951375826540142925E-0003   16.6125065890521574509586505297450725         2193.40681630769242690263038223816628      
   2.19638537241655596358102494951593575E-0002   0.00000000000000000000000000000000000         0.00000000000000000000000000000000000        0.500000000000000000000000000000000000        0.500000000000000000000000000000000000        0.724999999999999999999999999999999981        0.275000000000000000000000000000000019        0.512000024318695068359375000000000000        0.425000011920928955078125000000000000         6.30000010132789611816406250000000000E-0002  0.870056494511586616800702331296776776        0.129943505488413383199297668703223248         0.00000000000000000000000000000000000        0.683022559859958444886526535977552353        0.167811590859605266884724425470909642        0.129098359310438402074632433326122454         2000.00000000000000000000000000000000        0.300000011920928955078125000000000000        -1.00000000000000000000000000000000000         4.50000000000000000000000000000000000         50.0000000000000000000000000000000000        0.308114011774766488156405979121724985        0.308118386092200296778563131504497658        0.308118386092200296778563131504497658        0.308118386092200296778563131504497658        0.308118386092200296778563131504497658         0.00000000000000000000000000000000000         1.41968724725815820087183876703083441E-0003   17.1838755664530375520764475625435792         2203.28899730588929513035681966394423      
   2.30043011977292878351454756950050690E-0002   0.00000000000000000000000000000000000         0.00000000000000000000000000000000000        0.500000000000000000000000000000000000        0.500000000000000000000000000000000000        0.724999999999999999999999999999999981        0.275000000000000000000000000000000019        0.512000024318695068359375000000000000        0.425000011920928955078125000000000000         6.30000010132789611816406250000000000E-0002  0.870056494511586616800702331296776776        0.129943505488413383199297668703223248         0.00000000000000000000000000000000000        0.683022559859958444886526535977552353        0.167811590859605266884724425470909642        0.129098359310438402074632433326122454         2000.00000000000000000000000000000000        0.300000011920928955078125000000000000        -1.00000000000000000000000000000000000         4.50000000000000000000000000000000000         50.0000000000000000000000000000000000        0.312768486151024413255871552540328787        0.312752440715547814840107073492638751        0.312752440715547814840107073492638751        0.312752440715547814840107073492638751        0.312752440715547814840107073492638751         0.00000000000000000000000000000000000        -5.13039496666692246680059292413183786E-0003   17.7775890435129378630629515234764741         2213.41641968236322473522194467227558      
   2.40940356023953707463686306717419161E-0002   0.00000000000000000000000000000000000         0.00000000000000000000000000000000000        0.500000000000000000000000000000000000        0.500000000000000000000000000000000000        0.724999999999999999999999999999999981        0.275000000000000000000000000000000019        0.512000024318695068359375000000000000        0.425000011920928955078125000000000000         6.30000010132789611816406250000000000E-0002  0.870056494511586616800702331296776776        0.129943505488413383199297668703223248         0.00000000000000000000000000000000000        0.683022559859958444886526535977552353        0.167811590859605266884724425470909642        0.129098359310438402074632433326122454         2000.00000000000000000000000000000000        0.300000011920928955078125000000000000        -1.00000000000000000000000000000000000         4.50000000000000000000000000000000000         50.0000000000000000000000000000000000        0.317499058919807393350078749498569523        0.317484431093443253862480949009768380        0.317484431093443253862480949009768380        0.317484431093443253862480949009768380        0.317484431093443253862480949009768380         0.00000000000000000000000000000000000        -4.60741533490634971952532425577117225E-0003   18.3920440576477168570741217828491206         2223.75660304342185337381876574380365      
   2.52353917043477924471827901828532746E-0002   0.00000000000000000000000000000000000         0.00000000000000000000000000000000000        0.500000000000000000000000000000000000        0.500000000000000000000000000000000000        0.724999999999999999999999999999999981        0.275000000000000000000000000000000019        0.512000024318695068359375000000000000        0.425000011920928955078125000000000000         6.30000010132789611816406250000000000E-0002  0.870056494511586616800702331296776776        0.129943505488413383199297668703223248         0.00000000000000000000000000000000000        0.683022559859958444886526535977552353        0.167811590859605266884724425470909642        0.129098359310438402074632433326122454         2000.00000000000000000000000000000000        0.300000011920928955078125000000000000        -1.00000000000000000000000000000000000         4.50000000000000000000000000000000000         50.0000000000000000000000000000000000        0.322299504665349886348577703997162576        0.322302912739787299698200409123648190        0.322302912739787299698200409123648190        0.322302912739787299698200409123648190        0.322302912739787299698200409123648190         0.00000000000000000000000000000000000         1.05741347741553728546141183164905598E-0003   19.0289739844415217527970213275774386         2234.34225654386571785154528678563225      
   2.64308148697411976990338126706688651E-0002   0.00000000000000000000000000000000000         0.00000000000000000000000000000000000        0.500000000000000000000000000000000000        0.500000000000000000000000000000000000        0.724999999999999999999999999999999981        0.275000000000000000000000000000000019        0.512000024318695068359375000000000000        0.425000011920928955078125000000000000         6.30000010132789611816406250000000000E-0002  0.870056494511586616800702331296776776        0.129943505488413383199297668703223248         0.00000000000000000000000000000000000        0.683022559859958444886526535977552353        0.167811590859605266884724425470909642        0.129098359310438402074632433326122454         2000.00000000000000000000000000000000        0.300000011920928955078125000000000000        -1.00000000000000000000000000000000000         4.50000000000000000000000000000000000         50.0000000000000000000000000000000000        0.327152102257075751404558583320582716        0.327174520402531093518081853454156204        0.327174520402531093518081853454156204        0.327174520402531093518081853454156204        0.327174520402531093518081853454156204         0.00000000000000000000000000000000000         6.85204502714957807445811743815301214E-0003   19.6917958185092650705653381552729146         2245.29370904674321410490549388206252      
   2.76828663039208164325015985943068658E-0002   0.00000000000000000000000000000000000         0.00000000000000000000000000000000000        0.500000000000000000000000000000000000        0.500000000000000000000000000000000000        0.724999999999999999999999999999999981        0.275000000000000000000000000000000019        0.512000024318695068359375000000000000        0.425000011920928955078125000000000000         6.30000010132789611816406250000000000E-0002  0.870056494511586616800702331296776776        0.129943505488413383199297668703223248         0.00000000000000000000000000000000000        0.683022559859958444886526535977552353        0.167811590859605266884724425470909642        0.129098359310438402074632433326122454         2000.00000000000000000000000000000000        0.300000011920928955078125000000000000        -1.00000000000000000000000000000000000         4.50000000000000000000000000000000000         50.0000000000000000000000000000000000        0.332102293789068303171209368035770846        0.332109421091421963869222759091018956        0.332109421091421963869222759091018956        0.332109421091421963869222759091018956        0.332109421091421963869222759091018956         0.00000000000000000000000000000000000         2.14607051201318321087022672006226410E-0003   20.3753111318345175046652522568004823         2256.47490275395196325434173294357274      
   2.89942285388289406626051058156534930E-0002   0.00000000000000000000000000000000000         0.00000000000000000000000000000000000        0.500000000000000000000000000000000000        0.500000000000000000000000000000000000        0.724999999999999999999999999999999981        0.275000000000000000000000000000000019        0.512000024318695068359375000000000000        0.425000011920928955078125000000000000         6.30000010132789611816406250000000000E-0002  0.870056494511586616800702331296776776        0.129943505488413383199297668703223248         0.00000000000000000000000000000000000        0.683022559859958444886526535977552353        0.167811590859605266884724425470909642        0.129098359310438402074632433326122454         2000.00000000000000000000000000000000        0.300000011920928955078125000000000000        -1.00000000000000000000000000000000000         4.50000000000000000000000000000000000         50.0000000000000000000000000000000000        0.337088860900166319671108992569805079        0.337189211243224139421063573992574308        0.337189211243224139421063573992574308        0.337189211243224139421063573992574308        0.337189211243224139421063573992574308         0.00000000000000000000000000000000000         2.97608404159272468443441090587381159E-0002   21.0895322015579596655052564919361509         2268.01284466452078339510095466756763      
   3.03677111803547736840862033878692513E-0002   0.00000000000000000000000000000000000         0.00000000000000000000000000000000000        0.500000000000000000000000000000000000        0.500000000000000000000000000000000000        0.724999999999999999999999999999999981        0.275000000000000000000000000000000019        0.512000024318695068359375000000000000        0.425000011920928955078125000000000000         6.30000010132789611816406250000000000E-0002  0.870056494511586616800702331296776776        0.129943505488413383199297668703223248         0.00000000000000000000000000000000000        0.683022559859958444886526535977552353        0.167811590859605266884724425470909642        0.129098359310438402074632433326122454         2000.00000000000000000000000000000000        0.300000011920928955078125000000000000        -1.00000000000000000000000000000000000         4.50000000000000000000000000000000000         50.0000000000000000000000000000000000        0.342181999866616700426399678233026172        0.342233721083039934059894079497429484        0.342233721083039934059894079497429484        0.342233721083039934059894079497429484        0.342233721083039934059894079497429484         0.00000000000000000000000000000000000         1.51128346615159952507712018656235956E-0002   21.8249993916588629926872303186216346         2279.76846343764237031296130991787440      
   3.18062569279414025101825130079188269E-0002   0.00000000000000000000000000000000000         0.00000000000000000000000000000000000        0.500000000000000000000000000000000000        0.500000000000000000000000000000000000        0.724999999999999999999999999999999981        0.275000000000000000000000000000000019        0.512000024318695068359375000000000000        0.425000011920928955078125000000000000         6.30000010132789611816406250000000000E-0002  0.870056494511586616800702331296776776        0.129943505488413383199297668703223248         0.00000000000000000000000000000000000        0.683022559859958444886526535977552353        0.167811590859605266884724425470909642        0.129098359310438402074632433326122454         2000.00000000000000000000000000000000        0.300000011920928955078125000000000000        -1.00000000000000000000000000000000000         4.50000000000000000000000000000000000         50.0000000000000000000000000000000000        0.347333908887783109056493607307338540        0.347337777339465143694967446593376933        0.347337777339465143694967446593376933        0.347337777339465143694967446593376933        0.347337777339465143694967446593376933         0.00000000000000000000000000000000000         1.11374343201772369607440028530922678E-0003   22.5900226043246066782121217824672949         2291.84347664282503260548658745161746      
   3.33129478793469579587899033329322212E-0002   0.00000000000000000000000000000000000         0.00000000000000000000000000000000000        0.500000000000000000000000000000000000        0.500000000000000000000000000000000000        0.724999999999999999999999999999999981        0.275000000000000000000000000000000019        0.512000024318695068359375000000000000        0.425000011920928955078125000000000000         6.30000010132789611816406250000000000E-0002  0.870056494511586616800702331296776776        0.129943505488413383199297668703223248         0.00000000000000000000000000000000000        0.683022559859958444886526535977552353        0.167811590859605266884724425470909642        0.129098359310438402074632433326122454         2000.00000000000000000000000000000000        0.300000011920928955078125000000000000        -1.00000000000000000000000000000000000         4.50000000000000000000000000000000000         50.0000000000000000000000000000000000        0.352552564768064191306714177735114030        0.352530473618773660114696020811292537        0.352530473618773660114696020811292537        0.352530473618773660114696020811292537        0.352530473618773660114696020811292537         0.00000000000000000000000000000000000        -6.26645097195783241685336535662759400E-0003   23.3850895717160047673453118613792585         2304.21319728125834791798105474888989      
   3.48910121340679723117689330325258897E-0002   0.00000000000000000000000000000000000         0.00000000000000000000000000000000000        0.500000000000000000000000000000000000        0.500000000000000000000000000000000000        0.724999999999999999999999999999999981        0.275000000000000000000000000000000019        0.512000024318695068359375000000000000        0.425000011920928955078125000000000000         6.30000010132789611816406250000000000E-0002  0.870056494511586616800702331296776776        0.129943505488413383199297668703223248         0.00000000000000000000000000000000000        0.683022559859958444886526535977552353        0.167811590859605266884724425470909642        0.129098359310438402074632433326122454         2000.00000000000000000000000000000000        0.300000011920928955078125000000000000        -1.00000000000000000000000000000000000         4.50000000000000000000000000000000000         50.0000000000000000000000000000000000        0.357848709465846519090872812670148198        0.357866332093765004124593882474977092        0.357866332093765004124593882474977092        0.357866332093765004124593882474977092        0.357866332093765004124593882474977092         0.00000000000000000000000000000000000         4.92436039327323672214218991810866029E-0003   24.2098266131432493775883641594926004         2316.82897452392755311721428564593678      
   3.65438307095728310329776802679418081E-0002   0.00000000000000000000000000000000000         0.00000000000000000000000000000000000        0.500000000000000000000000000000000000        0.500000000000000000000000000000000000        0.724999999999999999999999999999999981        0.275000000000000000000000000000000019        0.512000024318695068359375000000000000        0.425000011920928955078125000000000000         6.30000010132789611816406250000000000E-0002  0.870056494511586616800702331296776776        0.129943505488413383199297668703223248         0.00000000000000000000000000000000000        0.683022559859958444886526535977552353        0.167811590859605266884724425470909642        0.129098359310438402074632433326122454         2000.00000000000000000000000000000000        0.300000011920928955078125000000000000        -1.00000000000000000000000000000000000         4.50000000000000000000000000000000000         50.0000000000000000000000000000000000        0.363222868571946562031357129108730676        0.363327702557710600747920604850251079        0.363327702557710600747920604850251079        0.363327702557710600747920604850251079        0.363327702557710600747920604850251079         0.00000000000000000000000000000000000         2.88538377409817775908031438993352892E-0002   25.0658754324434795397790635878549106         2329.65672921752018323646805586916561      
   3.82749447851634135913727803832376407E-0002   0.00000000000000000000000000000000000         0.00000000000000000000000000000000000        0.500000000000000000000000000000000000        0.500000000000000000000000000000000000        0.724999999999999999999999999999999981        0.275000000000000000000000000000000019        0.512000024318695068359375000000000000        0.425000011920928955078125000000000000         6.30000010132789611816406250000000000E-0002  0.870056494511586616800702331296776776        0.129943505488413383199297668703223248         0.00000000000000000000000000000000000        0.683022559859958444886526535977552353        0.167811590859605266884724425470909642        0.129098359310438402074632433326122454         2000.00000000000000000000000000000000        0.300000011920928955078125000000000000        -1.00000000000000000000000000000000000         4.50000000000000000000000000000000000         50.0000000000000000000000000000000000        0.368657143825503865511045185474521104        0.368658149118847055961606518046011940        0.368658149118847055961606518046011940        0.368658149118847055961606518046011940        0.368658149118847055961606518046011940         0.00000000000000000000000000000000000         2.72689847109921529535001217703778384E-0004   25.9559196508395949814302302352758963         2343.02804407693680506159221180028528      
   4.00880632889849649039141805889355062E-0002   0.00000000000000000000000000000000000         0.00000000000000000000000000000000000        0.500000000000000000000000000000000000        0.500000000000000000000000000000000000        0.724999999999999999999999999999999981        0.275000000000000000000000000000000019        0.512000024318695068359375000000000000        0.425000011920928955078125000000000000         6.30000010132789611816406250000000000E-0002  0.870056494511586616800702331296776776        0.129943505488413383199297668703223248         0.00000000000000000000000000000000000        0.683022559859958444886526535977552353        0.167811590859605266884724425470909642        0.129098359310438402074632433326122454         2000.00000000000000000000000000000000        0.300000011920928955078125000000000000        -1.00000000000000000000000000000000000         4.50000000000000000000000000000000000         50.0000000000000000000000000000000000        0.374179164752427878864701368112271926        0.374184478397461056853373164374305481        0.374184478397461056853373164374305481        0.374184478397461056853373164374305481        0.374184478397461056853373164374305481         0.00000000000000000000000000000000000         1.42006024833927028923748216033244791E-0003   26.8788935713966357411119385663038098         2356.53935302953653266244905169391610      
   4.19870708444394372159300809145208468E-0002   0.00000000000000000000000000000000000         0.00000000000000000000000000000000000        0.500000000000000000000000000000000000        0.500000000000000000000000000000000000        0.724999999999999999999999999999999981        0.275000000000000000000000000000000019        0.512000024318695068359375000000000000        0.425000011920928955078125000000000000         6.30000010132789611816406250000000000E-0002  0.870056494511586616800702331296776776        0.129943505488413383199297668703223248         0.00000000000000000000000000000000000        0.683022559859958444886526535977552353        0.167811590859605266884724425470909642        0.129098359310438402074632433326122454         2000.00000000000000000000000000000000        0.300000011920928955078125000000000000        -1.00000000000000000000000000000000000         4.50000000000000000000000000000000000         50.0000000000000000000000000000000000        0.379773066015500510379708267332937571        0.379876014278008287381833790278208238        0.379876014278008287381833790278208238        0.379876014278008287381833790278208238        0.379876014278008287381833790278208238         0.00000000000000000000000000000000000         2.71004903279930153980688162847510668E-0002   27.8390331574681114309573904388447401         2370.29608460869046160279170084794170      
   4.39760360930275675433071206856609502E-0002   0.00000000000000000000000000000000000         0.00000000000000000000000000000000000        0.500000000000000000000000000000000000        0.500000000000000000000000000000000000        0.724999999999999999999999999999999981        0.275000000000000000000000000000000019        0.512000024318695068359375000000000000        0.425000011920928955078125000000000000         6.30000010132789611816406250000000000E-0002  0.870056494511586616800702331296776776        0.129943505488413383199297668703223248         0.00000000000000000000000000000000000        0.683022559859958444886526535977552353        0.167811590859605266884724425470909642        0.129098359310438402074632433326122454         2000.00000000000000000000000000000000        0.300000011920928955078125000000000000        -1.00000000000000000000000000000000000         4.50000000000000000000000000000000000         50.0000000000000000000000000000000000        0.385443587431576647807339800968169771        0.385461981761343011239167984928927023        0.385461981761343011239167984928927023        0.385461981761343011239167984928927023        0.385461981761343011239167984928927023         0.00000000000000000000000000000000000         4.77202179117944641762972795747776971E-0003   28.8348424116337280246453897575185343         2384.57454903147178514143273617587440      
   4.60592204114514578978097464129404699E-0002   0.00000000000000000000000000000000000         0.00000000000000000000000000000000000        0.500000000000000000000000000000000000        0.500000000000000000000000000000000000        0.724999999999999999999999999999999981        0.275000000000000000000000000000000019        0.512000024318695068359375000000000000        0.425000011920928955078125000000000000         6.30000010132789611816406250000000000E-0002  0.870056494511586616800702331296776776        0.129943505488413383199297668703223248         0.00000000000000000000000000000000000        0.683022559859958444886526535977552353        0.167811590859605266884724425470909642        0.129098359310438402074632433326122454         2000.00000000000000000000000000000000        0.300000011920928955078125000000000000        -1.00000000000000000000000000000000000         4.50000000000000000000000000000000000         50.0000000000000000000000000000000000        0.391195969612694195006365985516787375        0.391319554001376887286642279848739233        0.391319554001376887286642279848739233        0.391319554001376887286642279848739233        0.391319554001376887286642279848739233         0.00000000000000000000000000000000000         3.15814498455289150483990218369729540E-0002   29.8706127158049625307552026305307428         2398.93063782711560475260825098981217      
   4.82410870416541323423097474256259733E-0002   0.00000000000000000000000000000000000         0.00000000000000000000000000000000000        0.500000000000000000000000000000000000        0.500000000000000000000000000000000000        0.724999999999999999999999999999999981        0.275000000000000000000000000000000019        0.512000024318695068359375000000000000        0.425000011920928955078125000000000000         6.30000010132789611816406250000000000E-0002  0.870056494511586616800702331296776776        0.129943505488413383199297668703223248         0.00000000000000000000000000000000000        0.683022559859958444886526535977552353        0.167811590859605266884724425470909642        0.129098359310438402074632433326122454         2000.00000000000000000000000000000000        0.300000011920928955078125000000000000        -1.00000000000000000000000000000000000         4.50000000000000000000000000000000000         50.0000000000000000000000000000000000        0.397049165770469884459543264728600770        0.397057482967701352473826676512488895        0.397057482967701352473826676512488895        0.397057482967701352473826676512488895        0.397057482967701352473826676512488895         0.00000000000000000000000000000000000         2.09470859717925951540753677708113972E-0003   30.9410029178190133615402233184741006         2413.76253913109476432882554753861835      
   5.05263106533572662690193201580239323E-0002   0.00000000000000000000000000000000000         0.00000000000000000000000000000000000        0.500000000000000000000000000000000000        0.500000000000000000000000000000000000        0.724999999999999999999999999999999981        0.275000000000000000000000000000000019        0.512000024318695068359375000000000000        0.425000011920928955078125000000000000         6.30000010132789611816406250000000000E-0002  0.870056494511586616800702331296776776        0.129943505488413383199297668703223248         0.00000000000000000000000000000000000        0.683022559859958444886526535977552353        0.167811590859605266884724425470909642        0.129098359310438402074632433326122454         2000.00000000000000000000000000000000        0.300000011920928955078125000000000000        -1.00000000000000000000000000000000000         4.50000000000000000000000000000000000         50.0000000000000000000000000000000000        0.402962087319084339190437801525542932        0.402971097094210378495143191122294766        0.402971097094210378495143191122294766        0.402971097094210378495143191122294766        0.402971097094210378495143191122294766         0.00000000000000000000000000000000000         2.23583656272323536323381453766023572E-0003   32.0579982943944747076722452715111961         2428.87692577792708839734710188224712      
   5.29197873595849146847521071145970371E-0002   0.00000000000000000000000000000000000         0.00000000000000000000000000000000000        0.500000000000000000000000000000000000        0.500000000000000000000000000000000000        0.724999999999999999999999999999999981        0.275000000000000000000000000000000019        0.512000024318695068359375000000000000        0.425000011920928955078125000000000000         6.30000010132789611816406250000000000E-0002  0.870056494511586616800702331296776776        0.129943505488413383199297668703223248         0.00000000000000000000000000000000000        0.683022559859958444886526535977552353        0.167811590859605266884724425470909642        0.129098359310438402074632433326122454         2000.00000000000000000000000000000000        0.300000011920928955078125000000000000        -1.00000000000000000000000000000000000         4.50000000000000000000000000000000000         50.0000000000000000000000000000000000        0.408950736305515073988344692194107003        0.408990713340077645750775799004141523        0.408990713340077645750775799004141523        0.408990713340077645750775799004141523        0.408990713340077645750775799004141523         0.00000000000000000000000000000000000         9.77455801773442118277436095840911904E-0003   33.2201607746118981529347241845447095         2444.34052268474979619116996117323672      
   5.54266452066315930392335611285580509E-0002   0.00000000000000000000000000000000000         0.00000000000000000000000000000000000        0.500000000000000000000000000000000000        0.500000000000000000000000000000000000        0.724999999999999999999999999999999981        0.275000000000000000000000000000000019        0.512000024318695068359375000000000000        0.425000011920928955078125000000000000         6.30000010132789611816406250000000000E-0002  0.870056494511586616800702331296776776        0.129943505488413383199297668703223248         0.00000000000000000000000000000000000        0.683022559859958444886526535977552353        0.167811590859605266884724425470909642        0.129098359310438402074632433326122454         2000.00000000000000000000000000000000        0.300000011920928955078125000000000000        -1.00000000000000000000000000000000000         4.50000000000000000000000000000000000         50.0000000000000000000000000000000000        0.415020446567374075443157124123695045        0.415021910261792200627371601648926297        0.415021910261792200627371601648926297        0.415021910261792200627371601648926297        0.415021910261792200627371601648926297         0.00000000000000000000000000000000000         3.52678830185591537513716862940661378E-0004   34.4276677171369290353682655026713542         2460.20060423236395232977617312897179      
   5.80522551609495656082146517268962107E-0002   0.00000000000000000000000000000000000         0.00000000000000000000000000000000000        0.500000000000000000000000000000000000        0.500000000000000000000000000000000000        0.724999999999999999999999999999999981        0.275000000000000000000000000000000019        0.512000024318695068359375000000000000        0.425000011920928955078125000000000000         6.30000010132789611816406250000000000E-0002  0.870056494511586616800702331296776776        0.129943505488413383199297668703223248         0.00000000000000000000000000000000000        0.683022559859958444886526535977552353        0.167811590859605266884724425470909642        0.129098359310438402074632433326122454         2000.00000000000000000000000000000000        0.300000011920928955078125000000000000        -1.00000000000000000000000000000000000         4.50000000000000000000000000000000000         50.0000000000000000000000000000000000        0.421201403970131457489818724638330166        0.421177953023959841380089832082037244        0.421177953023959841380089832082037244        0.421177953023959841380089832082037244        0.421177953023959841380089832082037244         0.00000000000000000000000000000000000        -5.56794248208952179936381194234443932E-0003   35.6778692139309247697773967967847899         2476.24357595623352446084061777354800      
   6.08022426164948505065581588806303073E-0002   0.00000000000000000000000000000000000         0.00000000000000000000000000000000000        0.500000000000000000000000000000000000        0.500000000000000000000000000000000000        0.724999999999999999999999999999999981        0.275000000000000000000000000000000019        0.512000024318695068359375000000000000        0.425000011920928955078125000000000000         6.30000010132789611816406250000000000E-0002  0.870056494511586616800702331296776776        0.129943505488413383199297668703223248         0.00000000000000000000000000000000000        0.683022559859958444886526535977552353        0.167811590859605266884724425470909642        0.129098359310438402074632433326122454         2000.00000000000000000000000000000000        0.300000011920928955078125000000000000        -1.00000000000000000000000000000000000         4.50000000000000000000000000000000000         50.0000000000000000000000000000000000        0.427425526937645878394405744500295408        0.427578647633886107100886120434691959        0.427578647633886107100886120434691959        0.427578647633886107100886120434691959        0.427578647633886107100886120434691959         0.00000000000000000000000000000000000         3.58111185129473973543325558531385076E-0002   36.9872899859077475435205551183922201         2492.64839639217627776604190958087264      
   6.36824994471865380888821842690214039E-0002   0.00000000000000000000000000000000000         0.00000000000000000000000000000000000        0.500000000000000000000000000000000000        0.500000000000000000000000000000000000        0.724999999999999999999999999999999981        0.275000000000000000000000000000000019        0.512000024318695068359375000000000000        0.425000011920928955078125000000000000         6.30000010132789611816406250000000000E-0002  0.870056494511586616800702331296776776        0.129943505488413383199297668703223248         0.00000000000000000000000000000000000        0.683022559859958444886526535977552353        0.167811590859605266884724425470909642        0.129098359310438402074632433326122454         2000.00000000000000000000000000000000        0.300000011920928955078125000000000000        -1.00000000000000000000000000000000000         4.50000000000000000000000000000000000         50.0000000000000000000000000000000000        0.433763588651436004877638210216056677        0.433803604642288744758147663655539584        0.433803604642288744758147663655539584        0.433803604642288744758147663655539584        0.433803604642288744758147663655539584         0.00000000000000000000000000000000000         9.22444867320472628334069727737768939E-0003   38.3402758975102405809010820004024192         2509.57150709164729648939509020604663      
   6.66991966303019298825804335972346273E-0002   0.00000000000000000000000000000000000         0.00000000000000000000000000000000000        0.500000000000000000000000000000000000        0.500000000000000000000000000000000000        0.724999999999999999999999999999999981        0.275000000000000000000000000000000019        0.512000024318695068359375000000000000        0.425000011920928955078125000000000000         6.30000010132789611816406250000000000E-0002  0.870056494511586616800702331296776776        0.129943505488413383199297668703223248         0.00000000000000000000000000000000000        0.683022559859958444886526535977552353        0.167811590859605266884724425470909642        0.129098359310438402074632433326122454         2000.00000000000000000000000000000000        0.300000011920928955078125000000000000        -1.00000000000000000000000000000000000         4.50000000000000000000000000000000000         50.0000000000000000000000000000000000        0.440183977357191738725384306028980450        0.440159631673202180265573958165642869        0.440159631673202180265573958165642869        0.440159631673202180265573958165642869        0.440159631673202180265573958165642869         0.00000000000000000000000000000000000        -5.53110331745142518181622579607675242E-0003   39.7489386086165783489093950406838273         2526.78286899888544817899582164453347      
   6.98587974678532405490532339768403819E-0002   0.00000000000000000000000000000000000         0.00000000000000000000000000000000000        0.500000000000000000000000000000000000        0.500000000000000000000000000000000000        0.724999999999999999999999999999999981        0.275000000000000000000000000000000019        0.512000024318695068359375000000000000        0.425000011920928955078125000000000000         6.30000010132789611816406250000000000E-0002  0.870056494511586616800702331296776776        0.129943505488413383199297668703223248         0.00000000000000000000000000000000000        0.683022559859958444886526535977552353        0.167811590859605266884724425470909642        0.129098359310438402074632433326122454         2000.00000000000000000000000000000000        0.300000011920928955078125000000000000        -1.00000000000000000000000000000000000         4.50000000000000000000000000000000000         50.0000000000000000000000000000000000        0.446688623432928358879192897091605923        0.446709620775004576718058133584077933        0.446709620775004576718058133584077933        0.446709620775004576718058133584077933        0.446709620775004576718058133584077933         0.00000000000000000000000000000000000         4.70044545711578171216754536538456669E-0003   41.2152165898260670257814345264025551         2544.29384293037302518903260470158482      
   7.31680714342727864769909562452151975E-0002   0.00000000000000000000000000000000000         0.00000000000000000000000000000000000        0.500000000000000000000000000000000000        0.500000000000000000000000000000000000        0.724999999999999999999999999999999981        0.275000000000000000000000000000000019        0.512000024318695068359375000000000000        0.425000011920928955078125000000000000         6.30000010132789611816406250000000000E-0002  0.870056494511586616800702331296776776        0.129943505488413383199297668703223248         0.00000000000000000000000000000000000        0.683022559859958444886526535977552353        0.167811590859605266884724425470909642        0.129098359310438402074632433326122454         2000.00000000000000000000000000000000        0.300000011920928955078125000000000000        -1.00000000000000000000000000000000000         4.50000000000000000000000000000000000         50.0000000000000000000000000000000000        0.453278278830482877266609851401339188        0.453384275501428536770742722145802840        0.453384275501428536770742722145802840        0.453384275501428536770742722145802840        0.453384275501428536770742722145802840         0.00000000000000000000000000000000000         2.33789914368844330693083461488472266E-0002   42.7428163940114453070566583385387029         2562.05155192178313096288216473768156      
   7.66341086800754564190942258342304675E-0002   0.00000000000000000000000000000000000         0.00000000000000000000000000000000000        0.500000000000000000000000000000000000        0.500000000000000000000000000000000000        0.724999999999999999999999999999999981        0.275000000000000000000000000000000019        0.512000024318695068359375000000000000        0.425000011920928955078125000000000000         6.30000010132789611816406250000000000E-0002  0.870056494511586616800702331296776776        0.129943505488413383199297668703223248         0.00000000000000000000000000000000000        0.683022559859958444886526535977552353        0.167811590859605266884724425470909642        0.129098359310438402074632433326122454         2000.00000000000000000000000000000000        0.300000011920928955078125000000000000        -1.00000000000000000000000000000000000         4.50000000000000000000000000000000000         50.0000000000000000000000000000000000        0.459955734840684978318819018440985563        0.459977181781581926382110463726563515        0.459977181781581926382110463726563515        0.459977181781581926382110463726563515        0.459977181781581926382110463726563515         0.00000000000000000000000000000000000         4.66260974378769198906618314727082006E-0003   44.3287246324287845116671043073652875         2580.49704223072177869890074026194172      
   8.02643352225726970636277878857272017E-0002   0.00000000000000000000000000000000000         0.00000000000000000000000000000000000        0.500000000000000000000000000000000000        0.500000000000000000000000000000000000        0.724999999999999999999999999999999981        0.275000000000000000000000000000000019        0.512000024318695068359375000000000000        0.425000011920928955078125000000000000         6.30000010132789611816406250000000000E-0002  0.870056494511586616800702331296776776        0.129943505488413383199297668703223248         0.00000000000000000000000000000000000        0.683022559859958444886526535977552353        0.167811590859605266884724425470909642        0.129098359310438402074632433326122454         2000.00000000000000000000000000000000        0.300000011920928955078125000000000000        -1.00000000000000000000000000000000000         4.50000000000000000000000000000000000         50.0000000000000000000000000000000000        0.466721765302664265060596033561986314        0.466919488212954876071926103563121017        0.466919488212954876071926103563121017        0.466919488212954876071926103563121017        0.466919488212954876071926103563121017         0.00000000000000000000000000000000000         4.23462535366338360222882346014939888E-0002   45.9831819109612532818552233107124823         2598.95463868865647081379877397220623      
   8.40665288561842607476714319551580939E-0002   0.00000000000000000000000000000000000         0.00000000000000000000000000000000000        0.500000000000000000000000000000000000        0.500000000000000000000000000000000000        0.724999999999999999999999999999999981        0.275000000000000000000000000000000019        0.512000024318695068359375000000000000        0.425000011920928955078125000000000000         6.30000010132789611816406250000000000E-0002  0.870056494511586616800702331296776776        0.129943505488413383199297668703223248         0.00000000000000000000000000000000000        0.683022559859958444886526535977552353        0.167811590859605266884724425470909642        0.129098359310438402074632433326122454         2000.00000000000000000000000000000000        0.300000011920928955078125000000000000        -1.00000000000000000000000000000000000         4.50000000000000000000000000000000000         50.0000000000000000000000000000000000        0.473537297487459753818918400317487480        0.473627785618992461047060368746268818        0.473627785618992461047060368746268818        0.473627785618992461047060368746268818        0.473627785618992461047060368746268818         0.00000000000000000000000000000000000         1.91053258022957208406341944401489099E-0002   47.7118399882668733402080347852241662         2618.37864896919957438904792923791611      
   8.80488358164357074743307360856496004E-0002   0.00000000000000000000000000000000000         0.00000000000000000000000000000000000        0.500000000000000000000000000000000000        0.500000000000000000000000000000000000        0.724999999999999999999999999999999981        0.275000000000000000000000000000000019        0.512000024318695068359375000000000000        0.425000011920928955078125000000000000         6.30000010132789611816406250000000000E-0002  0.870056494511586616800702331296776776        0.129943505488413383199297668703223248         0.00000000000000000000000000000000000        0.683022559859958444886526535977552353        0.167811590859605266884724425470909642        0.129098359310438402074632433326122454         2000.00000000000000000000000000000000        0.300000011920928955078125000000000000        -1.00000000000000000000000000000000000         4.50000000000000000000000000000000000         50.0000000000000000000000000000000000        0.480453725497987828298940687970089016        0.480495242018944449600260192925746982        0.480495242018944449600260192925746982        0.480495242018944449600260192925746982        0.480495242018944449600260192925746982         0.00000000000000000000000000000000000         8.64036047103759512040879569138875603E-0003   49.5076672649190784853638530269132129         2638.26440741026382896420581577629683      
   9.22197882333444321945314637778022181E-0002   0.00000000000000000000000000000000000         0.00000000000000000000000000000000000        0.500000000000000000000000000000000000        0.500000000000000000000000000000000000        0.724999999999999999999999999999999981        0.275000000000000000000000000000000019        0.512000024318695068359375000000000000        0.425000011920928955078125000000000000         6.30000010132789611816406250000000000E-0002  0.870056494511586616800702331296776776        0.129943505488413383199297668703223248         0.00000000000000000000000000000000000        0.683022559859958444886526535977552353        0.167811590859605266884724425470909642        0.129098359310438402074632433326122454         2000.00000000000000000000000000000000        0.300000011920928955078125000000000000        -1.00000000000000000000000000000000000         4.50000000000000000000000000000000000         50.0000000000000000000000000000000000        0.487434324889990936665912581650943739        0.487460673240341703714098815333615270        0.487460673240341703714098815333615270        0.487460673240341703714098815333615270        0.487460673240341703714098815333615270         0.00000000000000000000000000000000000         5.40522585660485400283246742498506656E-0003   51.3596654084761270184638123677522290         2671.94202475492656774014147101278146      
   9.65883224115882606340667665118364882E-0002   0.00000000000000000000000000000000000         0.00000000000000000000000000000000000        0.500000000000000000000000000000000000        0.500000000000000000000000000000000000        0.724999999999999999999999999999999981        0.275000000000000000000000000000000019        0.512000024318695068359375000000000000        0.425000011920928955078125000000000000         6.30000010132789611816406250000000000E-0002  0.870056494511586616800702331296776776        0.129943505488413383199297668703223248         0.00000000000000000000000000000000000        0.683022559859958444886526535977552353        0.167811590859605266884724425470909642        0.129098359310438402074632433326122454         2000.00000000000000000000000000000000        0.300000011920928955078125000000000000        -1.00000000000000000000000000000000000         4.50000000000000000000000000000000000         50.0000000000000000000000000000000000        0.494485526604675668075744980161596757        0.494488352447271098341386439792146976        0.494488352447271098341386439792146976        0.494488352447271098341386439792146976        0.494488352447271098341386439792146976         0.00000000000000000000000000000000000         5.71467979264808756088271602057428662E-0004   53.2844097708793340308676383963394658         2709.93590290075159709784445167197302      
  0.101163797976622046355106172347094973         0.00000000000000000000000000000000000         0.00000000000000000000000000000000000        0.500000000000000000000000000000000000        0.500000000000000000000000000000000000        0.724999999999999999999999999999999981        0.275000000000000000000000000000000019        0.512000024318695068359375000000000000        0.425000011920928955078125000000000000         6.30000010132789611816406250000000000E-0002  0.870056494511586616800702331296776776        0.129943505488413383199297668703223248         0.00000000000000000000000000000000000        0.683022559859958444886526535977552353        0.167811590859605266884724425470909642        0.129098359310438402074632433326122454         2000.00000000000000000000000000000000        0.300000011920928955078125000000000000        -1.00000000000000000000000000000000000         4.50000000000000000000000000000000000         50.0000000000000000000000000000000000        0.501612338251399142601260702956495924        0.501625296537779398886936922596944491        0.501625296537779398886936922596944491        0.501625296537779398886936922596944491        0.501625296537779398886936922596944491         0.00000000000000000000000000000000000         2.58326014850017547319415939025927699E-0003   55.2917513459307175328228813461858167         2748.87641196864414649435172179215544      
  0.105956017927763003456833559312410793         0.00000000000000000000000000000000000         0.00000000000000000000000000000000000        0.500000000000000000000000000000000000        0.500000000000000000000000000000000000        0.724999999999999999999999999999999981        0.275000000000000000000000000000000019        0.512000024318695068359375000000000000        0.425000011920928955078125000000000000         6.30000010132789611816406250000000000E-0002  0.870056494511586616800702331296776776        0.129943505488413383199297668703223248         0.00000000000000000000000000000000000        0.683022559859958444886526535977552353        0.167811590859605266884724425470909642        0.129098359310438402074632433326122454         2000.00000000000000000000000000000000        0.300000011920928955078125000000000000        -1.00000000000000000000000000000000000         4.50000000000000000000000000000000000         50.0000000000000000000000000000000000        0.508799225493129646431222926427740702        0.508806259132250997974231354039384922        0.508806259132250997974231354039384922        0.508806259132250997974231354039384922        0.508806259132250997974231354039384922         0.00000000000000000000000000000000000         1.38238062034597157780201244491086865E-0003   57.3888330726837791667968068035837137         2788.92139884611573680613874349158346      
  0.110975249641208698343586493910800654         0.00000000000000000000000000000000000         0.00000000000000000000000000000000000        0.500000000000000000000000000000000000        0.500000000000000000000000000000000000        0.724999999999999999999999999999999981        0.275000000000000000000000000000000019        0.512000024318695068359375000000000000        0.425000011920928955078125000000000000         6.30000010132789611816406250000000000E-0002  0.870056494511586616800702331296776776        0.129943505488413383199297668703223248         0.00000000000000000000000000000000000        0.683022559859958444886526535977552353        0.167811590859605266884724425470909642        0.129098359310438402074632433326122454         2000.00000000000000000000000000000000        0.300000011920928955078125000000000000        -1.00000000000000000000000000000000000         4.50000000000000000000000000000000000         50.0000000000000000000000000000000000        0.516056114858743463016090856532910652        0.516103707271238604641656760981030252        0.516103707271238604641656760981030252        0.516103707271238604641656760981030252        0.516103707271238604641656760981030252         0.00000000000000000000000000000000000         9.22148239290391405696991270271413844E-0003   59.5787130344289383037921731161161282         2829.91908093734389110998486732662513      
  0.116232246867986863621532357708454707         0.00000000000000000000000000000000000         0.00000000000000000000000000000000000        0.500000000000000000000000000000000000        0.500000000000000000000000000000000000        0.724999999999999999999999999999999981        0.275000000000000000000000000000000019        0.512000024318695068359375000000000000        0.425000011920928955078125000000000000         6.30000010132789611816406250000000000E-0002  0.870056494511586616800702331296776776        0.129943505488413383199297668703223248         0.00000000000000000000000000000000000        0.683022559859958444886526535977552353        0.167811590859605266884724425470909642        0.129098359310438402074632433326122454         2000.00000000000000000000000000000000        0.300000011920928955078125000000000000        -1.00000000000000000000000000000000000         4.50000000000000000000000000000000000         50.0000000000000000000000000000000000        0.523409509199876632676882452949698441        0.523515626990626655179357188434053230        0.523515626990626655179357188434053230        0.523515626990626655179357188434053230        0.523515626990626655179357188434053230         0.00000000000000000000000000000000000         2.02702240924553147054077023667247338E-0002   61.8570487057925622406387161039129820         2871.80902031218122756548696586447797      
  0.121738272773967847946541636711935559         0.00000000000000000000000000000000000         0.00000000000000000000000000000000000        0.500000000000000000000000000000000000        0.500000000000000000000000000000000000        0.724999999999999999999999999999999981        0.275000000000000000000000000000000019        0.512000024318695068359375000000000000        0.425000011920928955078125000000000000         6.30000010132789611816406250000000000E-0002  0.870056494511586616800702331296776776        0.129943505488413383199297668703223248         0.00000000000000000000000000000000000        0.683022559859958444886526535977552353        0.167811590859605266884724425470909642        0.129098359310438402074632433326122454         2000.00000000000000000000000000000000        0.300000011920928955078125000000000000        -1.00000000000000000000000000000000000         4.50000000000000000000000000000000000         50.0000000000000000000000000000000000        0.530855711303436938038212438767831916        0.531086330120055592764709456614802894        0.531086330120055592764709456614802894        0.531086330120055592764709456614802894        0.531086330120055592764709456614802894         0.00000000000000000000000000000000000         4.34239790292704033770562569065946712E-0002   64.2294842298538893320609271452969719         2914.55695001556932486959277372326408      
  0.127505124071303144618257819009567858         0.00000000000000000000000000000000000         0.00000000000000000000000000000000000        0.500000000000000000000000000000000000        0.500000000000000000000000000000000000        0.724999999999999999999999999999999981        0.275000000000000000000000000000000019        0.512000024318695068359375000000000000        0.425000011920928955078125000000000000         6.30000010132789611816406250000000000E-0002  0.870056494511586616800702331296776776        0.129943505488413383199297668703223248         0.00000000000000000000000000000000000        0.683022559859958444886526535977552353        0.167811590859605266884724425470909642        0.129098359310438402074632433326122454         2000.00000000000000000000000000000000        0.300000011920928955078125000000000000        -1.00000000000000000000000000000000000         4.50000000000000000000000000000000000         50.0000000000000000000000000000000000        0.538412443665132135098542078511188789        0.538424813339180564157820522109215633        0.538424813339180564157820522109215633        0.538424813339180564157820522109215633        0.538424813339180564157820522109215633         0.00000000000000000000000000000000000         2.29738187059309736694962462094828817E-0003   66.6865426250013969115365180896644142         2958.47157522019321449885191476083721      
  0.133545156292991832326932402316673282         0.00000000000000000000000000000000000         0.00000000000000000000000000000000000        0.500000000000000000000000000000000000        0.500000000000000000000000000000000000        0.724999999999999999999999999999999981        0.275000000000000000000000000000000019        0.512000024318695068359375000000000000        0.425000011920928955078125000000000000         6.30000010132789611816406250000000000E-0002  0.870056494511586616800702331296776776        0.129943505488413383199297668703223248         0.00000000000000000000000000000000000        0.683022559859958444886526535977552353        0.167811590859605266884724425470909642        0.129098359310438402074632433326122454         2000.00000000000000000000000000000000        0.300000011920928955078125000000000000        -1.00000000000000000000000000000000000         4.50000000000000000000000000000000000         50.0000000000000000000000000000000000        0.546000504340567274843123752248197154        0.546037469213824619734774070706345129        0.546037469213824619734774070706345129        0.546037469213824619734774070706345129        0.546037469213824619734774070706345129         0.00000000000000000000000000000000000         6.76965873982352932497181767593528023E-0003   69.2719921253367704913532977810379840         3003.46860536521535557907342403011501      
  0.139871310264725923734212542400487802         0.00000000000000000000000000000000000         0.00000000000000000000000000000000000        0.500000000000000000000000000000000000        0.500000000000000000000000000000000000        0.724999999999999999999999999999999981        0.275000000000000000000000000000000019        0.512000024318695068359375000000000000        0.425000011920928955078125000000000000         6.30000010132789611816406250000000000E-0002  0.870056494511586616800702331296776776        0.129943505488413383199297668703223248         0.00000000000000000000000000000000000        0.683022559859958444886526535977552353        0.167811590859605266884724425470909642        0.129098359310438402074632433326122454         2000.00000000000000000000000000000000        0.300000011920928955078125000000000000        -1.00000000000000000000000000000000000         4.50000000000000000000000000000000000         50.0000000000000000000000000000000000        0.553634157219883755973265318622796728        0.553657604191646788860665526198028290        0.553657604191646788860665526198028290        0.553657604191646788860665526198028290        0.553657604191646788860665526198028290         0.00000000000000000000000000000000000         4.23492273663720763504805896800134991E-0003   71.9783228104270055877160472822970975         3049.91802257041521001525412513042166      
  0.146497139830730798859885014704254904         0.00000000000000000000000000000000000         0.00000000000000000000000000000000000        0.500000000000000000000000000000000000        0.500000000000000000000000000000000000        0.724999999999999999999999999999999981        0.275000000000000000000000000000000019        0.512000024318695068359375000000000000        0.425000011920928955078125000000000000         6.30000010132789611816406250000000000E-0002  0.870056494511586616800702331296776776        0.129943505488413383199297668703223248         0.00000000000000000000000000000000000        0.683022559859958444886526535977552353        0.167811590859605266884724425470909642        0.129098359310438402074632433326122454         2000.00000000000000000000000000000000        0.300000011920928955078125000000000000        -1.00000000000000000000000000000000000         4.50000000000000000000000000000000000         50.0000000000000000000000000000000000        0.561331445935634031904821803209155169        0.561547761794945907500405539290061143        0.561547761794945907500405539290061143        0.561547761794945907500405539290061143        0.561547761794945907500405539290061143         0.00000000000000000000000000000000000         3.85213643484995724490153336752469559E-0002   74.8144437272176802529975391648555587         3097.10648801911676181152447141136537      
  0.153436840893003596478571043987610540         0.00000000000000000000000000000000000         0.00000000000000000000000000000000000        0.500000000000000000000000000000000000        0.500000000000000000000000000000000000        0.724999999999999999999999999999999981        0.275000000000000000000000000000000019        0.512000024318695068359375000000000000        0.425000011920928955078125000000000000         6.30000010132789611816406250000000000E-0002  0.870056494511586616800702331296776776        0.129943505488413383199297668703223248         0.00000000000000000000000000000000000        0.683022559859958444886526535977552353        0.167811590859605266884724425470909642        0.129098359310438402074632433326122454         2000.00000000000000000000000000000000        0.300000011920928955078125000000000000        -1.00000000000000000000000000000000000         4.50000000000000000000000000000000000         50.0000000000000000000000000000000000        0.569099304744928530797603974417701749        0.569169946339150987726171955451041976        0.569169946339150987726171955451041976        0.569169946339150987726171955451041976        0.569169946339150987726171955451041976         0.00000000000000000000000000000000000         1.24113359598160792682211010629077889E-0002   77.7644346969853583791725672460943415         3146.12296281556077810051465509333015      
  0.160705281826166404175411117660175785         0.00000000000000000000000000000000000         0.00000000000000000000000000000000000        0.500000000000000000000000000000000000        0.500000000000000000000000000000000000        0.724999999999999999999999999999999981        0.275000000000000000000000000000000019        0.512000024318695068359375000000000000        0.425000011920928955078125000000000000         6.30000010132789611816406250000000000E-0002  0.870056494511586616800702331296776776        0.129943505488413383199297668703223248         0.00000000000000000000000000000000000        0.683022559859958444886526535977552353        0.167811590859605266884724425470909642        0.129098359310438402074632433326122454         2000.00000000000000000000000000000000        0.300000011920928955078125000000000000        -1.00000000000000000000000000000000000         4.50000000000000000000000000000000000         50.0000000000000000000000000000000000        0.576890206123960038631831205136813559        0.576918445665249833597911694832898986        0.576918445665249833597911694832898986        0.576918445665249833597911694832898986        0.576918445665249833597911694832898986         0.00000000000000000000000000000000000         4.89489311738536939346563860175168884E-0003   80.8647587644618951362230979572074203         3196.37906150467815492941369659080738      
  0.168318035333098355319523878900328206         0.00000000000000000000000000000000000         0.00000000000000000000000000000000000        0.500000000000000000000000000000000000        0.500000000000000000000000000000000000        0.724999999999999999999999999999999981        0.275000000000000000000000000000000019        0.512000024318695068359375000000000000        0.425000011920928955078125000000000000         6.30000010132789611816406250000000000E-0002  0.870056494511586616800702331296776776        0.129943505488413383199297668703223248         0.00000000000000000000000000000000000        0.683022559859958444886526535977552353        0.167811590859605266884724425470909642        0.129098359310438402074632433326122454         2000.00000000000000000000000000000000        0.300000011920928955078125000000000000        -1.00000000000000000000000000000000000         4.50000000000000000000000000000000000         50.0000000000000000000000000000000000        0.584684194244581709266663768949589384        0.584722689087799922479179813197245075        0.584722689087799922479179813197245075        0.584722689087799922479179813197245075        0.584722689087799922479179813197245075         0.00000000000000000000000000000000000         6.58343586397636109704757511796889561E-0003   84.1291168331954434325937866558906777         3248.19060926449077854529990297989968      
  0.176291411809597623536968597048402244         0.00000000000000000000000000000000000         0.00000000000000000000000000000000000        0.500000000000000000000000000000000000        0.500000000000000000000000000000000000        0.724999999999999999999999999999999981        0.275000000000000000000000000000000019        0.512000024318695068359375000000000000        0.425000011920928955078125000000000000         6.30000010132789611816406250000000000E-0002  0.870056494511586616800702331296776776        0.129943505488413383199297668703223248         0.00000000000000000000000000000000000        0.683022559859958444886526535977552353        0.167811590859605266884724425470909642        0.129098359310438402074632433326122454         2000.00000000000000000000000000000000        0.300000011920928955078125000000000000        -1.00000000000000000000000000000000000         4.50000000000000000000000000000000000         50.0000000000000000000000000000000000        0.592550284802851811723094501908290150        0.592697660456479018380774321478394485        0.592697660456479018380774321478394485        0.592697660456479018380774321478394485        0.592697660456479018380774321478394485         0.00000000000000000000000000000000000         2.48652328935636571686796908935610841E-0002   87.5422911698626318257331480596593057         3300.82906661492583605318664567844059      
  0.184642494289557415975419190134436407         0.00000000000000000000000000000000000         0.00000000000000000000000000000000000        0.500000000000000000000000000000000000        0.500000000000000000000000000000000000        0.724999999999999999999999999999999981        0.275000000000000000000000000000000019        0.512000024318695068359375000000000000        0.425000011920928955078125000000000000         6.30000010132789611816406250000000000E-0002  0.870056494511586616800702331296776776        0.129943505488413383199297668703223248         0.00000000000000000000000000000000000        0.683022559859958444886526535977552353        0.167811590859605266884724425470909642        0.129098359310438402074632433326122454         2000.00000000000000000000000000000000        0.300000011920928955078125000000000000        -1.00000000000000000000000000000000000         4.50000000000000000000000000000000000         50.0000000000000000000000000000000000        0.600442502486548458372020758048090222        0.600439817504587214599534851781789716        0.600439817504587214599534851781789716        0.600439817504587214599534851781789716        0.600439817504587214599534851781789716         0.00000000000000000000000000000000000        -4.47169205467167385985099564047710117E-0004   91.1143398994356532821478994977580735         3355.51107167346005708713263202286255      
  0.193389175045526332720793931968250954         0.00000000000000000000000000000000000         0.00000000000000000000000000000000000        0.500000000000000000000000000000000000        0.500000000000000000000000000000000000        0.724999999999999999999999999999999981        0.275000000000000000000000000000000019        0.512000024318695068359375000000000000        0.425000011920928955078125000000000000         6.30000010132789611816406250000000000E-0002  0.870056494511586616800702331296776776        0.129943505488413383199297668703223248         0.00000000000000000000000000000000000        0.683022559859958444886526535977552353        0.167811590859605266884724425470909642        0.129098359310438402074632433326122454         2000.00000000000000000000000000000000        0.300000011920928955078125000000000000        -1.00000000000000000000000000000000000         4.50000000000000000000000000000000000         50.0000000000000000000000000000000000        0.608398859380324016154080594331859392        0.608640234679120336949608632439435235        0.608640234679120336949608632439435235        0.608640234679120336949608632439435235        0.608640234679120336949608632439435235         0.00000000000000000000000000000000000         3.96581239693389067669769294753601930E-0002   94.8661482118589321701987987225582784         3410.41506353559241147403329817820968      
  0.202550193923070136258493621901443151         0.00000000000000000000000000000000000         0.00000000000000000000000000000000000        0.500000000000000000000000000000000000        0.500000000000000000000000000000000000        0.724999999999999999999999999999999981        0.275000000000000000000000000000000019        0.512000024318695068359375000000000000        0.425000011920928955078125000000000000         6.30000010132789611816406250000000000E-0002  0.870056494511586616800702331296776776        0.129943505488413383199297668703223248         0.00000000000000000000000000000000000        0.683022559859958444886526535977552353        0.167811590859605266884724425470909642        0.129098359310438402074632433326122454         2000.00000000000000000000000000000000        0.300000011920928955078125000000000000        -1.00000000000000000000000000000000000         4.50000000000000000000000000000000000         50.0000000000000000000000000000000000        0.616477318813913612933719356598035107        0.616550063823661147478352147380166143        0.616550063823661147478352147380166143        0.616550063823661147478352147380166143        0.616550063823661147478352147380166143         0.00000000000000000000000000000000000         1.17987190361138735350657942067844372E-0002   98.7473972238851405293887247166185764         3467.17955452201488379271229165998590      
  0.212145178491066660656421546258877797         0.00000000000000000000000000000000000         0.00000000000000000000000000000000000        0.500000000000000000000000000000000000        0.500000000000000000000000000000000000        0.724999999999999999999999999999999981        0.275000000000000000000000000000000019        0.512000024318695068359375000000000000        0.425000011920928955078125000000000000         6.30000010132789611816406250000000000E-0002  0.870056494511586616800702331296776776        0.129943505488413383199297668703223248         0.00000000000000000000000000000000000        0.683022559859958444886526535977552353        0.167811590859605266884724425470909642        0.129098359310438402074632433326122454         2000.00000000000000000000000000000000        0.300000011920928955078125000000000000        -1.00000000000000000000000000000000000         4.50000000000000000000000000000000000         50.0000000000000000000000000000000000        0.624670860188090685412386760087027573        0.624643200852693665671231168078128937        0.624643200852693665671231168078128937        0.624643200852693665671231168078128937        0.624643200852693665671231168078128937         0.00000000000000000000000000000000000        -4.42802152641096262399513324147803972E-0003   102.528347296428101260756124899690235         3522.33114210192610695460885142808795      
  0.222194686093956243932729053068759355         0.00000000000000000000000000000000000         0.00000000000000000000000000000000000        0.500000000000000000000000000000000000        0.500000000000000000000000000000000000        0.724999999999999999999999999999999981        0.275000000000000000000000000000000019        0.512000024318695068359375000000000000        0.425000011920928955078125000000000000         6.30000010132789611816406250000000000E-0002  0.870056494511586616800702331296776776        0.129943505488413383199297668703223248         0.00000000000000000000000000000000000        0.683022559859958444886526535977552353        0.167811590859605266884724425470909642        0.129098359310438402074632433326122454         2000.00000000000000000000000000000000        0.300000011920928955078125000000000000        -1.00000000000000000000000000000000000         4.50000000000000000000000000000000000         50.0000000000000000000000000000000000        0.632977437335966658077247186628910807        0.633177588108257842039202963614059738        0.633177588108257842039202963614059738        0.633177588108257842039202963614059738        0.633177588108257842039202963614059738         0.00000000000000000000000000000000000         3.16105269754056878581404642736773042E-0002   106.387677659009882080848399068514161         3576.94394150152369441696865192263542      
  0.232720247896045024620482335420595173         0.00000000000000000000000000000000000         0.00000000000000000000000000000000000        0.500000000000000000000000000000000000        0.500000000000000000000000000000000000        0.724999999999999999999999999999999981        0.275000000000000000000000000000000019        0.512000024318695068359375000000000000        0.425000011920928955078125000000000000         6.30000010132789611816406250000000000E-0002  0.870056494511586616800702331296776776        0.129943505488413383199297668703223248         0.00000000000000000000000000000000000        0.683022559859958444886526535977552353        0.167811590859605266884724425470909642        0.129098359310438402074632433326122454         2000.00000000000000000000000000000000        0.300000011920928955078125000000000000        -1.00000000000000000000000000000000000         4.50000000000000000000000000000000000         50.0000000000000000000000000000000000        0.641424905715520233573186519614028688        0.641628321670122210601458132498655451        0.641628321670122210601458132498655451        0.641628321670122210601458132498655451        0.641628321670122210601458132498655451         0.00000000000000000000000000000000000         3.17030822567957739233855300378068767E-0002   110.446845154037696080487427493555268         3633.66737918813110022680402066865318      
  0.243744415012226435488952487885240485         0.00000000000000000000000000000000000         0.00000000000000000000000000000000000        0.500000000000000000000000000000000000        0.500000000000000000000000000000000000        0.724999999999999999999999999999999981        0.275000000000000000000000000000000019        0.512000024318695068359375000000000000        0.425000011920928955078125000000000000         6.30000010132789611816406250000000000E-0002  0.870056494511586616800702331296776776        0.129943505488413383199297668703223248         0.00000000000000000000000000000000000        0.683022559859958444886526535977552353        0.167811590859605266884724425470909642        0.129098359310438402074632433326122454         2000.00000000000000000000000000000000        0.300000011920928955078125000000000000        -1.00000000000000000000000000000000000         4.50000000000000000000000000000000000         50.0000000000000000000000000000000000        0.650008116754637926988952340636964393        0.650017818337579241256318262909993381        0.650017818337579241256318262909993381        0.650017818337579241256318262909993381        0.650017818337579241256318262909993381         0.00000000000000000000000000000000000         1.49251030781372556054030477256127749E-0003   114.698233232739200955511083227260940         3692.57622804580175320625100354567554      
  0.255290806823956397939774451911334331         0.00000000000000000000000000000000000         0.00000000000000000000000000000000000        0.500000000000000000000000000000000000        0.500000000000000000000000000000000000        0.724999999999999999999999999999999981        0.275000000000000000000000000000000019        0.512000024318695068359375000000000000        0.425000011920928955078125000000000000         6.30000010132789611816406250000000000E-0002  0.870056494511586616800702331296776776        0.129943505488413383199297668703223248         0.00000000000000000000000000000000000        0.683022559859958444886526535977552353        0.167811590859605266884724425470909642        0.129098359310438402074632433326122454         2000.00000000000000000000000000000000        0.300000011920928955078125000000000000        -1.00000000000000000000000000000000000         4.50000000000000000000000000000000000         50.0000000000000000000000000000000000        0.658667586337860726719944637230606995        0.658990483575919324335314911377269559        0.658990483575919324335314911377269559        0.658990483575919324335314911377269559        0.658990483575919324335314911377269559         0.00000000000000000000000000000000000         4.89987710150897921855968429682270601E-0002   119.171692527764576846717729163465084         3751.28164789214381119070340085974119      
  0.267384161583999647148154120888094587         0.00000000000000000000000000000000000         0.00000000000000000000000000000000000        0.500000000000000000000000000000000000        0.500000000000000000000000000000000000        0.724999999999999999999999999999999981        0.275000000000000000000000000000000019        0.512000024318695068359375000000000000        0.425000011920928955078125000000000000         6.30000010132789611816406250000000000E-0002  0.870056494511586616800702331296776776        0.129943505488413383199297668703223248         0.00000000000000000000000000000000000        0.683022559859958444886526535977552353        0.167811590859605266884724425470909642        0.129098359310438402074632433326122454         2000.00000000000000000000000000000000        0.300000011920928955078125000000000000        -1.00000000000000000000000000000000000         4.50000000000000000000000000000000000         50.0000000000000000000000000000000000        0.667491574430292001751037446109849888        0.667596938635139856789328102644089918        0.667596938635139856789328102644089918        0.667596938635139856789328102644089918        0.667596938635139856789328102644089918         0.00000000000000000000000000000000000         1.57826075510869714763522567923473061E-0002   123.841358799238530762578825998415972         3812.66179520836816402981498102873902      
  0.280050389418368331636181818145177102         0.00000000000000000000000000000000000         0.00000000000000000000000000000000000        0.500000000000000000000000000000000000        0.500000000000000000000000000000000000        0.724999999999999999999999999999999981        0.275000000000000000000000000000000019        0.512000024318695068359375000000000000        0.425000011920928955078125000000000000         6.30000010132789611816406250000000000E-0002  0.870056494511586616800702331296776776        0.129943505488413383199297668703223248         0.00000000000000000000000000000000000        0.683022559859958444886526535977552353        0.167811590859605266884724425470909642        0.129098359310438402074632433326122454         2000.00000000000000000000000000000000        0.300000011920928955078125000000000000        -1.00000000000000000000000000000000000         4.50000000000000000000000000000000000         50.0000000000000000000000000000000000        0.676418570937407969865139757237983654        0.676447925990404088620258319587390280        0.676447925990404088620258319587390280        0.676447925990404088620258319587390280        0.676447925990404088620258319587390280         0.00000000000000000000000000000000000         4.33958799609582632335746310717323002E-0003   128.738191167115633615769474075218515         3875.39549536748983500602697656624631      
  0.293316627839010037899556840640473318         0.00000000000000000000000000000000000         0.00000000000000000000000000000000000        0.500000000000000000000000000000000000        0.500000000000000000000000000000000000        0.724999999999999999999999999999999981        0.275000000000000000000000000000000019        0.512000024318695068359375000000000000        0.425000011920928955078125000000000000         6.30000010132789611816406250000000000E-0002  0.870056494511586616800702331296776776        0.129943505488413383199297668703223248         0.00000000000000000000000000000000000        0.683022559859958444886526535977552353        0.167811590859605266884724425470909642        0.129098359310438402074632433326122454         2000.00000000000000000000000000000000        0.300000011920928955078125000000000000        -1.00000000000000000000000000000000000         4.50000000000000000000000000000000000         50.0000000000000000000000000000000000        0.685447264608022632202322734463352208        0.685604347902510461911264610741140251        0.685604347902510461911264610741140251        0.685604347902510461911264610741140251        0.685604347902510461911264610741140251         0.00000000000000000000000000000000000         2.29116537793844583931793371132668508E-0002   133.880703773591699998168452558218759         3938.75177245873845384007302415222712      
  0.307211299886181694903675457144820827         0.00000000000000000000000000000000000         0.00000000000000000000000000000000000        0.500000000000000000000000000000000000        0.500000000000000000000000000000000000        0.724999999999999999999999999999999981        0.275000000000000000000000000000000019        0.512000024318695068359375000000000000        0.425000011920928955078125000000000000         6.30000010132789611816406250000000000E-0002  0.870056494511586616800702331296776776        0.129943505488413383199297668703223248         0.00000000000000000000000000000000000        0.683022559859958444886526535977552353        0.167811590859605266884724425470909642        0.129098359310438402074632433326122454         2000.00000000000000000000000000000000        0.300000011920928955078125000000000000        -1.00000000000000000000000000000000000         4.50000000000000000000000000000000000         50.0000000000000000000000000000000000        0.694625148591922263548309692326473327        0.694626968589839701030959790804214980        0.694626968589839701030959790804214980        0.694626968589839701030959790804214980        0.694626968589839701030959790804214980         0.00000000000000000000000000000000000         2.62010834553725349589084979063660255E-0004   139.248749462524698486570915965712097         4004.63033762597109934252294668171068      
  0.321764175025079939929779942085648449         0.00000000000000000000000000000000000         0.00000000000000000000000000000000000        0.500000000000000000000000000000000000        0.500000000000000000000000000000000000        0.724999999999999999999999999999999981        0.275000000000000000000000000000000019        0.512000024318695068359375000000000000        0.425000011920928955078125000000000000         6.30000010132789611816406250000000000E-0002  0.870056494511586616800702331296776776        0.129943505488413383199297668703223248         0.00000000000000000000000000000000000        0.683022559859958444886526535977552353        0.167811590859605266884724425470909642        0.129098359310438402074632433326122454         2000.00000000000000000000000000000000        0.300000011920928955078125000000000000        -1.00000000000000000000000000000000000         4.50000000000000000000000000000000000         50.0000000000000000000000000000000000        0.703901785315400868442316088388734667        0.704025630975805938125079507017291190        0.704025630975805938125079507017291190        0.704025630975805938125079507017291190        0.704025630975805938125079507017291190         0.00000000000000000000000000000000000         1.75910726763477277109526755499434810E-0002   144.888917372900021088927756052507896         4070.96050218983072903773121113344853      
  0.337006432927199547555937678304493054         0.00000000000000000000000000000000000         0.00000000000000000000000000000000000        0.500000000000000000000000000000000000        0.500000000000000000000000000000000000        0.724999999999999999999999999999999981        0.275000000000000000000000000000000019        0.512000024318695068359375000000000000        0.425000011920928955078125000000000000         6.30000010132789611816406250000000000E-0002  0.870056494511586616800702331296776776        0.129943505488413383199297668703223248         0.00000000000000000000000000000000000        0.683022559859958444886526535977552353        0.167811590859605266884724425470909642        0.129098359310438402074632433326122454         2000.00000000000000000000000000000000        0.300000011920928955078125000000000000        -1.00000000000000000000000000000000000         4.50000000000000000000000000000000000         50.0000000000000000000000000000000000        0.713302117985893698438526554272866965        0.713422630837254333970787302421983250        0.713422630837254333970787302421983250        0.713422630837254333970787302421983250        0.713422630837254333970787302421983250         0.00000000000000000000000000000000000         1.68922103324932052055157892308888855E-0002   150.795051440013806561683628687543940         4139.55529505329764586289112034895487      
  0.352970730273072080492371624264509206         0.00000000000000000000000000000000000         0.00000000000000000000000000000000000        0.500000000000000000000000000000000000        0.500000000000000000000000000000000000        0.724999999999999999999999999999999981        0.275000000000000000000000000000000019        0.512000024318695068359375000000000000        0.425000011920928955078125000000000000         6.30000010132789611816406250000000000E-0002  0.870056494511586616800702331296776776        0.129943505488413383199297668703223248         0.00000000000000000000000000000000000        0.683022559859958444886526535977552353        0.167811590859605266884724425470909642        0.129098359310438402074632433326122454         2000.00000000000000000000000000000000        0.300000011920928955078125000000000000        -1.00000000000000000000000000000000000         4.50000000000000000000000000000000000         50.0000000000000000000000000000000000        0.722830726714362725911336513255753442        0.722957619790483984129760064635259958        0.722957619790483984129760064635259958        0.722957619790483984129760064635259958        0.722957619790483984129760064635259958         0.00000000000000000000000000000000000         1.75519384051906584065197870913525549E-0002   156.973602791398175358693725483937176         4209.71207075227251093595783254196948      
  0.369691270719510256457304422777255813         0.00000000000000000000000000000000000         0.00000000000000000000000000000000000        0.500000000000000000000000000000000000        0.500000000000000000000000000000000000        0.724999999999999999999999999999999981        0.275000000000000000000000000000000019        0.512000024318695068359375000000000000        0.425000011920928955078125000000000000         6.30000010132789611816406250000000000E-0002  0.870056494511586616800702331296776776        0.129943505488413383199297668703223248         0.00000000000000000000000000000000000        0.683022559859958444886526535977552353        0.167811590859605266884724425470909642        0.129098359310438402074632433326122454         2000.00000000000000000000000000000000        0.300000011920928955078125000000000000        -1.00000000000000000000000000000000000         4.50000000000000000000000000000000000         50.0000000000000000000000000000000000        0.732490591076436893390650495043864524        0.732492824060322653308425075749553452        0.732492824060322653308425075749553452        0.732492824060322653308425075749553452        0.732492824060322653308425075749553452         0.00000000000000000000000000000000000         3.04847202923045407642246872592920418E-0004   163.439464431270720680820236539646297         4281.86422978291544666488170410031683      
  0.387203878181263508459966947142191053         0.00000000000000000000000000000000000         0.00000000000000000000000000000000000        0.500000000000000000000000000000000000        0.500000000000000000000000000000000000        0.724999999999999999999999999999999981        0.275000000000000000000000000000000019        0.512000024318695068359375000000000000        0.425000011920928955078125000000000000         6.30000010132789611816406250000000000E-0002  0.870056494511586616800702331296776776        0.129943505488413383199297668703223248         0.00000000000000000000000000000000000        0.683022559859958444886526535977552353        0.167811590859605266884724425470909642        0.129098359310438402074632433326122454         2000.00000000000000000000000000000000        0.300000011920928955078125000000000000        -1.00000000000000000000000000000000000         4.50000000000000000000000000000000000         50.0000000000000000000000000000000000        0.742259442152520915540446338005308480        0.742389733744800130025502506473540214        0.742389733744800130025502506473540214        0.742389733744800130025502506473540214        0.742389733744800130025502506473540214         0.00000000000000000000000000000000000         1.75502955330471765974938582182451849E-0002   170.231301799424829473383357695891781         4354.84348596474246983334875513079234      
  0.405546073584091372929320306957881816         0.00000000000000000000000000000000000         0.00000000000000000000000000000000000        0.500000000000000000000000000000000000        0.500000000000000000000000000000000000        0.724999999999999999999999999999999981        0.275000000000000000000000000000000019        0.512000024318695068359375000000000000        0.425000011920928955078125000000000000         6.30000010132789611816406250000000000E-0002  0.870056494511586616800702331296776776        0.129943505488413383199297668703223248         0.00000000000000000000000000000000000        0.683022559859958444886526535977552353        0.167811590859605266884724425470909642        0.129098359310438402074632433326122454         2000.00000000000000000000000000000000        0.300000011920928955078125000000000000        -1.00000000000000000000000000000000000         4.50000000000000000000000000000000000         50.0000000000000000000000000000000000        0.752165529388473220459915731057053791        0.752166362924008366777587288008492278        0.752166362924008366777587288008492278        0.752166362924008366777587288008492278        0.752166362924008366777587288008492278         0.00000000000000000000000000000000000         1.10817975415171558393518868372637031E-0004   177.326276275164757504771471326367870         4430.40729770194342946269799964998092      
  0.424757155253698885385985478437553801         0.00000000000000000000000000000000000         0.00000000000000000000000000000000000        0.500000000000000000000000000000000000        0.500000000000000000000000000000000000        0.724999999999999999999999999999999981        0.275000000000000000000000000000000019        0.512000024318695068359375000000000000        0.425000011920928955078125000000000000         6.30000010132789611816406250000000000E-0002  0.870056494511586616800702331296776776        0.129943505488413383199297668703223248         0.00000000000000000000000000000000000        0.683022559859958444886526535977552353        0.167811590859605266884724425470909642        0.129098359310438402074632433326122454         2000.00000000000000000000000000000000        0.300000011920928955078125000000000000        -1.00000000000000000000000000000000000         4.50000000000000000000000000000000000         50.0000000000000000000000000000000000        0.762185222857769265063498163439135283        0.762274235994284784841573033016400463        0.762274235994284784841573033016400463        0.762274235994284784841573033016400463        0.762274235994284784841573033016400463         0.00000000000000000000000000000000000         1.16773114336488163228465981883906065E-0002   184.777324279022482195556026986104400         4507.09642705448897200034894454428133      
  0.444878283112768031811350146623921564         0.00000000000000000000000000000000000         0.00000000000000000000000000000000000        0.500000000000000000000000000000000000        0.500000000000000000000000000000000000        0.724999999999999999999999999999999981        0.275000000000000000000000000000000019        0.512000024318695068359375000000000000        0.425000011920928955078125000000000000         6.30000010132789611816406250000000000E-0002  0.870056494511586616800702331296776776        0.129943505488413383199297668703223248         0.00000000000000000000000000000000000        0.683022559859958444886526535977552353        0.167811590859605266884724425470909642        0.129098359310438402074632433326122454         2000.00000000000000000000000000000000        0.300000011920928955078125000000000000        -1.00000000000000000000000000000000000         4.50000000000000000000000000000000000         50.0000000000000000000000000000000000        0.772342733780333418045053683427183936        0.772351749162024711958598165695939730        0.772351749162024711958598165695939730        0.772351749162024711958598165695939730        0.772351749162024711958598165695939730         0.00000000000000000000000000000000000         1.16726371126566295618071234325393073E-0003   192.572387421704205782388697087257543         4586.05839728934216033572946635491592      
  0.465952566866478185388067003418371743         0.00000000000000000000000000000000000         0.00000000000000000000000000000000000        0.500000000000000000000000000000000000        0.500000000000000000000000000000000000        0.724999999999999999999999999999999981        0.275000000000000000000000000000000019        0.512000024318695068359375000000000000        0.425000011920928955078125000000000000         6.30000010132789611816406250000000000E-0002  0.870056494511586616800702331296776776        0.129943505488413383199297668703223248         0.00000000000000000000000000000000000        0.683022559859958444886526535977552353        0.167811590859605266884724425470909642        0.129098359310438402074632433326122454         2000.00000000000000000000000000000000        0.300000011920928955078125000000000000        -1.00000000000000000000000000000000000         4.50000000000000000000000000000000000         50.0000000000000000000000000000000000        0.782625270585876368941186374623684822        0.782619085583061669837371923022173313        0.782619085583061669837371923022173313        0.782619085583061669837371923022173313        0.782619085583061669837371923022173313         0.00000000000000000000000000000000000        -7.90295423231493788975223893090868990E-0004   200.743997142011702132372423507326234         4666.69652067408015009783895989912272      
  0.488025158365453833350361152141345848         0.00000000000000000000000000000000000         0.00000000000000000000000000000000000        0.500000000000000000000000000000000000        0.500000000000000000000000000000000000        0.724999999999999999999999999999999981        0.275000000000000000000000000000000019        0.512000024318695068359375000000000000        0.425000011920928955078125000000000000         6.30000010132789611816406250000000000E-0002  0.870056494511586616800702331296776776        0.129943505488413383199297668703223248         0.00000000000000000000000000000000000        0.683022559859958444886526535977552353        0.167811590859605266884724425470909642        0.129098359310438402074632433326122454         2000.00000000000000000000000000000000        0.300000011920928955078125000000000000        -1.00000000000000000000000000000000000         4.50000000000000000000000000000000000         50.0000000000000000000000000000000000        0.793034007194372581334676164846189774        0.793036049714212436327260075068558937        0.793036049714212436327260075068558937        0.793036049714212436327260075068558937        0.793036049714212436327260075068558937         0.00000000000000000000000000000000000         2.57556997641035165114775426426543782E-0004   209.311073856954437974180861599636843         4749.25357283308845761303772296459860      
  0.511143348344028075836959282509472174         0.00000000000000000000000000000000000         0.00000000000000000000000000000000000        0.500000000000000000000000000000000000        0.500000000000000000000000000000000000        0.724999999999999999999999999999999981        0.275000000000000000000000000000000019        0.512000024318695068359375000000000000        0.425000011920928955078125000000000000         6.30000010132789611816406250000000000E-0002  0.870056494511586616800702331296776776        0.129943505488413383199297668703223248         0.00000000000000000000000000000000000        0.683022559859958444886526535977552353        0.167811590859605266884724425470909642        0.129098359310438402074632433326122454         2000.00000000000000000000000000000000        0.300000011920928955078125000000000000        -1.00000000000000000000000000000000000         4.50000000000000000000000000000000000         50.0000000000000000000000000000000000        0.803563292395909158099380308537434061        0.803563292395909158099380308537434061        0.803563292395909158099380308537434061        0.803563292395909158099380308537434061        0.803563292395909158099380308537434061         0.00000000000000000000000000000000000         0.00000000000000000000000000000000000         218.064333443336940774656970141551016         4831.92501081093465378290829602406275      
  0.535356667741084533722548138030577650         0.00000000000000000000000000000000000         0.00000000000000000000000000000000000        0.500000000000000000000000000000000000        0.500000000000000000000000000000000000        0.724999999999999999999999999999999981        0.275000000000000000000000000000000019        0.512000024318695068359375000000000000        0.425000011920928955078125000000000000         6.30000010132789611816406250000000000E-0002  0.870056494511586616800702331296776776        0.129943505488413383199297668703223248         0.00000000000000000000000000000000000        0.683022559859958444886526535977552353        0.167811590859605266884724425470909642        0.129098359310438402074632433326122454         2000.00000000000000000000000000000000        0.300000011920928955078125000000000000        -1.00000000000000000000000000000000000         4.50000000000000000000000000000000000         50.0000000000000000000000000000000000        0.814229420508585292321650162516444333        0.814432199532215964997182344403138243        0.814432199532215964997182344403138243        0.814432199532215964997182344403138243        0.814432199532215964997182344403138243         0.00000000000000000000000000000000000         2.48982080702534253786393195663227879E-0002   227.731791271732779170633707975905277         4919.10603434643157244577062521248533      
  0.560716993820558519630662000117957924         0.00000000000000000000000000000000000         0.00000000000000000000000000000000000        0.500000000000000000000000000000000000        0.500000000000000000000000000000000000        0.724999999999999999999999999999999981        0.275000000000000000000000000000000019        0.512000024318695068359375000000000000        0.425000011920928955078125000000000000         6.30000010132789611816406250000000000E-0002  0.870056494511586616800702331296776776        0.129943505488413383199297668703223248         0.00000000000000000000000000000000000        0.683022559859958444886526535977552353        0.167811590859605266884724425470909642        0.129098359310438402074632433326122454         2000.00000000000000000000000000000000        0.300000011920928955078125000000000000        -1.00000000000000000000000000000000000         4.50000000000000000000000000000000000         50.0000000000000000000000000000000000        0.825042423188197816696077457721078482        0.825041334091648509463449765042761106        0.825041334091648509463449765042761106        0.825041334091648509463449765042761106        0.825041334091648509463449765042761106         0.00000000000000000000000000000000000        -1.32005089236686889555445960988358394E-0004   237.574693997407846475441308196172728         5008.86569567234575397797923551573688      
  0.587278661318961641324294675315294360         0.00000000000000000000000000000000000         0.00000000000000000000000000000000000        0.500000000000000000000000000000000000        0.500000000000000000000000000000000000        0.724999999999999999999999999999999981        0.275000000000000000000000000000000019        0.512000024318695068359375000000000000        0.425000011920928955078125000000000000         6.30000010132789611816406250000000000E-0002  0.870056494511586616800702331296776776        0.129943505488413383199297668703223248         0.00000000000000000000000000000000000        0.683022559859958444886526535977552353        0.167811590859605266884724425470909642        0.129098359310438402074632433326122454         2000.00000000000000000000000000000000        0.300000011920928955078125000000000000        -1.00000000000000000000000000000000000         4.50000000000000000000000000000000000         50.0000000000000000000000000000000000        0.835973631120915915143436857796946071        0.836012975869190313746235451345364206        0.836012975869190313746235451345364206        0.836012975869190313746235451345364206        0.836012975869190313746235451345364206         0.00000000000000000000000000000000000         4.70623655494012524399749313102513986E-0003   247.928651486297918337369777567245613         5099.50901293870667191508225664986692      
  0.615098578858064451529164264953569834         0.00000000000000000000000000000000000         0.00000000000000000000000000000000000        0.500000000000000000000000000000000000        0.500000000000000000000000000000000000        0.724999999999999999999999999999999981        0.275000000000000000000000000000000019        0.512000024318695068359375000000000000        0.425000011920928955078125000000000000         6.30000010132789611816406250000000000E-0002  0.870056494511586616800702331296776776        0.129943505488413383199297668703223248         0.00000000000000000000000000000000000        0.683022559859958444886526535977552353        0.167811590859605266884724425470909642        0.129098359310438402074632433326122454         2000.00000000000000000000000000000000        0.300000011920928955078125000000000000        -1.00000000000000000000000000000000000         4.50000000000000000000000000000000000         50.0000000000000000000000000000000000        0.847026883894997800849303430717483907        0.847171713867010501950381922272208091        0.847171713867010501950381922272208091        0.847171713867010501950381922272208091        0.847171713867010501950381922272208091         0.00000000000000000000000000000000000         1.70957044058527894329438886235361946E-0002   258.803264808146091058386442431795662         5191.96872121538487546496606188375472      
  0.644236350872152408747567964251532425         0.00000000000000000000000000000000000         0.00000000000000000000000000000000000        0.500000000000000000000000000000000000        0.500000000000000000000000000000000000        0.724999999999999999999999999999999981        0.275000000000000000000000000000000019        0.512000024318695068359375000000000000        0.425000011920928955078125000000000000         6.30000010132789611816406250000000000E-0002  0.870056494511586616800702331296776776        0.129943505488413383199297668703223248         0.00000000000000000000000000000000000        0.683022559859958444886526535977552353        0.167811590859605266884724425470909642        0.129098359310438402074632433326122454         2000.00000000000000000000000000000000        0.300000011920928955078125000000000000        -1.00000000000000000000000000000000000         4.50000000000000000000000000000000000         50.0000000000000000000000000000000000        0.858240779592942600891004153864050224        0.858261310478234434654663531449018476        0.858261310478234434654663531449018476        0.858261310478234434654663531449018476        0.858261310478234434654663531449018476         0.00000000000000000000000000000000000         2.39214852646610455709957910334913317E-0003   270.165708771038571800925204288750098         5287.64056166219868222419325165482662      
  0.674754405311085438667667359428963781         0.00000000000000000000000000000000000         0.00000000000000000000000000000000000        0.500000000000000000000000000000000000        0.500000000000000000000000000000000000        0.724999999999999999999999999999999981        0.275000000000000000000000000000000019        0.512000024318695068359375000000000000        0.425000011920928955078125000000000000         6.30000010132789611816406250000000000E-0002  0.870056494511586616800702331296776776        0.129943505488413383199297668703223248         0.00000000000000000000000000000000000        0.683022559859958444886526535977552353        0.167811590859605266884724425470909642        0.129098359310438402074632433326122454         2000.00000000000000000000000000000000        0.300000011920928955078125000000000000        -1.00000000000000000000000000000000000         4.50000000000000000000000000000000000         50.0000000000000000000000000000000000        0.869564138597923148164493764642082358        0.869699511754340156749672966286936060        0.869699511754340156749672966286936060        0.869699511754340156749672966286936060        0.869699511754340156749672966286936060         0.00000000000000000000000000000000000         1.55655090738106324671641618486561636E-0002   282.136051620988867202472867531054733         5384.58155251369931406119578753679010      
  0.706718127392766099165833109055340844         0.00000000000000000000000000000000000         0.00000000000000000000000000000000000        0.500000000000000000000000000000000000        0.500000000000000000000000000000000000        0.724999999999999999999999999999999981        0.275000000000000000000000000000000019        0.512000024318695068359375000000000000        0.425000011920928955078125000000000000         6.30000010132789611816406250000000000E-0002  0.870056494511586616800702331296776776        0.129943505488413383199297668703223248         0.00000000000000000000000000000000000        0.683022559859958444886526535977552353        0.167811590859605266884724425470909642        0.129098359310438402074632433326122454         2000.00000000000000000000000000000000        0.300000011920928955078125000000000000        -1.00000000000000000000000000000000000         4.50000000000000000000000000000000000         50.0000000000000000000000000000000000        0.881039003334902486509506824796629584        0.881116057697441260879529666951388039        0.881116057697441260879529666951388039        0.881116057697441260879529666951388039        0.881116057697441260879529666951388039         0.00000000000000000000000000000000000         8.74508662799031564800768956265193075E-0003   294.656044595795701654000004776183382         5484.84533490986589559506831600144661      
  0.740195999691582266577873530475029904         0.00000000000000000000000000000000000         0.00000000000000000000000000000000000        0.500000000000000000000000000000000000        0.500000000000000000000000000000000000        0.724999999999999999999999999999999981        0.275000000000000000000000000000000019        0.512000024318695068359375000000000000        0.425000011920928955078125000000000000         6.30000010132789611816406250000000000E-0002  0.870056494511586616800702331296776776        0.129943505488413383199297668703223248         0.00000000000000000000000000000000000        0.683022559859958444886526535977552353        0.167811590859605266884724425470909642        0.129098359310438402074632433326122454         2000.00000000000000000000000000000000        0.300000011920928955078125000000000000        -1.00000000000000000000000000000000000         4.50000000000000000000000000000000000         50.0000000000000000000000000000000000        0.892645988339253968860126169453538207        0.892721645500889446260603599784760174        0.892721645500889446260603599784760174        0.892721645500889446260603599784760174        0.892721645500889446260603599784760174         0.00000000000000000000000000000000000         8.47488822711670441970972764786321198E-0003   307.809351989710797964737160127879064         5587.17231060774491181264045583881478      
  0.775259748862965145759849187317876307         0.00000000000000000000000000000000000         0.00000000000000000000000000000000000        0.500000000000000000000000000000000000        0.500000000000000000000000000000000000        0.724999999999999999999999999999999981        0.275000000000000000000000000000000019        0.512000024318695068359375000000000000        0.425000011920928955078125000000000000         6.30000010132789611816406250000000000E-0002  0.870056494511586616800702331296776776        0.129943505488413383199297668703223248         0.00000000000000000000000000000000000        0.683022559859958444886526535977552353        0.167811590859605266884724425470909642        0.129098359310438402074632433326122454         2000.00000000000000000000000000000000        0.300000011920928955078125000000000000        -1.00000000000000000000000000000000000         4.50000000000000000000000000000000000         50.0000000000000000000000000000000000        0.904378572055115726180094860118405884        0.904524192190192726817482903637292046        0.904524192190192726817482903637292046        0.904524192190192726817482903637292046        0.904524192190192726817482903637292046         0.00000000000000000000000000000000000         1.60990868275617491895661344912046763E-0002   321.644050941987080194619331399623466         5691.73249377039877557799388200931550      
  0.811984499318421345788851126412103227         0.00000000000000000000000000000000000         0.00000000000000000000000000000000000        0.500000000000000000000000000000000000        0.500000000000000000000000000000000000        0.724999999999999999999999999999999981        0.275000000000000000000000000000000019        0.512000024318695068359375000000000000        0.425000011920928955078125000000000000         6.30000010132789611816406250000000000E-0002  0.870056494511586616800702331296776776        0.129943505488413383199297668703223248         0.00000000000000000000000000000000000        0.683022559859958444886526535977552353        0.167811590859605266884724425470909642        0.129098359310438402074632433326122454         2000.00000000000000000000000000000000        0.300000011920928955078125000000000000        -1.00000000000000000000000000000000000         4.50000000000000000000000000000000000         50.0000000000000000000000000000000000        0.916265961307012254577164866978086455        0.916330071837474007854915933342478512        0.916330071837474007854915933342478512        0.916330071837474007854915933342478512        0.916330071837474007854915933342478512         0.00000000000000000000000000000000000         6.99644510554973029126422009228252889E-0003   336.143976419248456031027360114203459         5799.78426975614501568494611848035134      
  0.850448934180289219036975673402549010         0.00000000000000000000000000000000000         0.00000000000000000000000000000000000        0.500000000000000000000000000000000000        0.500000000000000000000000000000000000        0.724999999999999999999999999999999981        0.275000000000000000000000000000000019        0.512000024318695068359375000000000000        0.425000011920928955078125000000000000         6.30000010132789611816406250000000000E-0002  0.870056494511586616800702331296776776        0.129943505488413383199297668703223248         0.00000000000000000000000000000000000        0.683022559859958444886526535977552353        0.167811590859605266884724425470909642        0.129098359310438402074632433326122454         2000.00000000000000000000000000000000        0.300000011920928955078125000000000000        -1.00000000000000000000000000000000000         4.50000000000000000000000000000000000         50.0000000000000000000000000000000000        0.928272541531602010387016993383207071        0.928319888335665285539396141076910902        0.928319888335665285539396141076910902        0.928319888335665285539396141076910902        0.928319888335665285539396141076910902         0.00000000000000000000000000000000000         5.10026820045412218517700692833660848E-0003   351.941919623349826081337483307825619         5914.93093469049675777511985390954641      
  0.890735463861066538871678342365989236         0.00000000000000000000000000000000000         0.00000000000000000000000000000000000        0.500000000000000000000000000000000000        0.500000000000000000000000000000000000        0.724999999999999999999999999999999981        0.275000000000000000000000000000000019        0.512000024318695068359375000000000000        0.425000011920928955078125000000000000         6.30000010132789611816406250000000000E-0002  0.870056494511586616800702331296776776        0.129943505488413383199297668703223248         0.00000000000000000000000000000000000        0.683022559859958444886526535977552353        0.167811590859605266884724425470909642        0.129098359310438402074632433326122454         2000.00000000000000000000000000000000        0.300000011920928955078125000000000000        -1.00000000000000000000000000000000000         4.50000000000000000000000000000000000         50.0000000000000000000000000000000000        0.940327428699614582423502301894315378        0.940313623752946611705616484279726722        0.940313623752946611705616484279726722        0.940313623752946611705616484279726722        0.940313623752946611705616484279726722         0.00000000000000000000000000000000000        -1.46812152022991021193846074731622147E-0003   370.502132894056560307131260112667480         6048.68311985869453780963358028431407      
  0.932930402628492306849122631846463221         0.00000000000000000000000000000000000         0.00000000000000000000000000000000000        0.500000000000000000000000000000000000        0.500000000000000000000000000000000000        0.724999999999999999999999999999999981        0.275000000000000000000000000000000019        0.512000024318695068359375000000000000        0.425000011920928955078125000000000000         6.30000010132789611816406250000000000E-0002  0.870056494511586616800702331296776776        0.129943505488413383199297668703223248         0.00000000000000000000000000000000000        0.683022559859958444886526535977552353        0.167811590859605266884724425470909642        0.129098359310438402074632433326122454         2000.00000000000000000000000000000000        0.300000011920928955078125000000000000        -1.00000000000000000000000000000000000         4.50000000000000000000000000000000000         50.0000000000000000000000000000000000        0.952392467474733914556431606363575524        0.953077401680994700697399768076794271        0.953077401680994700697399768076794271        0.953077401680994700697399768076794271        0.953077401680994700697399768076794271         0.00000000000000000000000000000000000         7.18655384182575568919794185927628331E-0002   390.838900732870873161059207571362817         6188.03085637044037029256603257416473      
  0.977124153534675033397991232687960264         0.00000000000000000000000000000000000         0.00000000000000000000000000000000000        0.500000000000000000000000000000000000        0.500000000000000000000000000000000000        0.724999999999999999999999999999999981        0.275000000000000000000000000000000019        0.512000024318695068359375000000000000        0.425000011920928955078125000000000000         6.30000010132789611816406250000000000E-0002  0.870056494511586616800702331296776776        0.129943505488413383199297668703223248         0.00000000000000000000000000000000000        0.683022559859958444886526535977552353        0.167811590859605266884724425470909642        0.129098359310438402074632433326122454         2000.00000000000000000000000000000000        0.300000011920928955078125000000000000        -1.00000000000000000000000000000000000         4.50000000000000000000000000000000000         50.0000000000000000000000000000000000        0.964507008044632260872300243480561398        0.965192479226433679545566180596700080        0.965192479226433679545566180596700080        0.965192479226433679545566180596700080        0.965192479226433679545566180596700080         0.00000000000000000000000000000000000         7.10191175910113439791751287905063227E-0002   411.574850162150261084308628313625563         6324.34418075422565124244206646202189      
   1.02341140210547988401757228923722065         0.00000000000000000000000000000000000         0.00000000000000000000000000000000000        0.500000000000000000000000000000000000        0.500000000000000000000000000000000000        0.724999999999999999999999999999999981        0.275000000000000000000000000000000019        0.512000024318695068359375000000000000        0.425000011920928955078125000000000000         6.30000010132789611816406250000000000E-0002  0.870056494511586616800702331296776776        0.129943505488413383199297668703223248         0.00000000000000000000000000000000000        0.683022559859958444886526535977552353        0.167811590859605266884724425470909642        0.129098359310438402074632433326122454         2000.00000000000000000000000000000000        0.300000011920928955078125000000000000        -1.00000000000000000000000000000000000         4.50000000000000000000000000000000000         50.0000000000000000000000000000000000        0.976761260448697851968408427904226665        0.976767909684302720918109662520986502        0.976767909684302720918109662520986502        0.976767909684302720918109662520986502        0.976767909684302720918109662520986502         0.00000000000000000000000000000000000         6.80738539723118335122444242184148248E-0004   432.613871735094846259623384717634321         6458.09431317455518514579672108332767      
   1.07189131920515601980676290596541418         0.00000000000000000000000000000000000         0.00000000000000000000000000000000000        0.500000000000000000000000000000000000        0.500000000000000000000000000000000000        0.724999999999999999999999999999999981        0.275000000000000000000000000000000019        0.512000024318695068359375000000000000        0.425000011920928955078125000000000000         6.30000010132789611816406250000000000E-0002  0.870056494511586616800702331296776776        0.129943505488413383199297668703223248         0.00000000000000000000000000000000000        0.683022559859958444886526535977552353        0.167811590859605266884724425470909642        0.129098359310438402074632433326122454         2000.00000000000000000000000000000000        0.300000011920928955078125000000000000        -1.00000000000000000000000000000000000         4.50000000000000000000000000000000000         50.0000000000000000000000000000000000        0.989066432757695439984393606348460839        0.989102310856972962424339206162222875        0.989102310856972962424339206162222875        0.989102310856972962424339206162222875        0.989102310856972962424339206162222875         0.00000000000000000000000000000000000         3.62733954654671878952226946078321603E-0003   455.205533657602741787149164365366749         6593.87945532282197774934250479042141      
   1.12266777351084349932308213365971722         0.00000000000000000000000000000000000         0.00000000000000000000000000000000000        0.500000000000000000000000000000000000        0.500000000000000000000000000000000000        0.724999999999999999999999999999999981        0.275000000000000000000000000000000019        0.512000024318695068359375000000000000        0.425000011920928955078125000000000000         6.30000010132789611816406250000000000E-0002  0.870056494511586616800702331296776776        0.129943505488413383199297668703223248         0.00000000000000000000000000000000000        0.683022559859958444886526535977552353        0.167811590859605266884724425470909642        0.129098359310438402074632433326122454         2000.00000000000000000000000000000000        0.300000011920928955078125000000000000        -1.00000000000000000000000000000000000         4.50000000000000000000000000000000000         50.0000000000000000000000000000000000         1.00149461357492682231412941492040563         1.00149630688947166786832850840986095         1.00149630688947166786832850840986095         1.00149630688947166786832850840986095         1.00149630688947166786832850840986095         0.00000000000000000000000000000000000         1.69078461218173398843280160569744476E-0004   478.765543198050936441267871383455972         6729.51887088017460101424111286346551      
   1.17584955405218836587405952039268318         0.00000000000000000000000000000000000         0.00000000000000000000000000000000000        0.500000000000000000000000000000000000        0.500000000000000000000000000000000000        0.724999999999999999999999999999999981        0.275000000000000000000000000000000019        0.512000024318695068359375000000000000        0.425000011920928955078125000000000000         6.30000010132789611816406250000000000E-0002  0.870056494511586616800702331296776776        0.129943505488413383199297668703223248         0.00000000000000000000000000000000000        0.683022559859958444886526535977552353        0.167811590859605266884724425470909642        0.129098359310438402074632433326122454         2000.00000000000000000000000000000000        0.300000011920928955078125000000000000        -1.00000000000000000000000000000000000         4.50000000000000000000000000000000000         50.0000000000000000000000000000000000         1.01396421179838512663030077025404204         1.01441439787820118212216764226852347         1.01441439787820118212216764226852347         1.01441439787820118212216764226852347         1.01441439787820118212216764226852347         0.00000000000000000000000000000000000         4.43789126768790680053366323887288912E-0002   503.874539369685918073421965650383930         6865.58869041298763617072490491700903      
   1.23155060329285913304393922610526752         0.00000000000000000000000000000000000         0.00000000000000000000000000000000000        0.500000000000000000000000000000000000        0.500000000000000000000000000000000000        0.724999999999999999999999999999999981        0.275000000000000000000000000000000019        0.512000024318695068359375000000000000        0.425000011920928955078125000000000000         6.30000010132789611816406250000000000E-0002  0.870056494511586616800702331296776776        0.129943505488413383199297668703223248         0.00000000000000000000000000000000000        0.683022559859958444886526535977552353        0.167811590859605266884724425470909642        0.129098359310438402074632433326122454         2000.00000000000000000000000000000000        0.300000011920928955078125000000000000        -1.00000000000000000000000000000000000         4.50000000000000000000000000000000000         50.0000000000000000000000000000000000         1.02670917344362326428674562006946959         1.02680591690155890137832760073649398         1.02680591690155890137832760073649398         1.02680591690155890137832760073649398         1.02680591690155890137832760073649398         0.00000000000000000000000000000000000         9.42178617625866304816731538415445045E-0003   529.245000473143055143711680263885646         7000.72794767750906156821771185725924      
   1.28989026125334400389008600428654072         0.00000000000000000000000000000000000         0.00000000000000000000000000000000000        0.500000000000000000000000000000000000        0.500000000000000000000000000000000000        0.724999999999999999999999999999999981        0.275000000000000000000000000000000019        0.512000024318695068359375000000000000        0.425000011920928955078125000000000000         6.30000010132789611816406250000000000E-0002  0.870056494511586616800702331296776776        0.129943505488413383199297668703223248         0.00000000000000000000000000000000000        0.683022559859958444886526535977552353        0.167811590859605266884724425470909642        0.129098359310438402074632433326122454         2000.00000000000000000000000000000000        0.300000011920928955078125000000000000        -1.00000000000000000000000000000000000         4.50000000000000000000000000000000000         50.0000000000000000000000000000000000         1.03940167661285591485777290853387932         1.03939719079899436419029875513254892         1.03939719079899436419029875513254892         1.03939719079899436419029875513254892         1.03939719079899436419029875513254892         0.00000000000000000000000000000000000        -4.31578409222212762322916880618414314E-0004   556.334855775633721460519749501282665         7137.45552728801781407986027872719615      
   1.35099352119806420678539952158028216         0.00000000000000000000000000000000000         0.00000000000000000000000000000000000        0.500000000000000000000000000000000000        0.500000000000000000000000000000000000        0.724999999999999999999999999999999981        0.275000000000000000000000000000000019        0.512000024318695068359375000000000000        0.425000011920928955078125000000000000         6.30000010132789611816406250000000000E-0002  0.870056494511586616800702331296776776        0.129943505488413383199297668703223248         0.00000000000000000000000000000000000        0.683022559859958444886526535977552353        0.167811590859605266884724425470909642        0.129098359310438402074632433326122454         2000.00000000000000000000000000000000        0.300000011920928955078125000000000000        -1.00000000000000000000000000000000000         4.50000000000000000000000000000000000         50.0000000000000000000000000000000000         1.05201598662208871980490280333247358         1.05243515887932832434450736597436958         1.05243515887932832434450736597436958         1.05243515887932832434450736597436958         1.05243515887932832434450736597436958         0.00000000000000000000000000000000000         3.98287964539263948781600000536596179E-0002   585.386604314934543208089932313524000         7275.04336647786360519418063341489441      
   1.41499129743461548663919584700832116         0.00000000000000000000000000000000000         0.00000000000000000000000000000000000        0.500000000000000000000000000000000000        0.500000000000000000000000000000000000        0.724999999999999999999999999999999981        0.275000000000000000000000000000000019        0.512000024318695068359375000000000000        0.425000011920928955078125000000000000         6.30000010132789611816406250000000000E-0002  0.870056494511586616800702331296776776        0.129943505488413383199297668703223248         0.00000000000000000000000000000000000        0.683022559859958444886526535977552353        0.167811590859605266884724425470909642        0.129098359310438402074632433326122454         2000.00000000000000000000000000000000        0.300000011920928955078125000000000000        -1.00000000000000000000000000000000000         4.50000000000000000000000000000000000         50.0000000000000000000000000000000000         1.06493339557113386092681255702063443         1.06491080073934957084091844890828824         1.06491080073934957084091844890828824         1.06491080073934957084091844890828824         1.06491080073934957084091844890828824         0.00000000000000000000000000000000000        -2.12175815745345770394044215484812891E-0003   614.919204440404673137468852614609037         7411.99709305352312070836721398017291      
   1.48202070579890013841676841137265918         0.00000000000000000000000000000000000         0.00000000000000000000000000000000000        0.500000000000000000000000000000000000        0.500000000000000000000000000000000000        0.724999999999999999999999999999999981        0.275000000000000000000000000000000019        0.512000024318695068359375000000000000        0.425000011920928955078125000000000000         6.30000010132789611816406250000000000E-0002  0.870056494511586616800702331296776776        0.129943505488413383199297668703223248         0.00000000000000000000000000000000000        0.683022559859958444886526535977552353        0.167811590859605266884724425470909642        0.129098359310438402074632433326122454         2000.00000000000000000000000000000000        0.300000011920928955078125000000000000        -1.00000000000000000000000000000000000         4.50000000000000000000000000000000000         50.0000000000000000000000000000000000         1.07786284913636929229513517229302592         1.07800462525566953550463201591192670         1.07800462525566953550463201591192670         1.07800462525566953550463201591192670         1.07800462525566953550463201591192670         0.00000000000000000000000000000000000         1.31517171613821485524196990050276818E-0002   646.460519546539271260827316348837869         7549.76099278872823000674545565987183      
   1.55222535742709160936160846888458776         0.00000000000000000000000000000000000         0.00000000000000000000000000000000000        0.500000000000000000000000000000000000        0.500000000000000000000000000000000000        0.724999999999999999999999999999999981        0.275000000000000000000000000000000019        0.512000024318695068359375000000000000        0.425000011920928955078125000000000000         6.30000010132789611816406250000000000E-0002  0.870056494511586616800702331296776776        0.129943505488413383199297668703223248         0.00000000000000000000000000000000000        0.683022559859958444886526535977552353        0.167811590859605266884724425470909642        0.129098359310438402074632433326122454         2000.00000000000000000000000000000000        0.300000011920928955078125000000000000        -1.00000000000000000000000000000000000         4.50000000000000000000000000000000000         50.0000000000000000000000000000000000         1.09097150469006619731149476649453532         1.09096992325024789260202485371471184         1.09096992325024789260202485371471184         1.09096992325024789260202485371471184         1.09096992325024789260202485371471184         0.00000000000000000000000000000000000        -1.44957233430710907699169257834380284E-0004   679.314083478455091285559503426126664         7686.79116482352600194421958722633336      
   1.62575566644384085973659301860212051         0.00000000000000000000000000000000000         0.00000000000000000000000000000000000        0.500000000000000000000000000000000000        0.500000000000000000000000000000000000        0.724999999999999999999999999999999981        0.275000000000000000000000000000000019        0.512000024318695068359375000000000000        0.425000011920928955078125000000000000         6.30000010132789611816406250000000000E-0002  0.870056494511586616800702331296776776        0.129943505488413383199297668703223248         0.00000000000000000000000000000000000        0.683022559859958444886526535977552353        0.167811590859605266884724425470909642        0.129098359310438402074632433326122454         2000.00000000000000000000000000000000        0.300000011920928955078125000000000000        -1.00000000000000000000000000000000000         4.50000000000000000000000000000000000         50.0000000000000000000000000000000000         1.10417316418907326916795268187755620         1.10423761708766813872339048521402572         1.10423761708766813872339048521402572         1.10423761708766813872339048521402572         1.10423761708766813872339048521402572         0.00000000000000000000000000000000000         5.83686858675024484228100065847102679E-0003   713.970090092510697707264144576590913         7824.24673112753996158850111318349966      
   1.70276917222594935040597643772334275         0.00000000000000000000000000000000000         0.00000000000000000000000000000000000        0.500000000000000000000000000000000000        0.500000000000000000000000000000000000        0.724999999999999999999999999999999981        0.275000000000000000000000000000000019        0.512000024318695068359375000000000000        0.425000011920928955078125000000000000         6.30000010132789611816406250000000000E-0002  0.870056494511586616800702331296776776        0.129943505488413383199297668703223248         0.00000000000000000000000000000000000        0.683022559859958444886526535977552353        0.167811590859605266884724425470909642        0.129098359310438402074632433326122454         2000.00000000000000000000000000000000        0.300000011920928955078125000000000000        -1.00000000000000000000000000000000000         4.50000000000000000000000000000000000         50.0000000000000000000000000000000000         1.11751355276020194838145125142656621         1.11762342387114326630150778226649158         1.11762342387114326630150778226649158         1.11762342387114326630150778226649158         1.11762342387114326630150778226649158         0.00000000000000000000000000000000000         9.83078097636449889938302469233700088E-0003   750.316964181473298762042622304487572         7962.30465385085475280307783973457179      
   1.78343087693196159954962751479630605         0.00000000000000000000000000000000000         0.00000000000000000000000000000000000        0.500000000000000000000000000000000000        0.500000000000000000000000000000000000        0.724999999999999999999999999999999981        0.275000000000000000000000000000000019        0.512000024318695068359375000000000000        0.425000011920928955078125000000000000         6.30000010132789611816406250000000000E-0002  0.870056494511586616800702331296776776        0.129943505488413383199297668703223248         0.00000000000000000000000000000000000        0.683022559859958444886526535977552353        0.167811590859605266884724425470909642        0.129098359310438402074632433326122454         2000.00000000000000000000000000000000        0.300000011920928955078125000000000000        -1.00000000000000000000000000000000000         4.50000000000000000000000000000000000         50.0000000000000000000000000000000000         1.13100080722456489451279666848315891         1.13106554576282590165553618466866608         1.13106554576282590165553618466866608         1.13106554576282590165553618466866608         1.13106554576282590165553618466866608         0.00000000000000000000000000000000000         5.72367697906892320869727465158356740E-0003   788.415313350803089911342932103092499         8099.91644878711582729511130302553631      
   1.86791359902083762667604333648365787         0.00000000000000000000000000000000000         0.00000000000000000000000000000000000        0.500000000000000000000000000000000000        0.500000000000000000000000000000000000        0.724999999999999999999999999999999981        0.275000000000000000000000000000000019        0.512000024318695068359375000000000000        0.425000011920928955078125000000000000         6.30000010132789611816406250000000000E-0002  0.870056494511586616800702331296776776        0.129943505488413383199297668703223248         0.00000000000000000000000000000000000        0.683022559859958444886526535977552353        0.167811590859605266884724425470909642        0.129098359310438402074632433326122454         2000.00000000000000000000000000000000        0.300000011920928955078125000000000000        -1.00000000000000000000000000000000000         4.50000000000000000000000000000000000         50.0000000000000000000000000000000000         1.14462757848096499950266797770228619         1.14463968736631395351097796025769710         1.14463968736631395351097796025769710         1.14463968736631395351097796025769710         1.14463968736631395351097796025769710         0.00000000000000000000000000000000000         1.05787746856962295171260441438633760E-0003   828.421285886177066541446042603466058         8239.49307454180537738622934335432800      
   1.95639834351712235574086149449056598         0.00000000000000000000000000000000000         0.00000000000000000000000000000000000        0.500000000000000000000000000000000000        0.500000000000000000000000000000000000        0.724999999999999999999999999999999981        0.275000000000000000000000000000000019        0.512000024318695068359375000000000000        0.425000011920928955078125000000000000         6.30000010132789611816406250000000000E-0002  0.870056494511586616800702331296776776        0.129943505488413383199297668703223248         0.00000000000000000000000000000000000        0.683022559859958444886526535977552353        0.167811590859605266884724425470909642        0.129098359310438402074632433326122454         2000.00000000000000000000000000000000        0.300000011920928955078125000000000000        -1.00000000000000000000000000000000000         4.50000000000000000000000000000000000         50.0000000000000000000000000000000000         1.15868580251095697593738595857894283         1.15889755591763543043502031012851934         1.15889755591763543043502031012851934         1.15889755591763543043502031012851934         1.15889755591763543043502031012851934         0.00000000000000000000000000000000000         1.82719693899763584084606027398015405E-0002   869.433377136650188265667150505785160         8427.61171739588979998510036186666737      
   2.04907468981590857599889354382844297         0.00000000000000000000000000000000000         0.00000000000000000000000000000000000        0.500000000000000000000000000000000000        0.500000000000000000000000000000000000        0.724999999999999999999999999999999981        0.275000000000000000000000000000000019        0.512000024318695068359375000000000000        0.425000011920928955078125000000000000         6.30000010132789611816406250000000000E-0002  0.870056494511586616800702331296776776        0.129943505488413383199297668703223248         0.00000000000000000000000000000000000        0.683022559859958444886526535977552353        0.167811590859605266884724425470909642        0.129098359310438402074632433326122454         2000.00000000000000000000000000000000        0.300000011920928955078125000000000000        -1.00000000000000000000000000000000000         4.50000000000000000000000000000000000         50.0000000000000000000000000000000000         1.17298491369878817528689386589356157         1.17301908163086887880695446386710811         1.17301908163086887880695446386710811         1.17301908163086887880695446386710811         1.17301908163086887880695446386710811         0.00000000000000000000000000000000000         2.91281980112371645551960315828253856E-0003   912.182416601618746496324427822577806         8614.80112301261295240265431329840680      
   2.14614119785846923144288932206752821         0.00000000000000000000000000000000000         0.00000000000000000000000000000000000        0.500000000000000000000000000000000000        0.500000000000000000000000000000000000        0.724999999999999999999999999999999981        0.275000000000000000000000000000000019        0.512000024318695068359375000000000000        0.425000011920928955078125000000000000         6.30000010132789611816406250000000000E-0002  0.870056494511586616800702331296776776        0.129943505488413383199297668703223248         0.00000000000000000000000000000000000        0.683022559859958444886526535977552353        0.167811590859605266884724425470909642        0.129098359310438402074632433326122454         2000.00000000000000000000000000000000        0.300000011920928955078125000000000000        -1.00000000000000000000000000000000000         4.50000000000000000000000000000000000         50.0000000000000000000000000000000000         1.18736245529015702805212104428106236         1.18729180723014929718447810476960319         1.18729180723014929718447810476960319         1.18729180723014929718447810476960319         1.18729180723014929718447810476960319         0.00000000000000000000000000000000000        -5.95035353377420979752169810236672400E-0003   957.489283091535886098838349869823253         8806.78325723748512751670737227173674      
   2.24780583354879414104030832593962274         0.00000000000000000000000000000000000         0.00000000000000000000000000000000000        0.500000000000000000000000000000000000        0.500000000000000000000000000000000000        0.724999999999999999999999999999999981        0.275000000000000000000000000000000019        0.512000024318695068359375000000000000        0.425000011920928955078125000000000000         6.30000010132789611816406250000000000E-0002  0.870056494511586616800702331296776776        0.129943505488413383199297668703223248         0.00000000000000000000000000000000000        0.683022559859958444886526535977552353        0.167811590859605266884724425470909642        0.129098359310438402074632433326122454         2000.00000000000000000000000000000000        0.300000011920928955078125000000000000        -1.00000000000000000000000000000000000         4.50000000000000000000000000000000000         50.0000000000000000000000000000000000         1.20183585505143014069666024147473019         1.20192810536450383572522194047547923         1.20192810536450383572522194047547923         1.20192810536450383572522194047547923         1.20192810536450383572522194047547923         0.00000000000000000000000000000000000         7.67519393730448230602565672672236965E-0003   1005.43441962572059719809258269366270         9002.17891980803566624372326792463992      
   2.35428641432249007020695607335824657         0.00000000000000000000000000000000000         0.00000000000000000000000000000000000        0.500000000000000000000000000000000000        0.500000000000000000000000000000000000        0.724999999999999999999999999999999981        0.275000000000000000000000000000000019        0.512000024318695068359375000000000000        0.425000011920928955078125000000000000         6.30000010132789611816406250000000000E-0002  0.870056494511586616800702331296776776        0.129943505488413383199297668703223248         0.00000000000000000000000000000000000        0.683022559859958444886526535977552353        0.167811590859605266884724425470909642        0.129098359310438402074632433326122454         2000.00000000000000000000000000000000        0.300000011920928955078125000000000000        -1.00000000000000000000000000000000000         4.50000000000000000000000000000000000         50.0000000000000000000000000000000000         1.21649341801433195108744229816049691         1.21602317926799166707166860112366334         1.21602317926799166707166860112366334         1.21602317926799166707166860112366334         1.21602317926799166707166860112366334         0.00000000000000000000000000000000000        -3.86702124069175386075632939493668901E-0002   1055.76830073737262069800118228173738         9199.75056999183306297454387783074299      
   2.46581107582267970147068279155487439         0.00000000000000000000000000000000000         0.00000000000000000000000000000000000        0.500000000000000000000000000000000000        0.500000000000000000000000000000000000        0.724999999999999999999999999999999981        0.275000000000000000000000000000000019        0.512000024318695068359375000000000000        0.425000011920928955078125000000000000         6.30000010132789611816406250000000000E-0002  0.870056494511586616800702331296776776        0.129943505488413383199297668703223248         0.00000000000000000000000000000000000        0.683022559859958444886526535977552353        0.167811590859605266884724425470909642        0.129098359310438402074632433326122454         2000.00000000000000000000000000000000        0.300000011920928955078125000000000000        -1.00000000000000000000000000000000000         4.50000000000000000000000000000000000         50.0000000000000000000000000000000000         1.23122870456489815006291707833618466         1.23121690793198920744417035208257179         1.23121690793198920744417035208257179         1.23121690793198920744417035208257179         1.23121690793198920744417035208257179         0.00000000000000000000000000000000000        -9.58127916611932130525345843191421871E-0004   1109.07763960486608105295427831307041         9400.49195285709849045370436567827612      
   2.58261876068275699540889612963339913         0.00000000000000000000000000000000000         0.00000000000000000000000000000000000        0.500000000000000000000000000000000000        0.500000000000000000000000000000000000        0.724999999999999999999999999999999981        0.275000000000000000000000000000000019        0.512000024318695068359375000000000000        0.425000011920928955078125000000000000         6.30000010132789611816406250000000000E-0002  0.870056494511586616800702331296776776        0.129943505488413383199297668703223248         0.00000000000000000000000000000000000        0.683022559859958444886526535977552353        0.167811590859605266884724425470909642        0.129098359310438402074632433326122454         2000.00000000000000000000000000000000        0.300000011920928955078125000000000000        -1.00000000000000000000000000000000000         4.50000000000000000000000000000000000         50.0000000000000000000000000000000000         1.24609574935286345024735305541333540         1.24618449446473697502130891759384149         1.24618449446473697502130891759384149         1.24618449446473697502130891759384149         1.24618449446473697502130891759384149         0.00000000000000000000000000000000000         7.12134617849203034178843957681572299E-0003   1165.37839599119379537393049394314757         9601.85600672751512515120193010212354      
   2.70495973046322058012775948376762777         0.00000000000000000000000000000000000         0.00000000000000000000000000000000000        0.500000000000000000000000000000000000        0.500000000000000000000000000000000000        0.724999999999999999999999999999999981        0.275000000000000000000000000000000019        0.512000024318695068359375000000000000        0.425000011920928955078125000000000000         6.30000010132789611816406250000000000E-0002  0.870056494511586616800702331296776776        0.129943505488413383199297668703223248         0.00000000000000000000000000000000000        0.683022559859958444886526535977552353        0.167811590859605266884724425470909642        0.129098359310438402074632433326122454         2000.00000000000000000000000000000000        0.300000011920928955078125000000000000        -1.00000000000000000000000000000000000         4.50000000000000000000000000000000000         50.0000000000000000000000000000000000         1.26110171828141939930525011931360235         1.26092072986371580517029060321011616         1.26092072986371580517029060321011616         1.26092072986371580517029060321011616         1.26092072986371580517029060321011616         0.00000000000000000000000000000000000        -1.43536713622874548508780675982753450E-0002   1224.69486024138970034116214159692916         9808.46403400937274727823037131364288      
   2.83309610183941463691826271807341983         0.00000000000000000000000000000000000         0.00000000000000000000000000000000000        0.500000000000000000000000000000000000        0.500000000000000000000000000000000000        0.724999999999999999999999999999999981        0.275000000000000000000000000000000019        0.512000024318695068359375000000000000        0.425000011920928955078125000000000000         6.30000010132789611816406250000000000E-0002  0.870056494511586616800702331296776776        0.129943505488413383199297668703223248         0.00000000000000000000000000000000000        0.683022559859958444886526535977552353        0.167811590859605266884724425470909642        0.129098359310438402074632433326122454         2000.00000000000000000000000000000000        0.300000011920928955078125000000000000        -1.00000000000000000000000000000000000         4.50000000000000000000000000000000000         50.0000000000000000000000000000000000         1.27622940059236823391321705550866160         1.27597740500537152835873372751435283         1.27597740500537152835873372751435283         1.27597740500537152835873372751435283         1.27597740500537152835873372751435283         0.00000000000000000000000000000000000        -1.97492201670800526065290732040986104E-0002   1287.40257294844686045735674515005962         10015.5173318131466072969666266455711      
   2.96730240818896454651461614421851563         0.00000000000000000000000000000000000         0.00000000000000000000000000000000000        0.500000000000000000000000000000000000        0.500000000000000000000000000000000000        0.724999999999999999999999999999999981        0.275000000000000000000000000000000019        0.512000024318695068359375000000000000        0.425000011920928955078125000000000000         6.30000010132789611816406250000000000E-0002  0.870056494511586616800702331296776776        0.129943505488413383199297668703223248         0.00000000000000000000000000000000000        0.683022559859958444886526535977552353        0.167811590859605266884724425470909642        0.129098359310438402074632433326122454         2000.00000000000000000000000000000000        0.300000011920928955078125000000000000        -1.00000000000000000000000000000000000         4.50000000000000000000000000000000000         50.0000000000000000000000000000000000         1.29147329430942371432872293635640594         1.29132760979001156408563586699884133         1.29132760979001156408563586699884133         1.29132760979001156408563586699884133         1.29132760979001156408563586699884133         0.00000000000000000000000000000000000        -1.12817629165259341569447985975335056E-0002   1353.67716434013513786955744331465590         10224.8760648459524778351075799177784      
   3.10786618778211364466063213094136699         0.00000000000000000000000000000000000         0.00000000000000000000000000000000000        0.500000000000000000000000000000000000        0.500000000000000000000000000000000000        0.724999999999999999999999999999999981        0.275000000000000000000000000000000019        0.512000024318695068359375000000000000        0.425000011920928955078125000000000000         6.30000010132789611816406250000000000E-0002  0.870056494511586616800702331296776776        0.129943505488413383199297668703223248         0.00000000000000000000000000000000000        0.683022559859958444886526535977552353        0.167811590859605266884724425470909642        0.129098359310438402074632433326122454         2000.00000000000000000000000000000000        0.300000011920928955078125000000000000        -1.00000000000000000000000000000000000         4.50000000000000000000000000000000000         50.0000000000000000000000000000000000         1.30685590967992860145354737258176302         1.30656454835202237835233503152347970         1.30656454835202237835233503152347970         1.30656454835202237835233503152347970         1.30656454835202237835233503152347970         0.00000000000000000000000000000000000        -2.22998035783014986786634448509285242E-0002   1423.65725954304577489557985909089927         10435.3533608570339295448951046005037      
   3.25508859983516440085845691551799553         0.00000000000000000000000000000000000         0.00000000000000000000000000000000000        0.500000000000000000000000000000000000        0.500000000000000000000000000000000000        0.724999999999999999999999999999999981        0.275000000000000000000000000000000019        0.512000024318695068359375000000000000        0.425000011920928955078125000000000000         6.30000010132789611816406250000000000E-0002  0.870056494511586616800702331296776776        0.129943505488413383199297668703223248         0.00000000000000000000000000000000000        0.683022559859958444886526535977552353        0.167811590859605266884724425470909642        0.129098359310438402074632433326122454         2000.00000000000000000000000000000000        0.300000011920928955078125000000000000        -1.00000000000000000000000000000000000         4.50000000000000000000000000000000000         50.0000000000000000000000000000000000         1.32237421236818828386813944606402294         1.32250605563823532710425397669322412         1.32250605563823532710425397669322412         1.32250605563823532710425397669322412         1.32250605563823532710425397669322412         0.00000000000000000000000000000000000         9.96919972388453689515393340783812610E-0003   1497.68467109362292111728478589824163         10646.3936059677572682128933436655202      
   3.40928506974692429676371810701270237         0.00000000000000000000000000000000000         0.00000000000000000000000000000000000        0.500000000000000000000000000000000000        0.500000000000000000000000000000000000        0.724999999999999999999999999999999981        0.275000000000000000000000000000000019        0.512000024318695068359375000000000000        0.425000011920928955078125000000000000         6.30000010132789611816406250000000000E-0002  0.870056494511586616800702331296776776        0.129943505488413383199297668703223248         0.00000000000000000000000000000000000        0.683022559859958444886526535977552353        0.167811590859605266884724425470909642        0.129098359310438402074632433326122454         2000.00000000000000000000000000000000        0.300000011920928955078125000000000000        -1.00000000000000000000000000000000000         4.50000000000000000000000000000000000         50.0000000000000000000000000000000000         1.33806205924418245366345550556579074         1.33837742645444770474687060350401586         1.33837742645444770474687060350401586         1.33837742645444770474687060350401586         1.33837742645444770474687060350401586         0.00000000000000000000000000000000000         2.35633987865966710102787857656950042E-0002   1576.23042424740080237893232106581405         10789.1542007337121376546909417127955      
   3.57078596490058154200418219794212579         0.00000000000000000000000000000000000         0.00000000000000000000000000000000000        0.500000000000000000000000000000000000        0.500000000000000000000000000000000000        0.724999999999999999999999999999999981        0.275000000000000000000000000000000019        0.512000024318695068359375000000000000        0.425000011920928955078125000000000000         6.30000010132789611816406250000000000E-0002  0.870056494511586616800702331296776776        0.129943505488413383199297668703223248         0.00000000000000000000000000000000000        0.683022559859958444886526535977552353        0.167811590859605266884724425470909642        0.129098359310438402074632433326122454         2000.00000000000000000000000000000000        0.300000011920928955078125000000000000        -1.00000000000000000000000000000000000         4.50000000000000000000000000000000000         50.0000000000000000000000000000000000         1.35391629289823044643312590562701175         1.35443646839257816320610055373466786         1.35443646839257816320610055373466786         1.35443646839257816320610055373466786         1.35443646839257816320610055373466786         0.00000000000000000000000000000000000         3.84053077783007479628011143224696176E-0002   1659.37708402962378276764728012734661         10906.9177036085296206600130230643966      
   3.73993730247892248533723346676967991         0.00000000000000000000000000000000000         0.00000000000000000000000000000000000        0.500000000000000000000000000000000000        0.500000000000000000000000000000000000        0.724999999999999999999999999999999981        0.275000000000000000000000000000000019        0.512000024318695068359375000000000000        0.425000011920928955078125000000000000         6.30000010132789611816406250000000000E-0002  0.870056494511586616800702331296776776        0.129943505488413383199297668703223248         0.00000000000000000000000000000000000        0.683022559859958444886526535977552353        0.167811590859605266884724425470909642        0.129098359310438402074632433326122454         2000.00000000000000000000000000000000        0.300000011920928955078125000000000000        -1.00000000000000000000000000000000000         4.50000000000000000000000000000000000         50.0000000000000000000000000000000000         1.36995894546225770289163002790189705         1.37040799375043945394340354659060228         1.37040799375043945394340354659060228         1.37040799375043945394340354659060228         1.37040799375043945394340354659060228         0.00000000000000000000000000000000000         3.27674889689475772405235451033276943E-0002   1746.80046727479001855473072496205293         11027.0047129922547188968756749302314      
   3.91710149080939146393706924636129076         0.00000000000000000000000000000000000         0.00000000000000000000000000000000000        0.500000000000000000000000000000000000        0.500000000000000000000000000000000000        0.724999999999999999999999999999999981        0.275000000000000000000000000000000019        0.512000024318695068359375000000000000        0.425000011920928955078125000000000000         6.30000010132789611816406250000000000E-0002  0.870056494511586616800702331296776776        0.129943505488413383199297668703223248         0.00000000000000000000000000000000000        0.683022559859958444886526535977552353        0.167811590859605266884724425470909642        0.129098359310438402074632433326122454         2000.00000000000000000000000000000000        0.300000011920928955078125000000000000        -1.00000000000000000000000000000000000         4.50000000000000000000000000000000000         50.0000000000000000000000000000000000         1.38616173492993355582116634006049824         1.38600388961393685593290554432920518         1.38600388961393685593290554432920518         1.38600388961393685593290554432920518         1.38600388961393685593290554432920518         0.00000000000000000000000000000000000        -1.13885189774371241258036590455167296E-0002   1838.71753251481045825627650682941135         11159.4414525976489294304454483555188      
   4.10265810582733183554468384630866708         0.00000000000000000000000000000000000         0.00000000000000000000000000000000000        0.500000000000000000000000000000000000        0.500000000000000000000000000000000000        0.724999999999999999999999999999999981        0.275000000000000000000000000000000019        0.512000024318695068359375000000000000        0.425000011920928955078125000000000000         6.30000010132789611816406250000000000E-0002  0.870056494511586616800702331296776776        0.129943505488413383199297668703223248         0.00000000000000000000000000000000000        0.683022559859958444886526535977552353        0.167811590859605266884724425470909642        0.129098359310438402074632433326122454         2000.00000000000000000000000000000000        0.300000011920928955078125000000000000        -1.00000000000000000000000000000000000         4.50000000000000000000000000000000000         50.0000000000000000000000000000000000         1.40233050725044332235311765893913058         1.40213441078028531659209026371909161         1.40213441078028531659209026371909161         1.40213441078028531659209026371909161         1.40213441078028531659209026371909161         0.00000000000000000000000000000000000        -1.39855686195504197523497194090620204E-0002   1937.08209831440044895382548452081604         11281.1912772218445921697402432115484      
   4.29700470432098797081550436783669861         0.00000000000000000000000000000000000         0.00000000000000000000000000000000000        0.500000000000000000000000000000000000        0.500000000000000000000000000000000000        0.724999999999999999999999999999999981        0.275000000000000000000000000000000019        0.512000024318695068359375000000000000        0.425000011920928955078125000000000000         6.30000010132789611816406250000000000E-0002  0.870056494511586616800702331296776776        0.129943505488413383199297668703223248         0.00000000000000000000000000000000000        0.683022559859958444886526535977552353        0.167811590859605266884724425470909642        0.129098359310438402074632433326122454         2000.00000000000000000000000000000000        0.300000011920928955078125000000000000        -1.00000000000000000000000000000000000         4.50000000000000000000000000000000000         50.0000000000000000000000000000000000         1.41861823379488097345253074483842266         1.41838262521328158601198910273112332         1.41838262521328158601198910273112332         1.41838262521328158601198910273112332         1.41838262521328158601198910273112332         0.00000000000000000000000000000000000        -1.66110735855890140606226949510304611E-0002   2041.16159701701922817799599550823035         11404.1199615255061558388131993833461      
   4.50055767570065325107907567564988206         0.00000000000000000000000000000000000         0.00000000000000000000000000000000000        0.500000000000000000000000000000000000        0.500000000000000000000000000000000000        0.724999999999999999999999999999999981        0.275000000000000000000000000000000019        0.512000024318695068359375000000000000        0.425000011920928955078125000000000000         6.30000010132789611816406250000000000E-0002  0.870056494511586616800702331296776776        0.129943505488413383199297668703223248         0.00000000000000000000000000000000000        0.683022559859958444886526535977552353        0.167811590859605266884724425470909642        0.129098359310438402074632433326122454         2000.00000000000000000000000000000000        0.300000011920928955078125000000000000        -1.00000000000000000000000000000000000         4.50000000000000000000000000000000000         50.0000000000000000000000000000000000         1.43503959802774619339952327726397943         1.43469340686438550387817540689285459         1.43469340686438550387817540689285459         1.43469340686438550387817540689285459         1.43469340686438550387817540689285459         0.00000000000000000000000000000000000        -2.41299752061531056884557155077477959E-0002   2151.30594292376229498479780569633932         11527.5018198204791136968959318841338      
   4.71375313411688746090811432995346639         0.00000000000000000000000000000000000         0.00000000000000000000000000000000000        0.500000000000000000000000000000000000        0.500000000000000000000000000000000000        0.724999999999999999999999999999999981        0.275000000000000000000000000000000019        0.512000024318695068359375000000000000        0.425000011920928955078125000000000000         6.30000010132789611816406250000000000E-0002  0.870056494511586616800702331296776776        0.129943505488413383199297668703223248         0.00000000000000000000000000000000000        0.683022559859958444886526535977552353        0.167811590859605266884724425470909642        0.129098359310438402074632433326122454         2000.00000000000000000000000000000000        0.300000011920928955078125000000000000        -1.00000000000000000000000000000000000         4.50000000000000000000000000000000000         50.0000000000000000000000000000000000         1.45159814166247672905898684193226970         1.45121227064062952683957626870681970         1.45121227064062952683957626870681970         1.45121227064062952683957626870681970         1.45121227064062952683957626870681970         0.00000000000000000000000000000000000        -2.65895644388991845112327466137203205E-0002   2267.84945112713977057132706213726560         11651.2170910885679904504138003903174      
   4.93704785283917522455720499133271388         0.00000000000000000000000000000000000         0.00000000000000000000000000000000000        0.500000000000000000000000000000000000        0.500000000000000000000000000000000000        0.724999999999999999999999999999999981        0.275000000000000000000000000000000019        0.512000024318695068359375000000000000        0.425000011920928955078125000000000000         6.30000010132789611816406250000000000E-0002  0.870056494511586616800702331296776776        0.129943505488413383199297668703223248         0.00000000000000000000000000000000000        0.683022559859958444886526535977552353        0.167811590859605266884724425470909642        0.129098359310438402074632433326122454         2000.00000000000000000000000000000000        0.300000011920928955078125000000000000        -1.00000000000000000000000000000000000         4.50000000000000000000000000000000000         50.0000000000000000000000000000000000         1.46825783054348441167064857930295465         1.46790934118098793564213429058589644         1.46790934118098793564213429058589644         1.46790934118098793564213429058589644         1.46790934118098793564213429058589644         0.00000000000000000000000000000000000        -2.37405235268891544625940781670273602E-0002   2391.34196761280772303867308742316918         11775.8707975001805045240941814441417      
   5.17092024289694052668163232095138689         0.00000000000000000000000000000000000         0.00000000000000000000000000000000000        0.500000000000000000000000000000000000        0.500000000000000000000000000000000000        0.724999999999999999999999999999999981        0.275000000000000000000000000000000019        0.512000024318695068359375000000000000        0.425000011920928955078125000000000000         6.30000010132789611816406250000000000E-0002  0.870056494511586616800702331296776776        0.129943505488413383199297668703223248         0.00000000000000000000000000000000000        0.683022559859958444886526535977552353        0.167811590859605266884724425470909642        0.129098359310438402074632433326122454         2000.00000000000000000000000000000000        0.300000011920928955078125000000000000        -1.00000000000000000000000000000000000         4.50000000000000000000000000000000000         50.0000000000000000000000000000000000         1.48503328656302307885979615281539891         1.48469351731194041593726038714296701         1.48469351731194041593726038714296701         1.48469351731194041593726038714296701         1.48469351731194041593726038714296701         0.00000000000000000000000000000000000        -2.28848073437957875397046259292482004E-0002   2522.17211766380292572556065297528243         11901.1698377625237725255926081775107      
   5.41587137807966487084961468635563235         0.00000000000000000000000000000000000         0.00000000000000000000000000000000000        0.500000000000000000000000000000000000        0.500000000000000000000000000000000000        0.724999999999999999999999999999999981        0.275000000000000000000000000000000019        0.512000024318695068359375000000000000        0.425000011920928955078125000000000000         6.30000010132789611816406250000000000E-0002  0.870056494511586616800702331296776776        0.129943505488413383199297668703223248         0.00000000000000000000000000000000000        0.683022559859958444886526535977552353        0.167811590859605266884724425470909642        0.129098359310438402074632433326122454         2000.00000000000000000000000000000000        0.300000011920928955078125000000000000        -1.00000000000000000000000000000000000         4.50000000000000000000000000000000000         50.0000000000000000000000000000000000         1.50189081698731368391131894555219836         1.50208442358777996109643870296918612         1.50208442358777996109643870296918612         1.50208442358777996109643870296918612         1.50208442358777996109643870296918612         0.00000000000000000000000000000000000         1.28891956687654882785668677210177041E-0002   2661.19517128569511907018187289997543         12028.6575516885910945747965483752544      
   5.67242606849218144376540893055636070         0.00000000000000000000000000000000000         0.00000000000000000000000000000000000        0.500000000000000000000000000000000000        0.500000000000000000000000000000000000        0.724999999999999999999999999999999981        0.275000000000000000000000000000000019        0.512000024318695068359375000000000000        0.425000011920928955078125000000000000         6.30000010132789611816406250000000000E-0002  0.870056494511586616800702331296776776        0.129943505488413383199297668703223248         0.00000000000000000000000000000000000        0.683022559859958444886526535977552353        0.167811590859605266884724425470909642        0.129098359310438402074632433326122454         2000.00000000000000000000000000000000        0.300000011920928955078125000000000000        -1.00000000000000000000000000000000000         4.50000000000000000000000000000000000         50.0000000000000000000000000000000000         1.51890413547781093006464934842436211         1.51914035110308784174535100681194500         1.51914035110308784174535100681194500         1.51914035110308784174535100681194500         1.51914035110308784174535100681194500         0.00000000000000000000000000000000000         1.55492956990701544046396195216724160E-0002   2808.16490429412877580990130003318021         12150.3852901436713396963685402893486      
   5.94113398496524757317294119695305884         0.00000000000000000000000000000000000         0.00000000000000000000000000000000000        0.500000000000000000000000000000000000        0.500000000000000000000000000000000000        0.724999999999999999999999999999999981        0.275000000000000000000000000000000019        0.512000024318695068359375000000000000        0.425000011920928955078125000000000000         6.30000010132789611816406250000000000E-0002  0.870056494511586616800702331296776776        0.129943505488413383199297668703223248         0.00000000000000000000000000000000000        0.683022559859958444886526535977552353        0.167811590859605266884724425470909642        0.129098359310438402074632433326122454         2000.00000000000000000000000000000000        0.300000011920928955078125000000000000        -1.00000000000000000000000000000000000         4.50000000000000000000000000000000000         50.0000000000000000000000000000000000         1.53602495153312569831245917905747576         1.53625029048840274231855128648421823         1.53625029048840274231855128648421823         1.53625029048840274231855128648421823         1.53625029048840274231855128648421823         0.00000000000000000000000000000000000         1.46681147383480416764369819900543196E-0002   2963.96311687606016309765719289354700         12282.3501983318907777651144638759311      
   6.22257083673045567818932634861224246         0.00000000000000000000000000000000000         0.00000000000000000000000000000000000        0.500000000000000000000000000000000000        0.500000000000000000000000000000000000        0.724999999999999999999999999999999981        0.275000000000000000000000000000000019        0.512000024318695068359375000000000000        0.425000011920928955078125000000000000         6.30000010132789611816406250000000000E-0002  0.870056494511586616800702331296776776        0.129943505488413383199297668703223248         0.00000000000000000000000000000000000        0.683022559859958444886526535977552353        0.167811590859605266884724425470909642        0.129098359310438402074632433326122454         2000.00000000000000000000000000000000        0.300000011920928955078125000000000000        -1.00000000000000000000000000000000000         4.50000000000000000000000000000000000         50.0000000000000000000000000000000000         1.55331204184646314520892387790084552         1.55285992287175131149303292284504000         1.55285992287175131149303292284504000         1.55285992287175131149303292284504000         1.55285992287175131149303292284504000         0.00000000000000000000000000000000000        -2.91152452357528990115739733395146113E-0002   3128.50378447050049527022607112279931         12408.6838207940385485902711604948456      
   6.51733960488266225567076642791935208         0.00000000000000000000000000000000000         0.00000000000000000000000000000000000        0.500000000000000000000000000000000000        0.500000000000000000000000000000000000        0.724999999999999999999999999999999981        0.275000000000000000000000000000000019        0.512000024318695068359375000000000000        0.425000011920928955078125000000000000         6.30000010132789611816406250000000000E-0002  0.870056494511586616800702331296776776        0.129943505488413383199297668703223248         0.00000000000000000000000000000000000        0.683022559859958444886526535977552353        0.167811590859605266884724425470909642        0.129098359310438402074632433326122454         2000.00000000000000000000000000000000        0.300000011920928955078125000000000000        -1.00000000000000000000000000000000000         4.50000000000000000000000000000000000         50.0000000000000000000000000000000000         1.57067680292104430442441181191587693         1.56987461404893505729418972156031037         1.56987461404893505729418972156031037         1.56987461404893505729418972156031037         1.56987461404893505729418972156031037         0.00000000000000000000000000000000000        -5.10989135648410356161365961989919113E-0002   3303.55488708820538570555251327230502         12537.1215702016069466408284499920454      
   6.82607183427263972690668329495824292         0.00000000000000000000000000000000000         0.00000000000000000000000000000000000        0.500000000000000000000000000000000000        0.500000000000000000000000000000000000        0.724999999999999999999999999999999981        0.275000000000000000000000000000000019        0.512000024318695068359375000000000000        0.425000011920928955078125000000000000         6.30000010132789611816406250000000000E-0002  0.870056494511586616800702331296776776        0.129943505488413383199297668703223248         0.00000000000000000000000000000000000        0.683022559859958444886526535977552353        0.167811590859605266884724425470909642        0.129098359310438402074632433326122454         2000.00000000000000000000000000000000        0.300000011920928955078125000000000000        -1.00000000000000000000000000000000000         4.50000000000000000000000000000000000         50.0000000000000000000000000000000000         1.58814434789604945728915972204044329         1.58792558619781005902131429971072546         1.58792558619781005902131429971072546         1.58792558619781005902131429971072546         1.58792558619781005902131429971072546         0.00000000000000000000000000000000000        -1.37765711530103668419975420136691481E-0002   3489.35370841088027305891917035360908         12667.0231822485447433990751852644304      
   7.14942898659784326950660524938800231         0.00000000000000000000000000000000000         0.00000000000000000000000000000000000        0.500000000000000000000000000000000000        0.500000000000000000000000000000000000        0.724999999999999999999999999999999981        0.275000000000000000000000000000000019        0.512000024318695068359375000000000000        0.425000011920928955078125000000000000         6.30000010132789611816406250000000000E-0002  0.870056494511586616800702331296776776        0.129943505488413383199297668703223248         0.00000000000000000000000000000000000        0.683022559859958444886526535977552353        0.167811590859605266884724425470909642        0.129098359310438402074632433326122454         2000.00000000000000000000000000000000        0.300000011920928955078125000000000000        -1.00000000000000000000000000000000000         4.50000000000000000000000000000000000         50.0000000000000000000000000000000000         1.60569115176670825554821737933541054         1.60588221664171911885644014446160449         1.60588221664171911885644014446160449         1.60588221664171911885644014446160449         1.60588221664171911885644014446160449         0.00000000000000000000000000000000000         1.18978137394425671085975718439767679E-0002   3686.99272985499576854236730516005003         12795.7489021490528449828959761638927      
   7.48810385759030229475404929283587874         0.00000000000000000000000000000000000         0.00000000000000000000000000000000000        0.500000000000000000000000000000000000        0.500000000000000000000000000000000000        0.724999999999999999999999999999999981        0.275000000000000000000000000000000019        0.512000024318695068359375000000000000        0.425000011920928955078125000000000000         6.30000010132789611816406250000000000E-0002  0.870056494511586616800702331296776776        0.129943505488413383199297668703223248         0.00000000000000000000000000000000000        0.683022559859958444886526535977552353        0.167811590859605266884724425470909642        0.129098359310438402074632433326122454         2000.00000000000000000000000000000000        0.300000011920928955078125000000000000        -1.00000000000000000000000000000000000         4.50000000000000000000000000000000000         50.0000000000000000000000000000000000         1.62340700901897985901170449557005983         1.62293722845395899901699395224559755         1.62293722845395899901699395224559755         1.62293722845395899901699395224559755         1.62293722845395899901699395224559755         0.00000000000000000000000000000000000        -2.89463176261217406100885489622338671E-0002   3895.63319647854769232619518680252961         12928.6984003610163996672673839197144      
   7.84282206133797492150195102086104320         0.00000000000000000000000000000000000         0.00000000000000000000000000000000000        0.500000000000000000000000000000000000        0.500000000000000000000000000000000000        0.724999999999999999999999999999999981        0.275000000000000000000000000000000019        0.512000024318695068359375000000000000        0.425000011920928955078125000000000000         6.30000010132789611816406250000000000E-0002  0.870056494511586616800702331296776776        0.129943505488413383199297668703223248         0.00000000000000000000000000000000000        0.683022559859958444886526535977552353        0.167811590859605266884724425470909642        0.129098359310438402074632433326122454         2000.00000000000000000000000000000000        0.300000011920928955078125000000000000        -1.00000000000000000000000000000000000         4.50000000000000000000000000000000000         50.0000000000000000000000000000000000         1.64117037604527679336839502517590574         1.64142569461542263998580605035728629         1.64142569461542263998580605035728629         1.64142569461542263998580605035728629         1.64142569461542263998580605035728629         0.00000000000000000000000000000000000         1.55546834062242706766722316454245326E-0002   4118.45454945244080346368660774110692         13057.3625488330660981407498279339656      
   8.21434358491973787188331079880935809         0.00000000000000000000000000000000000         0.00000000000000000000000000000000000        0.500000000000000000000000000000000000        0.500000000000000000000000000000000000        0.724999999999999999999999999999999981        0.275000000000000000000000000000000019        0.512000024318695068359375000000000000        0.425000011920928955078125000000000000         6.30000010132789611816406250000000000E-0002  0.870056494511586616800702331296776776        0.129943505488413383199297668703223248         0.00000000000000000000000000000000000        0.683022559859958444886526535977552353        0.167811590859605266884724425470909642        0.129098359310438402074632433326122454         2000.00000000000000000000000000000000        0.300000011920928955078125000000000000        -1.00000000000000000000000000000000000         4.50000000000000000000000000000000000         50.0000000000000000000000000000000000         1.65907264390921640461235060079142715         1.65927758035700744534223462967954223         1.65927758035700744534223462967954223         1.65927758035700744534223462967954223         1.65927758035700744534223462967954223         0.00000000000000000000000000000000000         1.23509441830068564887516154773292647E-0002   4354.05719543907859111712309036513362         13192.2430412467672750277867127430651      
   8.60346441668483183756181982790961157         0.00000000000000000000000000000000000         0.00000000000000000000000000000000000        0.500000000000000000000000000000000000        0.500000000000000000000000000000000000        0.724999999999999999999999999999999981        0.275000000000000000000000000000000019        0.512000024318695068359375000000000000        0.425000011920928955078125000000000000         6.30000010132789611816406250000000000E-0002  0.870056494511586616800702331296776776        0.129943505488413383199297668703223248         0.00000000000000000000000000000000000        0.683022559859958444886526535977552353        0.167811590859605266884724425470909642        0.129098359310438402074632433326122454         2000.00000000000000000000000000000000        0.300000011920928955078125000000000000        -1.00000000000000000000000000000000000         4.50000000000000000000000000000000000         50.0000000000000000000000000000000000         1.67710203737137184535433205119220915         1.67653178975092905578617128010900561         1.67653178975092905578617128010900561         1.67653178975092905578617128010900561         1.67653178975092905578617128010900561         0.00000000000000000000000000000000000        -3.40135286386372300820771119277245335E-0002   4603.89818148030787339477854560799922         13329.2488239210270653383043856755707      
   9.01101825166536630189666009569239489         0.00000000000000000000000000000000000         0.00000000000000000000000000000000000        0.500000000000000000000000000000000000        0.500000000000000000000000000000000000        0.724999999999999999999999999999999981        0.275000000000000000000000000000000019        0.512000024318695068359375000000000000        0.425000011920928955078125000000000000         6.30000010132789611816406250000000000E-0002  0.870056494511586616800702331296776776        0.129943505488413383199297668703223248         0.00000000000000000000000000000000000        0.683022559859958444886526535977552353        0.167811590859605266884724425470909642        0.129098359310438402074632433326122454         2000.00000000000000000000000000000000        0.300000011920928955078125000000000000        -1.00000000000000000000000000000000000         4.50000000000000000000000000000000000         50.0000000000000000000000000000000000         1.69518277085091703645748233821618343         1.69539816241839837094449891230060754         1.69539816241839837094449891230060754         1.69539816241839837094449891230060754         1.69539816241839837094449891230060754         0.00000000000000000000000000000000000         1.27044827731846472331285340690548800E-0002   4870.56739027733339107626540791924173         13460.6034979417293403227819394598051      
   9.43787827777574610680776305101093867         0.00000000000000000000000000000000000         0.00000000000000000000000000000000000        0.500000000000000000000000000000000000        0.500000000000000000000000000000000000        0.724999999999999999999999999999999981        0.275000000000000000000000000000000019        0.512000024318695068359375000000000000        0.425000011920928955078125000000000000         6.30000010132789611816406250000000000E-0002  0.870056494511586616800702331296776776        0.129943505488413383199297668703223248         0.00000000000000000000000000000000000        0.683022559859958444886526535977552353        0.167811590859605266884724425470909642        0.129098359310438402074632433326122454         2000.00000000000000000000000000000000        0.300000011920928955078125000000000000        -1.00000000000000000000000000000000000         4.50000000000000000000000000000000000         50.0000000000000000000000000000000000         1.71342073495246501192501481741859739         1.71325233534347431613837419552738391         1.71325233534347431613837419552738391         1.71325233534347431613837419552738391         1.71325233534347431613837419552738391         0.00000000000000000000000000000000000        -9.82923563077676393630492206892206496E-0003   5152.43977171601701365053937337569770         13602.0347709757168839406717760809401      
   9.88495904662596879076778864032827051         0.00000000000000000000000000000000000         0.00000000000000000000000000000000000        0.500000000000000000000000000000000000        0.500000000000000000000000000000000000        0.724999999999999999999999999999999981        0.275000000000000000000000000000000019        0.512000024318695068359375000000000000        0.425000011920928955078125000000000000         6.30000010132789611816406250000000000E-0002  0.870056494511586616800702331296776776        0.129943505488413383199297668703223248         0.00000000000000000000000000000000000        0.683022559859958444886526535977552353        0.167811590859605266884724425470909642        0.129098359310438402074632433326122454         2000.00000000000000000000000000000000        0.300000011920928955078125000000000000        -1.00000000000000000000000000000000000         4.50000000000000000000000000000000000         50.0000000000000000000000000000000000         1.73173272335609566541288647879151665         1.73134745171703563617264309691697552         1.73134745171703563617264309691697552         1.73134745171703563617264309691697552         1.73134745171703563617264309691697552         0.00000000000000000000000000000000000        -2.22527048905141696001528197015707990E-0002   5452.72317795114254268013530225350190         13740.2708388254574296993049936948738      
   10.3532184329570277361739405380354267         0.00000000000000000000000000000000000         0.00000000000000000000000000000000000        0.500000000000000000000000000000000000        0.500000000000000000000000000000000000        0.724999999999999999999999999999999981        0.275000000000000000000000000000000019        0.512000024318695068359375000000000000        0.425000011920928955078125000000000000         6.30000010132789611816406250000000000E-0002  0.870056494511586616800702331296776776        0.129943505488413383199297668703223248         0.00000000000000000000000000000000000        0.683022559859958444886526535977552353        0.167811590859605266884724425470909642        0.129098359310438402074632433326122454         2000.00000000000000000000000000000000        0.300000011920928955078125000000000000        -1.00000000000000000000000000000000000         4.50000000000000000000000000000000000         50.0000000000000000000000000000000000         1.75012395789352475910990533612372134         1.74971058427786582235159388342760321         1.74971058427786582235159388342760321         1.74971058427786582235159388342760321         1.74971058427786582235159388342760321         0.00000000000000000000000000000000000        -2.36252566209138416413143254385492842E-0002   5772.03021228318023733449907465640145         13880.0877154270358006166851881644760      
   10.8436596868965298573473131194133672         0.00000000000000000000000000000000000         0.00000000000000000000000000000000000        0.500000000000000000000000000000000000        0.500000000000000000000000000000000000        0.724999999999999999999999999999999981        0.275000000000000000000000000000000019        0.512000024318695068359375000000000000        0.425000011920928955078125000000000000         6.30000010132789611816406250000000000E-0002  0.870056494511586616800702331296776776        0.129943505488413383199297668703223248         0.00000000000000000000000000000000000        0.683022559859958444886526535977552353        0.167811590859605266884724425470909642        0.129098359310438402074632433326122454         2000.00000000000000000000000000000000        0.300000011920928955078125000000000000        -1.00000000000000000000000000000000000         4.50000000000000000000000000000000000         50.0000000000000000000000000000000000         1.76862284374033269837095244438613974         1.76805946278860041055436241046658329         1.76805946278860041055436241046658329         1.76805946278860041055436241046658329         1.76805946278860041055436241046658329         0.00000000000000000000000000000000000        -3.18643667585544863033303038793585742E-0002   6111.39395520117237751455374745389200         14021.7191554166878862747491186688363      
   11.3573335834315047407380755747457535         0.00000000000000000000000000000000000         0.00000000000000000000000000000000000        0.500000000000000000000000000000000000        0.500000000000000000000000000000000000        0.724999999999999999999999999999999981        0.275000000000000000000000000000000019        0.512000024318695068359375000000000000        0.425000011920928955078125000000000000         6.30000010132789611816406250000000000E-0002  0.870056494511586616800702331296776776        0.129943505488413383199297668703223248         0.00000000000000000000000000000000000        0.683022559859958444886526535977552353        0.167811590859605266884724425470909642        0.129098359310438402074632433326122454         2000.00000000000000000000000000000000        0.300000011920928955078125000000000000        -1.00000000000000000000000000000000000         4.50000000000000000000000000000000000         50.0000000000000000000000000000000000         1.78720632554736964565693913814736135         1.78736312109599745382145117247112995         1.78736312109599745382145117247112995         1.78736312109599745382145117247112995         1.78736312109599745382145117247112995         0.00000000000000000000000000000000000         8.77245069998212384523678522806551580E-0003   6472.69607337233258052130381587461883         14163.6261746451525713747978610915387      
   11.8953406737036708935232311939754483         0.00000000000000000000000000000000000         0.00000000000000000000000000000000000        0.500000000000000000000000000000000000        0.500000000000000000000000000000000000        0.724999999999999999999999999999999981        0.275000000000000000000000000000000019        0.512000024318695068359375000000000000        0.425000011920928955078125000000000000         6.30000010132789611816406250000000000E-0002  0.870056494511586616800702331296776776        0.129943505488413383199297668703223248         0.00000000000000000000000000000000000        0.683022559859958444886526535977552353        0.167811590859605266884724425470909642        0.129098359310438402074632433326122454         2000.00000000000000000000000000000000        0.300000011920928955078125000000000000        -1.00000000000000000000000000000000000         4.50000000000000000000000000000000000         50.0000000000000000000000000000000000         1.80589683385046105498115788036964923         1.80516295035673363277577944776850339         1.80516295035673363277577944776850339         1.80516295035673363277577944776850339         1.80516295035673363277577944776850339         0.00000000000000000000000000000000000        -4.06546951111750456995818938959841914E-0002   6855.91179406958670220098744654745220         14309.6373285243149687048538565450816      
   12.4588336429505803262590704440291315         0.00000000000000000000000000000000000         0.00000000000000000000000000000000000        0.500000000000000000000000000000000000        0.500000000000000000000000000000000000        0.724999999999999999999999999999999981        0.275000000000000000000000000000000019        0.512000024318695068359375000000000000        0.425000011920928955078125000000000000         6.30000010132789611816406250000000000E-0002  0.870056494511586616800702331296776776        0.129943505488413383199297668703223248         0.00000000000000000000000000000000000        0.683022559859958444886526535977552353        0.167811590859605266884724425470909642        0.129098359310438402074632433326122454         2000.00000000000000000000000000000000        0.300000011920928955078125000000000000        -1.00000000000000000000000000000000000         4.50000000000000000000000000000000000         50.0000000000000000000000000000000000         1.82468453552512190471241763930737233         1.82417418608101524822039261971345982         1.82417418608101524822039261971345982         1.82417418608101524822039261971345982         1.82417418608101524822039261971345982         0.00000000000000000000000000000000000        -2.79770127217440432370994990115339050E-0002   7264.06835858337992205644256473523513         14456.4597449189536917782153748130452      
   13.0490197801445524899467209692621793         0.00000000000000000000000000000000000         0.00000000000000000000000000000000000        0.500000000000000000000000000000000000        0.500000000000000000000000000000000000        0.724999999999999999999999999999999981        0.275000000000000000000000000000000019        0.512000024318695068359375000000000000        0.425000011920928955078125000000000000         6.30000010132789611816406250000000000E-0002  0.870056494511586616800702331296776776        0.129943505488413383199297668703223248         0.00000000000000000000000000000000000        0.683022559859958444886526535977552353        0.167811590859605266884724425470909642        0.129098359310438402074632433326122454         2000.00000000000000000000000000000000        0.300000011920928955078125000000000000        -1.00000000000000000000000000000000000         4.50000000000000000000000000000000000         50.0000000000000000000000000000000000         1.84349820334884763233212766661008046         1.84376475600703466134694606127743047         1.84376475600703466134694606127743047         1.84376475600703466134694606127743047         1.84376475600703466134694606127743047         0.00000000000000000000000000000000000         1.44569776224756091064824396719701330E-0002   7699.61823350724772492801234812177124         14602.4375810410570307691229602280247      
   13.6671635646206221493148154813537214         0.00000000000000000000000000000000000         0.00000000000000000000000000000000000        0.500000000000000000000000000000000000        0.500000000000000000000000000000000000        0.724999999999999999999999999999999981        0.275000000000000000000000000000000019        0.512000024318695068359375000000000000        0.425000011920928955078125000000000000         6.30000010132789611816406250000000000E-0002  0.870056494511586616800702331296776776        0.129943505488413383199297668703223248         0.00000000000000000000000000000000000        0.683022559859958444886526535977552353        0.167811590859605266884724425470909642        0.129098359310438402074632433326122454         2000.00000000000000000000000000000000        0.300000011920928955078125000000000000        -1.00000000000000000000000000000000000         4.50000000000000000000000000000000000         50.0000000000000000000000000000000000         1.86248112160480078387166780076179481         1.86172335336523305026826658335040682         1.86172335336523305026826658335040682         1.86172335336523305026826658335040682         1.86172335336523305026826658335040682         0.00000000000000000000000000000000000        -4.07025156663582209411678475627428567E-0002   8160.37116255178590135376227647186626         14756.2406201668275546891869220888443      
   14.3145893752353758338684692231306029         0.00000000000000000000000000000000000         0.00000000000000000000000000000000000        0.500000000000000000000000000000000000        0.500000000000000000000000000000000000        0.724999999999999999999999999999999981        0.275000000000000000000000000000000019        0.512000024318695068359375000000000000        0.425000011920928955078125000000000000         6.30000010132789611816406250000000000E-0002  0.870056494511586616800702331296776776        0.129943505488413383199297668703223248         0.00000000000000000000000000000000000        0.683022559859958444886526535977552353        0.167811590859605266884724425470909642        0.129098359310438402074632433326122454         2000.00000000000000000000000000000000        0.300000011920928955078125000000000000        -1.00000000000000000000000000000000000         4.50000000000000000000000000000000000         50.0000000000000000000000000000000000         1.88148217009785025216988810084671801         1.88180983578626063119505918424044540         1.88180983578626063119505918424044540         1.88180983578626063119505918424044540         1.88180983578626063119505918424044540         0.00000000000000000000000000000000000         1.74122635655941957469307812433318858E-0002   8653.78832351977818201122384397225726         14903.7091932087499023404492988243652      
   14.9926843278610750864026478869771275         0.00000000000000000000000000000000000         0.00000000000000000000000000000000000        0.500000000000000000000000000000000000        0.500000000000000000000000000000000000        0.724999999999999999999999999999999981        0.275000000000000000000000000000000019        0.512000024318695068359375000000000000        0.425000011920928955078125000000000000         6.30000010132789611816406250000000000E-0002  0.870056494511586616800702331296776776        0.129943505488413383199297668703223248         0.00000000000000000000000000000000000        0.683022559859958444886526535977552353        0.167811590859605266884724425470909642        0.129098359310438402074632433326122454         2000.00000000000000000000000000000000        0.300000011920928955078125000000000000        -1.00000000000000000000000000000000000         4.50000000000000000000000000000000000         50.0000000000000000000000000000000000         1.90060603433928447555873455291473723         1.90087504586407491661020380707517658         1.90087504586407491661020380707517658         1.90087504586407491661020380707517658         1.90087504586407491661020380707517658         0.00000000000000000000000000000000000         1.41519836022760407672771433733892254E-0002   9177.00538719677105346900302205010773         15063.3895660133296357280559840898976      
   15.7029012472944242844593367399923914         0.00000000000000000000000000000000000         0.00000000000000000000000000000000000        0.500000000000000000000000000000000000        0.500000000000000000000000000000000000        0.724999999999999999999999999999999981        0.275000000000000000000000000000000019        0.512000024318695068359375000000000000        0.425000011920928955078125000000000000         6.30000010132789611816406250000000000E-0002  0.870056494511586616800702331296776776        0.129943505488413383199297668703223248         0.00000000000000000000000000000000000        0.683022559859958444886526535977552353        0.167811590859605266884724425470909642        0.129098359310438402074632433326122454         2000.00000000000000000000000000000000        0.300000011920928955078125000000000000        -1.00000000000000000000000000000000000         4.50000000000000000000000000000000000         50.0000000000000000000000000000000000         1.91983006368084697597440851840032961         1.92008151234705760262387339050785022         1.92008151234705760262387339050785022         1.92008151234705760262387339050785022         1.92008151234705760262387339050785022         0.00000000000000000000000000000000000         1.30957287278529312403410012858352287E-0002   9734.02416723877528990088170653140987         15219.2666871741521808118526276938938      
   16.4467617799473254470491446022305387         0.00000000000000000000000000000000000         0.00000000000000000000000000000000000        0.500000000000000000000000000000000000        0.500000000000000000000000000000000000        0.724999999999999999999999999999999981        0.275000000000000000000000000000000019        0.512000024318695068359375000000000000        0.425000011920928955078125000000000000         6.30000010132789611816406250000000000E-0002  0.870056494511586616800702331296776776        0.129943505488413383199297668703223248         0.00000000000000000000000000000000000        0.683022559859958444886526535977552353        0.167811590859605266884724425470909642        0.129098359310438402074632433326122454         2000.00000000000000000000000000000000        0.300000011920928955078125000000000000        -1.00000000000000000000000000000000000         4.50000000000000000000000000000000000         50.0000000000000000000000000000000000         1.93909846862388422741353231585843312         1.93929780285010427175203054319696764         1.93929780285010427175203054319696764         1.93929780285010427175203054319696764         1.93929780285010427175203054319696764         0.00000000000000000000000000000000000         1.02786805578334191293194690176981229E-0002   10327.2093593853166267356320802879435         15383.2615654882531789086645282614772      
   17.2258596539885891666448939958271182         0.00000000000000000000000000000000000         0.00000000000000000000000000000000000        0.500000000000000000000000000000000000        0.500000000000000000000000000000000000        0.724999999999999999999999999999999981        0.275000000000000000000000000000000019        0.512000024318695068359375000000000000        0.425000011920928955078125000000000000         6.30000010132789611816406250000000000E-0002  0.870056494511586616800702331296776776        0.129943505488413383199297668703223248         0.00000000000000000000000000000000000        0.683022559859958444886526535977552353        0.167811590859605266884724425470909642        0.129098359310438402074632433326122454         2000.00000000000000000000000000000000        0.300000011920928955078125000000000000        -1.00000000000000000000000000000000000         4.50000000000000000000000000000000000         50.0000000000000000000000000000000000         1.95842602997420243236205869366880653         1.95881053635312358970086828270163688         1.95881053635312358970086828270163688         1.95881053635312358970086828270163688         1.95881053635312358970086828270163688         0.00000000000000000000000000000000000         1.96295849846215368564114578885876306E-0002   10960.6647181567117309460569081464971         15544.3678571684810951803501669971296      
   18.0418640939214858630807661830989717         0.00000000000000000000000000000000000         0.00000000000000000000000000000000000        0.500000000000000000000000000000000000        0.500000000000000000000000000000000000        0.724999999999999999999999999999999981        0.275000000000000000000000000000000019        0.512000024318695068359375000000000000        0.425000011920928955078125000000000000         6.30000010132789611816406250000000000E-0002  0.870056494511586616800702331296776776        0.129943505488413383199297668703223248         0.00000000000000000000000000000000000        0.683022559859958444886526535977552353        0.167811590859605266884724425470909642        0.129098359310438402074632433326122454         2000.00000000000000000000000000000000        0.300000011920928955078125000000000000        -1.00000000000000000000000000000000000         4.50000000000000000000000000000000000         50.0000000000000000000000000000000000         1.97773240500809294013069181130406481         1.97828924839498220105473725271526627         1.97828924839498220105473725271526627         1.97828924839498220105473725271526627         1.97828924839498220105473725271526627         0.00000000000000000000000000000000000         2.81477234606130976845864725312592237E-0002   11636.9411535917672829924306580733761         15712.4286265608205014799747246229560      
   18.8965233969129017925278720876753030         0.00000000000000000000000000000000000         0.00000000000000000000000000000000000        0.500000000000000000000000000000000000        0.500000000000000000000000000000000000        0.724999999999999999999999999999999981        0.275000000000000000000000000000000019        0.512000024318695068359375000000000000        0.425000011920928955078125000000000000         6.30000010132789611816406250000000000E-0002  0.870056494511586616800702331296776776        0.129943505488413383199297668703223248         0.00000000000000000000000000000000000        0.683022559859958444886526535977552353        0.167811590859605266884724425470909642        0.129098359310438402074632433326122454         2000.00000000000000000000000000000000        0.300000011920928955078125000000000000        -1.00000000000000000000000000000000000         4.50000000000000000000000000000000000         50.0000000000000000000000000000000000         1.99664870048945175894487126275247313         1.99715029024432679675889446362195605         1.99715029024432679675889446362195605         1.99715029024432679675889446362195605         1.99715029024432679675889446362195605         0.00000000000000000000000000000000000         2.51152733635120905756617808881863301E-0002   12364.2226660403785990648915432427407         15884.7405934130302377242626364428112      
   19.7916686785364185751762295282302534         0.00000000000000000000000000000000000         0.00000000000000000000000000000000000        0.500000000000000000000000000000000000        0.500000000000000000000000000000000000        0.724999999999999999999999999999999981        0.275000000000000000000000000000000019        0.512000024318695068359375000000000000        0.425000011920928955078125000000000000         6.30000010132789611816406250000000000E-0002  0.870056494511586616800702331296776776        0.129943505488413383199297668703223248         0.00000000000000000000000000000000000        0.683022559859958444886526535977552353        0.167811590859605266884724425470909642        0.129098359310438402074632433326122454         2000.00000000000000000000000000000000        0.300000011920928955078125000000000000        -1.00000000000000000000000000000000000         4.50000000000000000000000000000000000         50.0000000000000000000000000000000000         2.01557471965575818586440580228552312         2.01598179943390331699139569922616705         2.01598179943390331699139569922616705         2.01598179943390331699139569922616705         2.01598179943390331699139569922616705         0.00000000000000000000000000000000000         2.01926316130156008731490080028244352E-0002   13139.9500335115344236149684284548627         16063.2260644703363212327544796146171      
   20.7292177959546059255378205487295255         0.00000000000000000000000000000000000         0.00000000000000000000000000000000000        0.500000000000000000000000000000000000        0.500000000000000000000000000000000000        0.724999999999999999999999999999999981        0.275000000000000000000000000000000019        0.512000024318695068359375000000000000        0.425000011920928955078125000000000000         6.30000010132789611816406250000000000E-0002  0.870056494511586616800702331296776776        0.129943505488413383199297668703223248         0.00000000000000000000000000000000000        0.683022559859958444886526535977552353        0.167811590859605266884724425470909642        0.129098359310438402074632433326122454         2000.00000000000000000000000000000000        0.300000011920928955078125000000000000        -1.00000000000000000000000000000000000         4.50000000000000000000000000000000000         50.0000000000000000000000000000000000         2.03450652902762720578222679321700925         2.03493018124062385881821108968868661         2.03493018124062385881821108968868661         2.03493018124062385881821108968868661         2.03493018124062385881821108968868661         0.00000000000000000000000000000000000         2.08190048436142165195023794705013724E-0002   13967.1394157315622464016671078151127         16245.2505332932199518494120309192676      
   21.7111794569459824479971497798839502         0.00000000000000000000000000000000000         0.00000000000000000000000000000000000        0.500000000000000000000000000000000000        0.500000000000000000000000000000000000        0.724999999999999999999999999999999981        0.275000000000000000000000000000000019        0.512000024318695068359375000000000000        0.425000011920928955078125000000000000         6.30000010132789611816406250000000000E-0002  0.870056494511586616800702331296776776        0.129943505488413383199297668703223248         0.00000000000000000000000000000000000        0.683022559859958444886526535977552353        0.167811590859605266884724425470909642        0.129098359310438402074632433326122454         2000.00000000000000000000000000000000        0.300000011920928955078125000000000000        -1.00000000000000000000000000000000000         4.50000000000000000000000000000000000         50.0000000000000000000000000000000000         2.05352585990526143427019958489585130         2.05386385190500592071218565208583133         2.05386385190500592071218565208583133         2.05386385190500592071218565208583133         2.05386385190500592071218565208583133         0.00000000000000000000000000000000000         1.64563975080914489595302291524517410E-0002   14848.7378179112282023092926686743669         16432.1805322464370604846824087011178      
   22.7396575235802733048359620889347810         0.00000000000000000000000000000000000         0.00000000000000000000000000000000000        0.500000000000000000000000000000000000        0.500000000000000000000000000000000000        0.724999999999999999999999999999999981        0.275000000000000000000000000000000019        0.512000024318695068359375000000000000        0.425000011920928955078125000000000000         6.30000010132789611816406250000000000E-0002  0.870056494511586616800702331296776776        0.129943505488413383199297668703223248         0.00000000000000000000000000000000000        0.683022559859958444886526535977552353        0.167811590859605266884724425470909642        0.129098359310438402074632433326122454         2000.00000000000000000000000000000000        0.300000011920928955078125000000000000        -1.00000000000000000000000000000000000         4.50000000000000000000000000000000000         50.0000000000000000000000000000000000         2.07246968078817058421979979231715292         2.07307918102823282219235686892923787         2.07307918102823282219235686892923787         2.07307918102823282219235686892923787         2.07307918102823282219235686892923787         0.00000000000000000000000000000000000         2.94007216723834977861389679522338267E-0002   15792.5374148882121784834720597978341         16616.8237056085619726733568426758339      
   23.8168555197626293658587845572158158         0.00000000000000000000000000000000000         0.00000000000000000000000000000000000        0.500000000000000000000000000000000000        0.500000000000000000000000000000000000        0.724999999999999999999999999999999981        0.275000000000000000000000000000000019        0.512000024318695068359375000000000000        0.425000011920928955078125000000000000         6.30000010132789611816406250000000000E-0002  0.870056494511586616800702331296776776        0.129943505488413383199297668703223248         0.00000000000000000000000000000000000        0.683022559859958444886526535977552353        0.167811590859605266884724425470909642        0.129098359310438402074632433326122454         2000.00000000000000000000000000000000        0.300000011920928955078125000000000000        -1.00000000000000000000000000000000000         4.50000000000000000000000000000000000         50.0000000000000000000000000000000000         2.09151830254811604907395835160438809         2.09206163343161085734126177723774840         2.09206163343161085734126177723774840         2.09206163343161085734126177723774840         2.09206163343161085734126177723774840         0.00000000000000000000000000000000000         2.59710744087200747582952249413991219E-0002   16794.2011726441723242945713846491090         16815.9743287144235939386401876524248      
   24.9450813523042636110632071495682141         0.00000000000000000000000000000000000         0.00000000000000000000000000000000000        0.500000000000000000000000000000000000        0.500000000000000000000000000000000000        0.724999999999999999999999999999999981        0.275000000000000000000000000000000019        0.512000024318695068359375000000000000        0.425000011920928955078125000000000000         6.30000010132789611816406250000000000E-0002  0.870056494511586616800702331296776776        0.129943505488413383199297668703223248         0.00000000000000000000000000000000000        0.683022559859958444886526535977552353        0.167811590859605266884724425470909642        0.129098359310438402074632433326122454         2000.00000000000000000000000000000000        0.300000011920928955078125000000000000        -1.00000000000000000000000000000000000         4.50000000000000000000000000000000000         50.0000000000000000000000000000000000         2.11061293982046011946716757000577040         2.11100274655015223700409328157167637         2.11100274655015223700409328157167637         2.11100274655015223700409328157167637         2.11100274655015223700409328157167637         0.00000000000000000000000000000000000         1.84654771448852156699016428869507602E-0002   17862.4105733105937685257750934825447         17009.6015681522875095782180221877954      
   26.1267522556344429096957856567219458         0.00000000000000000000000000000000000         0.00000000000000000000000000000000000        0.500000000000000000000000000000000000        0.500000000000000000000000000000000000        0.724999999999999999999999999999999981        0.275000000000000000000000000000000019        0.512000024318695068359375000000000000        0.425000011920928955078125000000000000         6.30000010132789611816406250000000000E-0002  0.870056494511586616800702331296776776        0.129943505488413383199297668703223248         0.00000000000000000000000000000000000        0.683022559859958444886526535977552353        0.167811590859605266884724425470909642        0.129098359310438402074632433326122454         2000.00000000000000000000000000000000        0.300000011920928955078125000000000000        -1.00000000000000000000000000000000000         4.50000000000000000000000000000000000         50.0000000000000000000000000000000000         2.12959288307451720679757996592723018         2.13024928012346047429498637660325423         2.13024928012346047429498637660325423         2.13024928012346047429498637660325423         2.13024928012346047429498637660325423         0.00000000000000000000000000000000000         3.08131567074265331046216558544263984E-0002   19008.3447178929948261219407651476340         17215.3623750196660187677539112991927      
   27.3643999707479270007413801432196356         0.00000000000000000000000000000000000         0.00000000000000000000000000000000000        0.500000000000000000000000000000000000        0.500000000000000000000000000000000000        0.724999999999999999999999999999999981        0.275000000000000000000000000000000019        0.512000024318695068359375000000000000        0.425000011920928955078125000000000000         6.30000010132789611816406250000000000E-0002  0.870056494511586616800702331296776776        0.129943505488413383199297668703223248         0.00000000000000000000000000000000000        0.683022559859958444886526535977552353        0.167811590859605266884724425470909642        0.129098359310438402074632433326122454         2000.00000000000000000000000000000000        0.300000011920928955078125000000000000        -1.00000000000000000000000000000000000         4.50000000000000000000000000000000000         50.0000000000000000000000000000000000         2.14871234367242520201781584849848502         2.14930481020153650019355853993852739         2.14930481020153650019355853993852739         2.14930481020153650019355853993852739         2.14930481020153650019355853993852739         0.00000000000000000000000000000000000         2.75654958896101684183999882081442562E-0002   20225.2645799928199815186119187354781         17422.2144414821494143800055379668509      
   28.6606761694837981427111233968978527         0.00000000000000000000000000000000000         0.00000000000000000000000000000000000        0.500000000000000000000000000000000000        0.500000000000000000000000000000000000        0.724999999999999999999999999999999981        0.275000000000000000000000000000000019        0.512000024318695068359375000000000000        0.425000011920928955078125000000000000         6.30000010132789611816406250000000000E-0002  0.870056494511586616800702331296776776        0.129943505488413383199297668703223248         0.00000000000000000000000000000000000        0.683022559859958444886526535977552353        0.167811590859605266884724425470909642        0.129098359310438402074632433326122454         2000.00000000000000000000000000000000        0.300000011920928955078125000000000000        -1.00000000000000000000000000000000000         4.50000000000000000000000000000000000         50.0000000000000000000000000000000000         2.16776604003589125248172963782239691         2.16854448269912970014881596240817963         2.16854448269912970014881596240817963         2.16854448269912970014881596240817963         2.16854448269912970014881596240817963         0.00000000000000000000000000000000000         3.58970115415636190732934662137637781E-0002   21527.3558223366803089012692495616338         17636.5251306430633602217268818764045      
   30.0183581357572497063742795553511495         0.00000000000000000000000000000000000         0.00000000000000000000000000000000000        0.500000000000000000000000000000000000        0.500000000000000000000000000000000000        0.724999999999999999999999999999999981        0.275000000000000000000000000000000019        0.512000024318695068359375000000000000        0.425000011920928955078125000000000000         6.30000010132789611816406250000000000E-0002  0.870056494511586616800702331296776776        0.129943505488413383199297668703223248         0.00000000000000000000000000000000000        0.683022559859958444886526535977552353        0.167811590859605266884724425470909642        0.129098359310438402074632433326122454         2000.00000000000000000000000000000000        0.300000011920928955078125000000000000        -1.00000000000000000000000000000000000         4.50000000000000000000000000000000000         50.0000000000000000000000000000000000         2.18694506773789097125607886751498364         2.18724071367976920013505424605309943         2.18724071367976920013505424605309943         2.18724071367976920013505424605309943         2.18724071367976920013505424605309943         0.00000000000000000000000000000000000         1.35168452209743376486458067074644078E-0002   22907.2451605970642081576969534391510         17857.8286175877864955954183104852552      
   31.4403547159164261088988818749477531         0.00000000000000000000000000000000000         0.00000000000000000000000000000000000        0.500000000000000000000000000000000000        0.500000000000000000000000000000000000        0.724999999999999999999999999999999981        0.275000000000000000000000000000000019        0.512000024318695068359375000000000000        0.425000011920928955078125000000000000         6.30000010132789611816406250000000000E-0002  0.870056494511586616800702331296776776        0.129943505488413383199297668703223248         0.00000000000000000000000000000000000        0.683022559859958444886526535977552353        0.167811590859605266884724425470909642        0.129098359310438402074632433326122454         2000.00000000000000000000000000000000        0.300000011920928955078125000000000000        -1.00000000000000000000000000000000000         4.50000000000000000000000000000000000         50.0000000000000000000000000000000000         2.20600590066657927558294535953019907         2.20651191236001628332929044782902527         2.20651191236001628332929044782902527         2.20651191236001628332929044782902527         2.20651191236001628332929044782902527         0.00000000000000000000000000000000000         2.29326517841362311087760320313667843E-0002   24389.9107748158318378935280549309972         18078.3452865230832119246481695805997      
   32.9297125509730094348267134385588767         0.00000000000000000000000000000000000         0.00000000000000000000000000000000000        0.500000000000000000000000000000000000        0.500000000000000000000000000000000000        0.724999999999999999999999999999999981        0.275000000000000000000000000000000019        0.512000024318695068359375000000000000        0.425000011920928955078125000000000000         6.30000010132789611816406250000000000E-0002  0.870056494511586616800702331296776776        0.129943505488413383199297668703223248         0.00000000000000000000000000000000000        0.683022559859958444886526535977552353        0.167811590859605266884724425470909642        0.129098359310438402074632433326122454         2000.00000000000000000000000000000000        0.300000011920928955078125000000000000        -1.00000000000000000000000000000000000         4.50000000000000000000000000000000000         50.0000000000000000000000000000000000         2.22505979135577842917361582340425727         2.22551838218107488670162231787340994         2.22551838218107488670162231787340994         2.22551838218107488670162231787340994         2.22551838218107488670162231787340994         0.00000000000000000000000000000000000         2.06060228020684663823162496441487890E-0002   25972.0610882906428993998472883116470         18316.3029916950304733350529393181263      
   34.4896226040591652356324616013479640         0.00000000000000000000000000000000000         0.00000000000000000000000000000000000        0.500000000000000000000000000000000000        0.500000000000000000000000000000000000        0.724999999999999999999999999999999981        0.275000000000000000000000000000000019        0.512000024318695068359375000000000000        0.425000011920928955078125000000000000         6.30000010132789611816406250000000000E-0002  0.870056494511586616800702331296776776        0.129943505488413383199297668703223248         0.00000000000000000000000000000000000        0.683022559859958444886526535977552353        0.167811590859605266884724425470909642        0.129098359310438402074632433326122454         2000.00000000000000000000000000000000        0.300000011920928955078125000000000000        -1.00000000000000000000000000000000000         4.50000000000000000000000000000000000         50.0000000000000000000000000000000000         2.24408801544866622397619200452242420         2.24472161866078141779736145338241782         2.24472161866078141779736145338241782         2.24472161866078141779736145338241782         2.24472161866078141779736145338241782         0.00000000000000000000000000000000000         2.82263603133651148940912055929223214E-0002   27663.2977886831877825677227778435306         18549.5674276853975542166380972811180      
   36.1234269970959852434556329432163891         0.00000000000000000000000000000000000         0.00000000000000000000000000000000000        0.500000000000000000000000000000000000        0.500000000000000000000000000000000000        0.724999999999999999999999999999999981        0.275000000000000000000000000000000019        0.512000024318695068359375000000000000        0.425000011920928955078125000000000000         6.30000010132789611816406250000000000E-0002  0.870056494511586616800702331296776776        0.129943505488413383199297668703223248         0.00000000000000000000000000000000000        0.683022559859958444886526535977552353        0.167811590859605266884724425470909642        0.129098359310438402074632433326122454         2000.00000000000000000000000000000000        0.300000011920928955078125000000000000        -1.00000000000000000000000000000000000         4.50000000000000000000000000000000000         50.0000000000000000000000000000000000         2.26312703694845414819445434624546846         2.26379700151758582476251500538636673         2.26379700151758582476251500538636673         2.26379700151758582476251500538636673         2.26379700151758582476251500538636673         0.00000000000000000000000000000000000         2.95947281793619820299109931144872702E-0002   29464.8059972458603563828098929211990         18790.7545218526901972576802694835299      
   37.8346261713210532672152332780757538         0.00000000000000000000000000000000000         0.00000000000000000000000000000000000        0.500000000000000000000000000000000000        0.500000000000000000000000000000000000        0.724999999999999999999999999999999981        0.275000000000000000000000000000000019        0.512000024318695068359375000000000000        0.425000011920928955078125000000000000         6.30000010132789611816406250000000000E-0002  0.870056494511586616800702331296776776        0.129943505488413383199297668703223248         0.00000000000000000000000000000000000        0.683022559859958444886526535977552353        0.167811590859605266884724425470909642        0.129098359310438402074632433326122454         2000.00000000000000000000000000000000        0.300000011920928955078125000000000000        -1.00000000000000000000000000000000000         4.50000000000000000000000000000000000         50.0000000000000000000000000000000000         2.28215585616526888711863052731498206         2.28266030248291162547856690649550167         2.28266030248291162547856690649550167         2.28266030248291162547856690649550167         2.28266030248291162547856690649550167         0.00000000000000000000000000000000000         2.20990533323788211336586870002723651E-0002   31389.9338539199112607371062870950580         19047.0433224973568997173505239851564      
   39.6268863870166317486167498635414547         0.00000000000000000000000000000000000         0.00000000000000000000000000000000000        0.500000000000000000000000000000000000        0.500000000000000000000000000000000000        0.724999999999999999999999999999999981        0.275000000000000000000000000000000019        0.512000024318695068359375000000000000        0.425000011920928955078125000000000000         6.30000010132789611816406250000000000E-0002  0.870056494511586616800702331296776776        0.129943505488413383199297668703223248         0.00000000000000000000000000000000000        0.683022559859958444886526535977552353        0.167811590859605266884724425470909642        0.129098359310438402074632433326122454         2000.00000000000000000000000000000000        0.300000011920928955078125000000000000        -1.00000000000000000000000000000000000         4.50000000000000000000000000000000000         50.0000000000000000000000000000000000         2.30114040269731137262082581537246891         2.30169438349812133069830464017878364         2.30169438349812133069830464017878364         2.30169438349812133069830464017878364         2.30169438349812133069830464017878364         0.00000000000000000000000000000000000         2.40683908681228375143869867890217324E-0002   33446.7632372542566723546527043250819         19302.8225424818844765100146233085480      
   41.5040475785067069671132337416860269         0.00000000000000000000000000000000000         0.00000000000000000000000000000000000        0.500000000000000000000000000000000000        0.500000000000000000000000000000000000        0.724999999999999999999999999999999981        0.275000000000000000000000000000000019        0.512000024318695068359375000000000000        0.425000011920928955078125000000000000         6.30000010132789611816406250000000000E-0002  0.870056494511586616800702331296776776        0.129943505488413383199297668703223248         0.00000000000000000000000000000000000        0.683022559859958444886526535977552353        0.167811590859605266884724425470909642        0.129098359310438402074632433326122454         2000.00000000000000000000000000000000        0.300000011920928955078125000000000000        -1.00000000000000000000000000000000000         4.50000000000000000000000000000000000         50.0000000000000000000000000000000000         2.32004023684743433214564223081184238         2.32067706552586579270359358906853806         2.32067706552586579270359358906853806         2.32067706552586579270359358906853806         2.32067706552586579270359358906853806         0.00000000000000000000000000000000000         2.74415035116984309051109112810842181E-0002   35648.4526179449388038484799372552966         19567.8969809415749450502482598843218      
   43.4701315812522977450502814228557596         0.00000000000000000000000000000000000         0.00000000000000000000000000000000000        0.500000000000000000000000000000000000        0.500000000000000000000000000000000000        0.724999999999999999999999999999999981        0.275000000000000000000000000000000019        0.512000024318695068359375000000000000        0.425000011920928955078125000000000000         6.30000010132789611816406250000000000E-0002  0.870056494511586616800702331296776776        0.129943505488413383199297668703223248         0.00000000000000000000000000000000000        0.683022559859958444886526535977552353        0.167811590859605266884724425470909642        0.129098359310438402074632433326122454         2000.00000000000000000000000000000000        0.300000011920928955078125000000000000        -1.00000000000000000000000000000000000         4.50000000000000000000000000000000000         50.0000000000000000000000000000000000         2.33886391948490142355798197865885325         2.33977871927390160392311227073105574         2.33977871927390160392311227073105574         2.33977871927390160392311227073105574         2.33977871927390160392311227073105574         0.00000000000000000000000000000000000         3.90977053284794459718502439588436041E-0002   38006.2961197119494232676332816079133         19839.6678696049134611110361733727651      
   45.5293507486716565241505913849878156         0.00000000000000000000000000000000000         0.00000000000000000000000000000000000        0.500000000000000000000000000000000000        0.500000000000000000000000000000000000        0.724999999999999999999999999999999981        0.275000000000000000000000000000000019        0.512000024318695068359375000000000000        0.425000011920928955078125000000000000         6.30000010132789611816406250000000000E-0002  0.870056494511586616800702331296776776        0.129943505488413383199297668703223248         0.00000000000000000000000000000000000        0.683022559859958444886526535977552353        0.167811590859605266884724425470909642        0.129098359310438402074632433326122454         2000.00000000000000000000000000000000        0.300000011920928955078125000000000000        -1.00000000000000000000000000000000000         4.50000000000000000000000000000000000         50.0000000000000000000000000000000000         2.35776562786455813574419902419944708         2.35834896010143403792954814466782021         2.35834896010143403792954814466782021         2.35834896010143403792954814466782021         2.35834896010143403792954814466782021         0.00000000000000000000000000000000000         2.47347719419272331689097768844820280E-0002   40509.6748088163619507835500871511503         20124.0666403738939102452782541829995      
   47.6861169771469809221183781797401387         0.00000000000000000000000000000000000         0.00000000000000000000000000000000000        0.500000000000000000000000000000000000        0.500000000000000000000000000000000000        0.724999999999999999999999999999999981        0.275000000000000000000000000000000019        0.512000024318695068359375000000000000        0.425000011920928955078125000000000000         6.30000010132789611816406250000000000E-0002  0.870056494511586616800702331296776776        0.129943505488413383199297668703223248         0.00000000000000000000000000000000000        0.683022559859958444886526535977552353        0.167811590859605266884724425470909642        0.129098359310438402074632433326122454         2000.00000000000000000000000000000000        0.300000011920928955078125000000000000        -1.00000000000000000000000000000000000         4.50000000000000000000000000000000000         50.0000000000000000000000000000000000         2.37655770239923798991311813026860415         2.37691032497731368072537771114826820         2.37691032497731368072537771114826820         2.37691032497731368072537771114826820         2.37691032497731368072537771114826820         0.00000000000000000000000000000000000         1.48353336838257204097318718543395719E-0002   43191.0728062034516648901225438995137         20415.7786111088872957707629943421218      
   49.9450511585537973057412883106299450         0.00000000000000000000000000000000000         0.00000000000000000000000000000000000        0.500000000000000000000000000000000000        0.500000000000000000000000000000000000        0.724999999999999999999999999999999981        0.275000000000000000000000000000000019        0.512000024318695068359375000000000000        0.425000011920928955078125000000000000         6.30000010132789611816406250000000000E-0002  0.870056494511586616800702331296776776        0.129943505488413383199297668703223248         0.00000000000000000000000000000000000        0.683022559859958444886526535977552353        0.167811590859605266884724425470909642        0.129098359310438402074632433326122454         2000.00000000000000000000000000000000        0.300000011920928955078125000000000000        -1.00000000000000000000000000000000000         4.50000000000000000000000000000000000         50.0000000000000000000000000000000000         2.39529314521864561021500191522254641         2.39504803973035120558010379030900178         2.39504803973035120558010379030900178         2.39504803973035120558010379030900178         2.39504803973035120558010379030900178         0.00000000000000000000000000000000000        -1.02338443416775921032576576007090483E-0002   46057.0106140856375256983638710122285         20716.9112061084649876219394436050088      
   52.3109930805651492519346455020741169         0.00000000000000000000000000000000000         0.00000000000000000000000000000000000        0.500000000000000000000000000000000000        0.500000000000000000000000000000000000        0.724999999999999999999999999999999981        0.275000000000000000000000000000000019        0.512000024318695068359375000000000000        0.425000011920928955078125000000000000         6.30000010132789611816406250000000000E-0002  0.870056494511586616800702331296776776        0.129943505488413383199297668703223248         0.00000000000000000000000000000000000        0.683022559859958444886526535977552353        0.167811590859605266884724425470909642        0.129098359310438402074632433326122454         2000.00000000000000000000000000000000        0.300000011920928955078125000000000000        -1.00000000000000000000000000000000000         4.50000000000000000000000000000000000         50.0000000000000000000000000000000000         2.41377262352244962118348998288118626         2.41446742067793070708141875651330574         2.41446742067793070708141875651330574         2.41446742067793070708141875651330574         2.41446742067793070708141875651330574         0.00000000000000000000000000000000000         2.87764146051720899561050952252126982E-0002   49148.4554566741933044578475268401128         21024.3691443003223544736098333413592      
   54.7890117959420854878872849816232285         0.00000000000000000000000000000000000         0.00000000000000000000000000000000000        0.500000000000000000000000000000000000        0.500000000000000000000000000000000000        0.724999999999999999999999999999999981        0.275000000000000000000000000000000019        0.512000024318695068359375000000000000        0.425000011920928955078125000000000000         6.30000010132789611816406250000000000E-0002  0.870056494511586616800702331296776776        0.129943505488413383199297668703223248         0.00000000000000000000000000000000000        0.683022559859958444886526535977552353        0.167811590859605266884724425470909642        0.129098359310438402074632433326122454         2000.00000000000000000000000000000000        0.300000011920928955078125000000000000        -1.00000000000000000000000000000000000         4.50000000000000000000000000000000000         50.0000000000000000000000000000000000         2.43228191545298821927166752000355871         2.43284475380468683043716888391122460         2.43284475380468683043716888391122460         2.43284475380468683043716888391122460         2.43284475380468683043716888391122460         0.00000000000000000000000000000000000         2.31349884047634896736489803881673309E-0002   52432.3580079433736874919494375284037         21343.4439831970630207246906143145745      
   57.3844164830267494473134630390337038         0.00000000000000000000000000000000000         0.00000000000000000000000000000000000        0.500000000000000000000000000000000000        0.500000000000000000000000000000000000        0.724999999999999999999999999999999981        0.275000000000000000000000000000000019        0.512000024318695068359375000000000000        0.425000011920928955078125000000000000         6.30000010132789611816406250000000000E-0002  0.870056494511586616800702331296776776        0.129943505488413383199297668703223248         0.00000000000000000000000000000000000        0.683022559859958444886526535977552353        0.167811590859605266884724425470909642        0.129098359310438402074632433326122454         2000.00000000000000000000000000000000        0.300000011920928955078125000000000000        -1.00000000000000000000000000000000000         4.50000000000000000000000000000000000         50.0000000000000000000000000000000000         2.45067916138616586061502782809591582         2.45131044043044707938416318519697152         2.45131044043044707938416318519697152         2.45131044043044707938416318519697152         2.45131044043044707938416318519697152         0.00000000000000000000000000000000000         2.57527171536203692864594424939913969E-0002   55953.6278264686831983303977369029055         21668.5165721882972515863486367912783      
   60.1027678207067787613836741752440859         0.00000000000000000000000000000000000         0.00000000000000000000000000000000000        0.500000000000000000000000000000000000        0.500000000000000000000000000000000000        0.724999999999999999999999999999999981        0.275000000000000000000000000000000019        0.512000024318695068359375000000000000        0.425000011920928955078125000000000000         6.30000010132789611816406250000000000E-0002  0.870056494511586616800702331296776776        0.129943505488413383199297668703223248         0.00000000000000000000000000000000000        0.683022559859958444886526535977552353        0.167811590859605266884724425470909642        0.129098359310438402074632433326122454         2000.00000000000000000000000000000000        0.300000011920928955078125000000000000        -1.00000000000000000000000000000000000         4.50000000000000000000000000000000000         50.0000000000000000000000000000000000         2.46894929441345899929349186372596726         2.46957404055421978315270431011153305         2.46957404055421978315270431011153305         2.46957404055421978315270431011153305         2.46957404055421978315270431011153305         0.00000000000000000000000000000000000         2.52977286973983109282751457013286411E-0002   59720.3985826836792760573773789892958         22009.0985918445048580899183387248651      
   62.9498899022219826103145225233349426         0.00000000000000000000000000000000000         0.00000000000000000000000000000000000        0.500000000000000000000000000000000000        0.500000000000000000000000000000000000        0.724999999999999999999999999999999981        0.275000000000000000000000000000000019        0.512000024318695068359375000000000000        0.425000011920928955078125000000000000         6.30000010132789611816406250000000000E-0002  0.870056494511586616800702331296776776        0.129943505488413383199297668703223248         0.00000000000000000000000000000000000        0.683022559859958444886526535977552353        0.167811590859605266884724425470909642        0.129098359310438402074632433326122454         2000.00000000000000000000000000000000        0.300000011920928955078125000000000000        -1.00000000000000000000000000000000000         4.50000000000000000000000000000000000         50.0000000000000000000000000000000000         2.48710695217351528717462140341770299         2.48790189880233355298050022005605058         2.48790189880233355298050022005605058         2.48790189880233355298050022005605058         2.48790189880233355298050022005605058         0.00000000000000000000000000000000000         3.19524909402959203840668454297722117E-0002   63755.3863168335849927163475560089020         22353.7601091354738996260624124815877      
   65.9318827133387394963924236784617628         0.00000000000000000000000000000000000         0.00000000000000000000000000000000000        0.500000000000000000000000000000000000        0.500000000000000000000000000000000000        0.724999999999999999999999999999999981        0.275000000000000000000000000000000019        0.512000024318695068359375000000000000        0.425000011920928955078125000000000000         6.30000010132789611816406250000000000E-0002  0.870056494511586616800702331296776776        0.129943505488413383199297668703223248         0.00000000000000000000000000000000000        0.683022559859958444886526535977552353        0.167811590859605266884724425470909642        0.129098359310438402074632433326122454         2000.00000000000000000000000000000000        0.300000011920928955078125000000000000        -1.00000000000000000000000000000000000         4.50000000000000000000000000000000000         50.0000000000000000000000000000000000         2.50532364003078253344113122567177568         2.50501263010353463649364282381927160         2.50501263010353463649364282381927160         2.50501263010353463649364282381927160         2.50501263010353463649364282381927160         0.00000000000000000000000000000000000        -1.24155033595596123288298867898685684E-0002   68041.5485822003809185380415181489375         22712.7618568626047146749984527160368      
   69.0551352016267211341221719941803480         0.00000000000000000000000000000000000         0.00000000000000000000000000000000000        0.500000000000000000000000000000000000        0.500000000000000000000000000000000000        0.724999999999999999999999999999999981        0.275000000000000000000000000000000019        0.512000024318695068359375000000000000        0.425000011920928955078125000000000000         6.30000010132789611816406250000000000E-0002  0.870056494511586616800702331296776776        0.129943505488413383199297668703223248         0.00000000000000000000000000000000000        0.683022559859958444886526535977552353        0.167811590859605266884724425470909642        0.129098359310438402074632433326122454         2000.00000000000000000000000000000000        0.300000011920928955078125000000000000        -1.00000000000000000000000000000000000         4.50000000000000000000000000000000000         50.0000000000000000000000000000000000         2.52305345177854481723446451169029005         2.52399189644397923083622213481132192         2.52399189644397923083622213481132192         2.52399189644397923083622213481132192         2.52399189644397923083622213481132192         0.00000000000000000000000000000000000         3.71809698262730799950828393288785729E-0002   72695.8128987421501549498635184150075         23079.2233588481779811494501892315348      
   72.3263389648389904315881138559222429         0.00000000000000000000000000000000000         0.00000000000000000000000000000000000        0.500000000000000000000000000000000000        0.500000000000000000000000000000000000        0.724999999999999999999999999999999981        0.275000000000000000000000000000000019        0.512000024318695068359375000000000000        0.425000011920928955078125000000000000         6.30000010132789611816406250000000000E-0002  0.870056494511586616800702331296776776        0.129943505488413383199297668703223248         0.00000000000000000000000000000000000        0.683022559859958444886526535977552353        0.167811590859605266884724425470909642        0.129098359310438402074632433326122454         2000.00000000000000000000000000000000        0.300000011920928955078125000000000000        -1.00000000000000000000000000000000000         4.50000000000000000000000000000000000         50.0000000000000000000000000000000000         2.54084189581355164401991260389210262         2.54166459254215647276934472336946182         2.54166459254215647276934472336946182         2.54166459254215647276934472336946182         2.54166459254215647276934472336946182         0.00000000000000000000000000000000000         3.23684222937524894643228658989134210E-0002   77640.8593670658797329432338549676423         23461.2939446750736052410486722637837      
   75.7525025877229563234538363456045364         0.00000000000000000000000000000000000         0.00000000000000000000000000000000000        0.500000000000000000000000000000000000        0.500000000000000000000000000000000000        0.724999999999999999999999999999999981        0.275000000000000000000000000000000019        0.512000024318695068359375000000000000        0.425000011920928955078125000000000000         6.30000010132789611816406250000000000E-0002  0.870056494511586616800702331296776776        0.129943505488413383199297668703223248         0.00000000000000000000000000000000000        0.683022559859958444886526535977552353        0.167811590859605266884724425470909642        0.129098359310438402074632433326122454         2000.00000000000000000000000000000000        0.300000011920928955078125000000000000        -1.00000000000000000000000000000000000         4.50000000000000000000000000000000000         50.0000000000000000000000000000000000         2.55845590268530867515598806867754767         2.55918999224864078113727697405219683         2.55918999224864078113727697405219683         2.55918999224864078113727697405219683         2.55918999224864078113727697405219683         0.00000000000000000000000000000000000         2.86844495936425474171807434130162912E-0002   82944.4725838875852789985537641188144         23857.8357891525965922921273507293172      
   79.3409666579789374092779396113335383         0.00000000000000000000000000000000000         0.00000000000000000000000000000000000        0.500000000000000000000000000000000000        0.500000000000000000000000000000000000        0.724999999999999999999999999999999981        0.275000000000000000000000000000000019        0.512000024318695068359375000000000000        0.425000011920928955078125000000000000         6.30000010132789611816406250000000000E-0002  0.870056494511586616800702331296776776        0.129943505488413383199297668703223248         0.00000000000000000000000000000000000        0.683022559859958444886526535977552353        0.167811590859605266884724425470909642        0.129098359310438402074632433326122454         2000.00000000000000000000000000000000        0.300000011920928955078125000000000000        -1.00000000000000000000000000000000000         4.50000000000000000000000000000000000         50.0000000000000000000000000000000000         2.57574620937316837404784277044947780         2.57707866462197858839598359527934241         2.57707866462197858839598359527934241         2.57707866462197858839598359527934241         2.57707866462197858839598359527934241         0.00000000000000000000000000000000000         5.17040968559516946267839786836230568E-0002   88658.8034396945602870425388110550012         24263.9936071320010715976766987272824      
   83.0994194935381664732668516345784739         0.00000000000000000000000000000000000         0.00000000000000000000000000000000000        0.500000000000000000000000000000000000        0.500000000000000000000000000000000000        0.724999999999999999999999999999999981        0.275000000000000000000000000000000019        0.512000024318695068359375000000000000        0.425000011920928955078125000000000000         6.30000010132789611816406250000000000E-0002  0.870056494511586616800702331296776776        0.129943505488413383199297668703223248         0.00000000000000000000000000000000000        0.683022559859958444886526535977552353        0.167811590859605266884724425470909642        0.129098359310438402074632433326122454         2000.00000000000000000000000000000000        0.300000011920928955078125000000000000        -1.00000000000000000000000000000000000         4.50000000000000000000000000000000000         50.0000000000000000000000000000000000         2.59315466830217100329312785320837079         2.59390656116305338593700190003883835         2.59390656116305338593700190003883835         2.59390656116305338593700190003883835         2.59390656116305338593700190003883835         0.00000000000000000000000000000000000         2.89868907438689553103878787651365170E-0002   94714.6230855821783248917096111879489         24680.0726142216560669643382348451795      
   87.0359136148560765360321240320169501         0.00000000000000000000000000000000000         0.00000000000000000000000000000000000        0.500000000000000000000000000000000000        0.500000000000000000000000000000000000        0.724999999999999999999999999999999981        0.275000000000000000000000000000000019        0.512000024318695068359375000000000000        0.425000011920928955078125000000000000         6.30000010132789611816406250000000000E-0002  0.870056494511586616800702331296776776        0.129943505488413383199297668703223248         0.00000000000000000000000000000000000        0.683022559859958444886526535977552353        0.167811590859605266884724425470909642        0.129098359310438402074632433326122454         2000.00000000000000000000000000000000        0.300000011920928955078125000000000000        -1.00000000000000000000000000000000000         4.50000000000000000000000000000000000         50.0000000000000000000000000000000000         2.61019698762595832106212317884180554         2.61086494970968658502338031325741004         2.61086494970968658502338031325741004         2.61086494970968658502338031325741004         2.61086494970968658502338031325741004         0.00000000000000000000000000000000000         2.55839385259102569390739087208880359E-0002   101249.508507666603035451424274394502         25115.0246697426506708223562608488609      
   91.1588829975129113180355582295095585         0.00000000000000000000000000000000000         0.00000000000000000000000000000000000        0.500000000000000000000000000000000000        0.500000000000000000000000000000000000        0.724999999999999999999999999999999981        0.275000000000000000000000000000000019        0.512000024318695068359375000000000000        0.425000011920928955078125000000000000         6.30000010132789611816406250000000000E-0002  0.870056494511586616800702331296776776        0.129943505488413383199297668703223248         0.00000000000000000000000000000000000        0.683022559859958444886526535977552353        0.167811590859605266884724425470909642        0.129098359310438402074632433326122454         2000.00000000000000000000000000000000        0.300000011920928955078125000000000000        -1.00000000000000000000000000000000000         4.50000000000000000000000000000000000         50.0000000000000000000000000000000000         2.62709230180878717635374369642457708         2.62768577042547938178070961084162187         2.62768577042547938178070961084162187         2.62768577042547938178070961084162187         2.62768577042547938178070961084162187         0.00000000000000000000000000000000000         2.25852201725060136015473308921809364E-0002   108247.314942059547922958715771305384         25559.6818776371205000965067131064395      
   95.4771611420855187564395181622441053         0.00000000000000000000000000000000000         0.00000000000000000000000000000000000        0.500000000000000000000000000000000000        0.500000000000000000000000000000000000        0.724999999999999999999999999999999981        0.275000000000000000000000000000000019        0.512000024318695068359375000000000000        0.425000011920928955078125000000000000         6.30000010132789611816406250000000000E-0002  0.870056494511586616800702331296776776        0.129943505488413383199297668703223248         0.00000000000000000000000000000000000        0.683022559859958444886526535977552353        0.167811590859605266884724425470909642        0.129098359310438402074632433326122454         2000.00000000000000000000000000000000        0.300000011920928955078125000000000000        -1.00000000000000000000000000000000000         4.50000000000000000000000000000000000         50.0000000000000000000000000000000000         2.64371700634735812634770902936600428         2.64449218677353412589036230622812086         2.64449218677353412589036230622812086         2.64449218677353412589036230622812086         2.64449218677353412589036230622812086         0.00000000000000000000000000000000000         2.93130163156872099044132519570313936E-0002   115763.088718861360671141699810582232         26016.2322735429835436433509161887642      
   100.000000000005197392984105217599543         0.00000000000000000000000000000000000         0.00000000000000000000000000000000000        0.500000000000000000000000000000000000        0.500000000000000000000000000000000000        0.724999999999999999999999999999999981        0.275000000000000000000000000000000019        0.512000024318695068359375000000000000        0.425000011920928955078125000000000000         6.30000010132789611816406250000000000E-0002  0.870056494511586616800702331296776776        0.129943505488413383199297668703223248         0.00000000000000000000000000000000000        0.683022559859958444886526535977552353        0.167811590859605266884724425470909642        0.129098359310438402074632433326122454         2000.00000000000000000000000000000000        0.300000011920928955078125000000000000        -1.00000000000000000000000000000000000         4.50000000000000000000000000000000000         50.0000000000000000000000000000000000         2.65999775705550310509397294901731072         2.66087299754304346970538720500725304         2.66087299754304346970538720500725304         2.66087299754304346970538720500725304         2.66087299754304346970538720500725304         0.00000000000000000000000000000000000         3.28929824290197574710524129114059937E-0002   123863.818893529708355782938483337305         26495.9567085616010511561058112683303      
