 mass envelope_frac water_frac mantle_frac core_frac H_frac_envelope He_frac_envelope MgO_frac_mantle SiO2_frac_mantle FeO_frac_mantle Fe_frac_solid_core FeS_frac_solid_core FeO_frac_solid_core Fe_frac_liquid_core FeS_frac_liquid_core FeO_frac_liquid_core T_eq albedo rotation_period age atmospheric_Z 100pa_radius 2000pa_radius transit_radius twothirdsopt_radius condensed_radius diff_v_2000pa diff_v_100pa inner_pressure inner_temperature
   1.00000000000000000000000000000000002E-0002   1.00000000000000000000000000000000002E-0002   0.00000000000000000000000000000000000        0.668614458809231706125433871573613450        0.321385541190768293874566128426386542        0.724999999999999999999999999999999981        0.275000000000000000000000000000000019        0.512000024318695068359375000000000000        0.425000011920928955078125000000000000         6.30000010132789611816406250000000000E-0002  0.870056494511586616800702331296776776        0.129943505488413383199297668703223248         0.00000000000000000000000000000000000        0.683022559859958444886526535977552353        0.167811590859605266884724425470909642        0.129098359310438402074632433326122454         700.000000000000000000000000000000000        0.300000011920928955078125000000000000        -1.00000000000000000000000000000000000         4.50000000000000000000000000000000000         50.0000000000000000000000000000000000         21.6966693492280856329072410778257966        0.240891750692746250947781371624583677        0.240891750692746250947781371624583677        0.240891750692746250947781371624583677        0.240891750692746250947781371624583677         0.00000000000000000000000000000000000        -8906.81293022020336060772958191402178         8.93275987795294507821941797980565234         1653.98669373988358578395685124227946      
   1.04737089795944979999999999999999994E-0002   1.00000000000000000000000000000000002E-0002   0.00000000000000000000000000000000000        0.668614458809231706125433871573613450        0.321385541190768293874566128426386542        0.724999999999999999999999999999999981        0.275000000000000000000000000000000019        0.512000024318695068359375000000000000        0.425000011920928955078125000000000000         6.30000010132789611816406250000000000E-0002  0.870056494511586616800702331296776776        0.129943505488413383199297668703223248         0.00000000000000000000000000000000000        0.683022559859958444886526535977552353        0.167811590859605266884724425470909642        0.129098359310438402074632433326122454         700.000000000000000000000000000000000        0.300000011920928955078125000000000000        -1.00000000000000000000000000000000000         4.50000000000000000000000000000000000         50.0000000000000000000000000000000000         22.0454592894641187253155599332039337        0.244645061323012520563270617752174191        0.244645061323012520563270617752174191        0.244645061323012520563270617752174191        0.244645061323012520563270617752174191         0.00000000000000000000000000000000000        -8911.20144025994042859429800009643660         9.22118824497098815029672539955413125         1664.13805050081080334904363745357553      
   1.09698579789238420522548511872003990E-0002   1.00000000000000000000000000000000002E-0002   0.00000000000000000000000000000000000        0.668614458809231706125433871573613450        0.321385541190768293874566128426386542        0.724999999999999999999999999999999981        0.275000000000000000000000000000000019        0.512000024318695068359375000000000000        0.425000011920928955078125000000000000         6.30000010132789611816406250000000000E-0002  0.870056494511586616800702331296776776        0.129943505488413383199297668703223248         0.00000000000000000000000000000000000        0.683022559859958444886526535977552353        0.167811590859605266884724425470909642        0.129098359310438402074632433326122454         700.000000000000000000000000000000000        0.300000011920928955078125000000000000        -1.00000000000000000000000000000000000         4.50000000000000000000000000000000000         50.0000000000000000000000000000000000         22.3998739797346448509980834898852675        0.248344051076828558249288631806266719        0.248344051076828558249288631806266719        0.248344051076828558249288631806266719        0.248344051076828558249288631806266719         0.00000000000000000000000000000000000        -8919.69420350839965800023224664701990         9.52756279984829552808327357952509933         1674.94552026000226213302195876893293      
   1.14895100018730995888633688328071024E-0002   1.00000000000000000000000000000000002E-0002   0.00000000000000000000000000000000000        0.668614458809231706125433871573613450        0.321385541190768293874566128426386542        0.724999999999999999999999999999999981        0.275000000000000000000000000000000019        0.512000024318695068359375000000000000        0.425000011920928955078125000000000000         6.30000010132789611816406250000000000E-0002  0.870056494511586616800702331296776776        0.129943505488413383199297668703223248         0.00000000000000000000000000000000000        0.683022559859958444886526535977552353        0.167811590859605266884724425470909642        0.129098359310438402074632433326122454         700.000000000000000000000000000000000        0.300000011920928955078125000000000000        -1.00000000000000000000000000000000000         4.50000000000000000000000000000000000         50.0000000000000000000000000000000000         22.7600026799080280182512784185943021        0.252150957574388187711189570127863563        0.252150957574388187711189570127863563        0.252150957574388187711189570127863563        0.252150957574388187711189570127863563         0.00000000000000000000000000000000000        -8926.33997461361902402673148992488737         9.84035078069344700787970342461362816         1685.84295272693666947761615202246033      
   1.20337784077759080699533028507740594E-0002   1.00000000000000000000000000000000002E-0002   0.00000000000000000000000000000000000        0.668614458809231706125433871573613450        0.321385541190768293874566128426386542        0.724999999999999999999999999999999981        0.275000000000000000000000000000000019        0.512000024318695068359375000000000000        0.425000011920928955078125000000000000         6.30000010132789611816406250000000000E-0002  0.870056494511586616800702331296776776        0.129943505488413383199297668703223248         0.00000000000000000000000000000000000        0.683022559859958444886526535977552353        0.167811590859605266884724425470909642        0.129098359310438402074632433326122454         700.000000000000000000000000000000000        0.300000011920928955078125000000000000        -1.00000000000000000000000000000000000         4.50000000000000000000000000000000000         50.0000000000000000000000000000000000         23.1259359254319792280238890170641903        0.256041093787443126983712180646929753        0.256041093787443126983712180646929753        0.256041093787443126983712180646929753        0.256041093787443126983712180646929753         0.00000000000000000000000000000000000        -8932.11886160366454588065899809440698         10.1638019752816444535238043320346154         1697.00952335942950672012324302437159      
   1.26038292967972908968014429974629652E-0002   1.00000000000000000000000000000000002E-0002   0.00000000000000000000000000000000000        0.668614458809231706125433871573613450        0.321385541190768293874566128426386542        0.724999999999999999999999999999999981        0.275000000000000000000000000000000019        0.512000024318695068359375000000000000        0.425000011920928955078125000000000000         6.30000010132789611816406250000000000E-0002  0.870056494511586616800702331296776776        0.129943505488413383199297668703223248         0.00000000000000000000000000000000000        0.683022559859958444886526535977552353        0.167811590859605266884724425470909642        0.129098359310438402074632433326122454         700.000000000000000000000000000000000        0.300000011920928955078125000000000000        -1.00000000000000000000000000000000000         4.50000000000000000000000000000000000         50.0000000000000000000000000000000000         23.4977655895712977762190122921867478        0.259966868872963500940238357743264672        0.259966868872963500940238357743264672        0.259966868872963500940238357743264672        0.259966868872963500940238357743264672         0.00000000000000000000000000000000000        -8938.75393485383490681798099282495894         10.4979899251612106999223857653312961         1708.48366963821884215595722275052959      
   1.32008840083141992917991631746251185E-0002   1.00000000000000000000000000000000002E-0002   0.00000000000000000000000000000000000        0.668614458809231706125433871573613450        0.321385541190768293874566128426386542        0.724999999999999999999999999999999981        0.275000000000000000000000000000000019        0.512000024318695068359375000000000000        0.425000011920928955078125000000000000         6.30000010132789611816406250000000000E-0002  0.870056494511586616800702331296776776        0.129943505488413383199297668703223248         0.00000000000000000000000000000000000        0.683022559859958444886526535977552353        0.167811590859605266884724425470909642        0.129098359310438402074632433326122454         700.000000000000000000000000000000000        0.300000011920928955078125000000000000        -1.00000000000000000000000000000000000         4.50000000000000000000000000000000000         50.0000000000000000000000000000000000         23.8755848795126482460918547535497195        0.263949476596048555732519389531788632        0.263949476596048555732519389531788632        0.263949476596048555732519389531788632        0.263949476596048555732519389531788632         0.00000000000000000000000000000000000        -8945.51325026953156719532180511762944         10.8440309017870098842403197178817997         1720.24986807458838230401113611893479      
   1.38262217376465838916887111257333255E-0002   1.00000000000000000000000000000000002E-0002   0.00000000000000000000000000000000000        0.668614458809231706125433871573613450        0.321385541190768293874566128426386542        0.724999999999999999999999999999999981        0.275000000000000000000000000000000019        0.512000024318695068359375000000000000        0.425000011920928955078125000000000000         6.30000010132789611816406250000000000E-0002  0.870056494511586616800702331296776776        0.129943505488413383199297668703223248         0.00000000000000000000000000000000000        0.683022559859958444886526535977552353        0.167811590859605266884724425470909642        0.129098359310438402074632433326122454         700.000000000000000000000000000000000        0.300000011920928955078125000000000000        -1.00000000000000000000000000000000000         4.50000000000000000000000000000000000         50.0000000000000000000000000000000000         24.2594883576404234402769192364391573        0.267991371692978708057235284803578986        0.267991371692978708057235284803578986        0.267991371692978708057235284803578986        0.267991371692978708057235284803578986         0.00000000000000000000000000000000000        -8952.33933629513737539779554509143910         11.2019008534611488496921370534388891         1732.32812248289641034549751116446229      
   1.44811822767453669205644236020971476E-0002   1.00000000000000000000000000000000002E-0002   0.00000000000000000000000000000000000        0.668614458809231706125433871573613450        0.321385541190768293874566128426386542        0.724999999999999999999999999999999981        0.275000000000000000000000000000000019        0.512000024318695068359375000000000000        0.425000011920928955078125000000000000         6.30000010132789611816406250000000000E-0002  0.870056494511586616800702331296776776        0.129943505488413383199297668703223248         0.00000000000000000000000000000000000        0.683022559859958444886526535977552353        0.167811590859605266884724425470909642        0.129098359310438402074632433326122454         700.000000000000000000000000000000000        0.300000011920928955078125000000000000        -1.00000000000000000000000000000000000         4.50000000000000000000000000000000000         50.0000000000000000000000000000000000         24.6495719644277464810173671240871845        0.272123648030831975126950258108890839        0.272123648030831975126950258108890839        0.272123648030831975126950258108890839        0.272123648030831975126950258108890839         0.00000000000000000000000000000000000        -8958.22487049523782732879325790795584         11.5731693501233752154903346493300774         1744.74089366861066263047889154507679      
   1.51671688847092646313725750372786121E-0002   1.00000000000000000000000000000000002E-0002   0.00000000000000000000000000000000000        0.668614458809231706125433871573613450        0.321385541190768293874566128426386542        0.724999999999999999999999999999999981        0.275000000000000000000000000000000019        0.512000024318695068359375000000000000        0.425000011920928955078125000000000000         6.30000010132789611816406250000000000E-0002  0.870056494511586616800702331296776776        0.129943505488413383199297668703223248         0.00000000000000000000000000000000000        0.683022559859958444886526535977552353        0.167811590859605266884724425470909642        0.129098359310438402074632433326122454         700.000000000000000000000000000000000        0.300000011920928955078125000000000000        -1.00000000000000000000000000000000000         4.50000000000000000000000000000000000         50.0000000000000000000000000000000000         25.0459329737414295906041268869578243        0.276257598964905003805579546203352338        0.276257598964905003805579546203352338        0.276257598964905003805579546203352338        0.276257598964905003805579546203352338         0.00000000000000000000000000000000000        -8966.15168870818832416503094493154713         11.9559800375835121725187208000912707         1757.43580752557563520508722864497365      
   1.58856512942805692341715952667117983E-0002   1.00000000000000000000000000000000002E-0002   0.00000000000000000000000000000000000        0.668614458809231706125433871573613450        0.321385541190768293874566128426386542        0.724999999999999999999999999999999981        0.275000000000000000000000000000000019        0.512000024318695068359375000000000000        0.425000011920928955078125000000000000         6.30000010132789611816406250000000000E-0002  0.870056494511586616800702331296776776        0.129943505488413383199297668703223248         0.00000000000000000000000000000000000        0.683022559859958444886526535977552353        0.167811590859605266884724425470909642        0.129098359310438402074632433326122454         700.000000000000000000000000000000000        0.300000011920928955078125000000000000        -1.00000000000000000000000000000000000         4.50000000000000000000000000000000000         50.0000000000000000000000000000000000         25.4486701191532088782880106326344306        0.280454138190475770459898988795946472        0.280454138190475770459898988795946472        0.280454138190475770459898988795946472        0.280454138190475770459898988795946472         0.00000000000000000000000000000000000        -8974.09328432489014753643020430285809         12.3523708676699313876302036644064774         1770.46355907040814304474284887357303      
   1.66381688607613357256321400820289791E-0002   1.00000000000000000000000000000000002E-0002   0.00000000000000000000000000000000000        0.668614458809231706125433871573613450        0.321385541190768293874566128426386542        0.724999999999999999999999999999999981        0.275000000000000000000000000000000019        0.512000024318695068359375000000000000        0.425000011920928955078125000000000000         6.30000010132789611816406250000000000E-0002  0.870056494511586616800702331296776776        0.129943505488413383199297668703223248         0.00000000000000000000000000000000000        0.683022559859958444886526535977552353        0.167811590859605266884724425470909642        0.129098359310438402074632433326122454         700.000000000000000000000000000000000        0.300000011920928955078125000000000000        -1.00000000000000000000000000000000000         4.50000000000000000000000000000000000         50.0000000000000000000000000000000000         25.8578835000008376230804284236519968        0.284771386065317925913636054060081168        0.416856405260742242253888248613310333        0.284771386065317925913636054060081168        0.284771386065317925913636054060081168         31.6859756809555541961042788358653889        -6103.06733294090102097672208122803504         12.7632050494113191574820145693074556         1783.85288660423762963080391132691448      
   1.74263338600965560876971718594349557E-0002   1.00000000000000000000000000000000002E-0002   0.00000000000000000000000000000000000        0.668614458809231706125433871573613450        0.321385541190768293874566128426386542        0.724999999999999999999999999999999981        0.275000000000000000000000000000000019        0.512000024318695068359375000000000000        0.425000011920928955078125000000000000         6.30000010132789611816406250000000000E-0002  0.870056494511586616800702331296776776        0.129943505488413383199297668703223248         0.00000000000000000000000000000000000        0.683022559859958444886526535977552353        0.167811590859605266884724425470909642        0.129098359310438402074632433326122454         700.000000000000000000000000000000000        0.300000011920928955078125000000000000        -1.00000000000000000000000000000000000         4.50000000000000000000000000000000000         50.0000000000000000000000000000000000         26.2736746391722269488613918158011334        0.289128049443982604721516765622000459        0.716784345511446657042765798032035811        0.289128049443982604721516765622000459        0.289128049443982604721516765622000459         59.6631746696865624189310222395350177        -3565.49225073061401310850774194248752         13.1887722362585657027836278234677131         1797.59635537025797149542769830145616      
   1.82518349431904949929850662738093818E-0002   1.00000000000000000000000000000000002E-0002   0.00000000000000000000000000000000000        0.668614458809231706125433871573613450        0.321385541190768293874566128426386542        0.724999999999999999999999999999999981        0.275000000000000000000000000000000019        0.512000024318695068359375000000000000        0.425000011920928955078125000000000000         6.30000010132789611816406250000000000E-0002  0.870056494511586616800702331296776776        0.129943505488413383199297668703223248         0.00000000000000000000000000000000000        0.683022559859958444886526535977552353        0.167811590859605266884724425470909642        0.129098359310438402074632433326122454         700.000000000000000000000000000000000        0.300000011920928955078125000000000000        -1.00000000000000000000000000000000000         4.50000000000000000000000000000000000         50.0000000000000000000000000000000000         26.6961464864907957738344240349014953        0.293509544924238698454098020616314018         1.34439248061967775630479898862910011        0.293509544924238698454098020616314018        0.293509544924238698454098020616314018         78.1678677056457626943176408008331134        -1885.74053866960066287873116594273589         13.6276812005721091641967185867754990         1811.61593941092544305968299684716819      
   1.91164407538570921685539093537247029E-0002   1.00000000000000000000000000000000002E-0002   0.00000000000000000000000000000000000        0.668614458809231706125433871573613450        0.321385541190768293874566128426386542        0.724999999999999999999999999999999981        0.275000000000000000000000000000000019        0.512000024318695068359375000000000000        0.425000011920928955078125000000000000         6.30000010132789611816406250000000000E-0002  0.870056494511586616800702331296776776        0.129943505488413383199297668703223248         0.00000000000000000000000000000000000        0.683022559859958444886526535977552353        0.167811590859605266884724425470909642        0.129098359310438402074632433326122454         700.000000000000000000000000000000000        0.300000011920928955078125000000000000        -1.00000000000000000000000000000000000         4.50000000000000000000000000000000000         50.0000000000000000000000000000000000         27.1254034511373663223237203654528138        0.298018485348324089832220266467103608         2.44454592680727216772897258815763305        0.298018485348324089832220266467103608        0.298018485348324089832220266467103608         87.8088408125121779860519779746385705        -1009.62952889025149657550761685240535         14.0835457056678572361574757749976784         1826.05126181939477471141584590049326      
   2.00220037181559240923900195423679447E-0002   1.00000000000000000000000000000000002E-0002   0.00000000000000000000000000000000000        0.668614458809231706125433871573613450        0.321385541190768293874566128426386542        0.724999999999999999999999999999999981        0.275000000000000000000000000000000019        0.512000024318695068359375000000000000        0.425000011920928955078125000000000000         6.30000010132789611816406250000000000E-0002  0.870056494511586616800702331296776776        0.129943505488413383199297668703223248         0.00000000000000000000000000000000000        0.683022559859958444886526535977552353        0.167811590859605266884724425470909642        0.129098359310438402074632433326122454         700.000000000000000000000000000000000        0.300000011920928955078125000000000000        -1.00000000000000000000000000000000000         4.50000000000000000000000000000000000         50.0000000000000000000000000000000000         27.5615513828979855384045801102886474        0.302570498673541235876883576224229301         3.94085885713518943552012922930215860        0.302570498673541235876883576224229301        0.302570498673541235876883576224229301         92.3222193526236789160088966840588723        -599.379307457204337031870423530974885         14.5553374433653718483140330445547039         1840.87170893188052770755330694604512      
   2.09704640132324128654944033811962271E-0002   1.00000000000000000000000000000000002E-0002   0.00000000000000000000000000000000000        0.668614458809231706125433871573613450        0.321385541190768293874566128426386542        0.724999999999999999999999999999999981        0.275000000000000000000000000000000019        0.512000024318695068359375000000000000        0.425000011920928955078125000000000000         6.30000010132789611816406250000000000E-0002  0.870056494511586616800702331296776776        0.129943505488413383199297668703223248         0.00000000000000000000000000000000000        0.683022559859958444886526535977552353        0.167811590859605266884724425470909642        0.129098359310438402074632433326122454         700.000000000000000000000000000000000        0.300000011920928955078125000000000000        -1.00000000000000000000000000000000000         4.50000000000000000000000000000000000         50.0000000000000000000000000000000000         28.0046975986001052573885739724491065        0.307187404993366930538129563080329855         5.61288942295472192546907410953538502        0.307187404993366930538129563080329855        0.307187404993366930538129563080329855         94.5271074869731145443024107260091434        -398.935494507888395335898982896936829         15.0444643773612813578087522380299245         1856.05176716312682185224183421714573      
   2.19638537241655596358102494951593575E-0002   1.00000000000000000000000000000000002E-0002   0.00000000000000000000000000000000000        0.668614458809231706125433871573613450        0.321385541190768293874566128426386542        0.724999999999999999999999999999999981        0.275000000000000000000000000000000019        0.512000024318695068359375000000000000        0.425000011920928955078125000000000000         6.30000010132789611816406250000000000E-0002  0.870056494511586616800702331296776776        0.129943505488413383199297668703223248         0.00000000000000000000000000000000000        0.683022559859958444886526535977552353        0.167811590859605266884724425470909642        0.129098359310438402074632433326122454         700.000000000000000000000000000000000        0.300000011920928955078125000000000000        -1.00000000000000000000000000000000000         4.50000000000000000000000000000000000         50.0000000000000000000000000000000000         28.4549508934497585036878489260319289        0.311870060904625757310954988261274997         7.36373922445643184545094191529740083        0.311870060904625757310954988261274997        0.311870060904625757310954988261274997         95.7647867286114137490867118860660239        -286.419861243120186840376714544687464         15.5497178879095870857321637297127833         1871.59317254066529091812034526493947      
   2.30043011977292878351454756950050690E-0002   1.00000000000000000000000000000000002E-0002   0.00000000000000000000000000000000000        0.668614458809231706125433871573613450        0.321385541190768293874566128426386542        0.724999999999999999999999999999999981        0.275000000000000000000000000000000019        0.512000024318695068359375000000000000        0.425000011920928955078125000000000000         6.30000010132789611816406250000000000E-0002  0.870056494511586616800702331296776776        0.129943505488413383199297668703223248         0.00000000000000000000000000000000000        0.683022559859958444886526535977552353        0.167811590859605266884724425470909642        0.129098359310438402074632433326122454         700.000000000000000000000000000000000        0.300000011920928955078125000000000000        -1.00000000000000000000000000000000000         4.50000000000000000000000000000000000         50.0000000000000000000000000000000000         28.9124215532780564010250627450637218        0.316624051185709040545501406225309128         9.29782439642812365658738102495082229        0.316624051185709040545501406225309128        0.316624051185709040545501406225309128         96.5946436748435025560100743296440637        -210.958997724081853798449094436314302         16.0739000310519504020378454360576034         1887.55769567497823838448587217195835      
   2.40940356023953707463686306717419161E-0002   1.00000000000000000000000000000000002E-0002   0.00000000000000000000000000000000000        0.668614458809231706125433871573613450        0.321385541190768293874566128426386542        0.724999999999999999999999999999999981        0.275000000000000000000000000000000019        0.512000024318695068359375000000000000        0.425000011920928955078125000000000000         6.30000010132789611816406250000000000E-0002  0.870056494511586616800702331296776776        0.129943505488413383199297668703223248         0.00000000000000000000000000000000000        0.683022559859958444886526535977552353        0.167811590859605266884724425470909642        0.129098359310438402074632433326122454         700.000000000000000000000000000000000        0.300000011920928955078125000000000000        -1.00000000000000000000000000000000000         4.50000000000000000000000000000000000         50.0000000000000000000000000000000000         29.3772213538715411075404787960328168        0.321447943870332045168937212845972855         10.7994458037089554408731840530506853        0.321447943870332045168937212845972855        0.321447943870332045168937212845972855         97.0234774106655162930398104408724537        -172.025267664959669892793155073005255         16.6163049518253331970624517996441175         1903.90967424503803680112346993992173      
   2.52353917043477924471827901828532746E-0002   1.00000000000000000000000000000000002E-0002   0.00000000000000000000000000000000000        0.668614458809231706125433871573613450        0.321385541190768293874566128426386542        0.724999999999999999999999999999999981        0.275000000000000000000000000000000019        0.512000024318695068359375000000000000        0.425000011920928955078125000000000000         6.30000010132789611816406250000000000E-0002  0.870056494511586616800702331296776776        0.129943505488413383199297668703223248         0.00000000000000000000000000000000000        0.683022559859958444886526535977552353        0.167811590859605266884724425470909642        0.129098359310438402074632433326122454         700.000000000000000000000000000000000        0.300000011920928955078125000000000000        -1.00000000000000000000000000000000000         4.50000000000000000000000000000000000         50.0000000000000000000000000000000000         29.8494635802501674039153697726910372        0.326339018665051274070771804301550032         11.9034072962703823904085949703605609        0.326339018665051274070771804301550032        0.326339018665051274070771804301550032         97.2584402890481537347050614142747407        -150.764027788939951192398151575212901         17.1790354860812723010147786611848627         1920.66868093799309132813249396293587      
   2.64308148697411976990338126706688651E-0002   1.00000000000000000000000000000000002E-0002   0.00000000000000000000000000000000000        0.668614458809231706125433871573613450        0.321385541190768293874566128426386542        0.724999999999999999999999999999999981        0.275000000000000000000000000000000019        0.512000024318695068359375000000000000        0.425000011920928955078125000000000000         6.30000010132789611816406250000000000E-0002  0.870056494511586616800702331296776776        0.129943505488413383199297668703223248         0.00000000000000000000000000000000000        0.683022559859958444886526535977552353        0.167811590859605266884724425470909642        0.129098359310438402074632433326122454         700.000000000000000000000000000000000        0.300000011920928955078125000000000000        -1.00000000000000000000000000000000000         4.50000000000000000000000000000000000         50.0000000000000000000000000000000000         30.3292630318353671602784803755235211        0.331304183478064915352571755033149127         13.1756509099064534580462544349372169        0.331304183478064915352571755033149127        0.331304183478064915352571755033149127         97.4854814707562925216917011821876796        -130.191762359395294526880254045170178         17.7617728679446562582638313740824190         1937.85510404221293197841995130745675      
   2.76828663039208164325015985943068658E-0002   1.00000000000000000000000000000000002E-0002   0.00000000000000000000000000000000000        0.668614458809231706125433871573613450        0.321385541190768293874566128426386542        0.724999999999999999999999999999999981        0.275000000000000000000000000000000019        0.512000024318695068359375000000000000        0.425000011920928955078125000000000000         6.30000010132789611816406250000000000E-0002  0.870056494511586616800702331296776776        0.129943505488413383199297668703223248         0.00000000000000000000000000000000000        0.683022559859958444886526535977552353        0.167811590859605266884724425470909642        0.129098359310438402074632433326122454         700.000000000000000000000000000000000        0.300000011920928955078125000000000000        -1.00000000000000000000000000000000000         4.50000000000000000000000000000000000         50.0000000000000000000000000000000000         30.8167360320209452421224059411082913        0.336318350023366998829915066370150936         14.3565154047300517325360141982854979        0.336318350023366998829915066370150936        0.336318350023366998829915066370150936         97.6573817493863452152180394613085963        -114.653313587973669876803766654091699         18.3670897003074000388005854933893370         1955.54435059604016581130828024389149      
   2.89942285388289406626051058156534930E-0002   1.00000000000000000000000000000000002E-0002   0.00000000000000000000000000000000000        0.668614458809231706125433871573613450        0.321385541190768293874566128426386542        0.724999999999999999999999999999999981        0.275000000000000000000000000000000019        0.512000024318695068359375000000000000        0.425000011920928955078125000000000000         6.30000010132789611816406250000000000E-0002  0.870056494511586616800702331296776776        0.129943505488413383199297668703223248         0.00000000000000000000000000000000000        0.683022559859958444886526535977552353        0.167811590859605266884724425470909642        0.129098359310438402074632433326122454         700.000000000000000000000000000000000        0.300000011920928955078125000000000000        -1.00000000000000000000000000000000000         4.50000000000000000000000000000000000         50.0000000000000000000000000000000000         31.3120004152226763238648320570046923        0.341449755356386795505573502890899339         15.4606027124941369398554015981403978        0.341449755356386795505573502890899339        0.341449755356386795505573502890899339         97.7914848359666348157709743934170066        -102.527682765682804189803641795290612         18.9908636293372257179383834711147829         1973.59477075614437436329012347720162      
   3.03677111803547736840862033878692513E-0002   1.00000000000000000000000000000000002E-0002   0.00000000000000000000000000000000000        0.668614458809231706125433871573613450        0.321385541190768293874566128426386542        0.724999999999999999999999999999999981        0.275000000000000000000000000000000019        0.512000024318695068359375000000000000        0.425000011920928955078125000000000000         6.30000010132789611816406250000000000E-0002  0.870056494511586616800702331296776776        0.129943505488413383199297668703223248         0.00000000000000000000000000000000000        0.683022559859958444886526535977552353        0.167811590859605266884724425470909642        0.129098359310438402074632433326122454         700.000000000000000000000000000000000        0.300000011920928955078125000000000000        -1.00000000000000000000000000000000000         4.50000000000000000000000000000000000         50.0000000000000000000000000000000000         31.8151755801746320772507992549399867        0.346605339989630922779938810957817853         16.4984623789541139720475401955459754        0.346605339989630922779938810957817853        0.346605339989630922779938810957817853         97.8991658008580842420346139973103418        -92.8372162775540394267347686236325036         19.6395113777328791925833263693452694         1992.23302940080094992637506639900675      
   3.18062569279414025101825130079188269E-0002   1.00000000000000000000000000000000002E-0002   0.00000000000000000000000000000000000        0.668614458809231706125433871573613450        0.321385541190768293874566128426386542        0.724999999999999999999999999999999981        0.275000000000000000000000000000000019        0.512000024318695068359375000000000000        0.425000011920928955078125000000000000         6.30000010132789611816406250000000000E-0002  0.870056494511586616800702331296776776        0.129943505488413383199297668703223248         0.00000000000000000000000000000000000        0.683022559859958444886526535977552353        0.167811590859605266884724425470909642        0.129098359310438402074632433326122454         700.000000000000000000000000000000000        0.300000011920928955078125000000000000        -1.00000000000000000000000000000000000         4.50000000000000000000000000000000000         50.0000000000000000000000000000000000         32.3263824484584382784932320276454256        0.351901595718789731316917894255434207         17.5774463125230496458477354996533446        0.351901595718789731316917894255434207        0.351901595718789731316917894255434207         97.9979936251144884505949607010547118        -83.9082985873067963437380111303597027         20.3128932708938481215969318411734127         2011.62634676036603145943457398550134      
   3.33129478793469579587899033329322212E-0002   1.00000000000000000000000000000000002E-0002   0.00000000000000000000000000000000000        0.668614458809231706125433871573613450        0.321385541190768293874566128426386542        0.724999999999999999999999999999999981        0.275000000000000000000000000000000019        0.512000024318695068359375000000000000        0.425000011920928955078125000000000000         6.30000010132789611816406250000000000E-0002  0.870056494511586616800702331296776776        0.129943505488413383199297668703223248         0.00000000000000000000000000000000000        0.683022559859958444886526535977552353        0.167811590859605266884724425470909642        0.129098359310438402074632433326122454         700.000000000000000000000000000000000        0.300000011920928955078125000000000000        -1.00000000000000000000000000000000000         4.50000000000000000000000000000000000         50.0000000000000000000000000000000000         32.8457434601144908535247054155835537        0.357226849458585604750662688784812117         18.5237470573829025440258972538490077        0.357226849458585604750662688784812117        0.357226849458585604750662688784812117         98.0715195022261558628902014555980374        -77.3169508219091837593669967414716118         21.0130070912101171582698491782966370         2032.01197373658836638680163928114140      
   3.48910121340679723117689330325258897E-0002   1.00000000000000000000000000000000002E-0002   0.00000000000000000000000000000000000        0.668614458809231706125433871573613450        0.321385541190768293874566128426386542        0.724999999999999999999999999999999981        0.275000000000000000000000000000000019        0.512000024318695068359375000000000000        0.425000011920928955078125000000000000         6.30000010132789611816406250000000000E-0002  0.870056494511586616800702331296776776        0.129943505488413383199297668703223248         0.00000000000000000000000000000000000        0.683022559859958444886526535977552353        0.167811590859605266884724425470909642        0.129098359310438402074632433326122454         700.000000000000000000000000000000000        0.300000011920928955078125000000000000        -1.00000000000000000000000000000000000         4.50000000000000000000000000000000000         50.0000000000000000000000000000000000         33.3733826299689089864655685522702300        0.362618935875171626571188797987381011         19.5004177063358275464387483923231186        0.362618935875171626571188797987381011        0.362618935875171626571188797987381011         98.1404555464606581383865983394923269        -71.1418859459900401682408404600218737         21.7334296617918897695456358784075244         2054.10645092770860803404548064943913      
   3.65438307095728310329776802679418081E-0002   1.00000000000000000000000000000000002E-0002   0.00000000000000000000000000000000000        0.668614458809231706125433871573613450        0.321385541190768293874566128426386542        0.724999999999999999999999999999999981        0.275000000000000000000000000000000019        0.512000024318695068359375000000000000        0.425000011920928955078125000000000000         6.30000010132789611816406250000000000E-0002  0.870056494511586616800702331296776776        0.129943505488413383199297668703223248         0.00000000000000000000000000000000000        0.683022559859958444886526535977552353        0.167811590859605266884724425470909642        0.129098359310438402074632433326122454         700.000000000000000000000000000000000        0.300000011920928955078125000000000000        -1.00000000000000000000000000000000000         4.50000000000000000000000000000000000         50.0000000000000000000000000000000000         33.9094255497104608799761584919451628        0.368119995726301092252805541278711963         20.4538082596382016053863561841569693        0.368119995726301092252805541278711963        0.368119995726301092252805541278711963         98.2002373785192968044172955570338063        -65.7853888100849428574580434208278473         22.4817880825199046786389166972274357         2079.57708112557284681625410145759569      
   3.82749447851634135913727803832376407E-0002   1.00000000000000000000000000000000002E-0002   0.00000000000000000000000000000000000        0.668614458809231706125433871573613450        0.321385541190768293874566128426386542        0.724999999999999999999999999999999981        0.275000000000000000000000000000000019        0.512000024318695068359375000000000000        0.425000011920928955078125000000000000         6.30000010132789611816406250000000000E-0002  0.870056494511586616800702331296776776        0.129943505488413383199297668703223248         0.00000000000000000000000000000000000        0.683022559859958444886526535977552353        0.167811590859605266884724425470909642        0.129098359310438402074632433326122454         700.000000000000000000000000000000000        0.300000011920928955078125000000000000        -1.00000000000000000000000000000000000         4.50000000000000000000000000000000000         50.0000000000000000000000000000000000         34.4539992620842110319389287426346200        0.373671356998813339181641142435333703         21.4012985569645900680412596492724188        0.373671356998813339181641142435333703        0.373671356998813339181641142435333703         98.2539781125701362068804263948421646        -60.9902276274347923999293451503706699         23.2460988495015865108766681404689105         2109.83600293585412039881443243609612      
   4.00880632889849649039141805889355062E-0002   1.00000000000000000000000000000000002E-0002   0.00000000000000000000000000000000000        0.668614458809231706125433871573613450        0.321385541190768293874566128426386542        0.724999999999999999999999999999999981        0.275000000000000000000000000000000019        0.512000024318695068359375000000000000        0.425000011920928955078125000000000000         6.30000010132789611816406250000000000E-0002  0.870056494511586616800702331296776776        0.129943505488413383199297668703223248         0.00000000000000000000000000000000000        0.683022559859958444886526535977552353        0.167811590859605266884724425470909642        0.129098359310438402074632433326122454         700.000000000000000000000000000000000        0.300000011920928955078125000000000000        -1.00000000000000000000000000000000000         4.50000000000000000000000000000000000         50.0000000000000000000000000000000000         35.0072324084014971001555927508208390        0.379281884860242304172597756347659676         22.3759352511521850792269135117518446        0.379281884860242304172597756347659676        0.379281884860242304172597756347659676         98.3049562818130148845274558018728353        -56.4503651600390617701023298804947031         24.0457439611110595419093006176637149         2139.54269912332094049348842330971779      
   4.19870708444394372159300809145208468E-0002   1.00000000000000000000000000000000002E-0002   0.00000000000000000000000000000000000        0.668614458809231706125433871573613450        0.321385541190768293874566128426386542        0.724999999999999999999999999999999981        0.275000000000000000000000000000000019        0.512000024318695068359375000000000000        0.425000011920928955078125000000000000         6.30000010132789611816406250000000000E-0002  0.870056494511586616800702331296776776        0.129943505488413383199297668703223248         0.00000000000000000000000000000000000        0.683022559859958444886526535977552353        0.167811590859605266884724425470909642        0.129098359310438402074632433326122454         700.000000000000000000000000000000000        0.300000011920928955078125000000000000        -1.00000000000000000000000000000000000         4.50000000000000000000000000000000000         50.0000000000000000000000000000000000         35.5692552175275348646750930884018031        0.384993236052230790548236689561930358         23.2813113073640320968210436677152379        0.384993236052230790548236689561930358        0.384993236052230790548236689561930358         98.3463421326682105984884220588636305        -52.7802912298876617868577687160335260         24.8800336292725400329966550197213250         2166.28197648052034655239554394369691      
   4.39760360930275675433071206856609502E-0002   1.00000000000000000000000000000000002E-0002   0.00000000000000000000000000000000000        0.668614458809231706125433871573613450        0.321385541190768293874566128426386542        0.724999999999999999999999999999999981        0.275000000000000000000000000000000019        0.512000024318695068359375000000000000        0.425000011920928955078125000000000000         6.30000010132789611816406250000000000E-0002  0.870056494511586616800702331296776776        0.129943505488413383199297668703223248         0.00000000000000000000000000000000000        0.683022559859958444886526535977552353        0.167811590859605266884724425470909642        0.129098359310438402074632433326122454         700.000000000000000000000000000000000        0.300000011920928955078125000000000000        -1.00000000000000000000000000000000000         4.50000000000000000000000000000000000         50.0000000000000000000000000000000000         36.1401993792379566431220484257794276        0.390786270000622461873944582909807407         24.1519076724417632505561283664349385        0.390786270000622461873944582909807407        0.390786270000622461873944582909807407         98.3819652041543520738054615350178762        -49.6370384873377351235862259671685199         25.7457857558007233153419718379392102         2191.15748716107495624814608309193197      
   4.60592204114514578978097464129404699E-0002   1.00000000000000000000000000000000002E-0002   0.00000000000000000000000000000000000        0.668614458809231706125433871573613450        0.321385541190768293874566128426386542        0.724999999999999999999999999999999981        0.275000000000000000000000000000000019        0.512000024318695068359375000000000000        0.425000011920928955078125000000000000         6.30000010132789611816406250000000000E-0002  0.870056494511586616800702331296776776        0.129943505488413383199297668703223248         0.00000000000000000000000000000000000        0.683022559859958444886526535977552353        0.167811590859605266884724425470909642        0.129098359310438402074632433326122454         700.000000000000000000000000000000000        0.300000011920928955078125000000000000        -1.00000000000000000000000000000000000         4.50000000000000000000000000000000000         50.0000000000000000000000000000000000         36.7201981364524839298345051150783923        0.396665230197620825823793103918645471         25.0075027161627747996740974005579007        0.396665230197620825823793103918645471        0.396665230197620825823793103918645471         98.4138151070108678478178946533303092        -46.8367255748395646557611909167218809         26.6437125396627900342035008561691076         2215.92943433536244292315832078433351      
   4.82410870416541323423097474256259733E-0002   1.00000000000000000000000000000000002E-0002   0.00000000000000000000000000000000000        0.668614458809231706125433871573613450        0.321385541190768293874566128426386542        0.724999999999999999999999999999999981        0.275000000000000000000000000000000019        0.512000024318695068359375000000000000        0.425000011920928955078125000000000000         6.30000010132789611816406250000000000E-0002  0.870056494511586616800702331296776776        0.129943505488413383199297668703223248         0.00000000000000000000000000000000000        0.683022559859958444886526535977552353        0.167811590859605266884724425470909642        0.129098359310438402074632433326122454         700.000000000000000000000000000000000        0.300000011920928955078125000000000000        -1.00000000000000000000000000000000000         4.50000000000000000000000000000000000         50.0000000000000000000000000000000000         37.3093862352973879070499971747162096        0.402631670448378241664728093184166251         25.8830230567396516200166186381463209        0.402631670448378241664728093184166251        0.402631670448378241664728093184166251         98.4444179122131661962704375444808768        -44.1461692998895593559272926548503109         27.5750892990083118681423351291280978         2240.82164641615633381276914137345227      
   5.05263106533572662690193201580239323E-0002   1.00000000000000000000000000000000002E-0002   0.00000000000000000000000000000000000        0.668614458809231706125433871573613450        0.321385541190768293874566128426386542        0.724999999999999999999999999999999981        0.275000000000000000000000000000000019        0.512000024318695068359375000000000000        0.425000011920928955078125000000000000         6.30000010132789611816406250000000000E-0002  0.870056494511586616800702331296776776        0.129943505488413383199297668703223248         0.00000000000000000000000000000000000        0.683022559859958444886526535977552353        0.167811590859605266884724425470909642        0.129098359310438402074632433326122454         700.000000000000000000000000000000000        0.300000011920928955078125000000000000        -1.00000000000000000000000000000000000         4.50000000000000000000000000000000000         50.0000000000000000000000000000000000         37.9078998958927703512185016177564638        0.408667036405406218494859290221851582         26.7808067432978164979431690577145346        0.408667036405406218494859290221851582        0.408667036405406218494859290221851582         98.4740301503139761911508606820334200        -41.5487601223201687137473649074395895         28.5308263232876163772040052995713159         2265.95414264959757066011406982512605      
   5.29197873595849146847521071145970371E-0002   1.00000000000000000000000000000000002E-0002   0.00000000000000000000000000000000000        0.668614458809231706125433871573613450        0.321385541190768293874566128426386542        0.724999999999999999999999999999999981        0.275000000000000000000000000000000019        0.512000024318695068359375000000000000        0.425000011920928955078125000000000000         6.30000010132789611816406250000000000E-0002  0.870056494511586616800702331296776776        0.129943505488413383199297668703223248         0.00000000000000000000000000000000000        0.683022559859958444886526535977552353        0.167811590859605266884724425470909642        0.129098359310438402074632433326122454         700.000000000000000000000000000000000        0.300000011920928955078125000000000000        -1.00000000000000000000000000000000000         4.50000000000000000000000000000000000         50.0000000000000000000000000000000000         38.5158769266755128872721700617806968        0.418253485085418433453044664109856664         27.5925483754522499568054068003773062        0.414815002036095373463225269053522612        0.414815002036095373463225269053522612         98.4841795712587451929444526811434447        -39.5879655716802793256630464559149738         29.5441199157862968760477119151945665         2291.80509965548286679911542523256696      
   5.54266452066315930392335611285580509E-0002   1.00000000000000000000000000000000002E-0002   0.00000000000000000000000000000000000        0.668614458809231706125433871573613450        0.321385541190768293874566128426386542        0.724999999999999999999999999999999981        0.275000000000000000000000000000000019        0.512000024318695068359375000000000000        0.425000011920928955078125000000000000         6.30000010132789611816406250000000000E-0002  0.870056494511586616800702331296776776        0.129943505488413383199297668703223248         0.00000000000000000000000000000000000        0.683022559859958444886526535977552353        0.167811590859605266884724425470909642        0.129098359310438402074632433326122454         700.000000000000000000000000000000000        0.300000011920928955078125000000000000        -1.00000000000000000000000000000000000         4.50000000000000000000000000000000000         50.0000000000000000000000000000000000         39.1334564867548277167610043023906800        0.437398510121212229519614855396888300         29.4625382169812199152328239953818146        0.421048165254746772013787370201856444        0.421048165254746772013787370201856444         98.5154079159781610978522945854304425        -32.8244572770706310881496705506416265         30.5844370834851127704893116094717183         2318.11220289513298027910495775739904      
   5.80522551609495656082146517268962107E-0002   1.00000000000000000000000000000000002E-0002   0.00000000000000000000000000000000000        0.668614458809231706125433871573613450        0.321385541190768293874566128426386542        0.724999999999999999999999999999999981        0.275000000000000000000000000000000019        0.512000024318695068359375000000000000        0.425000011920928955078125000000000000         6.30000010132789611816406250000000000E-0002  0.870056494511586616800702331296776776        0.129943505488413383199297668703223248         0.00000000000000000000000000000000000        0.683022559859958444886526535977552353        0.167811590859605266884724425470909642        0.129098359310438402074632433326122454         700.000000000000000000000000000000000        0.300000011920928955078125000000000000        -1.00000000000000000000000000000000000         4.50000000000000000000000000000000000         50.0000000000000000000000000000000000         39.7607792123657832703760924983403381        0.456436226859854922820905302145426780         30.3353708765882704145687555605531067        0.427365396624326523016325812350544670        0.427365396624326523016325812350544670         98.4953662550665707982628719582175400        -31.0706876606928126639872110119649176         31.6662280371630788488038029094009864         2344.98376107530245114724831820191848      
   6.08022426164948505065581588806303073E-0002   1.00000000000000000000000000000000002E-0002   0.00000000000000000000000000000000000        0.668614458809231706125433871573613450        0.321385541190768293874566128426386542        0.724999999999999999999999999999999981        0.275000000000000000000000000000000019        0.512000024318695068359375000000000000        0.425000011920928955078125000000000000         6.30000010132789611816406250000000000E-0002  0.870056494511586616800702331296776776        0.129943505488413383199297668703223248         0.00000000000000000000000000000000000        0.683022559859958444886526535977552353        0.167811590859605266884724425470909642        0.129098359310438402074632433326122454         700.000000000000000000000000000000000        0.300000011920928955078125000000000000        -1.00000000000000000000000000000000000         4.50000000000000000000000000000000000         50.0000000000000000000000000000000000         40.3979871597225462764870187696704826        0.476564535458337613236811126551462096         31.1825223658824104770571266373575597        0.433767346887830169269211033561950943        0.433767346887830169269211033561950943         98.4716934381813865941445236578289056        -29.5533013195975763465775712179806385         32.7859489873675863312966255543679886         2372.42661720201066162264063924318957      
   6.36824994471865380888821842690214039E-0002   1.00000000000000000000000000000000002E-0002   0.00000000000000000000000000000000000        0.668614458809231706125433871573613450        0.321385541190768293874566128426386542        0.724999999999999999999999999999999981        0.275000000000000000000000000000000019        0.512000024318695068359375000000000000        0.425000011920928955078125000000000000         6.30000010132789611816406250000000000E-0002  0.870056494511586616800702331296776776        0.129943505488413383199297668703223248         0.00000000000000000000000000000000000        0.683022559859958444886526535977552353        0.167811590859605266884724425470909642        0.129098359310438402074632433326122454         700.000000000000000000000000000000000        0.300000011920928955078125000000000000        -1.00000000000000000000000000000000000         4.50000000000000000000000000000000000         50.0000000000000000000000000000000000         41.0452237332903051825552638436341418        0.498996645515046144569265694417935780         32.0009200202249509308261548919931247        0.440240240793903948950355480928470699        0.440240240793903948950355480928470699         98.4406803141919841577683331590034312        -28.2626365346660342291257811809346222         33.9603718115264259708993116470523491         2400.70128173520534124141991719645224      
   6.66991966303019298825804335972346273E-0002   1.00000000000000000000000000000000002E-0002   0.00000000000000000000000000000000000        0.668614458809231706125433871573613450        0.321385541190768293874566128426386542        0.724999999999999999999999999999999981        0.275000000000000000000000000000000019        0.512000024318695068359375000000000000        0.425000011920928955078125000000000000         6.30000010132789611816406250000000000E-0002  0.870056494511586616800702331296776776        0.129943505488413383199297668703223248         0.00000000000000000000000000000000000        0.683022559859958444886526535977552353        0.167811590859605266884724425470909642        0.129098359310438402074632433326122454         700.000000000000000000000000000000000        0.300000011920928955078125000000000000        -1.00000000000000000000000000000000000         4.50000000000000000000000000000000000         50.0000000000000000000000000000000000         41.7026336797181912491369441662372113        0.520535660449846388295963160488325790         32.8388357503560698948364970663136462        0.446780745306325184771086890700868317        0.446780745306325184771086890700868317         98.4148778464406971385678478773399443        -26.9918154125363948858831493496882493         35.1781601436021955278212510881450219         2429.90439957521974324257380575167262      
   6.98587974678532405490532339768403819E-0002   1.00000000000000000000000000000000002E-0002   0.00000000000000000000000000000000000        0.668614458809231706125433871573613450        0.321385541190768293874566128426386542        0.724999999999999999999999999999999981        0.275000000000000000000000000000000019        0.512000024318695068359375000000000000        0.425000011920928955078125000000000000         6.30000010132789611816406250000000000E-0002  0.870056494511586616800702331296776776        0.129943505488413383199297668703223248         0.00000000000000000000000000000000000        0.683022559859958444886526535977552353        0.167811590859605266884724425470909642        0.129098359310438402074632433326122454         700.000000000000000000000000000000000        0.300000011920928955078125000000000000        -1.00000000000000000000000000000000000         4.50000000000000000000000000000000000         50.0000000000000000000000000000000000         42.3703632005984152064840493319206651        0.544464165572227897039348548620523138         33.6951026282586404965079879033106117        0.453426983996437566859397328072873260        0.453426983996437566859397328072873260         98.3841445103194043894455442140727348        -25.7463545015714092243793786778979951         36.4556073611047981398339085262860162         2459.76363006933968892455644146538694      
   7.31680714342727864769909562452151975E-0002   1.00000000000000000000000000000000002E-0002   0.00000000000000000000000000000000000        0.668614458809231706125433871573613450        0.321385541190768293874566128426386542        0.724999999999999999999999999999999981        0.275000000000000000000000000000000019        0.512000024318695068359375000000000000        0.425000011920928955078125000000000000         6.30000010132789611816406250000000000E-0002  0.870056494511586616800702331296776776        0.129943505488413383199297668703223248         0.00000000000000000000000000000000000        0.683022559859958444886526535977552353        0.167811590859605266884724425470909642        0.129098359310438402074632433326122454         700.000000000000000000000000000000000        0.300000011920928955078125000000000000        -1.00000000000000000000000000000000000         4.50000000000000000000000000000000000         50.0000000000000000000000000000000000         43.0485595058814330004345161516094970        0.568830608055218215655663988716584919         34.5715526603567825628694855778238638        0.460142701260077858664662759335898293        0.460142701260077858664662759335898293         98.3546281139189430444522881285515927        -24.5201797235020878924195702644708016         37.7637394099468447661686911872796509         2490.10746355398486643048551987616888      
   7.66341086800754564190942258342304675E-0002   1.00000000000000000000000000000000002E-0002   0.00000000000000000000000000000000000        0.668614458809231706125433871573613450        0.321385541190768293874566128426386542        0.724999999999999999999999999999999981        0.275000000000000000000000000000000019        0.512000024318695068359375000000000000        0.425000011920928955078125000000000000         6.30000010132789611816406250000000000E-0002  0.870056494511586616800702331296776776        0.129943505488413383199297668703223248         0.00000000000000000000000000000000000        0.683022559859958444886526535977552353        0.167811590859605266884724425470909642        0.129098359310438402074632433326122454         700.000000000000000000000000000000000        0.300000011920928955078125000000000000        -1.00000000000000000000000000000000000         4.50000000000000000000000000000000000         50.0000000000000000000000000000000000         43.7373712237649266931531267897051116        0.593772400938214888419478362166061198         35.4094018211907912157651591670051995        0.466962007794918088276363193947028493        0.466962007794918088276363193947028493         98.3231221924148088452863942845602109        -23.5190909031122181461519100222474484         39.1324114907721008196820850367212264         2521.15494226302186838226404718091157      
   8.02643352225726970636277878857272017E-0002   1.00000000000000000000000000000000002E-0002   0.00000000000000000000000000000000000        0.668614458809231706125433871573613450        0.321385541190768293874566128426386542        0.724999999999999999999999999999999981        0.275000000000000000000000000000000019        0.512000024318695068359375000000000000        0.425000011920928955078125000000000000         6.30000010132789611816406250000000000E-0002  0.870056494511586616800702331296776776        0.129943505488413383199297668703223248         0.00000000000000000000000000000000000        0.683022559859958444886526535977552353        0.167811590859605266884724425470909642        0.129098359310438402074632433326122454         700.000000000000000000000000000000000        0.300000011920928955078125000000000000        -1.00000000000000000000000000000000000         4.50000000000000000000000000000000000         50.0000000000000000000000000000000000         44.4369477971794220488802842920465853        0.621050768605513177979624302894968110         36.2839182338033095951822693054478832        0.473835655953353125057975671785300367        0.473835655953353125057975671785300367         98.2883580416987006997111036933117359        -22.4700913248682109442982382645999736         40.5676537266558088886175242398058942         2553.32364025485460550366527316604763      
   8.40665288561842607476714319551580939E-0002   1.00000000000000000000000000000000002E-0002   0.00000000000000000000000000000000000        0.668614458809231706125433871573613450        0.321385541190768293874566128426386542        0.724999999999999999999999999999999981        0.275000000000000000000000000000000019        0.512000024318695068359375000000000000        0.425000011920928955078125000000000000         6.30000010132789611816406250000000000E-0002  0.870056494511586616800702331296776776        0.129943505488413383199297668703223248         0.00000000000000000000000000000000000        0.683022559859958444886526535977552353        0.167811590859605266884724425470909642        0.129098359310438402074632433326122454         700.000000000000000000000000000000000        0.300000011920928955078125000000000000        -1.00000000000000000000000000000000000         4.50000000000000000000000000000000000         50.0000000000000000000000000000000000         45.1474395509551535581554111259632354        0.648786013848870269170050303530502304         37.0731941646757079986398435015874077        0.480708939739768764163969066834424456        0.480708939739768764163969066834424456         98.2499862003607710343482908836465853        -21.7792007627246589734177383901456139         42.0914078091277272382602506962990999         2587.11256928109597588661080770289986      
   8.80488358164357074743307360856496004E-0002   1.00000000000000000000000000000000002E-0002   0.00000000000000000000000000000000000        0.668614458809231706125433871573613450        0.321385541190768293874566128426386542        0.724999999999999999999999999999999981        0.275000000000000000000000000000000019        0.512000024318695068359375000000000000        0.425000011920928955078125000000000000         6.30000010132789611816406250000000000E-0002  0.870056494511586616800702331296776776        0.129943505488413383199297668703223248         0.00000000000000000000000000000000000        0.683022559859958444886526535977552353        0.167811590859605266884724425470909642        0.129098359310438402074632433326122454         700.000000000000000000000000000000000        0.300000011920928955078125000000000000        -1.00000000000000000000000000000000000         4.50000000000000000000000000000000000         50.0000000000000000000000000000000000         45.8689980939321117624809665646271983        0.677222387455603786864956133066323335         37.8799951287076249751201765144539854        0.487608341897646418722866912042220446        0.487608341897646418722866912042220446         98.2121898771249683674780706711374930        -21.0902956509885182264211163406969902         43.6899860563652889265589093095034137         2622.06735253639405874933952938081503      
   9.22197882333444321945314637778022181E-0002   1.00000000000000000000000000000000002E-0002   0.00000000000000000000000000000000000        0.668614458809231706125433871573613450        0.321385541190768293874566128426386542        0.724999999999999999999999999999999981        0.275000000000000000000000000000000019        0.512000024318695068359375000000000000        0.425000011920928955078125000000000000         6.30000010132789611816406250000000000E-0002  0.870056494511586616800702331296776776        0.129943505488413383199297668703223248         0.00000000000000000000000000000000000        0.683022559859958444886526535977552353        0.167811590859605266884724425470909642        0.129098359310438402074632433326122454         700.000000000000000000000000000000000        0.300000011920928955078125000000000000        -1.00000000000000000000000000000000000         4.50000000000000000000000000000000000         50.0000000000000000000000000000000000         46.6017766049718101194320592436656213        0.707856178210909691185967677909098126         38.7601531601690692853958507185241971        0.523167386972435834756521919067482705        0.494683799292054258037957732254782248         98.1737528866673289785269419739786733        -20.2311466943866332722525876870839502         45.3355423763182212390906859957897560         2657.18126735467718767938792024776861      
   9.65883224115882606340667665118364882E-0002   1.00000000000000000000000000000000002E-0002   0.00000000000000000000000000000000000        0.668614458809231706125433871573613450        0.321385541190768293874566128426386542        0.724999999999999999999999999999999981        0.275000000000000000000000000000000019        0.512000024318695068359375000000000000        0.425000011920928955078125000000000000         6.30000010132789611816406250000000000E-0002  0.870056494511586616800702331296776776        0.129943505488413383199297668703223248         0.00000000000000000000000000000000000        0.683022559859958444886526535977552353        0.167811590859605266884724425470909642        0.129098359310438402074632433326122454         700.000000000000000000000000000000000        0.300000011920928955078125000000000000        -1.00000000000000000000000000000000000         4.50000000000000000000000000000000000         50.0000000000000000000000000000000000         47.3459272758092056310338516899743067        0.737996977860295232353631649553198322         39.5799018429073773974428301097440915        0.569176680341333453084693968262825097        0.501781998278572911651303695069997425         98.1354249417055022222601324478382970        -19.6211336342499828422686776450887076         47.0585694828167060376640949515495170         2693.35760131935615624417354986986830      
  0.101163797976622046355106172347094973         1.00000000000000000000000000000000002E-0002   0.00000000000000000000000000000000000        0.668614458809231706125433871573613450        0.321385541190768293874566128426386542        0.724999999999999999999999999999999981        0.275000000000000000000000000000000019        0.512000024318695068359375000000000000        0.425000011920928955078125000000000000         6.30000010132789611816406250000000000E-0002  0.870056494511586616800702331296776776        0.129943505488413383199297668703223248         0.00000000000000000000000000000000000        0.683022559859958444886526535977552353        0.167811590859605266884724425470909642        0.129098359310438402074632433326122454         700.000000000000000000000000000000000        0.300000011920928955078125000000000000        -1.00000000000000000000000000000000000         4.50000000000000000000000000000000000         50.0000000000000000000000000000000000         48.1016041724330999986945467864896494        0.772871156013969529008658456330257177         40.4179324320819342321076703887792650        0.618636747005316538645413491184840019        0.508980934055324161150039039741670939         98.0878013557158128713131524688912605        -19.0105512033866760397550907368915448         48.8528807885833410037878509005681018         2730.32942453200276768478570039993271      
  0.105956017927763003456833559312410793         1.00000000000000000000000000000000002E-0002   0.00000000000000000000000000000000000        0.668614458809231706125433871573613450        0.321385541190768293874566128426386542        0.724999999999999999999999999999999981        0.275000000000000000000000000000000019        0.512000024318695068359375000000000000        0.425000011920928955078125000000000000         6.30000010132789611816406250000000000E-0002  0.870056494511586616800702331296776776        0.129943505488413383199297668703223248         0.00000000000000000000000000000000000        0.683022559859958444886526535977552353        0.167811590859605266884724425470909642        0.129098359310438402074632433326122454         700.000000000000000000000000000000000        0.300000011920928955078125000000000000        -1.00000000000000000000000000000000000         4.50000000000000000000000000000000000         50.0000000000000000000000000000000000         48.8689610721648266158695774700806275        0.805974013766726062706976492544894129         41.2356604843804295220725677244141428        0.676631261813520751530870030033086840        0.516259189817635866488519625700208620         98.0454441512534538132779612513568809        -18.5114061424475042000891083875248672         50.7142120065660612919434997160854280         2767.88521671306421834832855359114480      
  0.110975249641208698343586493910800654         1.00000000000000000000000000000000002E-0002   0.00000000000000000000000000000000000        0.668614458809231706125433871573613450        0.321385541190768293874566128426386542        0.724999999999999999999999999999999981        0.275000000000000000000000000000000019        0.512000024318695068359375000000000000        0.425000011920928955078125000000000000         6.30000010132789611816406250000000000E-0002  0.870056494511586616800702331296776776        0.129943505488413383199297668703223248         0.00000000000000000000000000000000000        0.683022559859958444886526535977552353        0.167811590859605266884724425470909642        0.129098359310438402074632433326122454         700.000000000000000000000000000000000        0.300000011920928955078125000000000000        -1.00000000000000000000000000000000000         4.50000000000000000000000000000000000         50.0000000000000000000000000000000000         49.6481523943882850717533265227495969        0.841832250349745029889760175444822255         42.0472208818668401018763913648792684        0.742436423138418934964307762979543383        0.523655205270620036267784906992317008         97.9978884865782149422453863678570073        -18.0771317416590549830760129304100591         52.6543040458952096657400592343300201         2806.24235066127218128083898919754136      
  0.116232246867986863621532357708454707         1.00000000000000000000000000000000002E-0002   0.00000000000000000000000000000000000        0.668614458809231706125433871573613450        0.321385541190768293874566128426386542        0.724999999999999999999999999999999981        0.275000000000000000000000000000000019        0.512000024318695068359375000000000000        0.425000011920928955078125000000000000         6.30000010132789611816406250000000000E-0002  0.870056494511586616800702331296776776        0.129943505488413383199297668703223248         0.00000000000000000000000000000000000        0.683022559859958444886526535977552353        0.167811590859605266884724425470909642        0.129098359310438402074632433326122454         700.000000000000000000000000000000000        0.300000011920928955078125000000000000        -1.00000000000000000000000000000000000         4.50000000000000000000000000000000000         50.0000000000000000000000000000000000         50.4393317236513144393408705754848665        0.879006747877095804081116759674794843         43.1730005385303754126459291274842330        0.815984307449109323814906806779142798        0.531127091209709288924126190758545035         97.9639896766206616029783908886684485        -16.8307300731530011327797179593418642         54.6618189809292548534852244334732002         2845.14507349032697232270494567336889      
  0.121738272773967847946541636711935559         1.00000000000000000000000000000000002E-0002   0.00000000000000000000000000000000000        0.668614458809231706125433871573613450        0.321385541190768293874566128426386542        0.724999999999999999999999999999999981        0.275000000000000000000000000000000019        0.512000024318695068359375000000000000        0.425000011920928955078125000000000000         6.30000010132789611816406250000000000E-0002  0.870056494511586616800702331296776776        0.129943505488413383199297668703223248         0.00000000000000000000000000000000000        0.683022559859958444886526535977552353        0.167811590859605266884724425470909642        0.129098359310438402074632433326122454         700.000000000000000000000000000000000        0.300000011920928955078125000000000000        -1.00000000000000000000000000000000000         4.50000000000000000000000000000000000         50.0000000000000000000000000000000000         51.2426530731324876942705273968722257        0.920146881436096010577838977748694553         44.1495243716128673906093348952382823        0.901939707698015038607147794793964259        0.538715636184445664696857043594615572         97.9158396505224201853998239544891885        -16.0661497546740040074900445261883469         56.7595896514411738626312678418010618         2884.85060825029450685894725383671378      
  0.127505124071303144618257819009567858         1.00000000000000000000000000000000002E-0002   0.00000000000000000000000000000000000        0.668614458809231706125433871573613450        0.321385541190768293874566128426386542        0.724999999999999999999999999999999981        0.275000000000000000000000000000000019        0.512000024318695068359375000000000000        0.425000011920928955078125000000000000         6.30000010132789611816406250000000000E-0002  0.870056494511586616800702331296776776        0.129943505488413383199297668703223248         0.00000000000000000000000000000000000        0.683022559859958444886526535977552353        0.167811590859605266884724425470909642        0.129098359310438402074632433326122454         700.000000000000000000000000000000000        0.300000011920928955078125000000000000        -1.00000000000000000000000000000000000         4.50000000000000000000000000000000000         50.0000000000000000000000000000000000         52.0582687503400155293151281547006381        0.958092771932442820576168560545614924         45.1966534736883702191861712660770473         1.00166841221031465389255158311154284        0.546381023055828465567717091676006510         97.8801687773405503045476094149336618        -15.1816887961543326667944048624263783         58.9400735844231682751888163017346104         2925.36780695390681582535703495012533      
  0.133545156292991832326932402316673282         1.00000000000000000000000000000000002E-0002   0.00000000000000000000000000000000000        0.668614458809231706125433871573613450        0.321385541190768293874566128426386542        0.724999999999999999999999999999999981        0.275000000000000000000000000000000019        0.512000024318695068359375000000000000        0.425000011920928955078125000000000000         6.30000010132789611816406250000000000E-0002  0.870056494511586616800702331296776776        0.129943505488413383199297668703223248         0.00000000000000000000000000000000000        0.683022559859958444886526535977552353        0.167811590859605266884724425470909642        0.129098359310438402074632433326122454         700.000000000000000000000000000000000        0.300000011920928955078125000000000000        -1.00000000000000000000000000000000000         4.50000000000000000000000000000000000         50.0000000000000000000000000000000000         52.8863306622597214480532688204267265        0.982874121990652507465504382071856880         46.1912368613805075963884315652185105         1.11467774797681422842780075742995065        0.554144354162836305516093039241748831         97.8721632310036446180784007406331002        -14.4942942770100116737333462004296589         61.2151762232492291080045514096390061         2966.85611528588966485648383825159051      
  0.139871310264725923734212542400487802         1.00000000000000000000000000000000002E-0002   0.00000000000000000000000000000000000        0.668614458809231706125433871573613450        0.321385541190768293874566128426386542        0.724999999999999999999999999999999981        0.275000000000000000000000000000000019        0.512000024318695068359375000000000000        0.425000011920928955078125000000000000         6.30000010132789611816406250000000000E-0002  0.870056494511586616800702331296776776        0.129943505488413383199297668703223248         0.00000000000000000000000000000000000        0.683022559859958444886526535977552353        0.167811590859605266884724425470909642        0.129098359310438402074632433326122454         700.000000000000000000000000000000000        0.300000011920928955078125000000000000        -1.00000000000000000000000000000000000         4.50000000000000000000000000000000000         50.0000000000000000000000000000000000         53.7269860939905970688022381323634448         1.04458015539177611451344345329821490         47.1835499640265716041752311198436408         1.24853893246906100771865471440758848        0.561869684181704695459200943513443701         97.7861348792361335708916084296928423        -13.8680453991970439829297008330534885         63.6465008637810281188859038364999225         3010.47859792679136477820248370981189      
  0.146497139830730798859885014704254904         1.00000000000000000000000000000000002E-0002   0.00000000000000000000000000000000000        0.668614458809231706125433871573613450        0.321385541190768293874566128426386542        0.724999999999999999999999999999999981        0.275000000000000000000000000000000019        0.512000024318695068359375000000000000        0.425000011920928955078125000000000000         6.30000010132789611816406250000000000E-0002  0.870056494511586616800702331296776776        0.129943505488413383199297668703223248         0.00000000000000000000000000000000000        0.683022559859958444886526535977552353        0.167811590859605266884724425470909642        0.129098359310438402074632433326122454         700.000000000000000000000000000000000        0.300000011920928955078125000000000000        -1.00000000000000000000000000000000000         4.50000000000000000000000000000000000         50.0000000000000000000000000000000000         54.5803835433719894622885114870283080         1.09178514557459836318354729695499361         48.1733209151952945077811607404496877         1.41098531538579776628754284208868204        0.569645929643282711858813936220702507         97.7336311368348762939593086589170338        -13.3000227230664459591690484967196847         66.1937397915065086176743404318594120         3054.96010875652764292381279993556227      
  0.153436840893003596478571043987610540         1.00000000000000000000000000000000002E-0002   0.00000000000000000000000000000000000        0.668614458809231706125433871573613450        0.321385541190768293874566128426386542        0.724999999999999999999999999999999981        0.275000000000000000000000000000000019        0.512000024318695068359375000000000000        0.425000011920928955078125000000000000         6.30000010132789611816406250000000000E-0002  0.870056494511586616800702331296776776        0.129943505488413383199297668703223248         0.00000000000000000000000000000000000        0.683022559859958444886526535977552353        0.167811590859605266884724425470909642        0.129098359310438402074632433326122454         700.000000000000000000000000000000000        0.300000011920928955078125000000000000        -1.00000000000000000000000000000000000         4.50000000000000000000000000000000000         50.0000000000000000000000000000000000         55.4466661567215938677873262590292955         1.13074743582756575334505346387615369         49.1805612212471844208398454860166731         1.59641012415526717997805362068690248        0.577443339486426508420173857319709110         97.7008244563523693881163066703884424        -12.7410195814668774446150409184684775         68.8909607725019799555016904467379981         3101.15736056563193506481685942490170      
  0.160705281826166404175411117660175785         1.00000000000000000000000000000000002E-0002   0.00000000000000000000000000000000000        0.668614458809231706125433871573613450        0.321385541190768293874566128426386542        0.724999999999999999999999999999999981        0.275000000000000000000000000000000019        0.512000024318695068359375000000000000        0.425000011920928955078125000000000000         6.30000010132789611816406250000000000E-0002  0.870056494511586616800702331296776776        0.129943505488413383199297668703223248         0.00000000000000000000000000000000000        0.683022559859958444886526535977552353        0.167811590859605266884724425470909642        0.129098359310438402074632433326122454         700.000000000000000000000000000000000        0.300000011920928955078125000000000000        -1.00000000000000000000000000000000000         4.50000000000000000000000000000000000         50.0000000000000000000000000000000000         56.3259772182260278823757184038588353         1.18039845307265041740236018401616859         50.1896470444282865857856345812973878         1.81363999812564454139071110558540987        0.585390728979262829124166142230019025         97.6481236219339178854719460621893462        -12.2262867646106607882874353574304247         71.6426347559937736824908675353323096         3147.59444263802744235286539567050819      
  0.168318035333098355319523878900328206         1.00000000000000000000000000000000002E-0002   0.00000000000000000000000000000000000        0.668614458809231706125433871573613450        0.321385541190768293874566128426386542        0.724999999999999999999999999999999981        0.275000000000000000000000000000000019        0.512000024318695068359375000000000000        0.425000011920928955078125000000000000         6.30000010132789611816406250000000000E-0002  0.870056494511586616800702331296776776        0.129943505488413383199297668703223248         0.00000000000000000000000000000000000        0.683022559859958444886526535977552353        0.167811590859605266884724425470909642        0.129098359310438402074632433326122454         700.000000000000000000000000000000000        0.300000011920928955078125000000000000        -1.00000000000000000000000000000000000         4.50000000000000000000000000000000000         50.0000000000000000000000000000000000         57.2184510978725139973888379026372912         1.23831169611114366900240412746331622         51.2020518406833291345506077954225444         2.06919061314449180595833086752743462        0.593445434453699249510902004979243154         97.5815193891756790065872796831579768        -11.7503089054114195019881829375829938         74.5286644473589945398696286901902838         3194.85674447371020844899930244926261      
  0.176291411809597623536968597048402244         1.00000000000000000000000000000000002E-0002   0.00000000000000000000000000000000000        0.668614458809231706125433871573613450        0.321385541190768293874566128426386542        0.724999999999999999999999999999999981        0.275000000000000000000000000000000019        0.512000024318695068359375000000000000        0.425000011920928955078125000000000000         6.30000010132789611816406250000000000E-0002  0.870056494511586616800702331296776776        0.129943505488413383199297668703223248         0.00000000000000000000000000000000000        0.683022559859958444886526535977552353        0.167811590859605266884724425470909642        0.129098359310438402074632433326122454         700.000000000000000000000000000000000        0.300000011920928955078125000000000000        -1.00000000000000000000000000000000000         4.50000000000000000000000000000000000         50.0000000000000000000000000000000000         58.1242157860644091922418482033286369         1.29116655222460753204079461401742569         52.2315595243449124243116406797835233         2.37065646878123202559039936863464649        0.601587461566060324332758044914350262         97.5279954035781754172648377274680467        -11.2817926850775999113250085004189763         77.5303365057693331889272518666811462         3242.72477170346716794233144906614908      
  0.184642494289557415975419190134436407         1.00000000000000000000000000000000002E-0002   0.00000000000000000000000000000000000        0.668614458809231706125433871573613450        0.321385541190768293874566128426386542        0.724999999999999999999999999999999981        0.275000000000000000000000000000000019        0.512000024318695068359375000000000000        0.425000011920928955078125000000000000         6.30000010132789611816406250000000000E-0002  0.870056494511586616800702331296776776        0.129943505488413383199297668703223248         0.00000000000000000000000000000000000        0.683022559859958444886526535977552353        0.167811590859605266884724425470909642        0.129098359310438402074632433326122454         700.000000000000000000000000000000000        0.300000011920928955078125000000000000        -1.00000000000000000000000000000000000         4.50000000000000000000000000000000000         50.0000000000000000000000000000000000         59.0433927705005588147261052121121271         1.34566378104251175591842499159415613         53.2685571646095387398032254272153725         2.71516694169930955050640462830658117        0.609844265837027714338968673680501782         97.4738122211867580615846851531233073        -10.8409837121094284411765695158792941         80.6549413368336227994568777601187692         3291.40372412339902545224508746068431      
  0.193389175045526332720793931968250954         1.00000000000000000000000000000000002E-0002   0.00000000000000000000000000000000000        0.668614458809231706125433871573613450        0.321385541190768293874566128426386542        0.724999999999999999999999999999999981        0.275000000000000000000000000000000019        0.512000024318695068359375000000000000        0.425000011920928955078125000000000000         6.30000010132789611816406250000000000E-0002  0.870056494511586616800702331296776776        0.129943505488413383199297668703223248         0.00000000000000000000000000000000000        0.683022559859958444886526535977552353        0.167811590859605266884724425470909642        0.129098359310438402074632433326122454         700.000000000000000000000000000000000        0.300000011920928955078125000000000000        -1.00000000000000000000000000000000000         4.50000000000000000000000000000000000         50.0000000000000000000000000000000000         59.9760916287501209520124186797664758         1.39454153463772343638411486980688293         54.3478715603115159083253025996611511         3.10898233392109975467569661239062636        0.618202957172882931832690526191664602         97.4340457232255038460026697519635660        -10.3559162610311150096512763731949532         83.9045104918566669397783481713544672         3340.83526815150056219910488062208801      
  0.202550193923070136258493621901443151         1.00000000000000000000000000000000002E-0002   0.00000000000000000000000000000000000        0.668614458809231706125433871573613450        0.321385541190768293874566128426386542        0.724999999999999999999999999999999981        0.275000000000000000000000000000000019        0.512000024318695068359375000000000000        0.425000011920928955078125000000000000         6.30000010132789611816406250000000000E-0002  0.870056494511586616800702331296776776        0.129943505488413383199297668703223248         0.00000000000000000000000000000000000        0.683022559859958444886526535977552353        0.167811590859605266884724425470909642        0.129098359310438402074632433326122454         700.000000000000000000000000000000000        0.300000011920928955078125000000000000        -1.00000000000000000000000000000000000         4.50000000000000000000000000000000000         50.0000000000000000000000000000000000         60.9224095290984780035984770856405744         1.48570730532122133133149572501453339         55.3698571619118618318576844779099166         3.55706088445813561551605685654620565        0.626667388713293270956179605680029200         97.3167579230397251575540332593657799        -10.0281139446502637298438466340239888         87.2867335180170109425451408788992606         3391.00864310526046387980679999716664      
  0.212145178491066660656421546258877797         1.00000000000000000000000000000000002E-0002   0.00000000000000000000000000000000000        0.668614458809231706125433871573613450        0.321385541190768293874566128426386542        0.724999999999999999999999999999999981        0.275000000000000000000000000000000019        0.512000024318695068359375000000000000        0.425000011920928955078125000000000000         6.30000010132789611816406250000000000E-0002  0.870056494511586616800702331296776776        0.129943505488413383199297668703223248         0.00000000000000000000000000000000000        0.683022559859958444886526535977552353        0.167811590859605266884724425470909642        0.129098359310438402074632433326122454         700.000000000000000000000000000000000        0.300000011920928955078125000000000000        -1.00000000000000000000000000000000000         4.50000000000000000000000000000000000         50.0000000000000000000000000000000000         61.8824289482185690371232568793997609         1.54908786158910904972276584376681292         56.4386895799519583292843087801549567         4.06857585480102338076663801659975601        0.635253293358835245121972432100993430         97.2552731590363270401896762016217836        -9.64540354990865207974872120605271403         90.8168829455914440032684835732265130         3441.84815999938692172592259029438957      
  0.222194686093956243932729053068759355         1.00000000000000000000000000000000002E-0002   0.00000000000000000000000000000000000        0.668614458809231706125433871573613450        0.321385541190768293874566128426386542        0.724999999999999999999999999999999981        0.275000000000000000000000000000000019        0.512000024318695068359375000000000000        0.425000011920928955078125000000000000         6.30000010132789611816406250000000000E-0002  0.870056494511586616800702331296776776        0.129943505488413383199297668703223248         0.00000000000000000000000000000000000        0.683022559859958444886526535977552353        0.167811590859605266884724425470909642        0.129098359310438402074632433326122454         700.000000000000000000000000000000000        0.300000011920928955078125000000000000        -1.00000000000000000000000000000000000         4.50000000000000000000000000000000000         50.0000000000000000000000000000000000         62.8562101280366178153024887004085385         1.58843940425477598293125777533801075         57.5173276275289674371574810161909705         4.61776930681327624181357075332839054        0.643939649437761353493239772814138992         97.2383289179546018232711050886420805        -9.28221584820702309515059114144881842         94.4774074806417273313376423519010323         3493.77900562154443606409246831445063      
  0.232720247896045024620482335420595173         1.00000000000000000000000000000000002E-0002   0.00000000000000000000000000000000000        0.668614458809231706125433871573613450        0.321385541190768293874566128426386542        0.724999999999999999999999999999999981        0.275000000000000000000000000000000019        0.512000024318695068359375000000000000        0.425000011920928955078125000000000000         6.30000010132789611816406250000000000E-0002  0.870056494511586616800702331296776776        0.129943505488413383199297668703223248         0.00000000000000000000000000000000000        0.683022559859958444886526535977552353        0.167811590859605266884724425470909642        0.129098359310438402074632433326122454         700.000000000000000000000000000000000        0.300000011920928955078125000000000000        -1.00000000000000000000000000000000000         4.50000000000000000000000000000000000         50.0000000000000000000000000000000000         63.8437929406059555282667800704541792         1.67619935988557125384087541128779188         58.6062364373451749594595684248566758         5.23170284235346333948510202064166980        0.652753543733163255152177115211919058         97.1398959193061911396120126628333632        -8.93685863766419075955531714552698832         98.3053881909677604302679592905630369         3546.43687947040511754757087783539851      
  0.243744415012226435488952487885240485         1.00000000000000000000000000000000002E-0002   0.00000000000000000000000000000000000        0.668614458809231706125433871573613450        0.321385541190768293874566128426386542        0.724999999999999999999999999999999981        0.275000000000000000000000000000000019        0.512000024318695068359375000000000000        0.425000011920928955078125000000000000         6.30000010132789611816406250000000000E-0002  0.870056494511586616800702331296776776        0.129943505488413383199297668703223248         0.00000000000000000000000000000000000        0.683022559859958444886526535977552353        0.167811590859605266884724425470909642        0.129098359310438402074632433326122454         700.000000000000000000000000000000000        0.300000011920928955078125000000000000        -1.00000000000000000000000000000000000         4.50000000000000000000000000000000000         50.0000000000000000000000000000000000         64.8451904352268179724532448234002424         1.76123320295496783478428538157660611         59.7117303427714081683621399519738914         5.89651784390517648837022427826419863        0.661727311292313317893503557322164580         97.0504401851282484654518513718112772        -8.59707140119220645756710888515590488         102.132033841781694496479301571074650         3598.47113044456179216248408568210412      
  0.255290806823956397939774451911334331         1.00000000000000000000000000000000002E-0002   0.00000000000000000000000000000000000        0.668614458809231706125433871573613450        0.321385541190768293874566128426386542        0.724999999999999999999999999999999981        0.275000000000000000000000000000000019        0.512000024318695068359375000000000000        0.425000011920928955078125000000000000         6.30000010132789611816406250000000000E-0002  0.870056494511586616800702331296776776        0.129943505488413383199297668703223248         0.00000000000000000000000000000000000        0.683022559859958444886526535977552353        0.167811590859605266884724425470909642        0.129098359310438402074632433326122454         700.000000000000000000000000000000000        0.300000011920928955078125000000000000        -1.00000000000000000000000000000000000         4.50000000000000000000000000000000000         50.0000000000000000000000000000000000         65.8603699908824570419887397815582606         1.84260635120931752425673187357840272         60.8265140731454533973821039843028341         6.58388793620147323227724463080670205        0.670810509027892884714526509913054568         96.9707184781400824311431385082551030        -8.27575933692938897588878982435540415         105.933885830602640339736504209560279         3650.17232881111830524770492071862945      
  0.267384161583999647148154120888094587         1.00000000000000000000000000000000002E-0002   0.00000000000000000000000000000000000        0.668614458809231706125433871573613450        0.321385541190768293874566128426386542        0.724999999999999999999999999999999981        0.275000000000000000000000000000000019        0.512000024318695068359375000000000000        0.425000011920928955078125000000000000         6.30000010132789611816406250000000000E-0002  0.870056494511586616800702331296776776        0.129943505488413383199297668703223248         0.00000000000000000000000000000000000        0.683022559859958444886526535977552353        0.167811590859605266884724425470909642        0.129098359310438402074632433326122454         700.000000000000000000000000000000000        0.300000011920928955078125000000000000        -1.00000000000000000000000000000000000         4.50000000000000000000000000000000000         50.0000000000000000000000000000000000         66.8892560580244520244133401345531894         1.91522160815280402001052700575157421         61.9518499481048396061328440853767026         7.33533181655968841989464398731475115        0.679984849608476666826508264219579295         96.9085320135603274315481290343600947        -7.96974765734280049432746971355483943         109.872923333770058374318769414889288         3702.84334613907289101258668139719934      
  0.280050389418368331636181818145177102         1.00000000000000000000000000000000002E-0002   0.00000000000000000000000000000000000        0.668614458809231706125433871573613450        0.321385541190768293874566128426386542        0.724999999999999999999999999999999981        0.275000000000000000000000000000000019        0.512000024318695068359375000000000000        0.425000011920928955078125000000000000         6.30000010132789611816406250000000000E-0002  0.870056494511586616800702331296776776        0.129943505488413383199297668703223248         0.00000000000000000000000000000000000        0.683022559859958444886526535977552353        0.167811590859605266884724425470909642        0.129098359310438402074632433326122454         700.000000000000000000000000000000000        0.300000011920928955078125000000000000        -1.00000000000000000000000000000000000         4.50000000000000000000000000000000000         50.0000000000000000000000000000000000         67.9317332590561847429099491878877537         1.97225148289661588330189233300853914         63.0918890706741617785903241604832901         8.13005403863713995298406703258615893        0.689308897519197226402243502020201840         96.8740015365725653386872923195385678        -7.67110362309889751363666800913125820         114.072687830902414481894965546522281         3757.17509523606906963784210320721927      
  0.293316627839010037899556840640473318         1.00000000000000000000000000000000002E-0002   0.00000000000000000000000000000000000        0.668614458809231706125433871573613450        0.321385541190768293874566128426386542        0.724999999999999999999999999999999981        0.275000000000000000000000000000000019        0.512000024318695068359375000000000000        0.425000011920928955078125000000000000         6.30000010132789611816406250000000000E-0002  0.870056494511586616800702331296776776        0.129943505488413383199297668703223248         0.00000000000000000000000000000000000        0.683022559859958444886526535977552353        0.167811590859605266884724425470909642        0.129098359310438402074632433326122454         700.000000000000000000000000000000000        0.300000011920928955078125000000000000        -1.00000000000000000000000000000000000         4.50000000000000000000000000000000000         50.0000000000000000000000000000000000         68.9876226932350436299383988323208851         2.07678951339493389581988413634907937         64.2432144175578833545282689493591289         8.96591861389446467582072016060578148        0.698793224744103144630374521140442483         96.7673013683646868689778318890683180        -7.38507298971717980261712121183589253         118.454951501316372030582861639030947         3812.81850320569389166459070764665388      
  0.307211299886181694903675457144820827         1.00000000000000000000000000000000002E-0002   0.00000000000000000000000000000000000        0.668614458809231706125433871573613450        0.321385541190768293874566128426386542        0.724999999999999999999999999999999981        0.275000000000000000000000000000000019        0.512000024318695068359375000000000000        0.425000011920928955078125000000000000         6.30000010132789611816406250000000000E-0002  0.870056494511586616800702331296776776        0.129943505488413383199297668703223248         0.00000000000000000000000000000000000        0.683022559859958444886526535977552353        0.167811590859605266884724425470909642        0.129098359310438402074632433326122454         700.000000000000000000000000000000000        0.300000011920928955078125000000000000        -1.00000000000000000000000000000000000         4.50000000000000000000000000000000000         50.0000000000000000000000000000000000         70.0566699400727290972203309427856360         2.15757746239139845962947246826950257         65.3615070103983054545621259406130704         9.83026971213630405422437862993126136        0.708390169013964543402624645196104103         96.6990090022738439420340953273706423        -7.18337618642647612889847216375470385         123.059327968977266169693891058490698         3869.80146418534234826478606754208051      
  0.321764175025079939929779942085648449         1.00000000000000000000000000000000002E-0002   0.00000000000000000000000000000000000        0.668614458809231706125433871573613450        0.321385541190768293874566128426386542        0.724999999999999999999999999999999981        0.275000000000000000000000000000000019        0.512000024318695068359375000000000000        0.425000011920928955078125000000000000         6.30000010132789611816406250000000000E-0002  0.870056494511586616800702331296776776        0.129943505488413383199297668703223248         0.00000000000000000000000000000000000        0.683022559859958444886526535977552353        0.167811590859605266884724425470909642        0.129098359310438402074632433326122454         700.000000000000000000000000000000000        0.300000011920928955078125000000000000        -1.00000000000000000000000000000000000         4.50000000000000000000000000000000000         50.0000000000000000000000000000000000         71.1385372013592721568567717965596199         2.28442626003340726783487665113481984         66.5343440429193507035181621382207167         10.7232359453896724324258273105223895        0.718120778161260349940482295580748345         96.5665457548363428681159697456858155        -6.92002487537848379222649666778037521         127.883142620218928176785241876290433         3928.11375594367791550845014007233927      
  0.337006432927199547555937678304493054         1.00000000000000000000000000000000002E-0002   0.00000000000000000000000000000000000        0.668614458809231706125433871573613450        0.321385541190768293874566128426386542        0.724999999999999999999999999999999981        0.275000000000000000000000000000000019        0.512000024318695068359375000000000000        0.425000011920928955078125000000000000         6.30000010132789611816406250000000000E-0002  0.870056494511586616800702331296776776        0.129943505488413383199297668703223248         0.00000000000000000000000000000000000        0.683022559859958444886526535977552353        0.167811590859605266884724425470909642        0.129098359310438402074632433326122454         700.000000000000000000000000000000000        0.300000011920928955078125000000000000        -1.00000000000000000000000000000000000         4.50000000000000000000000000000000000         50.0000000000000000000000000000000000         72.2327179805206270259662950196098725         2.38731710544634763891252636534297877         67.7197614836466256302237157636147074         11.6812661739314793874748745777818011        0.727973707536015854510664437687386670         96.4747112908499370613771432490480757        -6.66416478440169522976625228428972782         132.934829588869317401616396900866992         3987.71833192103235119584106425941375      
  0.352970730273072080492371624264509206         1.00000000000000000000000000000000002E-0002   0.00000000000000000000000000000000000        0.668614458809231706125433871573613450        0.321385541190768293874566128426386542        0.724999999999999999999999999999999981        0.275000000000000000000000000000000019        0.512000024318695068359375000000000000        0.425000011920928955078125000000000000         6.30000010132789611816406250000000000E-0002  0.870056494511586616800702331296776776        0.129943505488413383199297668703223248         0.00000000000000000000000000000000000        0.683022559859958444886526535977552353        0.167811590859605266884724425470909642        0.129098359310438402074632433326122454         700.000000000000000000000000000000000        0.300000011920928955078125000000000000        -1.00000000000000000000000000000000000         4.50000000000000000000000000000000000         50.0000000000000000000000000000000000         73.3385064751532386103515422930709378         2.50442595455054616156745278205318683         68.9157483010004308223496936909503805         12.6585773560487530916273242408545108        0.737978989503149753346525975880080882         96.3659598621608667870592492724559749        -6.41763063332884659845080861829560527         138.237296741090910197212086654402259         4049.13495339862276041207759863282454      
  0.369691270719510256457304422777255813         1.00000000000000000000000000000000002E-0002   0.00000000000000000000000000000000000        0.668614458809231706125433871573613450        0.321385541190768293874566128426386542        0.724999999999999999999999999999999981        0.275000000000000000000000000000000019        0.512000024318695068359375000000000000        0.425000011920928955078125000000000000         6.30000010132789611816406250000000000E-0002  0.870056494511586616800702331296776776        0.129943505488413383199297668703223248         0.00000000000000000000000000000000000        0.683022559859958444886526535977552353        0.167811590859605266884724425470909642        0.129098359310438402074632433326122454         700.000000000000000000000000000000000        0.300000011920928955078125000000000000        -1.00000000000000000000000000000000000         4.50000000000000000000000000000000000         50.0000000000000000000000000000000000         74.4548901120000538980845862556343969         2.57438293292744419006223094554550219         70.1193815609784740220304273889205788         13.6458449145379132882679511325664219        0.748096741198397733454629225545529324         96.3285715366889493480134718489335685        -6.18303877545077487968692344505478732         143.767083821744603141229208063276035         4111.64367833709251932098261695101968      
  0.387203878181263508459966947142191053         1.00000000000000000000000000000000002E-0002   0.00000000000000000000000000000000000        0.668614458809231706125433871573613450        0.321385541190768293874566128426386542        0.724999999999999999999999999999999981        0.275000000000000000000000000000000019        0.512000024318695068359375000000000000        0.425000011920928955078125000000000000         6.30000010132789611816406250000000000E-0002  0.870056494511586616800702331296776776        0.129943505488413383199297668703223248         0.00000000000000000000000000000000000        0.683022559859958444886526535977552353        0.167811590859605266884724425470909642        0.129098359310438402074632433326122454         700.000000000000000000000000000000000        0.300000011920928955078125000000000000        -1.00000000000000000000000000000000000         4.50000000000000000000000000000000000         50.0000000000000000000000000000000000         75.5804297820140968938027932147615650         2.68242763749435423301462432872363514         71.2883502797614983785526033330325603         14.6338450085825901233390472383045518        0.758350366795277861324403491967403814         96.2372145982232308473481371991333739        -6.02073057576576319013167435584477345         149.571023860001036679358300548082949         4175.73236758736291160284118346695372      
  0.405546073584091372929320306957881816         1.00000000000000000000000000000000002E-0002   0.00000000000000000000000000000000000        0.668614458809231706125433871573613450        0.321385541190768293874566128426386542        0.724999999999999999999999999999999981        0.275000000000000000000000000000000019        0.512000024318695068359375000000000000        0.425000011920928955078125000000000000         6.30000010132789611816406250000000000E-0002  0.870056494511586616800702331296776776        0.129943505488413383199297668703223248         0.00000000000000000000000000000000000        0.683022559859958444886526535977552353        0.167811590859605266884724425470909642        0.129098359310438402074632433326122454         700.000000000000000000000000000000000        0.300000011920928955078125000000000000        -1.00000000000000000000000000000000000         4.50000000000000000000000000000000000         50.0000000000000000000000000000000000         76.7131389207220804548343607454120330         2.80594691281649388381929065180213748         72.5112293685620133855163156792619679         15.6831052997296631097351946088695182        0.768744635396816154833612377410519641         96.1303277612983887372254450758518376        -5.79483976309722865955342615566167365         155.649326019612023553432786722549302         4241.25547338657654225768538713109625      
  0.424757155253698885385985478437553801         1.00000000000000000000000000000000002E-0002   0.00000000000000000000000000000000000        0.668614458809231706125433871573613450        0.321385541190768293874566128426386542        0.724999999999999999999999999999999981        0.275000000000000000000000000000000019        0.512000024318695068359375000000000000        0.425000011920928955078125000000000000         6.30000010132789611816406250000000000E-0002  0.870056494511586616800702331296776776        0.129943505488413383199297668703223248         0.00000000000000000000000000000000000        0.683022559859958444886526535977552353        0.167811590859605266884724425470909642        0.129098359310438402074632433326122454         700.000000000000000000000000000000000        0.300000011920928955078125000000000000        -1.00000000000000000000000000000000000         4.50000000000000000000000000000000000         50.0000000000000000000000000000000000         77.8503371940209633824656926583468120         2.92281274362361591828437944003824554         73.7347784593691138227136641770085246         16.7851560531075007475166656289373829        0.779272238791266992819692957008402204         96.0360459410151946410059164039477978        -5.58157062466755924026482889221444994         162.008500917638743229619247959788998         4308.40103967853642539076689486973704      
  0.444878283112768031811350146623921564         1.00000000000000000000000000000000002E-0002   0.00000000000000000000000000000000000        0.668614458809231706125433871573613450        0.321385541190768293874566128426386542        0.724999999999999999999999999999999981        0.275000000000000000000000000000000019        0.512000024318695068359375000000000000        0.425000011920928955078125000000000000         6.30000010132789611816406250000000000E-0002  0.870056494511586616800702331296776776        0.129943505488413383199297668703223248         0.00000000000000000000000000000000000        0.683022559859958444886526535977552353        0.167811590859605266884724425470909642        0.129098359310438402074632433326122454         700.000000000000000000000000000000000        0.300000011920928955078125000000000000        -1.00000000000000000000000000000000000         4.50000000000000000000000000000000000         50.0000000000000000000000000000000000         78.9883417515190825903143745306120095         3.07245500050998421092358393089403848         74.9145492537247086916165195093009794         17.8688900003187514242434576415814321        0.789919290772740225430002017399084427         95.8987205674774536543941950250841205        -5.43791898686733039049946974907867193         168.644609588829752342146411302757945         4376.82814761809749981302676309503641      
  0.465952566866478185388067003418371743         1.00000000000000000000000000000000002E-0002   0.00000000000000000000000000000000000        0.668614458809231706125433871573613450        0.321385541190768293874566128426386542        0.724999999999999999999999999999999981        0.275000000000000000000000000000000019        0.512000024318695068359375000000000000        0.425000011920928955078125000000000000         6.30000010132789611816406250000000000E-0002  0.870056494511586616800702331296776776        0.129943505488413383199297668703223248         0.00000000000000000000000000000000000        0.683022559859958444886526535977552353        0.167811590859605266884724425470909642        0.129098359310438402074632433326122454         700.000000000000000000000000000000000        0.300000011920928955078125000000000000        -1.00000000000000000000000000000000000         4.50000000000000000000000000000000000         50.0000000000000000000000000000000000         80.1221977123588264575300621050368071         3.19624567660752236241444062009417176         76.1243789805593803545279058007056992         18.9293755491394564103687152656015110        0.800733754313871084260013161180706360         95.8012850555749314358837485933750514        -5.25169306513542498224224504689670740         175.651224690039909698225140382631422         4447.40078986385656311419736813214799      
  0.488025158365453833350361152141345848         1.00000000000000000000000000000000002E-0002   0.00000000000000000000000000000000000        0.668614458809231706125433871573613450        0.321385541190768293874566128426386542        0.724999999999999999999999999999999981        0.275000000000000000000000000000000019        0.512000024318695068359375000000000000        0.425000011920928955078125000000000000         6.30000010132789611816406250000000000E-0002  0.870056494511586616800702331296776776        0.129943505488413383199297668703223248         0.00000000000000000000000000000000000        0.683022559859958444886526535977552353        0.167811590859605266884724425470909642        0.129098359310438402074632433326122454         700.000000000000000000000000000000000        0.300000011920928955078125000000000000        -1.00000000000000000000000000000000000         4.50000000000000000000000000000000000         50.0000000000000000000000000000000000         81.2447958348063158839136217270870954         3.33689847389559825056673047335375806         77.3238108357255058989929723413495548         20.0356256629592916071913381124999977        0.811671345895767674733935493882585934         95.6845136862371649523342498438042272        -5.07086362751953024609758444972713416         182.963380269142597764613431694120725         4519.32900190916095893349305013528113      
  0.511143348344028075836959282509472174         1.00000000000000000000000000000000002E-0002   0.00000000000000000000000000000000000        0.668614458809231706125433871573613450        0.321385541190768293874566128426386542        0.724999999999999999999999999999999981        0.275000000000000000000000000000000019        0.512000024318695068359375000000000000        0.425000011920928955078125000000000000         6.30000010132789611816406250000000000E-0002  0.870056494511586616800702331296776776        0.129943505488413383199297668703223248         0.00000000000000000000000000000000000        0.683022559859958444886526535977552353        0.167811590859605266884724425470909642        0.129098359310438402074632433326122454         700.000000000000000000000000000000000        0.300000011920928955078125000000000000        -1.00000000000000000000000000000000000         4.50000000000000000000000000000000000         50.0000000000000000000000000000000000         82.3461677785324839400550614003283283         3.48566237508626298404197176516555257         78.4741298620313548652616265425538827         21.1622111562586954776930051984606451        0.822713853493100874725027335433510398         95.5582019434754465168966654976242975        -4.93415845872865446116121133891462364         190.586463643850155419462010561920820         4592.67443950309251100867052972636622      
  0.535356667741084533722548138030577650         1.00000000000000000000000000000000002E-0002   0.00000000000000000000000000000000000        0.668614458809231706125433871573613450        0.321385541190768293874566128426386542        0.724999999999999999999999999999999981        0.275000000000000000000000000000000019        0.512000024318695068359375000000000000        0.425000011920928955078125000000000000         6.30000010132789611816406250000000000E-0002  0.870056494511586616800702331296776776        0.129943505488413383199297668703223248         0.00000000000000000000000000000000000        0.683022559859958444886526535977552353        0.167811590859605266884724425470909642        0.129098359310438402074632433326122454         700.000000000000000000000000000000000        0.300000011920928955078125000000000000        -1.00000000000000000000000000000000000         4.50000000000000000000000000000000000         50.0000000000000000000000000000000000         83.4127159796411626212606500443479427         3.62184366501087389008661812654187764         79.5877944856350636926687948264606722         22.2444026606353926730501515921221889        0.833943723581210264543662038186765548         95.4492473520363896885334861132170698        -4.80591467413569992885797652484638986         198.626079459729829594075635475266687         4668.25397956699656222232269650641183      
  0.560716993820558519630662000117957924         1.00000000000000000000000000000000002E-0002   0.00000000000000000000000000000000000        0.668614458809231706125433871573613450        0.321385541190768293874566128426386542        0.724999999999999999999999999999999981        0.275000000000000000000000000000000019        0.512000024318695068359375000000000000        0.425000011920928955078125000000000000         6.30000010132789611816406250000000000E-0002  0.870056494511586616800702331296776776        0.129943505488413383199297668703223248         0.00000000000000000000000000000000000        0.683022559859958444886526535977552353        0.167811590859605266884724425470909642        0.129098359310438402074632433326122454         700.000000000000000000000000000000000        0.300000011920928955078125000000000000        -1.00000000000000000000000000000000000         4.50000000000000000000000000000000000         50.0000000000000000000000000000000000         84.4244418675397848733109931857081518         3.77699809118931429400953011040580333         80.6710501571382866650890933939116075         23.2441249339489951006637236156165798        0.845315456160890554454442955133665918         95.3180253835395230387987261643437358        -4.65271209819421729810159786730855795         207.053862379276250623254275196289732         4745.63588306503154326253531482283407      
  0.587278661318961641324294675315294360         1.00000000000000000000000000000000002E-0002   0.00000000000000000000000000000000000        0.668614458809231706125433871573613450        0.321385541190768293874566128426386542        0.724999999999999999999999999999999981        0.275000000000000000000000000000000019        0.512000024318695068359375000000000000        0.425000011920928955078125000000000000         6.30000010132789611816406250000000000E-0002  0.870056494511586616800702331296776776        0.129943505488413383199297668703223248         0.00000000000000000000000000000000000        0.683022559859958444886526535977552353        0.167811590859605266884724425470909642        0.129098359310438402074632433326122454         700.000000000000000000000000000000000        0.300000011920928955078125000000000000        -1.00000000000000000000000000000000000         4.50000000000000000000000000000000000         50.0000000000000000000000000000000000         85.3523037479171571249046512361505452         3.97047842771091182726159035469004782         81.6125456942617501794203422590902136         24.2434245856372368622561423764946244        0.856784696387773822369668942208749414         95.1349655939110355978760640815697492        -4.58233231403582184947434277012857968         215.851092072195160082332882178224765         4824.51108906548227808744948511167376      
  0.615098578858064451529164264953569834         1.00000000000000000000000000000000002E-0002   0.00000000000000000000000000000000000        0.668614458809231706125433871573613450        0.321385541190768293874566128426386542        0.724999999999999999999999999999999981        0.275000000000000000000000000000000019        0.512000024318695068359375000000000000        0.425000011920928955078125000000000000         6.30000010132789611816406250000000000E-0002  0.870056494511586616800702331296776776        0.129943505488413383199297668703223248         0.00000000000000000000000000000000000        0.683022559859958444886526535977552353        0.167811590859605266884724425470909642        0.129098359310438402074632433326122454         700.000000000000000000000000000000000        0.300000011920928955078125000000000000        -1.00000000000000000000000000000000000         4.50000000000000000000000000000000000         50.0000000000000000000000000000000000         86.1555896712061574049794546297943196         4.14638986070054252597819534562069494         82.4554058421354335593663004836045086         25.2128190129386279969963394644221550        0.868437236641334192211135797085217816         94.9713547361115515341066237642870804        -4.48749695824054454692299361670414903         225.101622861157499942861304173299809         4905.58265619468179895150843209342398      
  0.644236350872152408747567964251532425         1.00000000000000000000000000000000002E-0002   0.00000000000000000000000000000000000        0.668614458809231706125433871573613450        0.321385541190768293874566128426386542        0.724999999999999999999999999999999981        0.275000000000000000000000000000000019        0.512000024318695068359375000000000000        0.425000011920928955078125000000000000         6.30000010132789611816406250000000000E-0002  0.870056494511586616800702331296776776        0.129943505488413383199297668703223248         0.00000000000000000000000000000000000        0.683022559859958444886526535977552353        0.167811590859605266884724425470909642        0.129098359310438402074632433326122454         700.000000000000000000000000000000000        0.300000011920928955078125000000000000        -1.00000000000000000000000000000000000         4.50000000000000000000000000000000000         50.0000000000000000000000000000000000         86.7727621448096351547900625196728693         4.33118388684157534348733050811233921         83.1135973513448495741538010818677333         26.0227573567969398834406668778399540        0.880206279402026722700017440509188341         94.7888383791975368533106788161998519        -4.40260668539764166924971209527084959         234.797640109234843352986751834857900         4988.60292903188666865860072930297570      
  0.674754405311085438667667359428963781         1.00000000000000000000000000000000002E-0002   0.00000000000000000000000000000000000        0.668614458809231706125433871573613450        0.321385541190768293874566128426386542        0.724999999999999999999999999999999981        0.275000000000000000000000000000000019        0.512000024318695068359375000000000000        0.425000011920928955078125000000000000         6.30000010132789611816406250000000000E-0002  0.870056494511586616800702331296776776        0.129943505488413383199297668703223248         0.00000000000000000000000000000000000        0.683022559859958444886526535977552353        0.167811590859605266884724425470909642        0.129098359310438402074632433326122454         700.000000000000000000000000000000000        0.300000011920928955078125000000000000        -1.00000000000000000000000000000000000         4.50000000000000000000000000000000000         50.0000000000000000000000000000000000         87.1147168646059227468316402338630687         4.53435031121064662024895361892530210         83.4897481352369942088013103855963957         26.6197154342286852657722931611534842        0.892131226770944825113758940419457948         94.5689735416785667105734587098934191        -4.34181298941900166829198180219664102         244.938957861491721225043624488097386         5073.77938443853947882601430042596977      
  0.706718127392766099165833109055340844         1.00000000000000000000000000000000002E-0002   0.00000000000000000000000000000000000        0.668614458809231706125433871573613450        0.321385541190768293874566128426386542        0.724999999999999999999999999999999981        0.275000000000000000000000000000000019        0.512000024318695068359375000000000000        0.425000011920928955078125000000000000         6.30000010132789611816406250000000000E-0002  0.870056494511586616800702331296776776        0.129943505488413383199297668703223248         0.00000000000000000000000000000000000        0.683022559859958444886526535977552353        0.167811590859605266884724425470909642        0.129098359310438402074632433326122454         700.000000000000000000000000000000000        0.300000011920928955078125000000000000        -1.00000000000000000000000000000000000         4.50000000000000000000000000000000000         50.0000000000000000000000000000000000         87.0446060938777413083389459490399137         4.69722092046082388410053394767570528         83.4242425613975921444883059883825919         26.9343345418555978826624002330477398        0.904125626180130307192018476426232401         94.3694772931215785184642007232584186        -4.33970201145749285355490440767721377         255.683089215707262838447464524651080         5160.19026263706373196979135847099124      
  0.740195999691582266577873530475029904         1.00000000000000000000000000000000002E-0002   0.00000000000000000000000000000000000        0.668614458809231706125433871573613450        0.321385541190768293874566128426386542        0.724999999999999999999999999999999981        0.275000000000000000000000000000000019        0.512000024318695068359375000000000000        0.425000011920928955078125000000000000         6.30000010132789611816406250000000000E-0002  0.870056494511586616800702331296776776        0.129943505488413383199297668703223248         0.00000000000000000000000000000000000        0.683022559859958444886526535977552353        0.167811590859605266884724425470909642        0.129098359310438402074632433326122454         700.000000000000000000000000000000000        0.300000011920928955078125000000000000        -1.00000000000000000000000000000000000         4.50000000000000000000000000000000000         50.0000000000000000000000000000000000         86.3633704537959645737502974729307208         4.94446291260572145775282739976110232         82.7007576432783460542218331591219158         26.7811943371848311293526446228880647        0.916307799509210005295086806745909999         94.0212604412487004087181608907231999        -4.42875363526407065873112436070021979         266.887909674411043425417022508620679         5249.41798429798142694602475942372551      
  0.775259748862965145759849187317876307         1.00000000000000000000000000000000002E-0002   0.00000000000000000000000000000000000        0.668614458809231706125433871573613450        0.321385541190768293874566128426386542        0.724999999999999999999999999999999981        0.275000000000000000000000000000000019        0.512000024318695068359375000000000000        0.425000011920928955078125000000000000         6.30000010132789611816406250000000000E-0002  0.870056494511586616800702331296776776        0.129943505488413383199297668703223248         0.00000000000000000000000000000000000        0.683022559859958444886526535977552353        0.167811590859605266884724425470909642        0.129098359310438402074632433326122454         700.000000000000000000000000000000000        0.300000011920928955078125000000000000        -1.00000000000000000000000000000000000         4.50000000000000000000000000000000000         50.0000000000000000000000000000000000         84.7467652753329336583851783390886502         5.23104489216997504516744267475443930         81.0123794350317159379373108567385738         26.0861188398025677120488010265778924        0.928534947272915937794685262707509016         93.5429067401173696713842435267673026        -4.60964838502987951057080706465854760         278.778457960346920299964599841001188         5339.55028746385843980486422417258081      
  0.811984499318421345788851126412103227         1.00000000000000000000000000000000002E-0002   0.00000000000000000000000000000000000        0.668614458809231706125433871573613450        0.321385541190768293874566128426386542        0.724999999999999999999999999999999981        0.275000000000000000000000000000000019        0.512000024318695068359375000000000000        0.425000011920928955078125000000000000         6.30000010132789611816406250000000000E-0002  0.870056494511586616800702331296776776        0.129943505488413383199297668703223248         0.00000000000000000000000000000000000        0.683022559859958444886526535977552353        0.167811590859605266884724425470909642        0.129098359310438402074632433326122454         700.000000000000000000000000000000000        0.300000011920928955078125000000000000        -1.00000000000000000000000000000000000         4.50000000000000000000000000000000000         50.0000000000000000000000000000000000         81.6784739193093975818706073452324540         5.44026844077245643965563178192526332         77.7875894432452968819210208918704561         24.4655318724307465635807929733609126        0.940880483759132622987707037915449222         93.0062514088552163075002021956099818        -5.00193476094658251839107683328477318         291.266434072153537675144539603599495         5431.71592450143854677607441111996185      
  0.850448934180289219036975673402549010         1.00000000000000000000000000000000002E-0002   0.00000000000000000000000000000000000        0.668614458809231706125433871573613450        0.321385541190768293874566128426386542        0.724999999999999999999999999999999981        0.275000000000000000000000000000000019        0.512000024318695068359375000000000000        0.425000011920928955078125000000000000         6.30000010132789611816406250000000000E-0002  0.870056494511586616800702331296776776        0.129943505488413383199297668703223248         0.00000000000000000000000000000000000        0.683022559859958444886526535977552353        0.167811590859605266884724425470909642        0.129098359310438402074632433326122454         700.000000000000000000000000000000000        0.300000011920928955078125000000000000        -1.00000000000000000000000000000000000         4.50000000000000000000000000000000000         50.0000000000000000000000000000000000         76.2081030494032247470312443060759552         5.66081015662091849910562141663348063         72.0385916509740490286036685502195683         21.6054062777591725250687392293260596        0.953402550744139446453430718101902072         92.1419755343809841288994427808329312        -5.78788577465589428033029862977601957         304.558579006761846478950461240288097         5526.97093448746437052269425768084264      
  0.890735463861066538871678342365989236         1.00000000000000000000000000000000002E-0002   0.00000000000000000000000000000000000        0.668614458809231706125433871573613450        0.321385541190768293874566128426386542        0.724999999999999999999999999999999981        0.275000000000000000000000000000000019        0.512000024318695068359375000000000000        0.425000011920928955078125000000000000         6.30000010132789611816406250000000000E-0002  0.870056494511586616800702331296776776        0.129943505488413383199297668703223248         0.00000000000000000000000000000000000        0.683022559859958444886526535977552353        0.167811590859605266884724425470909642        0.129098359310438402074632433326122454         700.000000000000000000000000000000000        0.300000011920928955078125000000000000        -1.00000000000000000000000000000000000         4.50000000000000000000000000000000000         50.0000000000000000000000000000000000         65.9876441418358464614939525594702959         5.93032972928328546877357297946499447         61.1887196392855132042160641563093451         16.8415823718399559871608989993952652        0.965871167511929762568979648679461009         90.3081323416419625160547077340252950        -7.84282549273876130061132826262235579         318.319649415028175841764207755054351         5623.28890990291727960836550869282856      
  0.932930402628492306849122631846463221         1.00000000000000000000000000000000002E-0002   0.00000000000000000000000000000000000        0.668614458809231706125433871573613450        0.321385541190768293874566128426386542        0.724999999999999999999999999999999981        0.275000000000000000000000000000000019        0.512000024318695068359375000000000000        0.425000011920928955078125000000000000         6.30000010132789611816406250000000000E-0002  0.870056494511586616800702331296776776        0.129943505488413383199297668703223248         0.00000000000000000000000000000000000        0.683022559859958444886526535977552353        0.167811590859605266884724425470909642        0.129098359310438402074632433326122454         700.000000000000000000000000000000000        0.300000011920928955078125000000000000        -1.00000000000000000000000000000000000         4.50000000000000000000000000000000000         50.0000000000000000000000000000000000         40.9166283429330041585122230443277821         6.28617065781688646758079594390270079         33.8024154402549291765462074390323989         9.35674619142208085812946549471731569        0.978364685486079963099002630840063236         81.4031909378560144239952522191113845        -21.0464631299863741536709548987306226         333.655247916404659876382680540861324         5728.63066724029845537894208634822714      
  0.977124153534675033397991232687960264         1.00000000000000000000000000000000002E-0002   0.00000000000000000000000000000000000        0.668614458809231706125433871573613450        0.321385541190768293874566128426386542        0.724999999999999999999999999999999981        0.275000000000000000000000000000000019        0.512000024318695068359375000000000000        0.425000011920928955078125000000000000         6.30000010132789611816406250000000000E-0002  0.870056494511586616800702331296776776        0.129943505488413383199297668703223248         0.00000000000000000000000000000000000        0.683022559859958444886526535977552353        0.167811590859605266884724425470909642        0.129098359310438402074632433326122454         700.000000000000000000000000000000000        0.300000011920928955078125000000000000        -1.00000000000000000000000000000000000         4.50000000000000000000000000000000000         50.0000000000000000000000000000000000         12.8824165253968360466036467002658169         5.53304428049998010623630286426563161         8.26415634348186811698923097648282752         4.79013777648894782577121633652587504        0.990951132434670192553071705170659205         33.0476814507022180429462134565007113        -55.8830204798520892541087076639619409         352.088288027784420720021210712141450         5856.27125546465821912551436905082885      
   1.02341140210547988401757228923722065         1.00000000000000000000000000000000002E-0002   0.00000000000000000000000000000000000        0.668614458809231706125433871573613450        0.321385541190768293874566128426386542        0.724999999999999999999999999999999981        0.275000000000000000000000000000000019        0.512000024318695068359375000000000000        0.425000011920928955078125000000000000         6.30000010132789611816406250000000000E-0002  0.870056494511586616800702331296776776        0.129943505488413383199297668703223248         0.00000000000000000000000000000000000        0.683022559859958444886526535977552353        0.167811590859605266884724425470909642        0.129098359310438402074632433326122454         700.000000000000000000000000000000000        0.300000011920928955078125000000000000        -1.00000000000000000000000000000000000         4.50000000000000000000000000000000000         50.0000000000000000000000000000000000         8.53658676616145029428195734276707863         4.83102122831347004940787853505756129         5.78161858494259229735381167721447856         3.92167063871335594020158413257217357         1.00373371917129073218602298485748802         16.4417168421455297342240765017961973        -47.6504657085782671807232370513459869         371.362580717392351734950859571183480         5984.96901755920362218476690964823846      
   1.07189131920515601980676290596541418         1.00000000000000000000000000000000002E-0002   0.00000000000000000000000000000000000        0.668614458809231706125433871573613450        0.321385541190768293874566128426386542        0.724999999999999999999999999999999981        0.275000000000000000000000000000000019        0.512000024318695068359375000000000000        0.425000011920928955078125000000000000         6.30000010132789611816406250000000000E-0002  0.870056494511586616800702331296776776        0.129943505488413383199297668703223248         0.00000000000000000000000000000000000        0.683022559859958444886526535977552353        0.167811590859605266884724425470909642        0.129098359310438402074632433326122454         700.000000000000000000000000000000000        0.300000011920928955078125000000000000        -1.00000000000000000000000000000000000         4.50000000000000000000000000000000000         50.0000000000000000000000000000000000         6.71262971189745926651710648368573217         4.33797027139297234983399537133105162         4.76706219861441126125752492233369147         3.47498653282124427188790575501914601         1.01656454443496420899729304750201011         9.00118163648375031759401051972071790        -40.8127150899886389047223874183450531         391.493138648383428296004884174471276         6113.33599504114192550187523373460854      
   1.12266777351084349932308213365971722         1.00000000000000000000000000000000002E-0002   0.00000000000000000000000000000000000        0.668614458809231706125433871573613450        0.321385541190768293874566128426386542        0.724999999999999999999999999999999981        0.275000000000000000000000000000000019        0.512000024318695068359375000000000000        0.425000011920928955078125000000000000         6.30000010132789611816406250000000000E-0002  0.870056494511586616800702331296776776        0.129943505488413383199297668703223248         0.00000000000000000000000000000000000        0.683022559859958444886526535977552353        0.167811590859605266884724425470909642        0.129098359310438402074632433326122454         700.000000000000000000000000000000000        0.300000011920928955078125000000000000        -1.00000000000000000000000000000000000         4.50000000000000000000000000000000000         50.0000000000000000000000000000000000         5.66465207782660165017844889926324406         3.97239639651427825686082293750030380         4.17589430157878418340539348662554511         3.18417178213090228482859188892657934         1.02945136066758039016173379299307926         4.87315746922926873862540771925185122        -35.6512322566440786280447031233971904         412.107266995335738376831839307142298         6239.55556711955371601334660984131034      
   1.17584955405218836587405952039268318         1.00000000000000000000000000000000002E-0002   0.00000000000000000000000000000000000        0.668614458809231706125433871573613450        0.321385541190768293874566128426386542        0.724999999999999999999999999999999981        0.275000000000000000000000000000000019        0.512000024318695068359375000000000000        0.425000011920928955078125000000000000         6.30000010132789611816406250000000000E-0002  0.870056494511586616800702331296776776        0.129943505488413383199297668703223248         0.00000000000000000000000000000000000        0.683022559859958444886526535977552353        0.167811590859605266884724425470909642        0.129098359310438402074632433326122454         700.000000000000000000000000000000000        0.300000011920928955078125000000000000        -1.00000000000000000000000000000000000         4.50000000000000000000000000000000000         50.0000000000000000000000000000000000         4.97396387334943577967351620248507612         3.68743100361883320026680636856193931         3.77809422882748496469893590160932093         2.97533575229197378782611703571579952         1.04247583260933583313696954719574373         2.39970788756077955782180761123429422        -31.6527215069774406798176748367104075         433.676598928454848505694229582774659         6365.43382045046264418374855307776723      
   1.23155060329285913304393922610526752         1.00000000000000000000000000000000002E-0002   0.00000000000000000000000000000000000        0.668614458809231706125433871573613450        0.321385541190768293874566128426386542        0.724999999999999999999999999999999981        0.275000000000000000000000000000000019        0.512000024318695068359375000000000000        0.425000011920928955078125000000000000         6.30000010132789611816406250000000000E-0002  0.870056494511586616800702331296776776        0.129943505488413383199297668703223248         0.00000000000000000000000000000000000        0.683022559859958444886526535977552353        0.167811590859605266884724425470909642        0.129098359310438402074632433326122454         700.000000000000000000000000000000000        0.300000011920928955078125000000000000        -1.00000000000000000000000000000000000         4.50000000000000000000000000000000000         50.0000000000000000000000000000000000         4.48068769558130574098969520574441033         3.46053853957531769543124184740243343         3.48847446699813854541454240978974446         2.81484814991703129082886508578396624         1.05564264393377486761997727317680979        0.800806418023175304240789028602810721        -28.4426111748776816220020058851598177         456.240832456160414765144539209685118         6491.36980957508929134811184118649521      
   1.28989026125334400389008600428654072         1.00000000000000000000000000000000002E-0002   0.00000000000000000000000000000000000        0.668614458809231706125433871573613450        0.321385541190768293874566128426386542        0.724999999999999999999999999999999981        0.275000000000000000000000000000000019        0.512000024318695068359375000000000000        0.425000011920928955078125000000000000         6.30000010132789611816406250000000000E-0002  0.870056494511586616800702331296776776        0.129943505488413383199297668703223248         0.00000000000000000000000000000000000        0.683022559859958444886526535977552353        0.167811590859605266884724425470909642        0.129098359310438402074632433326122454         700.000000000000000000000000000000000        0.300000011920928955078125000000000000        -1.00000000000000000000000000000000000         4.50000000000000000000000000000000000         50.0000000000000000000000000000000000         4.10916319248389353525129004480100738         3.27525484640095219453530754673089811         3.26546286790299021882820704804837635         2.68753872799092677136434960052447099         1.06891324692455363158942426924787022       -0.299864946994487583191552739265693648        -25.8370821752050562071320341912106632         479.656776982232570662724692867145540         6616.70009605403107089630880433575118      
   1.35099352119806420678539952158028216         1.00000000000000000000000000000000002E-0002   0.00000000000000000000000000000000000        0.668614458809231706125433871573613450        0.321385541190768293874566128426386542        0.724999999999999999999999999999999981        0.275000000000000000000000000000000019        0.512000024318695068359375000000000000        0.425000011920928955078125000000000000         6.30000010132789611816406250000000000E-0002  0.870056494511586616800702331296776776        0.129943505488413383199297668703223248         0.00000000000000000000000000000000000        0.683022559859958444886526535977552353        0.167811590859605266884724425470909642        0.129098359310438402074632433326122454         700.000000000000000000000000000000000        0.300000011920928955078125000000000000        -1.00000000000000000000000000000000000         4.50000000000000000000000000000000000         50.0000000000000000000000000000000000         3.81927429666988196615178306400635718         3.12157998841918735365304504254065516         3.08910803351693307742106315262373470         2.58339439429498757030229498069676357         1.08233032627789583607772630313339998        -1.05117576173874139861529120894917865        -23.6367992064576155012362147760858447         504.120733192828088821034703709624738         6741.81609354323272920725492731976433      
   1.41499129743461548663919584700832116         1.00000000000000000000000000000000002E-0002   0.00000000000000000000000000000000000        0.668614458809231706125433871573613450        0.321385541190768293874566128426386542        0.724999999999999999999999999999999981        0.275000000000000000000000000000000019        0.512000024318695068359375000000000000        0.425000011920928955078125000000000000         6.30000010132789611816406250000000000E-0002  0.870056494511586616800702331296776776        0.129943505488413383199297668703223248         0.00000000000000000000000000000000000        0.683022559859958444886526535977552353        0.167811590859605266884724425470909642        0.129098359310438402074632433326122454         700.000000000000000000000000000000000        0.300000011920928955078125000000000000        -1.00000000000000000000000000000000000         4.50000000000000000000000000000000000         50.0000000000000000000000000000000000         3.58690602808020804061644242926803849         2.99224507546864405858774558289691768         2.94627056362875452824714983306858614         2.49902692848161112187002226226245691         1.09586946459507091884482514922498189        -1.56043074955293070083939729120630468        -21.7439454597278773637077887707426659         529.665955992604548349521794283543760         6866.97379822655679552733126959603733      
   1.48202070579890013841676841137265918         1.00000000000000000000000000000000002E-0002   0.00000000000000000000000000000000000        0.668614458809231706125433871573613450        0.321385541190768293874566128426386542        0.724999999999999999999999999999999981        0.275000000000000000000000000000000019        0.512000024318695068359375000000000000        0.425000011920928955078125000000000000         6.30000010132789611816406250000000000E-0002  0.870056494511586616800702331296776776        0.129943505488413383199297668703223248         0.00000000000000000000000000000000000        0.683022559859958444886526535977552353        0.167811590859605266884724425470909642        0.129098359310438402074632433326122454         700.000000000000000000000000000000000        0.300000011920928955078125000000000000        -1.00000000000000000000000000000000000         4.50000000000000000000000000000000000         50.0000000000000000000000000000000000         3.39744915540548838890620463753490228         2.88343309485197394243182788116856239         2.82923750189480202631837132160003880         2.42777595882300894991984146534068935         1.10962577885327524307379235102498711        -1.91555473589177105713259333944438479        -20.0835614942238900918845757326595656         556.069977366705047800068051108346856         6998.28779047383527426935784462570845      
   1.55222535742709160936160846888458776         1.00000000000000000000000000000000002E-0002   0.00000000000000000000000000000000000        0.668614458809231706125433871573613450        0.321385541190768293874566128426386542        0.724999999999999999999999999999999981        0.275000000000000000000000000000000019        0.512000024318695068359375000000000000        0.425000011920928955078125000000000000         6.30000010132789611816406250000000000E-0002  0.870056494511586616800702331296776776        0.129943505488413383199297668703223248         0.00000000000000000000000000000000000        0.683022559859958444886526535977552353        0.167811590859605266884724425470909642        0.129098359310438402074632433326122454         700.000000000000000000000000000000000        0.300000011920928955078125000000000000        -1.00000000000000000000000000000000000         4.50000000000000000000000000000000000         50.0000000000000000000000000000000000         3.24148609238040517147924135839429467         2.79078038458970225629349587005024949         2.73157025965551852269232503853086679         2.36876226276967662547353068305159129         1.12377173934315445538101866707244206        -2.16762225774308989500765048604132203        -18.6674983344266137538682507369053199         582.581546161462164239776924688181705         7159.58432743999391819623661447305416      
   1.62575566644384085973659301860212051         1.00000000000000000000000000000000002E-0002   0.00000000000000000000000000000000000        0.668614458809231706125433871573613450        0.321385541190768293874566128426386542        0.724999999999999999999999999999999981        0.275000000000000000000000000000000019        0.512000024318695068359375000000000000        0.425000011920928955078125000000000000         6.30000010132789611816406250000000000E-0002  0.870056494511586616800702331296776776        0.129943505488413383199297668703223248         0.00000000000000000000000000000000000        0.683022559859958444886526535977552353        0.167811590859605266884724425470909642        0.129098359310438402074632433326122454         700.000000000000000000000000000000000        0.300000011920928955078125000000000000        -1.00000000000000000000000000000000000         4.50000000000000000000000000000000000         50.0000000000000000000000000000000000         3.11020524888964752434872069303672244         2.71127849604973847154177450021491711         2.64909844141411312154805902071849940         2.31781354553784484509588743280562110         1.13806599300535464820012054613946959        -2.34721570416360460844562937492943826        -17.4061786556105233473911874230519104         610.463735577052806303456223199276791         7323.02215983808164488472877157349105      
   1.70276917222594935040597643772334275         1.00000000000000000000000000000000002E-0002   0.00000000000000000000000000000000000        0.668614458809231706125433871573613450        0.321385541190768293874566128426386542        0.724999999999999999999999999999999981        0.275000000000000000000000000000000019        0.512000024318695068359375000000000000        0.425000011920928955078125000000000000         6.30000010132789611816406250000000000E-0002  0.870056494511586616800702331296776776        0.129943505488413383199297668703223248         0.00000000000000000000000000000000000        0.683022559859958444886526535977552353        0.167811590859605266884724425470909642        0.129098359310438402074632433326122454         700.000000000000000000000000000000000        0.300000011920928955078125000000000000        -1.00000000000000000000000000000000000         4.50000000000000000000000000000000000         50.0000000000000000000000000000000000         2.99827913936570543275163957576659569         2.64159672841662589144364463520468790         2.57871983083309343772928145173046030         2.27511735582595999713851905196415492         1.15245133520630629442465322337513049        -2.43829891218617361331245186787028536        -16.2700617382333922784714875667471780         639.825197278169492000800045325674738         7492.09836254522424363884693727183901      
   1.78343087693196159954962751479630605         1.00000000000000000000000000000000002E-0002   0.00000000000000000000000000000000000        0.668614458809231706125433871573613450        0.321385541190768293874566128426386542        0.724999999999999999999999999999999981        0.275000000000000000000000000000000019        0.512000024318695068359375000000000000        0.425000011920928955078125000000000000         6.30000010132789611816406250000000000E-0002  0.870056494511586616800702331296776776        0.129943505488413383199297668703223248         0.00000000000000000000000000000000000        0.683022559859958444886526535977552353        0.167811590859605266884724425470909642        0.129098359310438402074632433326122454         700.000000000000000000000000000000000        0.300000011920928955078125000000000000        -1.00000000000000000000000000000000000         4.50000000000000000000000000000000000         50.0000000000000000000000000000000000         2.90241395510050768184474333199625494         2.58194162306475998767278414440212958         2.51872383477110567081694090106400567         2.23794859816395556762086281058873045         1.16700703852858475304031109685810154        -2.50991344985621920753241344156154637        -15.2335129017537033072657737724673913         670.837785527327919054197145635077757         7662.45636544035702589256960773294564      
   1.86791359902083762667604333648365787         1.00000000000000000000000000000000002E-0002   0.00000000000000000000000000000000000        0.668614458809231706125433871573613450        0.321385541190768293874566128426386542        0.724999999999999999999999999999999981        0.275000000000000000000000000000000019        0.512000024318695068359375000000000000        0.425000011920928955078125000000000000         6.30000010132789611816406250000000000E-0002  0.870056494511586616800702331296776776        0.129943505488413383199297668703223248         0.00000000000000000000000000000000000        0.683022559859958444886526535977552353        0.167811590859605266884724425470909642        0.129098359310438402074632433326122454         700.000000000000000000000000000000000        0.300000011920928955078125000000000000        -1.00000000000000000000000000000000000         4.50000000000000000000000000000000000         50.0000000000000000000000000000000000         2.81951110686672426984943588451710156         2.52928182828369239286196117762357554         2.46646218486430616169712839302952314         2.20607996244392572881566360136438323         1.18167461408324816801534378628425476        -2.54695343820332238521296566276515736        -14.3139807360087824750871434877356473         703.320850344263893192708430727271228         7836.40052861069702341134798363519890      
   1.95639834351712235574086149449056598         1.00000000000000000000000000000000002E-0002   0.00000000000000000000000000000000000        0.668614458809231706125433871573613450        0.321385541190768293874566128426386542        0.724999999999999999999999999999999981        0.275000000000000000000000000000000019        0.512000024318695068359375000000000000        0.425000011920928955078125000000000000         6.30000010132789611816406250000000000E-0002  0.870056494511586616800702331296776776        0.129943505488413383199297668703223248         0.00000000000000000000000000000000000        0.683022559859958444886526535977552353        0.167811590859605266884724425470909642        0.129098359310438402074632433326122454         700.000000000000000000000000000000000        0.300000011920928955078125000000000000        -1.00000000000000000000000000000000000         4.50000000000000000000000000000000000         50.0000000000000000000000000000000000         2.74688540404870873220028347029837926         2.48258284956809275205015631679803385         2.42059326836701393198902575719457149         2.17849758315800609519111899409559502         1.19630339499850027503233796562034014        -2.56092512571921554488655900426062955        -13.4798414895129710793985444080037996         738.815656655173989814860088655793397         8008.22511511556642909616551670780477      
   2.04907468981590857599889354382844297         1.00000000000000000000000000000000002E-0002   0.00000000000000000000000000000000000        0.668614458809231706125433871573613450        0.321385541190768293874566128426386542        0.724999999999999999999999999999999981        0.275000000000000000000000000000000019        0.512000024318695068359375000000000000        0.425000011920928955078125000000000000         6.30000010132789611816406250000000000E-0002  0.870056494511586616800702331296776776        0.129943505488413383199297668703223248         0.00000000000000000000000000000000000        0.683022559859958444886526535977552353        0.167811590859605266884724425470909642        0.129098359310438402074632433326122454         700.000000000000000000000000000000000        0.300000011920928955078125000000000000        -1.00000000000000000000000000000000000         4.50000000000000000000000000000000000         50.0000000000000000000000000000000000         2.68492743799610525839988967603975026         2.44263041872267710987129009494929272         2.38208039632368584913808421405556889         2.15562926909772095150808643426017758         1.21147259257953571254298176667497458        -2.54189667537835280078828740010234977        -12.7135524955332968077968437339079193         772.669725650869746922471273205144033         8192.29558092183778485317052462004372      
   2.14614119785846923144288932206752821         1.00000000000000000000000000000000002E-0002   0.00000000000000000000000000000000000        0.668614458809231706125433871573613450        0.321385541190768293874566128426386542        0.724999999999999999999999999999999981        0.275000000000000000000000000000000019        0.512000024318695068359375000000000000        0.425000011920928955078125000000000000         6.30000010132789611816406250000000000E-0002  0.870056494511586616800702331296776776        0.129943505488413383199297668703223248         0.00000000000000000000000000000000000        0.683022559859958444886526535977552353        0.167811590859605266884724425470909642        0.129098359310438402074632433326122454         700.000000000000000000000000000000000        0.300000011920928955078125000000000000        -1.00000000000000000000000000000000000         4.50000000000000000000000000000000000         50.0000000000000000000000000000000000         2.63010187105339792889244572395311777         2.40708643561093781737790840201127202         2.34802518896187108072517706828596628         2.13592887306298125218343412011598782         1.22658666122555116149717211717046922        -2.51535830734334663013748575493470018        -12.0133584348914500468377874902567571         811.703800744351567065432854677738384         8373.84303397059099225456917404640887      
   2.24780583354879414104030832593962274         1.00000000000000000000000000000000002E-0002   0.00000000000000000000000000000000000        0.668614458809231706125433871573613450        0.321385541190768293874566128426386542        0.724999999999999999999999999999999981        0.275000000000000000000000000000000019        0.512000024318695068359375000000000000        0.425000011920928955078125000000000000         6.30000010132789611816406250000000000E-0002  0.870056494511586616800702331296776776        0.129943505488413383199297668703223248         0.00000000000000000000000000000000000        0.683022559859958444886526535977552353        0.167811590859605266884724425470909642        0.129098359310438402074632433326122454         700.000000000000000000000000000000000        0.300000011920928955078125000000000000        -1.00000000000000000000000000000000000         4.50000000000000000000000000000000000         50.0000000000000000000000000000000000         2.58207106933741194570153278752873675         2.37615655459794557248544370844192887         2.31865525313722261972458373035550230         2.11885492721962390163195385324310528         1.24185335056512819872985086063205820        -2.47994182761415940506624804091937836        -11.3607150456618509285497013286384957         851.786598992714634753809430655861244         8557.67750700964846575984049410707295      
   2.35428641432249007020695607335824657         1.00000000000000000000000000000000002E-0002   0.00000000000000000000000000000000000        0.668614458809231706125433871573613450        0.321385541190768293874566128426386542        0.724999999999999999999999999999999981        0.275000000000000000000000000000000019        0.512000024318695068359375000000000000        0.425000011920928955078125000000000000         6.30000010132789611816406250000000000E-0002  0.870056494511586616800702331296776776        0.129943505488413383199297668703223248         0.00000000000000000000000000000000000        0.683022559859958444886526535977552353        0.167811590859605266884724425470909642        0.129098359310438402074632433326122454         700.000000000000000000000000000000000        0.300000011920928955078125000000000000        -1.00000000000000000000000000000000000         4.50000000000000000000000000000000000         50.0000000000000000000000000000000000         2.53973142244819978762204456238765947         2.34924901967996988501117489078175844         2.29304984820616815551337667335259380         2.10439553292257001142251574600487450         1.25720190669059461577580227466607191        -2.45084822372116443063561073087261095        -10.7577937930572404665661352151426850         893.937945096887063768907348933598376         8744.63636471579277818706950183228786      
   2.46581107582267970147068279155487439         1.00000000000000000000000000000000002E-0002   0.00000000000000000000000000000000000        0.668614458809231706125433871573613450        0.321385541190768293874566128426386542        0.724999999999999999999999999999999981        0.275000000000000000000000000000000019        0.512000024318695068359375000000000000        0.425000011920928955078125000000000000         6.30000010132789611816406250000000000E-0002  0.870056494511586616800702331296776776        0.129943505488413383199297668703223248         0.00000000000000000000000000000000000        0.683022559859958444886526535977552353        0.167811590859605266884724425470909642        0.129098359310438402074632433326122454         700.000000000000000000000000000000000        0.300000011920928955078125000000000000        -1.00000000000000000000000000000000000         4.50000000000000000000000000000000000         50.0000000000000000000000000000000000         2.50265925503573390707139572538911721         2.32525375502360655272582764586701700         2.27092838993729712855344350507271936         2.09267651649914657457662695196164044         1.27273843954642264525565778092542736        -2.39220951779150588852593620332096877        -10.2042348021742388252085884464608471         938.466622105434223536724507818245057         8933.20239838661484977716771795023447      
   2.58261876068275699540889612963339913         1.00000000000000000000000000000000002E-0002   0.00000000000000000000000000000000000        0.668614458809231706125433871573613450        0.321385541190768293874566128426386542        0.724999999999999999999999999999999981        0.275000000000000000000000000000000019        0.512000024318695068359375000000000000        0.425000011920928955078125000000000000         6.30000010132789611816406250000000000E-0002  0.870056494511586616800702331296776776        0.129943505488413383199297668703223248         0.00000000000000000000000000000000000        0.683022559859958444886526535977552353        0.167811590859605266884724425470909642        0.129098359310438402074632433326122454         700.000000000000000000000000000000000        0.300000011920928955078125000000000000        -1.00000000000000000000000000000000000         4.50000000000000000000000000000000000         50.0000000000000000000000000000000000         2.47008450049264527495901743943824681         2.30454489006003039212699337703877416         2.25181343458658833191036915997749770         2.08304445734726150332188635062999673         1.28840978972638391639789069053868826        -2.34173287464745307179089269318237391        -9.69312388644352538013829338293397811         985.325431645882355806846807061943806         9123.43445691983700365042981490848722      
   2.70495973046322058012775948376762777         1.00000000000000000000000000000000002E-0002   0.00000000000000000000000000000000000        0.668614458809231706125433871573613450        0.321385541190768293874566128426386542        0.724999999999999999999999999999999981        0.275000000000000000000000000000000019        0.512000024318695068359375000000000000        0.425000011920928955078125000000000000         6.30000010132789611816406250000000000E-0002  0.870056494511586616800702331296776776        0.129943505488413383199297668703223248         0.00000000000000000000000000000000000        0.683022559859958444886526535977552353        0.167811590859605266884724425470909642        0.129098359310438402074632433326122454         700.000000000000000000000000000000000        0.300000011920928955078125000000000000        -1.00000000000000000000000000000000000         4.50000000000000000000000000000000000         50.0000000000000000000000000000000000         2.44168952776079862216658904618848694         2.28699991453281235267219291261147907         2.23601841014115112539177891761776818         2.07516147211021415835770062662035287         1.30429639525041013315696015888952662        -2.28001272978977680480009579636818765        -9.19809589611850650651949796604361892         1034.58671586503485316516899164977322         9274.38882450686751392260119935067575      
   2.83309610183941463691826271807341983         1.00000000000000000000000000000000002E-0002   0.00000000000000000000000000000000000        0.668614458809231706125433871573613450        0.321385541190768293874566128426386542        0.724999999999999999999999999999999981        0.275000000000000000000000000000000019        0.512000024318695068359375000000000000        0.425000011920928955078125000000000000         6.30000010132789611816406250000000000E-0002  0.870056494511586616800702331296776776        0.129943505488413383199297668703223248         0.00000000000000000000000000000000000        0.683022559859958444886526535977552353        0.167811590859605266884724425470909642        0.129098359310438402074632433326122454         700.000000000000000000000000000000000        0.300000011920928955078125000000000000        -1.00000000000000000000000000000000000         4.50000000000000000000000000000000000         50.0000000000000000000000000000000000         2.41697926170259476450226068471031920         2.27196740381180858694987742036395510         2.22220829615362215860669907093490971         2.06963918923831200578556015479542415         1.32038114714740245596741279016016398        -2.23917387691844712195687527720060886        -8.76474837602298332180600883029720126         1086.56265479963104617111439365406744         9389.46761831654703426612890240524123      
   2.96730240818896454651461614421851563         1.00000000000000000000000000000000002E-0002   0.00000000000000000000000000000000000        0.668614458809231706125433871573613450        0.321385541190768293874566128426386542        0.724999999999999999999999999999999981        0.275000000000000000000000000000000019        0.512000024318695068359375000000000000        0.425000011920928955078125000000000000         6.30000010132789611816406250000000000E-0002  0.870056494511586616800702331296776776        0.129943505488413383199297668703223248         0.00000000000000000000000000000000000        0.683022559859958444886526535977552353        0.167811590859605266884724425470909642        0.129098359310438402074632433326122454         700.000000000000000000000000000000000        0.300000011920928955078125000000000000        -1.00000000000000000000000000000000000         4.50000000000000000000000000000000000         50.0000000000000000000000000000000000         2.39543023441466913256918679402853207         2.25897517056653528047790258271997002         2.21094778804226126160897989095102416         2.06527690463965827663568765157251192         1.33660362402336114458452575900452139        -2.17225312981276052145846817675069345        -8.34404355318415022134518756038332811         1141.23008632683802275849903164771390         9506.83545779739588353310000830854962      
   3.10786618778211364466063213094136699         1.00000000000000000000000000000000002E-0002   0.00000000000000000000000000000000000        0.668614458809231706125433871573613450        0.321385541190768293874566128426386542        0.724999999999999999999999999999999981        0.275000000000000000000000000000000019        0.512000024318695068359375000000000000        0.425000011920928955078125000000000000         6.30000010132789611816406250000000000E-0002  0.870056494511586616800702331296776776        0.129943505488413383199297668703223248         0.00000000000000000000000000000000000        0.683022559859958444886526535977552353        0.167811590859605266884724425470909642        0.129098359310438402074632433326122454         700.000000000000000000000000000000000        0.300000011920928955078125000000000000        -1.00000000000000000000000000000000000         4.50000000000000000000000000000000000         50.0000000000000000000000000000000000         2.37681807876431816526787382682264606         2.24851821974265070974842212693609891         2.20153648459081810216390431296200552         2.06294689716678975905533655912896073         1.35300361794643427921114389064359533        -2.13404299591086382635281015822900337        -7.96178466268199251253175938516197865         1199.09587074888846451361393527051534         9625.02545351251586500428148914927762      
   3.25508859983516440085845691551799553         1.00000000000000000000000000000000002E-0002   0.00000000000000000000000000000000000        0.668614458809231706125433871573613450        0.321385541190768293874566128426386542        0.724999999999999999999999999999999981        0.275000000000000000000000000000000019        0.512000024318695068359375000000000000        0.425000011920928955078125000000000000         6.30000010132789611816406250000000000E-0002  0.870056494511586616800702331296776776        0.129943505488413383199297668703223248         0.00000000000000000000000000000000000        0.683022559859958444886526535977552353        0.167811590859605266884724425470909642        0.129098359310438402074632433326122454         700.000000000000000000000000000000000        0.300000011920928955078125000000000000        -1.00000000000000000000000000000000000         4.50000000000000000000000000000000000         50.0000000000000000000000000000000000         2.36070322764200840963973981728024293         2.23938382302403488442712051050758073         2.19410460628682064067454044962836539         2.06167458257009200157354588651901009         1.36950188129237112610024980987848614        -2.06367629909142053777163452711524969        -7.59301178612126043336663965138184684         1258.36244794037330709139915123500539         9744.23760580283460663328937435060722      
   3.40928506974692429676371810701270237         1.00000000000000000000000000000000002E-0002   0.00000000000000000000000000000000000        0.668614458809231706125433871573613450        0.321385541190768293874566128426386542        0.724999999999999999999999999999999981        0.275000000000000000000000000000000019        0.512000024318695068359375000000000000        0.425000011920928955078125000000000000         6.30000010132789611816406250000000000E-0002  0.870056494511586616800702331296776776        0.129943505488413383199297668703223248         0.00000000000000000000000000000000000        0.683022559859958444886526535977552353        0.167811590859605266884724425470909642        0.129098359310438402074632433326122454         700.000000000000000000000000000000000        0.300000011920928955078125000000000000        -1.00000000000000000000000000000000000         4.50000000000000000000000000000000000         50.0000000000000000000000000000000000         2.34673532227180897901305791909612052         2.23203877242740153600990287208091701         2.18823452970286767199053439036264209         2.06130716585888305920735236243588465         1.38603840039001914403711949691084519        -2.00180749046501341965639475583776606        -7.24331831974443559169666690592281048         1324.96683978050460517188307204652170         9864.58195060450813909485563765282699      
   3.57078596490058154200418219794212579         1.00000000000000000000000000000000002E-0002   0.00000000000000000000000000000000000        0.668614458809231706125433871573613450        0.321385541190768293874566128426386542        0.724999999999999999999999999999999981        0.275000000000000000000000000000000019        0.512000024318695068359375000000000000        0.425000011920928955078125000000000000         6.30000010132789611816406250000000000E-0002  0.870056494511586616800702331296776776        0.129943505488413383199297668703223248         0.00000000000000000000000000000000000        0.683022559859958444886526535977552353        0.167811590859605266884724425470909642        0.129098359310438402074632433326122454         700.000000000000000000000000000000000        0.300000011920928955078125000000000000        -1.00000000000000000000000000000000000         4.50000000000000000000000000000000000         50.0000000000000000000000000000000000         2.33497005565476918620201793238654309         2.22657210865040104584196701776118191         2.18401343893546605742253005436163246         2.06216727374857633494314771403793496         1.40273489512886975897133644752529646        -1.94864504751760943241341883551634723        -6.91189046862653688119219241050599480         1393.57714757180963057892944436523643         9986.65088108580857962510782963512746      
   3.73993730247892248533723346676967991         1.00000000000000000000000000000000002E-0002   0.00000000000000000000000000000000000        0.668614458809231706125433871573613450        0.321385541190768293874566128426386542        0.724999999999999999999999999999999981        0.275000000000000000000000000000000019        0.512000024318695068359375000000000000        0.425000011920928955078125000000000000         6.30000010132789611816406250000000000E-0002  0.870056494511586616800702331296776776        0.129943505488413383199297668703223248         0.00000000000000000000000000000000000        0.683022559859958444886526535977552353        0.167811590859605266884724425470909642        0.129098359310438402074632433326122454         700.000000000000000000000000000000000        0.300000011920928955078125000000000000        -1.00000000000000000000000000000000000         4.50000000000000000000000000000000000         50.0000000000000000000000000000000000         2.32514807466345118107888284636863882         2.22242292140852714017142016254520945         2.18100385409699518642918160093331575         2.06441117079869649706016604706386441         1.41955493470237605223601149189713862        -1.89908271980934953990755811660039784        -6.60907683843301948832848219786331444         1466.15973734562795057025204223053763         10109.4105973472536840473507322693020      
   3.91710149080939146393706924636129076         1.00000000000000000000000000000000002E-0002   0.00000000000000000000000000000000000        0.668614458809231706125433871573613450        0.321385541190768293874566128426386542        0.724999999999999999999999999999999981        0.275000000000000000000000000000000019        0.512000024318695068359375000000000000        0.425000011920928955078125000000000000         6.30000010132789611816406250000000000E-0002  0.870056494511586616800702331296776776        0.129943505488413383199297668703223248         0.00000000000000000000000000000000000        0.683022559859958444886526535977552353        0.167811590859605266884724425470909642        0.129098359310438402074632433326122454         700.000000000000000000000000000000000        0.300000011920928955078125000000000000        -1.00000000000000000000000000000000000         4.50000000000000000000000000000000000         50.0000000000000000000000000000000000         2.31714588091869026351674194246868523         2.21933230985835149682622019474196423         2.17935885318615583922750511445748626         2.06719907913578854979574002790658814         1.43651484989937851011461435504060317        -1.83418424247827241735810614173452197        -6.32236529248471463730913153733258160         1542.43189686570777190610456743652311         10233.6534841586136698180188929741980      
   4.10265810582733183554468384630866708         1.00000000000000000000000000000000002E-0002   0.00000000000000000000000000000000000        0.668614458809231706125433871573613450        0.321385541190768293874566128426386542        0.724999999999999999999999999999999981        0.275000000000000000000000000000000019        0.512000024318695068359375000000000000        0.425000011920928955078125000000000000         6.30000010132789611816406250000000000E-0002  0.870056494511586616800702331296776776        0.129943505488413383199297668703223248         0.00000000000000000000000000000000000        0.683022559859958444886526535977552353        0.167811590859605266884724425470909642        0.129098359310438402074632433326122454         700.000000000000000000000000000000000        0.300000011920928955078125000000000000        -1.00000000000000000000000000000000000         4.50000000000000000000000000000000000         50.0000000000000000000000000000000000         2.31083424245789439855989517196897265         2.21783794668671513958462862058333931         2.17904304191021314401909196833973755         2.07139096184590179941234199790258381         1.45362170234737394964788209216944658        -1.78036431728733739767196899579623579        -6.04812286920910091462655659203852042         1623.18203924892270331811434879766803         10358.9016047866305209610711393995609      
   4.29700470432098797081550436783669861         1.00000000000000000000000000000000002E-0002   0.00000000000000000000000000000000000        0.668614458809231706125433871573613450        0.321385541190768293874566128426386542        0.724999999999999999999999999999999981        0.275000000000000000000000000000000019        0.512000024318695068359375000000000000        0.425000011920928955078125000000000000         6.30000010132789611816406250000000000E-0002  0.870056494511586616800702331296776776        0.129943505488413383199297668703223248         0.00000000000000000000000000000000000        0.683022559859958444886526535977552353        0.167811590859605266884724425470909642        0.129098359310438402074632433326122454         700.000000000000000000000000000000000        0.300000011920928955078125000000000000        -1.00000000000000000000000000000000000         4.50000000000000000000000000000000000         50.0000000000000000000000000000000000         2.30603116834760012724555118204750507         2.21770311159192254168320343738492375         2.18013459910658344814465368527964041         2.07647152734225761557486121719230392         1.47084263636949677976862944277959367        -1.72321986453197087157543649663835592        -5.77471543695554130635806105669329423         1708.89578902073030035103996045474553         10485.7195946345352210073010959529858      
   4.50055767570065325107907567564988206         1.00000000000000000000000000000000002E-0002   0.00000000000000000000000000000000000        0.668614458809231706125433871573613450        0.321385541190768293874566128426386542        0.724999999999999999999999999999999981        0.275000000000000000000000000000000019        0.512000024318695068359375000000000000        0.425000011920928955078125000000000000         6.30000010132789611816406250000000000E-0002  0.870056494511586616800702331296776776        0.129943505488413383199297668703223248         0.00000000000000000000000000000000000        0.683022559859958444886526535977552353        0.167811590859605266884724425470909642        0.129098359310438402074632433326122454         700.000000000000000000000000000000000        0.300000011920928955078125000000000000        -1.00000000000000000000000000000000000         4.50000000000000000000000000000000000         50.0000000000000000000000000000000000         2.30246498234881949352014028337449579         2.21826033115139340764634145947443966         2.18160323895595141461768994425231266         2.08180297319878399914017143191563822         1.48807583938233127896504126861640116        -1.68028225943526542382268009985662668        -5.54004235209647069964446873032267371         1800.18947159258897906016819357672385         10599.8627626515639705966505766770594      
   4.71375313411688746090811432995346639         1.00000000000000000000000000000000002E-0002   0.00000000000000000000000000000000000        0.668614458809231706125433871573613450        0.321385541190768293874566128426386542        0.724999999999999999999999999999999981        0.275000000000000000000000000000000019        0.512000024318695068359375000000000000        0.425000011920928955078125000000000000         6.30000010132789611816406250000000000E-0002  0.870056494511586616800702331296776776        0.129943505488413383199297668703223248         0.00000000000000000000000000000000000        0.683022559859958444886526535977552353        0.167811590859605266884724425470909642        0.129098359310438402074632433326122454         700.000000000000000000000000000000000        0.300000011920928955078125000000000000        -1.00000000000000000000000000000000000         4.50000000000000000000000000000000000         50.0000000000000000000000000000000000         2.30056944449795391421396239598694168         2.22023763514074131400554233363776338         2.18459070349513861888271643609327943         2.08851912475781586209673685164411532         1.50564641876155392033113765353975969        -1.63174417929047185594417220797312166        -5.30894601067652046016938327220978735         1894.66759754219198131253736091866186         10742.1060549507938673578201743128366      
   4.93704785283917522455720499133271388         1.00000000000000000000000000000000002E-0002   0.00000000000000000000000000000000000        0.668614458809231706125433871573613450        0.321385541190768293874566128426386542        0.724999999999999999999999999999999981        0.275000000000000000000000000000000019        0.512000024318695068359375000000000000        0.425000011920928955078125000000000000         6.30000010132789611816406250000000000E-0002  0.870056494511586616800702331296776776        0.129943505488413383199297668703223248         0.00000000000000000000000000000000000        0.683022559859958444886526535977552353        0.167811590859605266884724425470909642        0.129098359310438402074632433326122454         700.000000000000000000000000000000000        0.300000011920928955078125000000000000        -1.00000000000000000000000000000000000         4.50000000000000000000000000000000000         50.0000000000000000000000000000000000         2.29975241047010751120483830746761271         2.22280460132923370429994998391327705         2.18847299702049814325486229785861127         2.09574982784106792674373206266418239         1.52324609223086656416662175481825723        -1.56874699187407872044157529020400217        -5.08479718968938591559026976968952810         1995.71168274276716032916251716990908         10872.2637660309087236730433549722243      
   5.17092024289694052668163232095138689         1.00000000000000000000000000000000002E-0002   0.00000000000000000000000000000000000        0.668614458809231706125433871573613450        0.321385541190768293874566128426386542        0.724999999999999999999999999999999981        0.275000000000000000000000000000000019        0.512000024318695068359375000000000000        0.425000011920928955078125000000000000         6.30000010132789611816406250000000000E-0002  0.870056494511586616800702331296776776        0.129943505488413383199297668703223248         0.00000000000000000000000000000000000        0.683022559859958444886526535977552353        0.167811590859605266884724425470909642        0.129098359310438402074632433326122454         700.000000000000000000000000000000000        0.300000011920928955078125000000000000        -1.00000000000000000000000000000000000         4.50000000000000000000000000000000000         50.0000000000000000000000000000000000         2.30012755885236044440479338505206455         2.22676499180043057113392221753346321         2.19310369371943009611523629070764058         2.10389354812457976578658105641101431         1.54099353957368154943600894833223185        -1.53487033820603556246375774335422724        -4.88001846148101975685665486793890341         2102.68409090467708645845193419684070         11003.7706714037515200548097387733199      
   5.41587137807966487084961468635563235         1.00000000000000000000000000000000002E-0002   0.00000000000000000000000000000000000        0.668614458809231706125433871573613450        0.321385541190768293874566128426386542        0.724999999999999999999999999999999981        0.275000000000000000000000000000000019        0.512000024318695068359375000000000000        0.425000011920928955078125000000000000         6.30000010132789611816406250000000000E-0002  0.870056494511586616800702331296776776        0.129943505488413383199297668703223248         0.00000000000000000000000000000000000        0.683022559859958444886526535977552353        0.167811590859605266884724425470909642        0.129098359310438402074632433326122454         700.000000000000000000000000000000000        0.300000011920928955078125000000000000        -1.00000000000000000000000000000000000         4.50000000000000000000000000000000000         50.0000000000000000000000000000000000         2.30157525358777559436808702562141475         2.23124153313393411871375135995077897         2.19869008337898551185980312177382848         2.11229253083882944707560129837828220         1.55885585248085664374384873458833243        -1.48049286259221070042026913338106469        -4.67938482947420889242311181242540336         2215.88068730760039429355082362098831         11136.4954350272444532756138221123252      
   5.67242606849218144376540893055636070         1.00000000000000000000000000000000002E-0002   0.00000000000000000000000000000000000        0.668614458809231706125433871573613450        0.321385541190768293874566128426386542        0.724999999999999999999999999999999981        0.275000000000000000000000000000000019        0.512000024318695068359375000000000000        0.425000011920928955078125000000000000         6.30000010132789611816406250000000000E-0002  0.870056494511586616800702331296776776        0.129943505488413383199297668703223248         0.00000000000000000000000000000000000        0.683022559859958444886526535977552353        0.167811590859605266884724425470909642        0.129098359310438402074632433326122454         700.000000000000000000000000000000000        0.300000011920928955078125000000000000        -1.00000000000000000000000000000000000         4.50000000000000000000000000000000000         50.0000000000000000000000000000000000         2.30407163963263349229903077052641184         2.23681614484841721756107718406444111         2.20501901278386449397274453368596721         2.12176720429977945691605556984439569         1.57685963365529654139325039115389306        -1.44203437159521090598718175017765217        -4.49214388966713713564204719031620389         2332.45452476544039946065857166183777         11265.1728594454611907803790577244008      
   5.94113398496524757317294119695305884         1.00000000000000000000000000000000002E-0002   0.00000000000000000000000000000000000        0.668614458809231706125433871573613450        0.321385541190768293874566128426386542        0.724999999999999999999999999999999981        0.275000000000000000000000000000000019        0.512000024318695068359375000000000000        0.425000011920928955078125000000000000         6.30000010132789611816406250000000000E-0002  0.870056494511586616800702331296776776        0.129943505488413383199297668703223248         0.00000000000000000000000000000000000        0.683022559859958444886526535977552353        0.167811590859605266884724425470909642        0.129098359310438402074632433326122454         700.000000000000000000000000000000000        0.300000011920928955078125000000000000        -1.00000000000000000000000000000000000         4.50000000000000000000000000000000000         50.0000000000000000000000000000000000         2.30731756568509969868411681098950602         2.24268687595859229999301096000146099         2.21197323043848746927995533090546948         2.13139363834119743738791658200542392         1.59483181938538094732908409181890757        -1.38851795751688882150902423047698373        -4.31037473395244373354241733040661475         2464.47639428874944798766309575008470         11391.6301878270776255910089055304446      
   6.22257083673045567818932634861224246         1.00000000000000000000000000000000002E-0002   0.00000000000000000000000000000000000        0.668614458809231706125433871573613450        0.321385541190768293874566128426386542        0.724999999999999999999999999999999981        0.275000000000000000000000000000000019        0.512000024318695068359375000000000000        0.425000011920928955078125000000000000         6.30000010132789611816406250000000000E-0002  0.870056494511586616800702331296776776        0.129943505488413383199297668703223248         0.00000000000000000000000000000000000        0.683022559859958444886526535977552353        0.167811590859605266884724425470909642        0.129098359310438402074632433326122454         700.000000000000000000000000000000000        0.300000011920928955078125000000000000        -1.00000000000000000000000000000000000         4.50000000000000000000000000000000000         50.0000000000000000000000000000000000         2.31201378346478996127952707647049207         2.25000507620844959314931401972560300         2.22017660786617551869479565267776378         2.14237050906553650763815302684696947         1.61328415895977010506582458644137588        -1.34351781910459756574365674869277920        -4.13648064182063782684165997934737983         2596.99985787969846448730968432334459         11543.3349318573771012719094513649582      
   6.51733960488266225567076642791935208         1.00000000000000000000000000000000002E-0002   0.00000000000000000000000000000000000        0.668614458809231706125433871573613450        0.321385541190768293874566128426386542        0.724999999999999999999999999999999981        0.275000000000000000000000000000000019        0.512000024318695068359375000000000000        0.425000011920928955078125000000000000         6.30000010132789611816406250000000000E-0002  0.870056494511586616800702331296776776        0.129943505488413383199297668703223248         0.00000000000000000000000000000000000        0.683022559859958444886526535977552353        0.167811590859605266884724425470909642        0.129098359310438402074632433326122454         700.000000000000000000000000000000000        0.300000011920928955078125000000000000        -1.00000000000000000000000000000000000         4.50000000000000000000000000000000000         50.0000000000000000000000000000000000         2.31723367459724602218663399361235747         2.25770056434530856638934182457660637         2.22873016775810065853208218872769608         2.15336486270054811344992100328594599         1.63159446880786818405707713537216183        -1.29986110505021275910569088974685690        -3.97102835145682180608550768628829094         2739.48917849162272399636519794811342         11681.8933147118552230906864648953657      
   6.82607183427263972690668329495824292         1.00000000000000000000000000000000002E-0002   0.00000000000000000000000000000000000        0.668614458809231706125433871573613450        0.321385541190768293874566128426386542        0.724999999999999999999999999999999981        0.275000000000000000000000000000000019        0.512000024318695068359375000000000000        0.425000011920928955078125000000000000         6.30000010132789611816406250000000000E-0002  0.870056494511586616800702331296776776        0.129943505488413383199297668703223248         0.00000000000000000000000000000000000        0.683022559859958444886526535977552353        0.167811590859605266884724425470909642        0.129098359310438402074632433326122454         700.000000000000000000000000000000000        0.300000011920928955078125000000000000        -1.00000000000000000000000000000000000         4.50000000000000000000000000000000000         50.0000000000000000000000000000000000         2.32338674620389369003716139884106475         2.26634978721983728207479045841621631         2.23792372348601246170653263808253691         2.16497117152070285415850693968508456         1.65008563134623674130462377944083937        -1.27019806061779253525079376276295924        -3.81885324423638212039971903844934176         2890.21866708853754671036057851950770         11821.6572554157663620614121098334501      
   7.14942898659784326950660524938800231         1.00000000000000000000000000000000002E-0002   0.00000000000000000000000000000000000        0.668614458809231706125433871573613450        0.321385541190768293874566128426386542        0.724999999999999999999999999999999981        0.275000000000000000000000000000000019        0.512000024318695068359375000000000000        0.425000011920928955078125000000000000         6.30000010132789611816406250000000000E-0002  0.870056494511586616800702331296776776        0.129943505488413383199297668703223248         0.00000000000000000000000000000000000        0.683022559859958444886526535977552353        0.167811590859605266884724425470909642        0.129098359310438402074632433326122454         700.000000000000000000000000000000000        0.300000011920928955078125000000000000        -1.00000000000000000000000000000000000         4.50000000000000000000000000000000000         50.0000000000000000000000000000000000         2.33034512220570273641199493097577361         2.27538393094169245223107863106358944         2.24796234042998455908822153964347699         2.17723105903311340130273152452319227         1.66869769513860236593715796182166101        -1.21984207735716607089424276446805352        -3.66477588587895146363107296969099639         3050.44389542601533159361733279070730         11963.4917303780771375458589744772087      
   7.48810385759030229475404929283587874         1.00000000000000000000000000000000002E-0002   0.00000000000000000000000000000000000        0.668614458809231706125433871573613450        0.321385541190768293874566128426386542        0.724999999999999999999999999999999981        0.275000000000000000000000000000000019        0.512000024318695068359375000000000000        0.425000011920928955078125000000000000         6.30000010132789611816406250000000000E-0002  0.870056494511586616800702331296776776        0.129943505488413383199297668703223248         0.00000000000000000000000000000000000        0.683022559859958444886526535977552353        0.167811590859605266884724425470909642        0.129098359310438402074632433326122454         700.000000000000000000000000000000000        0.300000011920928955078125000000000000        -1.00000000000000000000000000000000000         4.50000000000000000000000000000000000         50.0000000000000000000000000000000000         2.33801567592964849864633769740478461         2.28531849049402120225789376121109856         2.25867972672645346892848178438409371         2.18993407849484944649780117616217676         1.68739261413079568017142972070009149        -1.17939535439031849994398660470067201        -3.51249219906790841278772687910835299         3220.85733217025842753770379392043607         12107.3674572363329492194663028829258      
   7.84282206133797492150195102086104320         1.00000000000000000000000000000000002E-0002   0.00000000000000000000000000000000000        0.668614458809231706125433871573613450        0.321385541190768293874566128426386542        0.724999999999999999999999999999999981        0.275000000000000000000000000000000019        0.512000024318695068359375000000000000        0.425000011920928955078125000000000000         6.30000010132789611816406250000000000E-0002  0.870056494511586616800702331296776776        0.129943505488413383199297668703223248         0.00000000000000000000000000000000000        0.683022559859958444886526535977552353        0.167811590859605266884724425470909642        0.129098359310438402074632433326122454         700.000000000000000000000000000000000        0.300000011920928955078125000000000000        -1.00000000000000000000000000000000000         4.50000000000000000000000000000000000         50.0000000000000000000000000000000000         2.34644416052575376765641173616693049         2.29557433534239201516062834465320712         2.26962505278730899862343270893269874         2.20320668408657907913105216550813921         1.70623337204697187988283537036892803        -1.14332905002149597538459800643468042        -3.38466072376597253835284679168299436         3400.26585173541327603604849144265222         12252.1942647524697482608327199632928      
   8.21434358491973787188331079880935809         1.00000000000000000000000000000000002E-0002   0.00000000000000000000000000000000000        0.668614458809231706125433871573613450        0.321385541190768293874566128426386542        0.724999999999999999999999999999999981        0.275000000000000000000000000000000019        0.512000024318695068359375000000000000        0.425000011920928955078125000000000000         6.30000010132789611816406250000000000E-0002  0.870056494511586616800702331296776776        0.129943505488413383199297668703223248         0.00000000000000000000000000000000000        0.683022559859958444886526535977552353        0.167811590859605266884724425470909642        0.129098359310438402074632433326122454         700.000000000000000000000000000000000        0.300000011920928955078125000000000000        -1.00000000000000000000000000000000000         4.50000000000000000000000000000000000         50.0000000000000000000000000000000000         2.35551541065779200498041673357567836         2.30653303667384238787287536367637970         2.28132818763459812775178256793200179         2.21685696326910365342021631178358041         1.72516290018934737750597013257449307        -1.10483222781628724462747927268801997        -3.25193119627891498722239850991125523         3591.28022395821941738557400213347765         12399.3260770712502018875787524047677      
   8.60346441668483183756181982790961157         1.00000000000000000000000000000000002E-0002   0.00000000000000000000000000000000000        0.668614458809231706125433871573613450        0.321385541190768293874566128426386542        0.724999999999999999999999999999999981        0.275000000000000000000000000000000019        0.512000024318695068359375000000000000        0.425000011920928955078125000000000000         6.30000010132789611816406250000000000E-0002  0.870056494511586616800702331296776776        0.129943505488413383199297668703223248         0.00000000000000000000000000000000000        0.683022559859958444886526535977552353        0.167811590859605266884724425470909642        0.129098359310438402074632433326122454         700.000000000000000000000000000000000        0.300000011920928955078125000000000000        -1.00000000000000000000000000000000000         4.50000000000000000000000000000000000         50.0000000000000000000000000000000000         2.36528658719203081839843197520832638         2.31825269031787545795388122704127350         2.29361313272266902890639075489860076         2.23104818817016607055242955481868374         1.74425154043826705871522841895972662        -1.07426824705863365010687154014837485        -3.12491472283648394328978622281109850         3793.81138983809090473831921947631199         12547.9832744642524652757318048665680      
   9.01101825166536630189666009569239489         1.00000000000000000000000000000000002E-0002   0.00000000000000000000000000000000000        0.668614458809231706125433871573613450        0.321385541190768293874566128426386542        0.724999999999999999999999999999999981        0.275000000000000000000000000000000019        0.512000024318695068359375000000000000        0.425000011920928955078125000000000000         6.30000010132789611816406250000000000E-0002  0.870056494511586616800702331296776776        0.129943505488413383199297668703223248         0.00000000000000000000000000000000000        0.683022559859958444886526535977552353        0.167811590859605266884724425470909642        0.129098359310438402074632433326122454         700.000000000000000000000000000000000        0.300000011920928955078125000000000000        -1.00000000000000000000000000000000000         4.50000000000000000000000000000000000         50.0000000000000000000000000000000000         2.37560590565246089200569432737292890         2.33023866401083353885874209320129002         2.30620865670772399018882499559734174         2.24550477171031536803837843565692620         1.76340462094112865969838578196707403        -1.04197021519354125112477598064428033        -3.00914874909048273987091711036071227         4009.03355885953974522828303955717348         12698.6795302373228212685068763649546      
   9.43787827777574610680776305101093867         1.00000000000000000000000000000000002E-0002   0.00000000000000000000000000000000000        0.668614458809231706125433871573613450        0.321385541190768293874566128426386542        0.724999999999999999999999999999999981        0.275000000000000000000000000000000019        0.512000024318695068359375000000000000        0.425000011920928955078125000000000000         6.30000010132789611816406250000000000E-0002  0.870056494511586616800702331296776776        0.129943505488413383199297668703223248         0.00000000000000000000000000000000000        0.683022559859958444886526535977552353        0.167811590859605266884724425470909642        0.129098359310438402074632433326122454         700.000000000000000000000000000000000        0.300000011920928955078125000000000000        -1.00000000000000000000000000000000000         4.50000000000000000000000000000000000         50.0000000000000000000000000000000000         2.38653290588986613457697423895313562         2.34269191440810344895139355097238219         2.31944055142891396002010519743846783         2.26048368732644709323519661835195932         1.78268913745941296250896901279454725        -1.00245565530296778374652546662279831        -2.89260935873606571296002193997647503         4236.57231435464011408210791924529551         12851.0697478814451908609926713629441      
   9.88495904662596879076778864032827051         1.00000000000000000000000000000000002E-0002   0.00000000000000000000000000000000000        0.668614458809231706125433871573613450        0.321385541190768293874566128426386542        0.724999999999999999999999999999999981        0.275000000000000000000000000000000019        0.512000024318695068359375000000000000        0.425000011920928955078125000000000000         6.30000010132789611816406250000000000E-0002  0.870056494511586616800702331296776776        0.129943505488413383199297668703223248         0.00000000000000000000000000000000000        0.683022559859958444886526535977552353        0.167811590859605266884724425470909642        0.129098359310438402074632433326122454         700.000000000000000000000000000000000        0.300000011920928955078125000000000000        -1.00000000000000000000000000000000000         4.50000000000000000000000000000000000         50.0000000000000000000000000000000000         2.39799749448969620135258292278102187         2.35585002855674481279710512462536108         2.33303478794855957239743187756300881         2.27593787112891904299077047292216834         1.80207190325299958142715641572966085       -0.977921149141831279903219043455267858        -2.78447226233854912382784826712438504         4479.49831365596545375364793676926990         13006.2760054966781005630002190523045      
   10.3532184329570277361739405380354267         1.00000000000000000000000000000000002E-0002   0.00000000000000000000000000000000000        0.668614458809231706125433871573613450        0.321385541190768293874566128426386542        0.724999999999999999999999999999999981        0.275000000000000000000000000000000019        0.512000024318695068359375000000000000        0.425000011920928955078125000000000000         6.30000010132789611816406250000000000E-0002  0.870056494511586616800702331296776776        0.129943505488413383199297668703223248         0.00000000000000000000000000000000000        0.683022559859958444886526535977552353        0.167811590859605266884724425470909642        0.129098359310438402074632433326122454         700.000000000000000000000000000000000        0.300000011920928955078125000000000000        -1.00000000000000000000000000000000000         4.50000000000000000000000000000000000         50.0000000000000000000000000000000000         2.40997153222899208352581348869214533         2.36930092165345107790334106945553821         2.34717790334185723935578778478128748         2.29166815520497800747287566531204167         1.82155057296446271259906908729258890       -0.942536919766311716753201513061551317        -2.67528203966690116050565188458626003         4736.82618038797195925358623611443654         13163.3882039254537800334856932475284      
   10.8436596868965298573473131194133672         1.00000000000000000000000000000000002E-0002   0.00000000000000000000000000000000000        0.668614458809231706125433871573613450        0.321385541190768293874566128426386542        0.724999999999999999999999999999999981        0.275000000000000000000000000000000019        0.512000024318695068359375000000000000        0.425000011920928955078125000000000000         6.30000010132789611816406250000000000E-0002  0.870056494511586616800702331296776776        0.129943505488413383199297668703223248         0.00000000000000000000000000000000000        0.683022559859958444886526535977552353        0.167811590859605266884724425470909642        0.129098359310438402074632433326122454         700.000000000000000000000000000000000        0.300000011920928955078125000000000000        -1.00000000000000000000000000000000000         4.50000000000000000000000000000000000         50.0000000000000000000000000000000000         2.42237953104662597972461927459796042         2.38313174247828623454098854394751623         2.36170885330901444981801872327335019         2.30765508777329202493892528404308001         1.84108425778888022812420304345907522       -0.907092723950962685946008687829789176        -2.56893129111173980136529062897939428         5010.43185178380171182392704027678830         13322.8366808898662759560863265872207      
   11.3573335834315047407380755747457535         1.00000000000000000000000000000000002E-0002   0.00000000000000000000000000000000000        0.668614458809231706125433871573613450        0.321385541190768293874566128426386542        0.724999999999999999999999999999999981        0.275000000000000000000000000000000019        0.512000024318695068359375000000000000        0.425000011920928955078125000000000000         6.30000010132789611816406250000000000E-0002  0.870056494511586616800702331296776776        0.129943505488413383199297668703223248         0.00000000000000000000000000000000000        0.683022559859958444886526535977552353        0.167811590859605266884724425470909642        0.129098359310438402074632433326122454         700.000000000000000000000000000000000        0.300000011920928955078125000000000000        -1.00000000000000000000000000000000000         4.50000000000000000000000000000000000         50.0000000000000000000000000000000000         2.43535323196176679761458869784647918         2.39732885796687177484362701044098017         2.37664673688566782923308717276627268         2.32407652145881262511939065501841946         1.86080820248072247892408812097826795       -0.870222770604333621445556234191785319        -2.47013972101833377122203545009947735         5300.84319049071992689058613667616817         13484.1285445084781960122563469044495      
   11.8953406737036708935232311939754483         1.00000000000000000000000000000000002E-0002   0.00000000000000000000000000000000000        0.668614458809231706125433871573613450        0.321385541190768293874566128426386542        0.724999999999999999999999999999999981        0.275000000000000000000000000000000019        0.512000024318695068359375000000000000        0.425000011920928955078125000000000000         6.30000010132789611816406250000000000E-0002  0.870056494511586616800702331296776776        0.129943505488413383199297668703223248         0.00000000000000000000000000000000000        0.683022559859958444886526535977552353        0.167811590859605266884724425470909642        0.129098359310438402074632433326122454         700.000000000000000000000000000000000        0.300000011920928955078125000000000000        -1.00000000000000000000000000000000000         4.50000000000000000000000000000000000         50.0000000000000000000000000000000000         2.44873612339835037763939073979546751         2.41208633157861627916032916698144497         2.39180673399603246269726103883033638         2.34069049934818810033700819624873972         1.88060444564030798176360116880386483       -0.847877769317186659022401536979021438        -2.38018350701793573972955784751624032         5609.77132389842135025006210185524712         13648.4974045571493419129838529579024      
   12.4588336429505803262590704440291315         1.00000000000000000000000000000000002E-0002   0.00000000000000000000000000000000000        0.668614458809231706125433871573613450        0.321385541190768293874566128426386542        0.724999999999999999999999999999999981        0.275000000000000000000000000000000019        0.512000024318695068359375000000000000        0.425000011920928955078125000000000000         6.30000010132789611816406250000000000E-0002  0.870056494511586616800702331296776776        0.129943505488413383199297668703223248         0.00000000000000000000000000000000000        0.683022559859958444886526535977552353        0.167811590859605266884724425470909642        0.129098359310438402074632433326122454         700.000000000000000000000000000000000        0.300000011920928955078125000000000000        -1.00000000000000000000000000000000000         4.50000000000000000000000000000000000         50.0000000000000000000000000000000000         2.46251869539813605116499456975300090         2.42717054709277652152693276810862025         2.40742083686389671583101153712415441         2.35781968268778848413814590741733906         1.90048902299350590208429660999058654       -0.820368002405736155446716529919064751        -2.28866751049701440211793340054112673         5938.09577844916434599176886064196709         13814.5914649095677426793644624300109      
   13.0490197801445524899467209692621793         1.00000000000000000000000000000000002E-0002   0.00000000000000000000000000000000000        0.668614458809231706125433871573613450        0.321385541190768293874566128426386542        0.724999999999999999999999999999999981        0.275000000000000000000000000000000019        0.512000024318695068359375000000000000        0.425000011920928955078125000000000000         6.30000010132789611816406250000000000E-0002  0.870056494511586616800702331296776776        0.129943505488413383199297668703223248         0.00000000000000000000000000000000000        0.683022559859958444886526535977552353        0.167811590859605266884724425470909642        0.129098359310438402074632433326122454         700.000000000000000000000000000000000        0.300000011920928955078125000000000000        -1.00000000000000000000000000000000000         4.50000000000000000000000000000000000         50.0000000000000000000000000000000000         2.47667260253057862150805706419517708         2.44248152445834450790438807912770441         2.42333308461218762903889379382730175         2.37500101460713499639402937326553874         1.92044382922438661909020690684078894       -0.790169538300231397475796806130237170        -2.20108074523841430135225305462815147         6286.96943683678536456073098774635209         13985.0699208977969368444625241300805      
   13.6671635646206221493148154813537214         1.00000000000000000000000000000000002E-0002   0.00000000000000000000000000000000000        0.668614458809231706125433871573613450        0.321385541190768293874566128426386542        0.724999999999999999999999999999999981        0.275000000000000000000000000000000019        0.512000024318695068359375000000000000        0.425000011920928955078125000000000000         6.30000010132789611816406250000000000E-0002  0.870056494511586616800702331296776776        0.129943505488413383199297668703223248         0.00000000000000000000000000000000000        0.683022559859958444886526535977552353        0.167811590859605266884724425470909642        0.129098359310438402074632433326122454         700.000000000000000000000000000000000        0.300000011920928955078125000000000000        -1.00000000000000000000000000000000000         4.50000000000000000000000000000000000         50.0000000000000000000000000000000000         2.49119837179225428852891046778314006         2.45808274674861723179698899575604502         2.43945960112310409689521286173428777         2.39257515534250621362471492946321674         1.94047987647544906888362439182605620       -0.763412749977052910839902599498391856        -2.12091114955665392538246874740410929         6658.46454249582558858074721169882986         14157.2995680346704237769411046325506      
   14.3145893752353758338684692231306029         1.00000000000000000000000000000000002E-0002   0.00000000000000000000000000000000000        0.668614458809231706125433871573613450        0.321385541190768293874566128426386542        0.724999999999999999999999999999999981        0.275000000000000000000000000000000019        0.512000024318695068359375000000000000        0.425000011920928955078125000000000000         6.30000010132789611816406250000000000E-0002  0.870056494511586616800702331296776776        0.129943505488413383199297668703223248         0.00000000000000000000000000000000000        0.683022559859958444886526535977552353        0.167811590859605266884724425470909642        0.129098359310438402074632433326122454         700.000000000000000000000000000000000        0.300000011920928955078125000000000000        -1.00000000000000000000000000000000000         4.50000000000000000000000000000000000         50.0000000000000000000000000000000000         2.50612790347372200856938930389356433         2.47419922139571134032915635273465524         2.45601928157260928844510022992726789         2.41025927861147617327092886758507276         1.96063580104930613092163541894913801       -0.740219751510309288651014125613677134        -2.04023731723424250021116490182685796         7053.34356742125050345564115151113777         14332.9764954342034224774405948511395      
   14.9926843278610750864026478869771275         1.00000000000000000000000000000000002E-0002   0.00000000000000000000000000000000000        0.668614458809231706125433871573613450        0.321385541190768293874566128426386542        0.724999999999999999999999999999999981        0.275000000000000000000000000000000019        0.512000024318695068359375000000000000        0.425000011920928955078125000000000000         6.30000010132789611816406250000000000E-0002  0.870056494511586616800702331296776776        0.129943505488413383199297668703223248         0.00000000000000000000000000000000000        0.683022559859958444886526535977552353        0.167811590859605266884724425470909642        0.129098359310438402074632433326122454         700.000000000000000000000000000000000        0.300000011920928955078125000000000000        -1.00000000000000000000000000000000000         4.50000000000000000000000000000000000         50.0000000000000000000000000000000000         2.52135521918208637579638456227187841         2.49049011050586727210290679835030649         2.47282193681353020402654164190359987         2.42842960195523586623860585750064093         1.98081990127014846617311603859440318       -0.714494377023531892237607915526433789        -1.96266789961819861507875064677643832         7473.00576329362940583631571662032859         14511.4210339589962802707326441496284      
   15.7029012472944242844593367399923914         1.00000000000000000000000000000000002E-0002   0.00000000000000000000000000000000000        0.668614458809231706125433871573613450        0.321385541190768293874566128426386542        0.724999999999999999999999999999999981        0.275000000000000000000000000000000019        0.512000024318695068359375000000000000        0.425000011920928955078125000000000000         6.30000010132789611816406250000000000E-0002  0.870056494511586616800702331296776776        0.129943505488413383199297668703223248         0.00000000000000000000000000000000000        0.683022559859958444886526535977552353        0.167811590859605266884724425470909642        0.129098359310438402074632433326122454         700.000000000000000000000000000000000        0.300000011920928955078125000000000000        -1.00000000000000000000000000000000000         4.50000000000000000000000000000000000         50.0000000000000000000000000000000000         2.53623604367773572079411905540760573         2.50643357197531031509656347450570034         2.48915834921090115234017243190327082         2.44600955122684776580789010907205443         2.00045852869199578132652568263632967       -0.694018633643201357479487991621529113        -1.89130974659602800561137001792402303         7931.71332564403971183465031755508318         14697.8103494007985333550181769574554      
   16.4467617799473254470491446022305387         1.00000000000000000000000000000000002E-0002   0.00000000000000000000000000000000000        0.668614458809231706125433871573613450        0.321385541190768293874566128426386542        0.724999999999999999999999999999999981        0.275000000000000000000000000000000019        0.512000024318695068359375000000000000        0.425000011920928955078125000000000000         6.30000010132789611816406250000000000E-0002  0.870056494511586616800702331296776776        0.129943505488413383199297668703223248         0.00000000000000000000000000000000000        0.683022559859958444886526535977552353        0.167811590859605266884724425470909642        0.129098359310438402074632433326122454         700.000000000000000000000000000000000        0.300000011920928955078125000000000000        -1.00000000000000000000000000000000000         4.50000000000000000000000000000000000         50.0000000000000000000000000000000000         2.55136329618345231674067110658075131         2.52254198391769690156993174243052405         2.50577349950128097074842167911914805         2.46376141189467606617272964844535230         2.02007730356566789969558553354269824       -0.669193940304394165889555636943532263        -1.81939016799583006909351109258644755         8421.26743470703239524111866685158706         14888.7907167651891808604505688841694      
   17.2258596539885891666448939958271182         1.00000000000000000000000000000000002E-0002   0.00000000000000000000000000000000000        0.668614458809231706125433871573613450        0.321385541190768293874566128426386542        0.724999999999999999999999999999999981        0.275000000000000000000000000000000019        0.512000024318695068359375000000000000        0.425000011920928955078125000000000000         6.30000010132789611816406250000000000E-0002  0.870056494511586616800702331296776776        0.129943505488413383199297668703223248         0.00000000000000000000000000000000000        0.683022559859958444886526535977552353        0.167811590859605266884724425470909642        0.129098359310438402074632433326122454         700.000000000000000000000000000000000        0.300000011920928955078125000000000000        -1.00000000000000000000000000000000000         4.50000000000000000000000000000000000         50.0000000000000000000000000000000000         2.56691060352676492745669505400400427         2.53895573509592739780377345902465376         2.52267431792325997455650241622313318         2.48185296150491861362699888505784547         2.03983645181644848320888267709460157       -0.645403057263086059515188132340905445        -1.75354722919292927490924092392197588         8942.00973640487302115106161109917955         15083.3788184771079820562678984549733      
   18.0418640939214858630807661830989717         1.00000000000000000000000000000000002E-0002   0.00000000000000000000000000000000000        0.668614458809231706125433871573613450        0.321385541190768293874566128426386542        0.724999999999999999999999999999999981        0.275000000000000000000000000000000019        0.512000024318695068359375000000000000        0.425000011920928955078125000000000000         6.30000010132789611816406250000000000E-0002  0.870056494511586616800702331296776776        0.129943505488413383199297668703223248         0.00000000000000000000000000000000000        0.683022559859958444886526535977552353        0.167811590859605266884724425470909642        0.129098359310438402074632433326122454         700.000000000000000000000000000000000        0.300000011920928955078125000000000000        -1.00000000000000000000000000000000000         4.50000000000000000000000000000000000         50.0000000000000000000000000000000000         2.58268086009885785756684595637455125         2.55573601014585669119896807580219105         2.53981493422850258603738797899847268         2.50014891508907718195998771831257312         2.05956673634438048469354795922135435       -0.626859685829444554665098692548463870        -1.68775784773374756451201350589431708         9497.86220971026418373073287408307806         15281.8515983726331750123573239338739      
   18.8965233969129017925278720876753030         1.00000000000000000000000000000000002E-0002   0.00000000000000000000000000000000000        0.668614458809231706125433871573613450        0.321385541190768293874566128426386542        0.724999999999999999999999999999999981        0.275000000000000000000000000000000019        0.512000024318695068359375000000000000        0.425000011920928955078125000000000000         6.30000010132789611816406250000000000E-0002  0.870056494511586616800702331296776776        0.129943505488413383199297668703223248         0.00000000000000000000000000000000000        0.683022559859958444886526535977552353        0.167811590859605266884724425470909642        0.129098359310438402074632433326122454         700.000000000000000000000000000000000        0.300000011920928955078125000000000000        -1.00000000000000000000000000000000000         4.50000000000000000000000000000000000         50.0000000000000000000000000000000000         2.59875368275156007451451513661006747         2.57262080507045983842062007777611806         2.55724285619229196295449811838903822         2.51866549743791007814232495018424490         2.07934359541165127112038160820729830       -0.601348786288740739012716201126328874        -1.62326493390140117199201112994943780         10090.5336443064436593182816308308072         15484.9237757207643854051870093827691      
   19.7916686785364185751762295282302534         1.00000000000000000000000000000000002E-0002   0.00000000000000000000000000000000000        0.668614458809231706125433871573613450        0.321385541190768293874566128426386542        0.724999999999999999999999999999999981        0.275000000000000000000000000000000019        0.512000024318695068359375000000000000        0.425000011920928955078125000000000000         6.30000010132789611816406250000000000E-0002  0.870056494511586616800702331296776776        0.129943505488413383199297668703223248         0.00000000000000000000000000000000000        0.683022559859958444886526535977552353        0.167811590859605266884724425470909642        0.129098359310438402074632433326122454         700.000000000000000000000000000000000        0.300000011920928955078125000000000000        -1.00000000000000000000000000000000000         4.50000000000000000000000000000000000         50.0000000000000000000000000000000000         2.61508572521219286554661434229895573         2.58990368877721904133423075440029372         2.57478779444621094975026635852300336         2.53722900059514760572501272050548071         2.09914100754555928584849651642137785       -0.587073403237847793512011043281929946        -1.56509716462475512549215440848057591         10720.3897787969862175685168045955164         15691.7442393177752845922910420190398      
   20.7292177959546059255378205487295255         1.00000000000000000000000000000000002E-0002   0.00000000000000000000000000000000000        0.668614458809231706125433871573613450        0.321385541190768293874566128426386542        0.724999999999999999999999999999999981        0.275000000000000000000000000000000019        0.512000024318695068359375000000000000        0.425000011920928955078125000000000000         6.30000010132789611816406250000000000E-0002  0.870056494511586616800702331296776776        0.129943505488413383199297668703223248         0.00000000000000000000000000000000000        0.683022559859958444886526535977552353        0.167811590859605266884724425470909642        0.129098359310438402074632433326122454         700.000000000000000000000000000000000        0.300000011920928955078125000000000000        -1.00000000000000000000000000000000000         4.50000000000000000000000000000000000         50.0000000000000000000000000000000000         2.63165388242933289922422243435518626         2.60730327788979409143303771415050277         2.59260791588907325071295953046743226         2.55612838483625010106041494866011846         2.11894306355662068299741986652049434       -0.566817755614289084457261060489257292        -1.50604980803160753004335420896857879         11392.8370933983047291135424300034299         15903.0388989585424865726754689226762      
   21.7111794569459824479971497798839502         1.00000000000000000000000000000000002E-0002   0.00000000000000000000000000000000000        0.668614458809231706125433871573613450        0.321385541190768293874566128426386542        0.724999999999999999999999999999999981        0.275000000000000000000000000000000019        0.512000024318695068359375000000000000        0.425000011920928955078125000000000000         6.30000010132789611816406250000000000E-0002  0.870056494511586616800702331296776776        0.129943505488413383199297668703223248         0.00000000000000000000000000000000000        0.683022559859958444886526535977552353        0.167811590859605266884724425470909642        0.129098359310438402074632433326122454         700.000000000000000000000000000000000        0.300000011920928955078125000000000000        -1.00000000000000000000000000000000000         4.50000000000000000000000000000000000         50.0000000000000000000000000000000000         2.64850506652305051309775095823528749         2.62488545833415007529764694689697039         2.61067215688120401930770447685259657         2.57516538168880448949301516631023672         2.13880567300196286361585349392487245       -0.544430728901852604908738016136776507        -1.44916356280609928212895086210010890         12111.1010280002475398703323416429265         16119.5256121239237865118023884644886      
   22.7396575235802733048359620889347810         1.00000000000000000000000000000000002E-0002   0.00000000000000000000000000000000000        0.668614458809231706125433871573613450        0.321385541190768293874566128426386542        0.724999999999999999999999999999999981        0.275000000000000000000000000000000019        0.512000024318695068359375000000000000        0.425000011920928955078125000000000000         6.30000010132789611816406250000000000E-0002  0.870056494511586616800702331296776776        0.129943505488413383199297668703223248         0.00000000000000000000000000000000000        0.683022559859958444886526535977552353        0.167811590859605266884724425470909642        0.129098359310438402074632433326122454         700.000000000000000000000000000000000        0.300000011920928955078125000000000000        -1.00000000000000000000000000000000000         4.50000000000000000000000000000000000         50.0000000000000000000000000000000000         2.66570885660896072827492998099226162         2.64291019280129007761613078743948817         2.62899640999748567717862024556864121         2.59439333357227213238834919137063076         2.15880270676355232593833252819344732       -0.529243126802813219445527078354594833        -1.39644339078843254073412668716722305         12875.7312301605158609137367113697502         16339.6863948917255904660327761557153      
   23.8168555197626293658587845572158158         1.00000000000000000000000000000000002E-0002   0.00000000000000000000000000000000000        0.668614458809231706125433871573613450        0.321385541190768293874566128426386542        0.724999999999999999999999999999999981        0.275000000000000000000000000000000019        0.512000024318695068359375000000000000        0.425000011920928955078125000000000000         6.30000010132789611816406250000000000E-0002  0.870056494511586616800702331296776776        0.129943505488413383199297668703223248         0.00000000000000000000000000000000000        0.683022559859958444886526535977552353        0.167811590859605266884724425470909642        0.129098359310438402074632433326122454         700.000000000000000000000000000000000        0.300000011920928955078125000000000000        -1.00000000000000000000000000000000000         4.50000000000000000000000000000000000         50.0000000000000000000000000000000000         2.68330064875476268878475051549672854         2.66122029722652794857013190588041537         2.64768073204802155331158135064079639         2.61405250580031087927167062636919543         2.17897917123867736111868145521181887       -0.511374540541122359950109950737425060        -1.34532522277293550225908087563299813         13692.7009210099806817516027842043946         16567.1819954689571358381665840121345      
   24.9450813523042636110632071495682141         1.00000000000000000000000000000000002E-0002   0.00000000000000000000000000000000000        0.668614458809231706125433871573613450        0.321385541190768293874566128426386542        0.724999999999999999999999999999999981        0.275000000000000000000000000000000019        0.512000024318695068359375000000000000        0.425000011920928955078125000000000000         6.30000010132789611816406250000000000E-0002  0.870056494511586616800702331296776776        0.129943505488413383199297668703223248         0.00000000000000000000000000000000000        0.683022559859958444886526535977552353        0.167811590859605266884724425470909642        0.129098359310438402074632433326122454         700.000000000000000000000000000000000        0.300000011920928955078125000000000000        -1.00000000000000000000000000000000000         4.50000000000000000000000000000000000         50.0000000000000000000000000000000000         2.70095671422171159820516149640839749         2.67961320904563715016699392702410248         2.66642699275535797335384303117711958         2.63369909547642614212012858236028298         2.19903697860804118365984680767448546       -0.494527557893237958722714610033200915        -1.29498094491881302671951322747195678         14562.9515345879289177070476337655927         16797.5875715308906142373103467018085      
   26.1267522556344429096957856567219458         1.00000000000000000000000000000000002E-0002   0.00000000000000000000000000000000000        0.668614458809231706125433871573613450        0.321385541190768293874566128426386542        0.724999999999999999999999999999999981        0.275000000000000000000000000000000019        0.512000024318695068359375000000000000        0.425000011920928955078125000000000000         6.30000010132789611816406250000000000E-0002  0.870056494511586616800702331296776776        0.129943505488413383199297668703223248         0.00000000000000000000000000000000000        0.683022559859958444886526535977552353        0.167811590859605266884724425470909642        0.129098359310438402074632433326122454         700.000000000000000000000000000000000        0.300000011920928955078125000000000000        -1.00000000000000000000000000000000000         4.50000000000000000000000000000000000         50.0000000000000000000000000000000000         2.71874356631772493367505425821798722         2.69808590388015742834488786341220542         2.68527050522021408749720493432903124         2.65342566454973456787991795178218227         2.21904624636881062510342087950610765       -0.477247958260814904802294175735065040        -1.24654335689602273791048551357458985         15494.4850882114555634634345671184637         17035.8811494816953074174739371403363      
   27.3643999707479270007413801432196356         1.00000000000000000000000000000000002E-0002   0.00000000000000000000000000000000000        0.668614458809231706125433871573613450        0.321385541190768293874566128426386542        0.724999999999999999999999999999999981        0.275000000000000000000000000000000019        0.512000024318695068359375000000000000        0.425000011920928955078125000000000000         6.30000010132789611816406250000000000E-0002  0.870056494511586616800702331296776776        0.129943505488413383199297668703223248         0.00000000000000000000000000000000000        0.683022559859958444886526535977552353        0.167811590859605266884724425470909642        0.129098359310438402074632433326122454         700.000000000000000000000000000000000        0.300000011920928955078125000000000000        -1.00000000000000000000000000000000000         4.50000000000000000000000000000000000         50.0000000000000000000000000000000000         2.73662595245909924231510661476052323         2.71661731118458840136144442569184693         2.70409896721947088406102360626818147         2.67322764496039285384771353693378027         2.23898126186177262059239364066508642       -0.462939563857371931274984223986075323        -1.20287702609770618690301149321532069         16485.4747160194264006791501637534184         17278.3911579589030653383349986454031      
   28.6606761694837981427111233968978527         1.00000000000000000000000000000000002E-0002   0.00000000000000000000000000000000000        0.668614458809231706125433871573613450        0.321385541190768293874566128426386542        0.724999999999999999999999999999999981        0.275000000000000000000000000000000019        0.512000024318695068359375000000000000        0.425000011920928955078125000000000000         6.30000010132789611816406250000000000E-0002  0.870056494511586616800702331296776776        0.129943505488413383199297668703223248         0.00000000000000000000000000000000000        0.683022559859958444886526535977552353        0.167811590859605266884724425470909642        0.129098359310438402074632433326122454         700.000000000000000000000000000000000        0.300000011920928955078125000000000000        -1.00000000000000000000000000000000000         4.50000000000000000000000000000000000         50.0000000000000000000000000000000000         2.75459407629844678071564101759581684         2.73526659247442618371291314942741263         2.72305725564204094843193488175613219         2.69303268459526886768593008097313327         2.25883441456344966990668999583051101       -0.448368715240492603200006075590934645        -1.15814019668749484228976551092253740         17520.9922078160137435277352435742406         17526.4832482365775180952348643259882      
   30.0183581357572497063742795553511495         1.00000000000000000000000000000000002E-0002   0.00000000000000000000000000000000000        0.668614458809231706125433871573613450        0.321385541190768293874566128426386542        0.724999999999999999999999999999999981        0.275000000000000000000000000000000019        0.512000024318695068359375000000000000        0.425000011920928955078125000000000000         6.30000010132789611816406250000000000E-0002  0.870056494511586616800702331296776776        0.129943505488413383199297668703223248         0.00000000000000000000000000000000000        0.683022559859958444886526535977552353        0.167811590859605266884724425470909642        0.129098359310438402074632433326122454         700.000000000000000000000000000000000        0.300000011920928955078125000000000000        -1.00000000000000000000000000000000000         4.50000000000000000000000000000000000         50.0000000000000000000000000000000000         2.77266070213939620367510202131020619         2.75396397922875956210675632324375649         2.74211033379571790985012350632412206         2.71281928069672035429235540691789556         2.27862728277273150113326490969334267       -0.432281855582136713050098455726617713        -1.11411885828056687945905233408684200         18679.9266820398900228141011279398437         17783.9948036486420353235538353464087      
   31.4403547159164261088988818749477531         1.00000000000000000000000000000000002E-0002   0.00000000000000000000000000000000000        0.668614458809231706125433871573613450        0.321385541190768293874566128426386542        0.724999999999999999999999999999999981        0.275000000000000000000000000000000019        0.512000024318695068359375000000000000        0.425000011920928955078125000000000000         6.30000010132789611816406250000000000E-0002  0.870056494511586616800702331296776776        0.129943505488413383199297668703223248         0.00000000000000000000000000000000000        0.683022559859958444886526535977552353        0.167811590859605266884724425470909642        0.129098359310438402074632433326122454         700.000000000000000000000000000000000        0.300000011920928955078125000000000000        -1.00000000000000000000000000000000000         4.50000000000000000000000000000000000         50.0000000000000000000000000000000000         2.79079871921232784238787073043715713         2.77268600077293532755400458359524833         2.76114522225076190427249929681488346         2.73275069932995464419259484825680499         2.29833999831462457641060310467784668       -0.417970718424071066432435552325616717        -1.07395644106664319783088748674667478         19893.5929759901004551534756699251363         18047.7739345548071777624817305693006      
   32.9297125509730094348267134385588767         1.00000000000000000000000000000000002E-0002   0.00000000000000000000000000000000000        0.668614458809231706125433871573613450        0.321385541190768293874566128426386542        0.724999999999999999999999999999999981        0.275000000000000000000000000000000019        0.512000024318695068359375000000000000        0.425000011920928955078125000000000000         6.30000010132789611816406250000000000E-0002  0.870056494511586616800702331296776776        0.129943505488413383199297668703223248         0.00000000000000000000000000000000000        0.683022559859958444886526535977552353        0.167811590859605266884724425470909642        0.129098359310438402074632433326122454         700.000000000000000000000000000000000        0.300000011920928955078125000000000000        -1.00000000000000000000000000000000000         4.50000000000000000000000000000000000         50.0000000000000000000000000000000000         2.80886601504623467984419500870129628         2.79129127275765909527167981702855318         2.78011938320660960824451334917732354         2.75243008862480148377060515719934287         2.31783275213933494361316696060110405       -0.401849273759019283702448691809098289        -1.03400710103565770430842817541715845         21173.5644678154474736921876627105706         18314.6051824679672767969652523804357      
   34.4896226040591652356324616013479640         1.00000000000000000000000000000000002E-0002   0.00000000000000000000000000000000000        0.668614458809231706125433871573613450        0.321385541190768293874566128426386542        0.724999999999999999999999999999999981        0.275000000000000000000000000000000019        0.512000024318695068359375000000000000        0.425000011920928955078125000000000000         6.30000010132789611816406250000000000E-0002  0.870056494511586616800702331296776776        0.129943505488413383199297668703223248         0.00000000000000000000000000000000000        0.683022559859958444886526535977552353        0.167811590859605266884724425470909642        0.129098359310438402074632433326122454         700.000000000000000000000000000000000        0.300000011920928955078125000000000000        -1.00000000000000000000000000000000000         4.50000000000000000000000000000000000         50.0000000000000000000000000000000000         2.82713428310489393621408270772755361         2.81018382261071049255969041832687676         2.79925537549400715260675086659484968         2.77237817371461163007708031757088465         2.33737929962279851938186135589151623       -0.390405506134813042145645170022825345       -0.995940129469851178978975480522825854         22575.2957326231131867302107248905813         18595.0734655145191536718698484667052      
   36.1234269970959852434556329432163891         1.00000000000000000000000000000000002E-0002   0.00000000000000000000000000000000000        0.668614458809231706125433871573613450        0.321385541190768293874566128426386542        0.724999999999999999999999999999999981        0.275000000000000000000000000000000019        0.512000024318695068359375000000000000        0.425000011920928955078125000000000000         6.30000010132789611816406250000000000E-0002  0.870056494511586616800702331296776776        0.129943505488413383199297668703223248         0.00000000000000000000000000000000000        0.683022559859958444886526535977552353        0.167811590859605266884724425470909642        0.129098359310438402074632433326122454         700.000000000000000000000000000000000        0.300000011920928955078125000000000000        -1.00000000000000000000000000000000000         4.50000000000000000000000000000000000         50.0000000000000000000000000000000000         2.84534608212800067700523791298645319         2.82895844316501858048110502801039839         2.81832407489203415827487290868481274         2.79220120909744531544311335020210038         2.35677097448768774909133657275177321       -0.377329504712541235417444587704908961       -0.958797019714693101897282889667211066         24059.8609828197370062089958848034013         18880.5876868498579690307242306334439      
   37.8346261713210532672152332780757538         1.00000000000000000000000000000000002E-0002   0.00000000000000000000000000000000000        0.668614458809231706125433871573613450        0.321385541190768293874566128426386542        0.724999999999999999999999999999999981        0.275000000000000000000000000000000019        0.512000024318695068359375000000000000        0.425000011920928955078125000000000000         6.30000010132789611816406250000000000E-0002  0.870056494511586616800702331296776776        0.129943505488413383199297668703223248         0.00000000000000000000000000000000000        0.683022559859958444886526535977552353        0.167811590859605266884724425470909642        0.129098359310438402074632433326122454         700.000000000000000000000000000000000        0.300000011920928955078125000000000000        -1.00000000000000000000000000000000000         4.50000000000000000000000000000000000         50.0000000000000000000000000000000000         2.86340968465908581048967100869112058         2.84756283724582887082701197578472716         2.83720864050867187442854242409279855         2.81180330678696438274469209189272054         2.37593729417759194211814482846696348       -0.364943084880096571537742739496719486       -0.923479640387548476674710777084129659         25647.0843908074884696096270763566146         19174.0867796334779652384368771385103      
   39.6268863870166317486167498635414547         1.00000000000000000000000000000000002E-0002   0.00000000000000000000000000000000000        0.668614458809231706125433871573613450        0.321385541190768293874566128426386542        0.724999999999999999999999999999999981        0.275000000000000000000000000000000019        0.512000024318695068359375000000000000        0.425000011920928955078125000000000000         6.30000010132789611816406250000000000E-0002  0.870056494511586616800702331296776776        0.129943505488413383199297668703223248         0.00000000000000000000000000000000000        0.683022559859958444886526535977552353        0.167811590859605266884724425470909642        0.129098359310438402074632433326122454         700.000000000000000000000000000000000        0.300000011920928955078125000000000000        -1.00000000000000000000000000000000000         4.50000000000000000000000000000000000         50.0000000000000000000000000000000000         2.88148397044806397685526061054865915         2.86613966986605043336717079395040561         2.85608239002911722625976999706047368         2.83138859788468346485351580891392819         2.39505070675369013190407965352563491       -0.352135494131549721114087134495386931       -0.889385422060173349194871877395898251         27348.9997128789351533316805330014853         19476.7838880642065725353756371143443      
   41.5040475785067069671132337416860269         1.00000000000000000000000000000000002E-0002   0.00000000000000000000000000000000000        0.668614458809231706125433871573613450        0.321385541190768293874566128426386542        0.724999999999999999999999999999999981        0.275000000000000000000000000000000019        0.512000024318695068359375000000000000        0.425000011920928955078125000000000000         6.30000010132789611816406250000000000E-0002  0.870056494511586616800702331296776776        0.129943505488413383199297668703223248         0.00000000000000000000000000000000000        0.683022559859958444886526535977552353        0.167811590859605266884724425470909642        0.129098359310438402074632433326122454         700.000000000000000000000000000000000        0.300000011920928955078125000000000000        -1.00000000000000000000000000000000000         4.50000000000000000000000000000000000         50.0000000000000000000000000000000000         2.89951242685249254000691672403832004         2.88468762124816094272494867449046032         2.87495303408964603782838705980546321         2.85091757319536904597477138581650881         2.41407102411898654011637627377935475       -0.338599867305218855670193525722727436       -0.854253703334782810246345313499805076         29172.1117424461914746284741221979280         19786.9375823497100373537174590777557      
   43.4701315812522977450502814228557596         1.00000000000000000000000000000000002E-0002   0.00000000000000000000000000000000000        0.668614458809231706125433871573613450        0.321385541190768293874566128426386542        0.724999999999999999999999999999999981        0.275000000000000000000000000000000019        0.512000024318695068359375000000000000        0.425000011920928955078125000000000000         6.30000010132789611816406250000000000E-0002  0.870056494511586616800702331296776776        0.129943505488413383199297668703223248         0.00000000000000000000000000000000000        0.683022559859958444886526535977552353        0.167811590859605266884724425470909642        0.129098359310438402074632433326122454         700.000000000000000000000000000000000        0.300000011920928955078125000000000000        -1.00000000000000000000000000000000000         4.50000000000000000000000000000000000         50.0000000000000000000000000000000000         2.91738543294198304259863443254552817         2.90307035805008349130923939815295434         2.89350297228284475216961691175256213         2.87024415777880673838146694959584925         2.43290065173373944552048083994654299       -0.330650628628540810378362720378383487       -0.825382274976413605664288142523552645         31121.1252112198435332699912553643133         20107.9894546541556322554898192861597      
   45.5293507486716565241505913849878156         1.00000000000000000000000000000000002E-0002   0.00000000000000000000000000000000000        0.668614458809231706125433871573613450        0.321385541190768293874566128426386542        0.724999999999999999999999999999999981        0.275000000000000000000000000000000019        0.512000024318695068359375000000000000        0.425000011920928955078125000000000000         6.30000010132789611816406250000000000E-0002  0.870056494511586616800702331296776776        0.129943505488413383199297668703223248         0.00000000000000000000000000000000000        0.683022559859958444886526535977552353        0.167811590859605266884724425470909642        0.129098359310438402074632433326122454         700.000000000000000000000000000000000        0.300000011920928955078125000000000000        -1.00000000000000000000000000000000000         4.50000000000000000000000000000000000         50.0000000000000000000000000000000000         2.93510268455528723266588888526908438         2.92125473794119271513072891800750394         2.91198627652347457737848731114486646         2.88933778765977160763936422513795149         2.45154394539232615490907093004960976       -0.318286576157338608379125527998683277       -0.793836434538784322437624730598871967         33212.0205329386963288222123658962408         20437.5635999289029005553010229308591      
   47.6861169771469809221183781797401387         1.00000000000000000000000000000000002E-0002   0.00000000000000000000000000000000000        0.668614458809231706125433871573613450        0.321385541190768293874566128426386542        0.724999999999999999999999999999999981        0.275000000000000000000000000000000019        0.512000024318695068359375000000000000        0.425000011920928955078125000000000000         6.30000010132789611816406250000000000E-0002  0.870056494511586616800702331296776776        0.129943505488413383199297668703223248         0.00000000000000000000000000000000000        0.683022559859958444886526535977552353        0.167811590859605266884724425470909642        0.129098359310438402074632433326122454         700.000000000000000000000000000000000        0.300000011920928955078125000000000000        -1.00000000000000000000000000000000000         4.50000000000000000000000000000000000         50.0000000000000000000000000000000000         2.95279202590371508683962919166887157         2.93939042868641844821257923449965696         2.93039369977157410807298404177359810         2.90841691996684296703000869715429285         2.47012814158885060692426408085416149       -0.307014341299793279894544492254022214       -0.764345286911002480850054942269487009         35454.1605527948570249607714687338258         20777.5082159095674350717176720992253      
   49.9450511585537973057412883106299450         1.00000000000000000000000000000000002E-0002   0.00000000000000000000000000000000000        0.668614458809231706125433871573613450        0.321385541190768293874566128426386542        0.724999999999999999999999999999999981        0.275000000000000000000000000000000019        0.512000024318695068359375000000000000        0.425000011920928955078125000000000000         6.30000010132789611816406250000000000E-0002  0.870056494511586616800702331296776776        0.129943505488413383199297668703223248         0.00000000000000000000000000000000000        0.683022559859958444886526535977552353        0.167811590859605266884724425470909642        0.129098359310438402074632433326122454         700.000000000000000000000000000000000        0.300000011920928955078125000000000000        -1.00000000000000000000000000000000000         4.50000000000000000000000000000000000         50.0000000000000000000000000000000000         2.97031531947666073750381917044921520         2.95737431167503072369668328632066699         2.94860254383258144387124402809043969         2.92726272534718136140380001190721964         2.48851883959712150402863238428332448       -0.297488987140592102546598700040924529       -0.736375124192123814201963520462131028         37854.2173683435838865377739405874478         21126.9443083789188999282671582101694      
   52.3109930805651492519346455020741169         1.00000000000000000000000000000000002E-0002   0.00000000000000000000000000000000000        0.668614458809231706125433871573613450        0.321385541190768293874566128426386542        0.724999999999999999999999999999999981        0.275000000000000000000000000000000019        0.512000024318695068359375000000000000        0.425000011920928955078125000000000000         6.30000010132789611816406250000000000E-0002  0.870056494511586616800702331296776776        0.129943505488413383199297668703223248         0.00000000000000000000000000000000000        0.683022559859958444886526535977552353        0.167811590859605266884724425470909642        0.129098359310438402074632433326122454         700.000000000000000000000000000000000        0.300000011920928955078125000000000000        -1.00000000000000000000000000000000000         4.50000000000000000000000000000000000         50.0000000000000000000000000000000000         2.98780067952328308694253080815552252         2.97530748288969266803048821279690997         2.96678901057902206378204847442080257         2.94611608423617070404545377004595107         2.50684144400727128806058443075055179       -0.287127675082228771586598360557720593       -0.708229296702168222957262198910528052         40430.8618887208175558514017803239371         21487.5553923589488307290740479094711      
   54.7890117959420854878872849816232285         1.00000000000000000000000000000000002E-0002   0.00000000000000000000000000000000000        0.668614458809231706125433871573613450        0.321385541190768293874566128426386542        0.724999999999999999999999999999999981        0.275000000000000000000000000000000019        0.512000024318695068359375000000000000        0.425000011920928955078125000000000000         6.30000010132789611816406250000000000E-0002  0.870056494511586616800702331296776776        0.129943505488413383199297668703223248         0.00000000000000000000000000000000000        0.683022559859958444886526535977552353        0.167811590859605266884724425470909642        0.129098359310438402074632433326122454         700.000000000000000000000000000000000        0.300000011920928955078125000000000000        -1.00000000000000000000000000000000000         4.50000000000000000000000000000000000         50.0000000000000000000000000000000000         3.00518132838700731714027701366445228         2.99308689186141719554070077002359571         2.98482663877042655543039624801083511         2.96476070888333295694929488290459503         2.52503272075850263060068291039510962       -0.276741469125770725658853929527990456       -0.681938754907578134871274864987355862         43195.4603476058172890758432388169704         21859.7552049725702508663622395870935      
   57.3844164830267494473134630390337038         1.00000000000000000000000000000000002E-0002   0.00000000000000000000000000000000000        0.668614458809231706125433871573613450        0.321385541190768293874566128426386542        0.724999999999999999999999999999999981        0.275000000000000000000000000000000019        0.512000024318695068359375000000000000        0.425000011920928955078125000000000000         6.30000010132789611816406250000000000E-0002  0.870056494511586616800702331296776776        0.129943505488413383199297668703223248         0.00000000000000000000000000000000000        0.683022559859958444886526535977552353        0.167811590859605266884724425470909642        0.129098359310438402074632433326122454         700.000000000000000000000000000000000        0.300000011920928955078125000000000000        -1.00000000000000000000000000000000000         4.50000000000000000000000000000000000         50.0000000000000000000000000000000000         3.02229796595205993995372115759405265         3.01065262219131696754897838226659627         3.00258322879229780571192100614469697         2.98311779293597501312154786165635033         2.54293196702894142955106562208813694       -0.268748367127356591676156269140252980       -0.656592529083425828068462182705715691         46160.3723574110939243114756702827741         22243.2531683783328264750040825004233      
   60.1027678207067787613836741752440859         1.00000000000000000000000000000000002E-0002   0.00000000000000000000000000000000000        0.668614458809231706125433871573613450        0.321385541190768293874566128426386542        0.724999999999999999999999999999999981        0.275000000000000000000000000000000019        0.512000024318695068359375000000000000        0.425000011920928955078125000000000000         6.30000010132789611816406250000000000E-0002  0.870056494511586616800702331296776776        0.129943505488413383199297668703223248         0.00000000000000000000000000000000000        0.683022559859958444886526535977552353        0.167811590859605266884724425470909642        0.129098359310438402074632433326122454         700.000000000000000000000000000000000        0.300000011920928955078125000000000000        -1.00000000000000000000000000000000000         4.50000000000000000000000000000000000         50.0000000000000000000000000000000000         3.03930125489309513158447347084203595         3.02804672889647656686028048950579412         3.02020950203640415283944582116727219         3.00133374448800649987483946806699825         2.56069028285900479317860188506762885       -0.259492821765777884682374058197301611       -0.632133394846224675503277471325318561         49347.6464548271519943596836953410828         22639.4822612836880407703696246826707      
   62.9498899022219826103145225233349426         1.00000000000000000000000000000000002E-0002   0.00000000000000000000000000000000000        0.668614458809231706125433871573613450        0.321385541190768293874566128426386542        0.724999999999999999999999999999999981        0.275000000000000000000000000000000019        0.512000024318695068359375000000000000        0.425000011920928955078125000000000000         6.30000010132789611816406250000000000E-0002  0.870056494511586616800702331296776776        0.129943505488413383199297668703223248         0.00000000000000000000000000000000000        0.683022559859958444886526535977552353        0.167811590859605266884724425470909642        0.129098359310438402074632433326122454         700.000000000000000000000000000000000        0.300000011920928955078125000000000000        -1.00000000000000000000000000000000000         4.50000000000000000000000000000000000         50.0000000000000000000000000000000000         3.05603617322791525653385477246305367         3.04517666235703868141530285063058411         3.03755105410218559737176135037180017         3.01923619607891193061384163341324806         2.57814850152363790613247095233865246       -0.251044611894004814551110145476203273       -0.608553364091302126692444892942375051         52770.1235377063947217130097358529669         23048.3364869885849481901958287005884      
   65.9318827133387394963924236784617628         1.00000000000000000000000000000000002E-0002   0.00000000000000000000000000000000000        0.668614458809231706125433871573613450        0.321385541190768293874566128426386542        0.724999999999999999999999999999999981        0.275000000000000000000000000000000019        0.512000024318695068359375000000000000        0.425000011920928955078125000000000000         6.30000010132789611816406250000000000E-0002  0.870056494511586616800702331296776776        0.129943505488413383199297668703223248         0.00000000000000000000000000000000000        0.683022559859958444886526535977552353        0.167811590859605266884724425470909642        0.129098359310438402074632433326122454         700.000000000000000000000000000000000        0.300000011920928955078125000000000000        -1.00000000000000000000000000000000000         4.50000000000000000000000000000000000         50.0000000000000000000000000000000000         3.07263717890735476687186904741047882         3.06215419624817268959531676390796248         3.05477026373712330782519545870102992         3.03700129039587442305057857418220566         2.59543556640505643763306565676329294       -0.241718095750221113996591308399783641       -0.584885723889873090981415537989793910         56448.6961046391339321791426630407501         23470.8466654130357110769455154365216      
   69.0551352016267211341221719941803480         1.00000000000000000000000000000000002E-0002   0.00000000000000000000000000000000000        0.668614458809231706125433871573613450        0.321385541190768293874566128426386542        0.724999999999999999999999999999999981        0.275000000000000000000000000000000019        0.512000024318695068359375000000000000        0.425000011920928955078125000000000000         6.30000010132789611816406250000000000E-0002  0.870056494511586616800702331296776776        0.129943505488413383199297668703223248         0.00000000000000000000000000000000000        0.683022559859958444886526535977552353        0.167811590859605266884724425470909642        0.129098359310438402074632433326122454         700.000000000000000000000000000000000        0.300000011920928955078125000000000000        -1.00000000000000000000000000000000000         4.50000000000000000000000000000000000         50.0000000000000000000000000000000000         3.08887856413279703176767963196468254         3.07874277466786475139183769950775614         3.07156465118570656936186561249850326         3.05435373304367091143285569440400344         2.61232057115608390068348861189332428       -0.233695992021109934972145392110332936       -0.563683819593601141570072559618649055         60400.7615962648969200636239845743090         23906.3605989711875498733567142961586      
   72.3263389648389904315881138559222429         1.00000000000000000000000000000000002E-0002   0.00000000000000000000000000000000000        0.668614458809231706125433871573613450        0.321385541190768293874566128426386542        0.724999999999999999999999999999999981        0.275000000000000000000000000000000019        0.512000024318695068359375000000000000        0.425000011920928955078125000000000000         6.30000010132789611816406250000000000E-0002  0.870056494511586616800702331296776776        0.129943505488413383199297668703223248         0.00000000000000000000000000000000000        0.683022559859958444886526535977552353        0.167811590859605266884724425470909642        0.129098359310438402074632433326122454         700.000000000000000000000000000000000        0.300000011920928955078125000000000000        -1.00000000000000000000000000000000000         4.50000000000000000000000000000000000         50.0000000000000000000000000000000000         3.10498207236607312477958794776574939         3.09519792970960830351595601732328943         3.08823870691642634808361138963035840         3.07156149652458157792954085847623686         2.62901105703658386368414369861928605       -0.225346012845317443420264522271393157       -0.542165520176542629566218293395026845         64653.0008864996839379013002476338373         24356.8805633283048677463558071636139      
   75.7525025877229563234538363456045364         1.00000000000000000000000000000000002E-0002   0.00000000000000000000000000000000000        0.668614458809231706125433871573613450        0.321385541190768293874566128426386542        0.724999999999999999999999999999999981        0.275000000000000000000000000000000019        0.512000024318695068359375000000000000        0.425000011920928955078125000000000000         6.30000010132789611816406250000000000E-0002  0.870056494511586616800702331296776776        0.129943505488413383199297668703223248         0.00000000000000000000000000000000000        0.683022559859958444886526535977552353        0.167811590859605266884724425470909642        0.129098359310438402074632433326122454         700.000000000000000000000000000000000        0.300000011920928955078125000000000000        -1.00000000000000000000000000000000000         4.50000000000000000000000000000000000         50.0000000000000000000000000000000000         3.12079257575565340369957448998632614         3.11135932323078972498367439886718376         3.10460655232455296116391939321927183         3.08842188637767115479538586436479514         2.64533642322586918267002879647829679       -0.217508105855818435489418968327473691       -0.521355062495157977175751931336601827         69229.2222489142092538115824817898863         24822.1366910478161472394933982400846      
   79.3409666579789374092779396113335383         1.00000000000000000000000000000000002E-0002   0.00000000000000000000000000000000000        0.668614458809231706125433871573613450        0.321385541190768293874566128426386542        0.724999999999999999999999999999999981        0.275000000000000000000000000000000019        0.512000024318695068359375000000000000        0.425000011920928955078125000000000000         6.30000010132789611816406250000000000E-0002  0.870056494511586616800702331296776776        0.129943505488413383199297668703223248         0.00000000000000000000000000000000000        0.683022559859958444886526535977552353        0.167811590859605266884724425470909642        0.129098359310438402074632433326122454         700.000000000000000000000000000000000        0.300000011920928955078125000000000000        -1.00000000000000000000000000000000000         4.50000000000000000000000000000000000         50.0000000000000000000000000000000000         3.13644373947911772883837855572429171         3.12736279258230820532306908278966530         3.12077140430244872366442353025327731         3.10510714300300993289582210143355594         2.66141131383956105002560481389159826       -0.211210224202012043022994828238302377       -0.502194270143027913158600910318988338         74147.4112016340307959950685170524791         25302.6220979098432931832996526276399      
   83.0994194935381664732668516345784739         1.00000000000000000000000000000000002E-0002   0.00000000000000000000000000000000000        0.668614458809231706125433871573613450        0.321385541190768293874566128426386542        0.724999999999999999999999999999999981        0.275000000000000000000000000000000019        0.512000024318695068359375000000000000        0.425000011920928955078125000000000000         6.30000010132789611816406250000000000E-0002  0.870056494511586616800702331296776776        0.129943505488413383199297668703223248         0.00000000000000000000000000000000000        0.683022559859958444886526535977552353        0.167811590859605266884724425470909642        0.129098359310438402074632433326122454         700.000000000000000000000000000000000        0.300000011920928955078125000000000000        -1.00000000000000000000000000000000000         4.50000000000000000000000000000000000         50.0000000000000000000000000000000000         3.15390875936028228433021490818415043         3.14514194631089877897343542319572499         3.13874198058133897036475144712928537         3.12352773523712665388425533495569084         2.67918513506619267874490655232081018       -0.203902256673370944915596684982772614       -0.483212028028318980747980989470634587         79144.3788488812487839463547712887350         25763.5576769690115304269698618582557      
   87.0359136148560765360321240320169501         1.00000000000000000000000000000000002E-0002   0.00000000000000000000000000000000000        0.668614458809231706125433871573613450        0.321385541190768293874566128426386542        0.724999999999999999999999999999999981        0.275000000000000000000000000000000019        0.512000024318695068359375000000000000        0.425000011920928955078125000000000000         6.30000010132789611816406250000000000E-0002  0.870056494511586616800702331296776776        0.129943505488413383199297668703223248         0.00000000000000000000000000000000000        0.683022559859958444886526535977552353        0.167811590859605266884724425470909642        0.129098359310438402074632433326122454         700.000000000000000000000000000000000        0.300000011920928955078125000000000000        -1.00000000000000000000000000000000000         4.50000000000000000000000000000000000         50.0000000000000000000000000000000000         3.17601155228738924500344257185054364         3.16752304651112981010866423799718982         3.16130366620420511379712557773862335         3.14649846521503268850796467239552805         2.70147200512203755908150798635774340       -0.196734669099104320484042858515627908       -0.465247493950619802047730773323311445         83928.8015769605380251591818255619886         26232.0946745237757253190148292976139      
   91.1588829975129113180355582295095585         1.00000000000000000000000000000000002E-0002   0.00000000000000000000000000000000000        0.668614458809231706125433871573613450        0.321385541190768293874566128426386542        0.724999999999999999999999999999999981        0.275000000000000000000000000000000019        0.512000024318695068359375000000000000        0.425000011920928955078125000000000000         6.30000010132789611816406250000000000E-0002  0.870056494511586616800702331296776776        0.129943505488413383199297668703223248         0.00000000000000000000000000000000000        0.683022559859958444886526535977552353        0.167811590859605266884724425470909642        0.129098359310438402074632433326122454         700.000000000000000000000000000000000        0.300000011920928955078125000000000000        -1.00000000000000000000000000000000000         4.50000000000000000000000000000000000         50.0000000000000000000000000000000000         3.19996870444989066900150000634693783         3.19171429705583292179598458550343341         3.18569217412061434149992851193077729         3.17129093614993245534385892553493539         2.72551696453406678437593301708237716       -0.189036561163695632464907844140059972       -0.448145318158910101183911984726363564         88809.5877105255725386373334042380092         26640.4017390515025542988137789893633      
   95.4771611420855187564395181622441053         1.00000000000000000000000000000000002E-0002   0.00000000000000000000000000000000000        0.668614458809231706125433871573613450        0.321385541190768293874566128426386542        0.724999999999999999999999999999999981        0.275000000000000000000000000000000019        0.512000024318695068359375000000000000        0.425000011920928955078125000000000000         6.30000010132789611816406250000000000E-0002  0.870056494511586616800702331296776776        0.129943505488413383199297668703223248         0.00000000000000000000000000000000000        0.683022559859958444886526535977552353        0.167811590859605266884724425470909642        0.129098359310438402074632433326122454         700.000000000000000000000000000000000        0.300000011920928955078125000000000000        -1.00000000000000000000000000000000000         4.50000000000000000000000000000000000         50.0000000000000000000000000000000000         3.23502314367007805270570725911359399         3.22696779295823556587831134164341809         3.22105826736277319528840318736901326         3.20696210299011275378264518092262158         2.76055662586364879431678730503209090       -0.183465342907341064352014943200832154       -0.433549322867063077738108838403061450         92813.1808899077309875549651064948604         27001.7233784814592836101878121140201      
   100.000000000005197392984105217599543         1.00000000000000000000000000000000002E-0002   0.00000000000000000000000000000000000        0.668614458809231706125433871573613450        0.321385541190768293874566128426386542        0.724999999999999999999999999999999981        0.275000000000000000000000000000000019        0.512000024318695068359375000000000000        0.425000011920928955078125000000000000         6.30000010132789611816406250000000000E-0002  0.870056494511586616800702331296776776        0.129943505488413383199297668703223248         0.00000000000000000000000000000000000        0.683022559859958444886526535977552353        0.167811590859605266884724425470909642        0.129098359310438402074632433326122454         700.000000000000000000000000000000000        0.300000011920928955078125000000000000        -1.00000000000000000000000000000000000         4.50000000000000000000000000000000000         50.0000000000000000000000000000000000         3.26684143139258585922380213279174515         3.25901882821331023991871333329832851         3.25321658218569384328641689277281507         3.23944497861636460962679153740229182         2.79230103116117712092669083652942661       -0.178354126786053742044017670502390755       -0.418811624209110481420172386457916623         97572.6920774959948862459981212370534         28935.5827590448354302163788071104948      
