 mass envelope_frac water_frac mantle_frac core_frac H_frac_envelope He_frac_envelope MgO_frac_mantle SiO2_frac_mantle FeO_frac_mantle Fe_frac_solid_core FeS_frac_solid_core FeO_frac_solid_core Fe_frac_liquid_core FeS_frac_liquid_core FeO_frac_liquid_core T_eq albedo rotation_period age atmospheric_Z 100pa_radius 2000pa_radius transit_radius twothirdsopt_radius condensed_radius diff_v_2000pa diff_v_100pa inner_pressure inner_temperature
   1.00000000000000000000000000000000002E-0002   0.00000000000000000000000000000000000         0.00000000000000000000000000000000000         9.99999999999999999999999999999999807E-0002  0.900000000000000000000000000000000019        0.724999999999999999999999999999999981        0.275000000000000000000000000000000019        0.512000024318695068359375000000000000        0.425000011920928955078125000000000000         6.30000010132789611816406250000000000E-0002  0.870056494511586616800702331296776776        0.129943505488413383199297668703223248         0.00000000000000000000000000000000000        0.683022559859958444886526535977552353        0.167811590859605266884724425470909642        0.129098359310438402074632433326122454         278.311176733591166694393935160429533        0.300000011920928955078125000000000000        -1.00000000000000000000000000000000000         4.50000000000000000000000000000000000         50.0000000000000000000000000000000000        0.204889439056999326581046834196430644        0.204889439056999326581046834196430644        0.204889439056999326581046834196430644        0.204889439056999326581046834196430644        0.204889439056999326581046834196430644         0.00000000000000000000000000000000000         1.32216862431099586506801254183925572E-0002   11.8105518792187688416206481706292182         1536.54063788619044396840414088840041      
   1.04737089795944979999999999999999994E-0002   0.00000000000000000000000000000000000         0.00000000000000000000000000000000000         9.99999999999999999999999999999999807E-0002  0.900000000000000000000000000000000019        0.724999999999999999999999999999999981        0.275000000000000000000000000000000019        0.512000024318695068359375000000000000        0.425000011920928955078125000000000000         6.30000010132789611816406250000000000E-0002  0.870056494511586616800702331296776776        0.129943505488413383199297668703223248         0.00000000000000000000000000000000000        0.683022559859958444886526535977552353        0.167811590859605266884724425470909642        0.129098359310438402074632433326122454         278.311176733591166694393935160429533        0.300000011920928955078125000000000000        -1.00000000000000000000000000000000000         4.50000000000000000000000000000000000         50.0000000000000000000000000000000000        0.208057023572985620638052320247396240        0.208057023572985620638052320247396240        0.208057023572985620638052320247396240        0.208057023572985620638052320247396240        0.208057023572985620638052320247396240         0.00000000000000000000000000000000000         2.10541587333467689199746137375177036E-0002   12.2055203643317126341191635021087436         1544.39409642867192938184949184797677      
   1.09698579789238420522548511872003990E-0002   0.00000000000000000000000000000000000         0.00000000000000000000000000000000000         9.99999999999999999999999999999999807E-0002  0.900000000000000000000000000000000019        0.724999999999999999999999999999999981        0.275000000000000000000000000000000019        0.512000024318695068359375000000000000        0.425000011920928955078125000000000000         6.30000010132789611816406250000000000E-0002  0.870056494511586616800702331296776776        0.129943505488413383199297668703223248         0.00000000000000000000000000000000000        0.683022559859958444886526535977552353        0.167811590859605266884724425470909642        0.129098359310438402074632433326122454         278.311176733591166694393935160429533        0.300000011920928955078125000000000000        -1.00000000000000000000000000000000000         4.50000000000000000000000000000000000         50.0000000000000000000000000000000000        0.211232496665821288555233416424173056        0.211232496665821288555233416424173056        0.211232496665821288555233416424173056        0.211232496665821288555233416424173056        0.211232496665821288555233416424173056         0.00000000000000000000000000000000000         2.74652939599525610228527236259712047E-0002   12.6154865012315585527868156513332660         1552.18174433602541345861806716405807      
   1.14895100018730995888633688328071024E-0002   0.00000000000000000000000000000000000         0.00000000000000000000000000000000000         9.99999999999999999999999999999999807E-0002  0.900000000000000000000000000000000019        0.724999999999999999999999999999999981        0.275000000000000000000000000000000019        0.512000024318695068359375000000000000        0.425000011920928955078125000000000000         6.30000010132789611816406250000000000E-0002  0.870056494511586616800702331296776776        0.129943505488413383199297668703223248         0.00000000000000000000000000000000000        0.683022559859958444886526535977552353        0.167811590859605266884724425470909642        0.129098359310438402074632433326122454         278.311176733591166694393935160429533        0.300000011920928955078125000000000000        -1.00000000000000000000000000000000000         4.50000000000000000000000000000000000         50.0000000000000000000000000000000000        0.214405456570485180538517984390037848        0.214405456570485180538517984390037848        0.214405456570485180538517984390037848        0.214405456570485180538517984390037848        0.214405456570485180538517984390037848         0.00000000000000000000000000000000000         1.09832133587829110752715490286260425E-0002   13.0398954629905433513003738876219744         1560.21986550939401635990215106101235      
   1.20337784077759080699533028507740594E-0002   0.00000000000000000000000000000000000         0.00000000000000000000000000000000000         9.99999999999999999999999999999999807E-0002  0.900000000000000000000000000000000019        0.724999999999999999999999999999999981        0.275000000000000000000000000000000019        0.512000024318695068359375000000000000        0.425000011920928955078125000000000000         6.30000010132789611816406250000000000E-0002  0.870056494511586616800702331296776776        0.129943505488413383199297668703223248         0.00000000000000000000000000000000000        0.683022559859958444886526535977552353        0.167811590859605266884724425470909642        0.129098359310438402074632433326122454         278.311176733591166694393935160429533        0.300000011920928955078125000000000000        -1.00000000000000000000000000000000000         4.50000000000000000000000000000000000         50.0000000000000000000000000000000000        0.217638590401974833593912720351743519        0.217638590401974833593912720351743519        0.217638590401974833593912720351743519        0.217638590401974833593912720351743519        0.217638590401974833593912720351743519         0.00000000000000000000000000000000000        -1.23743934077958828403623671543834809E-0002   13.4783532093838239295240505977274835         1568.87520845542553116911085686652435      
   1.26038292967972908968014429974629652E-0002   0.00000000000000000000000000000000000         0.00000000000000000000000000000000000         9.99999999999999999999999999999999807E-0002  0.900000000000000000000000000000000019        0.724999999999999999999999999999999981        0.275000000000000000000000000000000019        0.512000024318695068359375000000000000        0.425000011920928955078125000000000000         6.30000010132789611816406250000000000E-0002  0.870056494511586616800702331296776776        0.129943505488413383199297668703223248         0.00000000000000000000000000000000000        0.683022559859958444886526535977552353        0.167811590859605266884724425470909642        0.129098359310438402074632433326122454         278.311176733591166694393935160429533        0.300000011920928955078125000000000000        -1.00000000000000000000000000000000000         4.50000000000000000000000000000000000         50.0000000000000000000000000000000000        0.220932870228320799611814510400035622        0.220932870228320799611814510400035622        0.220932870228320799611814510400035622        0.220932870228320799611814510400035622        0.220932870228320799611814510400035622         0.00000000000000000000000000000000000        -3.27926075914845961035641342203125746E-0003   13.9345292904402260974012411361345234         1577.09049459204871663479396289213108      
   1.32008840083141992917991631746251185E-0002   0.00000000000000000000000000000000000         0.00000000000000000000000000000000000         9.99999999999999999999999999999999807E-0002  0.900000000000000000000000000000000019        0.724999999999999999999999999999999981        0.275000000000000000000000000000000019        0.512000024318695068359375000000000000        0.425000011920928955078125000000000000         6.30000010132789611816406250000000000E-0002  0.870056494511586616800702331296776776        0.129943505488413383199297668703223248         0.00000000000000000000000000000000000        0.683022559859958444886526535977552353        0.167811590859605266884724425470909642        0.129098359310438402074632433326122454         278.311176733591166694393935160429533        0.300000011920928955078125000000000000        -1.00000000000000000000000000000000000         4.50000000000000000000000000000000000         50.0000000000000000000000000000000000        0.224314358276636222634759226891064673        0.224314358276636222634759226891064673        0.224314358276636222634759226891064673        0.224314358276636222634759226891064673        0.224314358276636222634759226891064673         0.00000000000000000000000000000000000        -4.09303695230612393810825308717731054E-0003   14.4048656435935454547066528540550021         1586.21518045851497854985505530057558      
   1.38262217376465838916887111257333255E-0002   0.00000000000000000000000000000000000         0.00000000000000000000000000000000000         9.99999999999999999999999999999999807E-0002  0.900000000000000000000000000000000019        0.724999999999999999999999999999999981        0.275000000000000000000000000000000019        0.512000024318695068359375000000000000        0.425000011920928955078125000000000000         6.30000010132789611816406250000000000E-0002  0.870056494511586616800702331296776776        0.129943505488413383199297668703223248         0.00000000000000000000000000000000000        0.683022559859958444886526535977552353        0.167811590859605266884724425470909642        0.129098359310438402074632433326122454         278.311176733591166694393935160429533        0.300000011920928955078125000000000000        -1.00000000000000000000000000000000000         4.50000000000000000000000000000000000         50.0000000000000000000000000000000000        0.227666335484976495545366437774774219        0.227666335484976495545366437774774219        0.227666335484976495545366437774774219        0.227666335484976495545366437774774219        0.227666335484976495545366437774774219         0.00000000000000000000000000000000000        -6.70517813184255493676999903547799869E-0003   14.8946264859592078343385559060828528         1594.92314042408757999092103420960874      
   1.44811822767453669205644236020971476E-0002   0.00000000000000000000000000000000000         0.00000000000000000000000000000000000         9.99999999999999999999999999999999807E-0002  0.900000000000000000000000000000000019        0.724999999999999999999999999999999981        0.275000000000000000000000000000000019        0.512000024318695068359375000000000000        0.425000011920928955078125000000000000         6.30000010132789611816406250000000000E-0002  0.870056494511586616800702331296776776        0.129943505488413383199297668703223248         0.00000000000000000000000000000000000        0.683022559859958444886526535977552353        0.167811590859605266884724425470909642        0.129098359310438402074632433326122454         278.311176733591166694393935160429533        0.300000011920928955078125000000000000        -1.00000000000000000000000000000000000         4.50000000000000000000000000000000000         50.0000000000000000000000000000000000        0.231162602478039361321687255872646681        0.231162602478039361321687255872646681        0.231162602478039361321687255872646681        0.231162602478039361321687255872646681        0.231162602478039361321687255872646681         0.00000000000000000000000000000000000        -9.87083870415345455720354693068332828E-0004   15.3993163060964403508268440801364407         1604.59065975337723115763991202712107      
   1.51671688847092646313725750372786121E-0002   0.00000000000000000000000000000000000         0.00000000000000000000000000000000000         9.99999999999999999999999999999999807E-0002  0.900000000000000000000000000000000019        0.724999999999999999999999999999999981        0.275000000000000000000000000000000019        0.512000024318695068359375000000000000        0.425000011920928955078125000000000000         6.30000010132789611816406250000000000E-0002  0.870056494511586616800702331296776776        0.129943505488413383199297668703223248         0.00000000000000000000000000000000000        0.683022559859958444886526535977552353        0.167811590859605266884724425470909642        0.129098359310438402074632433326122454         278.311176733591166694393935160429533        0.300000011920928955078125000000000000        -1.00000000000000000000000000000000000         4.50000000000000000000000000000000000         50.0000000000000000000000000000000000        0.234737198969791048589297279423916764        0.234737198969791048589297279423916764        0.234737198969791048589297279423916764        0.234737198969791048589297279423916764        0.234737198969791048589297279423916764         0.00000000000000000000000000000000000         1.27314618518857313382414953378313351E-0002   15.9221871937869354121696487538542832         1614.47127331424590005754797081323501      
   1.58856512942805692341715952667117983E-0002   0.00000000000000000000000000000000000         0.00000000000000000000000000000000000         9.99999999999999999999999999999999807E-0002  0.900000000000000000000000000000000019        0.724999999999999999999999999999999981        0.275000000000000000000000000000000019        0.512000024318695068359375000000000000        0.425000011920928955078125000000000000         6.30000010132789611816406250000000000E-0002  0.870056494511586616800702331296776776        0.129943505488413383199297668703223248         0.00000000000000000000000000000000000        0.683022559859958444886526535977552353        0.167811590859605266884724425470909642        0.129098359310438402074632433326122454         278.311176733591166694393935160429533        0.300000011920928955078125000000000000        -1.00000000000000000000000000000000000         4.50000000000000000000000000000000000         50.0000000000000000000000000000000000        0.238282753899803555488766410149816184        0.238282753899803555488766410149816184        0.238282753899803555488766410149816184        0.238282753899803555488766410149816184        0.238282753899803555488766410149816184         0.00000000000000000000000000000000000         1.21194818974998638918267244207519106E-0002   16.4651599845185934229041701206922132         1624.51499310644453012356955425810667      
   1.66381688607613357256321400820289791E-0002   0.00000000000000000000000000000000000         0.00000000000000000000000000000000000         9.99999999999999999999999999999999807E-0002  0.900000000000000000000000000000000019        0.724999999999999999999999999999999981        0.275000000000000000000000000000000019        0.512000024318695068359375000000000000        0.425000011920928955078125000000000000         6.30000010132789611816406250000000000E-0002  0.870056494511586616800702331296776776        0.129943505488413383199297668703223248         0.00000000000000000000000000000000000        0.683022559859958444886526535977552353        0.167811590859605266884724425470909642        0.129098359310438402074632433326122454         278.311176733591166694393935160429533        0.300000011920928955078125000000000000        -1.00000000000000000000000000000000000         4.50000000000000000000000000000000000         50.0000000000000000000000000000000000        0.241958500941366223258072394935750038        0.241958500941366223258072394935750038        0.241958500941366223258072394935750038        0.241958500941366223258072394935750038        0.241958500941366223258072394935750038         0.00000000000000000000000000000000000         2.41455297119745237095088848073851090E-0002   17.0266221320253630554119417192515665         1635.01140895125963785801339010397683      
   1.74263338600965560876971718594349557E-0002   0.00000000000000000000000000000000000         0.00000000000000000000000000000000000         9.99999999999999999999999999999999807E-0002  0.900000000000000000000000000000000019        0.724999999999999999999999999999999981        0.275000000000000000000000000000000019        0.512000024318695068359375000000000000        0.425000011920928955078125000000000000         6.30000010132789611816406250000000000E-0002  0.870056494511586616800702331296776776        0.129943505488413383199297668703223248         0.00000000000000000000000000000000000        0.683022559859958444886526535977552353        0.167811590859605266884724425470909642        0.129098359310438402074632433326122454         278.311176733591166694393935160429533        0.300000011920928955078125000000000000        -1.00000000000000000000000000000000000         4.50000000000000000000000000000000000         50.0000000000000000000000000000000000        0.245558815670242662274584659103775477        0.245558815670242662274584659103775477        0.245558815670242662274584659103775477        0.245558815670242662274584659103775477        0.245558815670242662274584659103775477         0.00000000000000000000000000000000000         2.43267919742120545792841957674477735E-0003   17.6093244105863448841119075594875394         1645.78240640398664734629193589651058      
   1.82518349431904949929850662738093818E-0002   0.00000000000000000000000000000000000         0.00000000000000000000000000000000000         9.99999999999999999999999999999999807E-0002  0.900000000000000000000000000000000019        0.724999999999999999999999999999999981        0.275000000000000000000000000000000019        0.512000024318695068359375000000000000        0.425000011920928955078125000000000000         6.30000010132789611816406250000000000E-0002  0.870056494511586616800702331296776776        0.129943505488413383199297668703223248         0.00000000000000000000000000000000000        0.683022559859958444886526535977552353        0.167811590859605266884724425470909642        0.129098359310438402074632433326122454         278.311176733591166694393935160429533        0.300000011920928955078125000000000000        -1.00000000000000000000000000000000000         4.50000000000000000000000000000000000         50.0000000000000000000000000000000000        0.249287060198150549483582494259932511        0.249287060198150549483582494259932511        0.249287060198150549483582494259932511        0.249287060198150549483582494259932511        0.249287060198150549483582494259932511         0.00000000000000000000000000000000000         1.61519354349557120947295347726462666E-0002   18.2145834695740352271899394557726210         1656.45945531504916303766647265439434      
   1.91164407538570921685539093537247029E-0002   0.00000000000000000000000000000000000         0.00000000000000000000000000000000000         9.99999999999999999999999999999999807E-0002  0.900000000000000000000000000000000019        0.724999999999999999999999999999999981        0.275000000000000000000000000000000019        0.512000024318695068359375000000000000        0.425000011920928955078125000000000000         6.30000010132789611816406250000000000E-0002  0.870056494511586616800702331296776776        0.129943505488413383199297668703223248         0.00000000000000000000000000000000000        0.683022559859958444886526535977552353        0.167811590859605266884724425470909642        0.129098359310438402074632433326122454         278.311176733591166694393935160429533        0.300000011920928955078125000000000000        -1.00000000000000000000000000000000000         4.50000000000000000000000000000000000         50.0000000000000000000000000000000000        0.253016657497662593302452162078483579        0.253016657497662593302452162078483579        0.253016657497662593302452162078483579        0.253016657497662593302452162078483579        0.253016657497662593302452162078483579         0.00000000000000000000000000000000000         6.46442177664356780176532772850951983E-0003   18.8412468700053032306884794136145386         1667.71759698031989068379677840938154      
   2.00220037181559240923900195423679447E-0002   0.00000000000000000000000000000000000         0.00000000000000000000000000000000000         9.99999999999999999999999999999999807E-0002  0.900000000000000000000000000000000019        0.724999999999999999999999999999999981        0.275000000000000000000000000000000019        0.512000024318695068359375000000000000        0.425000011920928955078125000000000000         6.30000010132789611816406250000000000E-0002  0.870056494511586616800702331296776776        0.129943505488413383199297668703223248         0.00000000000000000000000000000000000        0.683022559859958444886526535977552353        0.167811590859605266884724425470909642        0.129098359310438402074632433326122454         278.311176733591166694393935160429533        0.300000011920928955078125000000000000        -1.00000000000000000000000000000000000         4.50000000000000000000000000000000000         50.0000000000000000000000000000000000        0.256910338927058886713735138884751453        0.256910338927058886713735138884751453        0.256910338927058886713735138884751453        0.256910338927058886713735138884751453        0.256910338927058886713735138884751453         0.00000000000000000000000000000000000         2.86120366237061568906908208087972120E-0002   19.4901678569630273424652385182534365         1679.51276542133249180520541117039051      
   2.09704640132324128654944033811962271E-0002   0.00000000000000000000000000000000000         0.00000000000000000000000000000000000         9.99999999999999999999999999999999807E-0002  0.900000000000000000000000000000000019        0.724999999999999999999999999999999981        0.275000000000000000000000000000000019        0.512000024318695068359375000000000000        0.425000011920928955078125000000000000         6.30000010132789611816406250000000000E-0002  0.870056494511586616800702331296776776        0.129943505488413383199297668703223248         0.00000000000000000000000000000000000        0.683022559859958444886526535977552353        0.167811590859605266884724425470909642        0.129098359310438402074632433326122454         278.311176733591166694393935160429533        0.300000011920928955078125000000000000        -1.00000000000000000000000000000000000         4.50000000000000000000000000000000000         50.0000000000000000000000000000000000        0.260715079647769216608043078137828100        0.260715079647769216608043078137828100        0.260715079647769216608043078137828100        0.260715079647769216608043078137828100        0.260715079647769216608043078137828100         0.00000000000000000000000000000000000        -7.97518275572228336588913114603093598E-0003   20.1624364096953520902135308208096717         1691.64901766123694701012114465409201      
   2.19638537241655596358102494951593575E-0002   0.00000000000000000000000000000000000         0.00000000000000000000000000000000000         9.99999999999999999999999999999999807E-0002  0.900000000000000000000000000000000019        0.724999999999999999999999999999999981        0.275000000000000000000000000000000019        0.512000024318695068359375000000000000        0.425000011920928955078125000000000000         6.30000010132789611816406250000000000E-0002  0.870056494511586616800702331296776776        0.129943505488413383199297668703223248         0.00000000000000000000000000000000000        0.683022559859958444886526535977552353        0.167811590859605266884724425470909642        0.129098359310438402074632433326122454         278.311176733591166694393935160429533        0.300000011920928955078125000000000000        -1.00000000000000000000000000000000000         4.50000000000000000000000000000000000         50.0000000000000000000000000000000000        0.264684767001310610276092742434581726        0.264684767001310610276092742434581726        0.264684767001310610276092742434581726        0.264684767001310610276092742434581726        0.264684767001310610276092742434581726         0.00000000000000000000000000000000000         1.86180079968764205822518260163115251E-0003   20.8598232675754838278391409668351981         1704.27186660814954504231524222323528      
   2.30043011977292878351454756950050690E-0002   0.00000000000000000000000000000000000         0.00000000000000000000000000000000000         9.99999999999999999999999999999999807E-0002  0.900000000000000000000000000000000019        0.724999999999999999999999999999999981        0.275000000000000000000000000000000019        0.512000024318695068359375000000000000        0.425000011920928955078125000000000000         6.30000010132789611816406250000000000E-0002  0.870056494511586616800702331296776776        0.129943505488413383199297668703223248         0.00000000000000000000000000000000000        0.683022559859958444886526535977552353        0.167811590859605266884724425470909642        0.129098359310438402074632433326122454         278.311176733591166694393935160429533        0.300000011920928955078125000000000000        -1.00000000000000000000000000000000000         4.50000000000000000000000000000000000         50.0000000000000000000000000000000000        0.268683201013765069505066218106507096        0.268683201013765069505066218106507096        0.268683201013765069505066218106507096        0.268683201013765069505066218106507096        0.268683201013765069505066218106507096         0.00000000000000000000000000000000000        -1.50549402614207096545207378113369200E-0003   21.5830595945023766359748967468933160         1717.18861427412403947298265844305322      
   2.40940356023953707463686306717419161E-0002   0.00000000000000000000000000000000000         0.00000000000000000000000000000000000         9.99999999999999999999999999999999807E-0002  0.900000000000000000000000000000000019        0.724999999999999999999999999999999981        0.275000000000000000000000000000000019        0.512000024318695068359375000000000000        0.425000011920928955078125000000000000         6.30000010132789611816406250000000000E-0002  0.870056494511586616800702331296776776        0.129943505488413383199297668703223248         0.00000000000000000000000000000000000        0.683022559859958444886526535977552353        0.167811590859605266884724425470909642        0.129098359310438402074632433326122454         278.311176733591166694393935160429533        0.300000011920928955078125000000000000        -1.00000000000000000000000000000000000         4.50000000000000000000000000000000000         50.0000000000000000000000000000000000        0.272731519949078082419292023870713410        0.272731519949078082419292023870713410        0.272731519949078082419292023870713410        0.272731519949078082419292023870713410        0.272731519949078082419292023870713410         0.00000000000000000000000000000000000         8.96001480748781864564804492629097908E-0003   22.3351055153796538202683088391270928         1730.13294026063002921938636706680137      
   2.52353917043477924471827901828532746E-0002   0.00000000000000000000000000000000000         0.00000000000000000000000000000000000         9.99999999999999999999999999999999807E-0002  0.900000000000000000000000000000000019        0.724999999999999999999999999999999981        0.275000000000000000000000000000000019        0.512000024318695068359375000000000000        0.425000011920928955078125000000000000         6.30000010132789611816406250000000000E-0002  0.870056494511586616800702331296776776        0.129943505488413383199297668703223248         0.00000000000000000000000000000000000        0.683022559859958444886526535977552353        0.167811590859605266884724425470909642        0.129098359310438402074632433326122454         278.311176733591166694393935160429533        0.300000011920928955078125000000000000        -1.00000000000000000000000000000000000         4.50000000000000000000000000000000000         50.0000000000000000000000000000000000        0.276844849449925333465127251848369273        0.276844849449925333465127251848369273        0.276844849449925333465127251848369273        0.276844849449925333465127251848369273        0.276844849449925333465127251848369273         0.00000000000000000000000000000000000         1.13117336852348248495741288227366711E-0003   23.1129737756305095709156174527752886         1743.87616096566860718611022073327981      
   2.64308148697411976990338126706688651E-0002   0.00000000000000000000000000000000000         0.00000000000000000000000000000000000         9.99999999999999999999999999999999807E-0002  0.900000000000000000000000000000000019        0.724999999999999999999999999999999981        0.275000000000000000000000000000000019        0.512000024318695068359375000000000000        0.425000011920928955078125000000000000         6.30000010132789611816406250000000000E-0002  0.870056494511586616800702331296776776        0.129943505488413383199297668703223248         0.00000000000000000000000000000000000        0.683022559859958444886526535977552353        0.167811590859605266884724425470909642        0.129098359310438402074632433326122454         278.311176733591166694393935160429533        0.300000011920928955078125000000000000        -1.00000000000000000000000000000000000         4.50000000000000000000000000000000000         50.0000000000000000000000000000000000        0.280994314277636601702228735280730364        0.280994314277636601702228735280730364        0.280994314277636601702228735280730364        0.280994314277636601702228735280730364        0.280994314277636601702228735280730364         0.00000000000000000000000000000000000        -1.97314258373099179883280250395158875E-0003   23.9212163556961392608482607072943701         1757.89343463505023522582069297633725      
   2.76828663039208164325015985943068658E-0002   0.00000000000000000000000000000000000         0.00000000000000000000000000000000000         9.99999999999999999999999999999999807E-0002  0.900000000000000000000000000000000019        0.724999999999999999999999999999999981        0.275000000000000000000000000000000019        0.512000024318695068359375000000000000        0.425000011920928955078125000000000000         6.30000010132789611816406250000000000E-0002  0.870056494511586616800702331296776776        0.129943505488413383199297668703223248         0.00000000000000000000000000000000000        0.683022559859958444886526535977552353        0.167811590859605266884724425470909642        0.129098359310438402074632433326122454         278.311176733591166694393935160429533        0.300000011920928955078125000000000000        -1.00000000000000000000000000000000000         4.50000000000000000000000000000000000         50.0000000000000000000000000000000000        0.285280223826163083614026212776329199        0.285280223826163083614026212776329199        0.285280223826163083614026212776329199        0.285280223826163083614026212776329199        0.285280223826163083614026212776329199         0.00000000000000000000000000000000000         1.62030769090812777783408043730534874E-0002   24.7592447612814961103427116471987403         1772.51892320492116118969959398673111      
   2.89942285388289406626051058156534930E-0002   0.00000000000000000000000000000000000         0.00000000000000000000000000000000000         9.99999999999999999999999999999999807E-0002  0.900000000000000000000000000000000019        0.724999999999999999999999999999999981        0.275000000000000000000000000000000019        0.512000024318695068359375000000000000        0.425000011920928955078125000000000000         6.30000010132789611816406250000000000E-0002  0.870056494511586616800702331296776776        0.129943505488413383199297668703223248         0.00000000000000000000000000000000000        0.683022559859958444886526535977552353        0.167811590859605266884724425470909642        0.129098359310438402074632433326122454         278.311176733591166694393935160429533        0.300000011920928955078125000000000000        -1.00000000000000000000000000000000000         4.50000000000000000000000000000000000         50.0000000000000000000000000000000000        0.289521961260681097856531254546329879        0.289521961260681097856531254546329879        0.289521961260681097856531254546329879        0.289521961260681097856531254546329879        0.289521961260681097856531254546329879         0.00000000000000000000000000000000000         2.74643524639688615205824366086093537E-0003   25.6295179213850410307016567238018517         1787.31667794929482504382773936085622      
   3.03677111803547736840862033878692513E-0002   0.00000000000000000000000000000000000         0.00000000000000000000000000000000000         9.99999999999999999999999999999999807E-0002  0.900000000000000000000000000000000019        0.724999999999999999999999999999999981        0.275000000000000000000000000000000019        0.512000024318695068359375000000000000        0.425000011920928955078125000000000000         6.30000010132789611816406250000000000E-0002  0.870056494511586616800702331296776776        0.129943505488413383199297668703223248         0.00000000000000000000000000000000000        0.683022559859958444886526535977552353        0.167811590859605266884724425470909642        0.129098359310438402074632433326122454         278.311176733591166694393935160429533        0.300000011920928955078125000000000000        -1.00000000000000000000000000000000000         4.50000000000000000000000000000000000         50.0000000000000000000000000000000000        0.293874337691000680150093187901391647        0.293874337691000680150093187901391647        0.293874337691000680150093187901391647        0.293874337691000680150093187901391647        0.293874337691000680150093187901391647         0.00000000000000000000000000000000000        -1.74884237874920473584796274974747332E-0003   26.5314762976181567545545968398609638         1802.89603308182153693569550301970444      
   3.18062569279414025101825130079188269E-0002   0.00000000000000000000000000000000000         0.00000000000000000000000000000000000         9.99999999999999999999999999999999807E-0002  0.900000000000000000000000000000000019        0.724999999999999999999999999999999981        0.275000000000000000000000000000000019        0.512000024318695068359375000000000000        0.425000011920928955078125000000000000         6.30000010132789611816406250000000000E-0002  0.870056494511586616800702331296776776        0.129943505488413383199297668703223248         0.00000000000000000000000000000000000        0.683022559859958444886526535977552353        0.167811590859605266884724425470909642        0.129098359310438402074632433326122454         278.311176733591166694393935160429533        0.300000011920928955078125000000000000        -1.00000000000000000000000000000000000         4.50000000000000000000000000000000000         50.0000000000000000000000000000000000        0.298282159568609520516713092015281442        0.298282159568609520516713092015281442        0.298282159568609520516713092015281442        0.298282159568609520516713092015281442        0.298282159568609520516713092015281442         0.00000000000000000000000000000000000        -1.05637737290200330316812809261686535E-0002   27.4672454847083433780258631038353254         1819.09768564769374221441519599623204      
   3.33129478793469579587899033329322212E-0002   0.00000000000000000000000000000000000         0.00000000000000000000000000000000000         9.99999999999999999999999999999999807E-0002  0.900000000000000000000000000000000019        0.724999999999999999999999999999999981        0.275000000000000000000000000000000019        0.512000024318695068359375000000000000        0.425000011920928955078125000000000000         6.30000010132789611816406250000000000E-0002  0.870056494511586616800702331296776776        0.129943505488413383199297668703223248         0.00000000000000000000000000000000000        0.683022559859958444886526535977552353        0.167811590859605266884724425470909642        0.129098359310438402074632433326122454         278.311176733591166694393935160429533        0.300000011920928955078125000000000000        -1.00000000000000000000000000000000000         4.50000000000000000000000000000000000         50.0000000000000000000000000000000000        0.302789667277656324710988847582291904        0.302789667277656324710988847582291904        0.302789667277656324710988847582291904        0.302789667277656324710988847582291904        0.302789667277656324710988847582291904         0.00000000000000000000000000000000000         1.80418782478029928735711898566325385E-0003   28.4406059165060066549391778505073549         1835.28625437965064387780285461756011      
   3.48910121340679723117689330325258897E-0002   0.00000000000000000000000000000000000         0.00000000000000000000000000000000000         9.99999999999999999999999999999999807E-0002  0.900000000000000000000000000000000019        0.724999999999999999999999999999999981        0.275000000000000000000000000000000019        0.512000024318695068359375000000000000        0.425000011920928955078125000000000000         6.30000010132789611816406250000000000E-0002  0.870056494511586616800702331296776776        0.129943505488413383199297668703223248         0.00000000000000000000000000000000000        0.683022559859958444886526535977552353        0.167811590859605266884724425470909642        0.129098359310438402074632433326122454         278.311176733591166694393935160429533        0.300000011920928955078125000000000000        -1.00000000000000000000000000000000000         4.50000000000000000000000000000000000         50.0000000000000000000000000000000000        0.307304668923454656249021561393679673        0.307304668923454656249021561393679673        0.307304668923454656249021561393679673        0.307304668923454656249021561393679673        0.307304668923454656249021561393679673         0.00000000000000000000000000000000000         2.10559242842281087497679512749525549E-0003   29.4517090886635823943820428839757625         1852.08257935998990096365765483132809      
   3.65438307095728310329776802679418081E-0002   0.00000000000000000000000000000000000         0.00000000000000000000000000000000000         9.99999999999999999999999999999999807E-0002  0.900000000000000000000000000000000019        0.724999999999999999999999999999999981        0.275000000000000000000000000000000019        0.512000024318695068359375000000000000        0.425000011920928955078125000000000000         6.30000010132789611816406250000000000E-0002  0.870056494511586616800702331296776776        0.129943505488413383199297668703223248         0.00000000000000000000000000000000000        0.683022559859958444886526535977552353        0.167811590859605266884724425470909642        0.129098359310438402074632433326122454         278.311176733591166694393935160429533        0.300000011920928955078125000000000000        -1.00000000000000000000000000000000000         4.50000000000000000000000000000000000         50.0000000000000000000000000000000000        0.311942216440698934025918117333669168        0.311942216440698934025918117333669168        0.311942216440698934025918117333669168        0.311942216440698934025918117333669168        0.311942216440698934025918117333669168         0.00000000000000000000000000000000000         5.34708309983521181399841186606742565E-0003   30.4989266128325665297191313217072815         1869.88811626721330372886333587730132      
   3.82749447851634135913727803832376407E-0002   0.00000000000000000000000000000000000         0.00000000000000000000000000000000000         9.99999999999999999999999999999999807E-0002  0.900000000000000000000000000000000019        0.724999999999999999999999999999999981        0.275000000000000000000000000000000019        0.512000024318695068359375000000000000        0.425000011920928955078125000000000000         6.30000010132789611816406250000000000E-0002  0.870056494511586616800702331296776776        0.129943505488413383199297668703223248         0.00000000000000000000000000000000000        0.683022559859958444886526535977552353        0.167811590859605266884724425470909642        0.129098359310438402074632433326122454         278.311176733591166694393935160429533        0.300000011920928955078125000000000000        -1.00000000000000000000000000000000000         4.50000000000000000000000000000000000         50.0000000000000000000000000000000000        0.316616881883904000434277693262905646        0.316616881883904000434277693262905646        0.316616881883904000434277693262905646        0.316616881883904000434277693262905646        0.316616881883904000434277693262905646         0.00000000000000000000000000000000000         1.15863417141666295293141953482635618E-0002   31.5890533455431707716999945562667576         1887.77705269105108708999987058083109      
   4.00880632889849649039141805889355062E-0002   0.00000000000000000000000000000000000         0.00000000000000000000000000000000000         9.99999999999999999999999999999999807E-0002  0.900000000000000000000000000000000019        0.724999999999999999999999999999999981        0.275000000000000000000000000000000019        0.512000024318695068359375000000000000        0.425000011920928955078125000000000000         6.30000010132789611816406250000000000E-0002  0.870056494511586616800702331296776776        0.129943505488413383199297668703223248         0.00000000000000000000000000000000000        0.683022559859958444886526535977552353        0.167811590859605266884724425470909642        0.129098359310438402074632433326122454         278.311176733591166694393935160429533        0.300000011920928955078125000000000000        -1.00000000000000000000000000000000000         4.50000000000000000000000000000000000         50.0000000000000000000000000000000000        0.321333247327757868684853878178319114        0.321333247327757868684853878178319114        0.321333247327757868684853878178319114        0.321333247327757868684853878178319114        0.321333247327757868684853878178319114         0.00000000000000000000000000000000000         1.68790840707932348599067537468319296E-0002   32.7221741065218158455833766450655820         1906.01008845921901104950131626432279      
   4.19870708444394372159300809145208468E-0002   0.00000000000000000000000000000000000         0.00000000000000000000000000000000000         9.99999999999999999999999999999999807E-0002  0.900000000000000000000000000000000019        0.724999999999999999999999999999999981        0.275000000000000000000000000000000019        0.512000024318695068359375000000000000        0.425000011920928955078125000000000000         6.30000010132789611816406250000000000E-0002  0.870056494511586616800702331296776776        0.129943505488413383199297668703223248         0.00000000000000000000000000000000000        0.683022559859958444886526535977552353        0.167811590859605266884724425470909642        0.129098359310438402074632433326122454         278.311176733591166694393935160429533        0.300000011920928955078125000000000000        -1.00000000000000000000000000000000000         4.50000000000000000000000000000000000         50.0000000000000000000000000000000000        0.326158438799861777140349834835030453        0.326158438799861777140349834835030453        0.326158438799861777140349834835030453        0.326158438799861777140349834835030453        0.326158438799861777140349834835030453         0.00000000000000000000000000000000000         9.03634702275104335159641735806984489E-0003   33.8943148629642160469137795722742809         1925.74713189864822926327690406241054      
   4.39760360930275675433071206856609502E-0002   0.00000000000000000000000000000000000         0.00000000000000000000000000000000000         9.99999999999999999999999999999999807E-0002  0.900000000000000000000000000000000019        0.724999999999999999999999999999999981        0.275000000000000000000000000000000019        0.512000024318695068359375000000000000        0.425000011920928955078125000000000000         6.30000010132789611816406250000000000E-0002  0.870056494511586616800702331296776776        0.129943505488413383199297668703223248         0.00000000000000000000000000000000000        0.683022559859958444886526535977552353        0.167811590859605266884724425470909642        0.129098359310438402074632433326122454         278.311176733591166694393935160429533        0.300000011920928955078125000000000000        -1.00000000000000000000000000000000000         4.50000000000000000000000000000000000         50.0000000000000000000000000000000000        0.330925424588133913909149580813923839        0.330925424588133913909149580813923839        0.330925424588133913909149580813923839        0.330925424588133913909149580813923839        0.330925424588133913909149580813923839         0.00000000000000000000000000000000000        -1.53726838569567566989153566809630443E-0002   35.1171529855342953716794114244023194         1945.21880481731839605783428101677226      
   4.60592204114514578978097464129404699E-0002   0.00000000000000000000000000000000000         0.00000000000000000000000000000000000         9.99999999999999999999999999999999807E-0002  0.900000000000000000000000000000000019        0.724999999999999999999999999999999981        0.275000000000000000000000000000000019        0.512000024318695068359375000000000000        0.425000011920928955078125000000000000         6.30000010132789611816406250000000000E-0002  0.870056494511586616800702331296776776        0.129943505488413383199297668703223248         0.00000000000000000000000000000000000        0.683022559859958444886526535977552353        0.167811590859605266884724425470909642        0.129098359310438402074632433326122454         278.311176733591166694393935160429533        0.300000011920928955078125000000000000        -1.00000000000000000000000000000000000         4.50000000000000000000000000000000000         50.0000000000000000000000000000000000        0.335982589915706038820015507263029459        0.335982589915706038820015507263029459        0.335982589915706038820015507263029459        0.335982589915706038820015507263029459        0.335982589915706038820015507263029459         0.00000000000000000000000000000000000         2.64276004666641586274525761522956206E-0002   36.3881074792399160894109649698387830         1965.43596336805413309559334805514919      
   4.82410870416541323423097474256259733E-0002   0.00000000000000000000000000000000000         0.00000000000000000000000000000000000         9.99999999999999999999999999999999807E-0002  0.900000000000000000000000000000000019        0.724999999999999999999999999999999981        0.275000000000000000000000000000000019        0.512000024318695068359375000000000000        0.425000011920928955078125000000000000         6.30000010132789611816406250000000000E-0002  0.870056494511586616800702331296776776        0.129943505488413383199297668703223248         0.00000000000000000000000000000000000        0.683022559859958444886526535977552353        0.167811590859605266884724425470909642        0.129098359310438402074632433326122454         278.311176733591166694393935160429533        0.300000011920928955078125000000000000        -1.00000000000000000000000000000000000         4.50000000000000000000000000000000000         50.0000000000000000000000000000000000        0.340912891723181293269207796376428937        0.340912891723181293269207796376428937        0.340912891723181293269207796376428937        0.340912891723181293269207796376428937        0.340912891723181293269207796376428937         0.00000000000000000000000000000000000         6.29554475965074547150481153230950570E-0003   37.7062713024582522439049414142974311         1986.50384590117259345616820075638407      
   5.05263106533572662690193201580239323E-0002   0.00000000000000000000000000000000000         0.00000000000000000000000000000000000         9.99999999999999999999999999999999807E-0002  0.900000000000000000000000000000000019        0.724999999999999999999999999999999981        0.275000000000000000000000000000000019        0.512000024318695068359375000000000000        0.425000011920928955078125000000000000         6.30000010132789611816406250000000000E-0002  0.870056494511586616800702331296776776        0.129943505488413383199297668703223248         0.00000000000000000000000000000000000        0.683022559859958444886526535977552353        0.167811590859605266884724425470909642        0.129098359310438402074632433326122454         278.311176733591166694393935160429533        0.300000011920928955078125000000000000        -1.00000000000000000000000000000000000         4.50000000000000000000000000000000000         50.0000000000000000000000000000000000        0.345984888180897769367820570847453763        0.345984888180897769367820570847453763        0.345984888180897769367820570847453763        0.345984888180897769367820570847453763        0.345984888180897769367820570847453763         0.00000000000000000000000000000000000         1.00113981885011567625288663091173373E-0002   39.0780808316695927338923224561631585         2008.12094066383913908007734494948987      
   5.29197873595849146847521071145970371E-0002   0.00000000000000000000000000000000000         0.00000000000000000000000000000000000         9.99999999999999999999999999999999807E-0002  0.900000000000000000000000000000000019        0.724999999999999999999999999999999981        0.275000000000000000000000000000000019        0.512000024318695068359375000000000000        0.425000011920928955078125000000000000         6.30000010132789611816406250000000000E-0002  0.870056494511586616800702331296776776        0.129943505488413383199297668703223248         0.00000000000000000000000000000000000        0.683022559859958444886526535977552353        0.167811590859605266884724425470909642        0.129098359310438402074632433326122454         278.311176733591166694393935160429533        0.300000011920928955078125000000000000        -1.00000000000000000000000000000000000         4.50000000000000000000000000000000000         50.0000000000000000000000000000000000        0.351139078172526615992701139914438099        0.351139078172526615992701139914438099        0.351139078172526615992701139914438099        0.351139078172526615992701139914438099        0.351139078172526615992701139914438099         0.00000000000000000000000000000000000         4.80959333089683066427337645282620863E-0003   40.5019419058788684027117738541134966         2030.70123927412014975489876211627016      
   5.54266452066315930392335611285580509E-0002   0.00000000000000000000000000000000000         0.00000000000000000000000000000000000         9.99999999999999999999999999999999807E-0002  0.900000000000000000000000000000000019        0.724999999999999999999999999999999981        0.275000000000000000000000000000000019        0.512000024318695068359375000000000000        0.425000011920928955078125000000000000         6.30000010132789611816406250000000000E-0002  0.870056494511586616800702331296776776        0.129943505488413383199297668703223248         0.00000000000000000000000000000000000        0.683022559859958444886526535977552353        0.167811590859605266884724425470909642        0.129098359310438402074632433326122454         278.311176733591166694393935160429533        0.300000011920928955078125000000000000        -1.00000000000000000000000000000000000         4.50000000000000000000000000000000000         50.0000000000000000000000000000000000        0.356324251072879254736758368732870167        0.356324251072879254736758368732870167        0.356324251072879254736758368732870167        0.356324251072879254736758368732870167        0.356324251072879254736758368732870167         0.00000000000000000000000000000000000         9.03132365179472979338337663751095314E-0003   41.9873357976147384163987876906020880         2053.36322377345859990826384292394106      
   5.80522551609495656082146517268962107E-0002   0.00000000000000000000000000000000000         0.00000000000000000000000000000000000         9.99999999999999999999999999999999807E-0002  0.900000000000000000000000000000000019        0.724999999999999999999999999999999981        0.275000000000000000000000000000000019        0.512000024318695068359375000000000000        0.425000011920928955078125000000000000         6.30000010132789611816406250000000000E-0002  0.870056494511586616800702331296776776        0.129943505488413383199297668703223248         0.00000000000000000000000000000000000        0.683022559859958444886526535977552353        0.167811590859605266884724425470909642        0.129098359310438402074632433326122454         278.311176733591166694393935160429533        0.300000011920928955078125000000000000        -1.00000000000000000000000000000000000         4.50000000000000000000000000000000000         50.0000000000000000000000000000000000        0.361563286606838050175796388124032892        0.361563286606838050175796388124032892        0.361563286606838050175796388124032892        0.361563286606838050175796388124032892        0.361563286606838050175796388124032892         0.00000000000000000000000000000000000        -1.12154260716915190991351367195042072E-0002   43.5268817931439909174868892908717343         2077.36186859161735968151838660251671      
   6.08022426164948505065581588806303073E-0002   0.00000000000000000000000000000000000         0.00000000000000000000000000000000000         9.99999999999999999999999999999999807E-0002  0.900000000000000000000000000000000019        0.724999999999999999999999999999999981        0.275000000000000000000000000000000019        0.512000024318695068359375000000000000        0.425000011920928955078125000000000000         6.30000010132789611816406250000000000E-0002  0.870056494511586616800702331296776776        0.129943505488413383199297668703223248         0.00000000000000000000000000000000000        0.683022559859958444886526535977552353        0.167811590859605266884724425470909642        0.129098359310438402074632433326122454         278.311176733591166694393935160429533        0.300000011920928955078125000000000000        -1.00000000000000000000000000000000000         4.50000000000000000000000000000000000         50.0000000000000000000000000000000000        0.366929565242879441271028780073561639        0.366929565242879441271028780073561639        0.366929565242879441271028780073561639        0.366929565242879441271028780073561639        0.366929565242879441271028780073561639         0.00000000000000000000000000000000000        -5.35750615463421463390468159880407979E-0003   45.1310705427538232360382011400075970         2101.80052751125882023289074669972920      
   6.36824994471865380888821842690214039E-0002   0.00000000000000000000000000000000000         0.00000000000000000000000000000000000         9.99999999999999999999999999999999807E-0002  0.900000000000000000000000000000000019        0.724999999999999999999999999999999981        0.275000000000000000000000000000000019        0.512000024318695068359375000000000000        0.425000011920928955078125000000000000         6.30000010132789611816406250000000000E-0002  0.870056494511586616800702331296776776        0.129943505488413383199297668703223248         0.00000000000000000000000000000000000        0.683022559859958444886526535977552353        0.167811590859605266884724425470909642        0.129098359310438402074632433326122454         278.311176733591166694393935160429533        0.300000011920928955078125000000000000        -1.00000000000000000000000000000000000         4.50000000000000000000000000000000000         50.0000000000000000000000000000000000        0.372386470654233102596453760997611152        0.372386470654233102596453760997611152        0.372386470654233102596453760997611152        0.372386470654233102596453760997611152        0.372386470654233102596453760997611152         0.00000000000000000000000000000000000         5.67614586347232012221792316721440931E-0004   46.7982495039851310372391717140189722         2127.30072724249604105350643037848966      
   6.66991966303019298825804335972346273E-0002   0.00000000000000000000000000000000000         0.00000000000000000000000000000000000         9.99999999999999999999999999999999807E-0002  0.900000000000000000000000000000000019        0.724999999999999999999999999999999981        0.275000000000000000000000000000000019        0.512000024318695068359375000000000000        0.425000011920928955078125000000000000         6.30000010132789611816406250000000000E-0002  0.870056494511586616800702331296776776        0.129943505488413383199297668703223248         0.00000000000000000000000000000000000        0.683022559859958444886526535977552353        0.167811590859605266884724425470909642        0.129098359310438402074632433326122454         278.311176733591166694393935160429533        0.300000011920928955078125000000000000        -1.00000000000000000000000000000000000         4.50000000000000000000000000000000000         50.0000000000000000000000000000000000        0.377872406686891825672653706722250017        0.377872406686891825672653706722250017        0.377872406686891825672653706722250017        0.377872406686891825672653706722250017        0.377872406686891825672653706722250017         0.00000000000000000000000000000000000         4.58510836235940204798473954883747406E-0003   48.5368843405994149575280152526952036         2152.99206522340258967074099198710147      
   6.98587974678532405490532339768403819E-0002   0.00000000000000000000000000000000000         0.00000000000000000000000000000000000         9.99999999999999999999999999999999807E-0002  0.900000000000000000000000000000000019        0.724999999999999999999999999999999981        0.275000000000000000000000000000000019        0.512000024318695068359375000000000000        0.425000011920928955078125000000000000         6.30000010132789611816406250000000000E-0002  0.870056494511586616800702331296776776        0.129943505488413383199297668703223248         0.00000000000000000000000000000000000        0.683022559859958444886526535977552353        0.167811590859605266884724425470909642        0.129098359310438402074632433326122454         278.311176733591166694393935160429533        0.300000011920928955078125000000000000        -1.00000000000000000000000000000000000         4.50000000000000000000000000000000000         50.0000000000000000000000000000000000        0.383391928922911891809575170329353369        0.383391928922911891809575170329353369        0.383391928922911891809575170329353369        0.383391928922911891809575170329353369        0.383391928922911891809575170329353369         0.00000000000000000000000000000000000        -6.27037080436679147089487615744493950E-0003   50.3439344345437560499669685003841421         2179.89535326805850736272920773069345      
   7.31680714342727864769909562452151975E-0002   0.00000000000000000000000000000000000         0.00000000000000000000000000000000000         9.99999999999999999999999999999999807E-0002  0.900000000000000000000000000000000019        0.724999999999999999999999999999999981        0.275000000000000000000000000000000019        0.512000024318695068359375000000000000        0.425000011920928955078125000000000000         6.30000010132789611816406250000000000E-0002  0.870056494511586616800702331296776776        0.129943505488413383199297668703223248         0.00000000000000000000000000000000000        0.683022559859958444886526535977552353        0.167811590859605266884724425470909642        0.129098359310438402074632433326122454         278.311176733591166694393935160429533        0.300000011920928955078125000000000000        -1.00000000000000000000000000000000000         4.50000000000000000000000000000000000         50.0000000000000000000000000000000000        0.389103171950495581171406567359981768        0.389103171950495581171406567359981768        0.389103171950495581171406567359981768        0.389103171950495581171406567359981768        0.389103171950495581171406567359981768         0.00000000000000000000000000000000000         6.11608790205005794905506484440358050E-0003   52.2234645690152420733854381221435532         2207.74758265814568822664811343238616      
   7.66341086800754564190942258342304675E-0002   0.00000000000000000000000000000000000         0.00000000000000000000000000000000000         9.99999999999999999999999999999999807E-0002  0.900000000000000000000000000000000019        0.724999999999999999999999999999999981        0.275000000000000000000000000000000019        0.512000024318695068359375000000000000        0.425000011920928955078125000000000000         6.30000010132789611816406250000000000E-0002  0.870056494511586616800702331296776776        0.129943505488413383199297668703223248         0.00000000000000000000000000000000000        0.683022559859958444886526535977552353        0.167811590859605266884724425470909642        0.129098359310438402074632433326122454         278.311176733591166694393935160429533        0.300000011920928955078125000000000000        -1.00000000000000000000000000000000000         4.50000000000000000000000000000000000         50.0000000000000000000000000000000000        0.394754798315098137285765411833014571        0.394754798315098137285765411833014571        0.394754798315098137285765411833014571        0.394754798315098137285765411833014571        0.394754798315098137285765411833014571         0.00000000000000000000000000000000000        -1.53425389184772798354193071530232897E-0003   54.1846645222000455986242348819319971         2235.82185730573009656423901152765301      
   8.02643352225726970636277878857272017E-0002   0.00000000000000000000000000000000000         0.00000000000000000000000000000000000         9.99999999999999999999999999999999807E-0002  0.900000000000000000000000000000000019        0.724999999999999999999999999999999981        0.275000000000000000000000000000000019        0.512000024318695068359375000000000000        0.425000011920928955078125000000000000         6.30000010132789611816406250000000000E-0002  0.870056494511586616800702331296776776        0.129943505488413383199297668703223248         0.00000000000000000000000000000000000        0.683022559859958444886526535977552353        0.167811590859605266884724425470909642        0.129098359310438402074632433326122454         278.311176733591166694393935160429533        0.300000011920928955078125000000000000        -1.00000000000000000000000000000000000         4.50000000000000000000000000000000000         50.0000000000000000000000000000000000        0.400674603814762356736818475683164580        0.400674603814762356736818475683164580        0.400674603814762356736818475683164580        0.400674603814762356736818475683164580        0.400674603814762356736818475683164580         0.00000000000000000000000000000000000         2.76915399202912952020692348141605605E-0002   56.2248864032562719042644495204797920         2265.48217455669176987603251965907853      
   8.40665288561842607476714319551580939E-0002   0.00000000000000000000000000000000000         0.00000000000000000000000000000000000         9.99999999999999999999999999999999807E-0002  0.900000000000000000000000000000000019        0.724999999999999999999999999999999981        0.275000000000000000000000000000000019        0.512000024318695068359375000000000000        0.425000011920928955078125000000000000         6.30000010132789611816406250000000000E-0002  0.870056494511586616800702331296776776        0.129943505488413383199297668703223248         0.00000000000000000000000000000000000        0.683022559859958444886526535977552353        0.167811590859605266884724425470909642        0.129098359310438402074632433326122454         278.311176733591166694393935160429533        0.300000011920928955078125000000000000        -1.00000000000000000000000000000000000         4.50000000000000000000000000000000000         50.0000000000000000000000000000000000        0.406444998766157105832553890740341256        0.406444998766157105832553890740341256        0.406444998766157105832553890740341256        0.406444998766157105832553890740341256        0.406444998766157105832553890740341256         0.00000000000000000000000000000000000         6.37367084076140395173034987417111901E-0003   58.3475816859716836120811222872947452         2295.55355529296603730979591486939701      
   8.80488358164357074743307360856496004E-0002   0.00000000000000000000000000000000000         0.00000000000000000000000000000000000         9.99999999999999999999999999999999807E-0002  0.900000000000000000000000000000000019        0.724999999999999999999999999999999981        0.275000000000000000000000000000000019        0.512000024318695068359375000000000000        0.425000011920928955078125000000000000         6.30000010132789611816406250000000000E-0002  0.870056494511586616800702331296776776        0.129943505488413383199297668703223248         0.00000000000000000000000000000000000        0.683022559859958444886526535977552353        0.167811590859605266884724425470909642        0.129098359310438402074632433326122454         278.311176733591166694393935160429533        0.300000011920928955078125000000000000        -1.00000000000000000000000000000000000         4.50000000000000000000000000000000000         50.0000000000000000000000000000000000        0.412352027691448325470658663948741609        0.412352027691448325470658663948741609        0.412352027691448325470658663948741609        0.412352027691448325470658663948741609        0.412352027691448325470658663948741609         0.00000000000000000000000000000000000        -2.82849427252118338598404482515596266E-0003   60.5599821690189213682503087751679147         2326.76088723525181689420827575662955      
   9.22197882333444321945314637778022181E-0002   0.00000000000000000000000000000000000         0.00000000000000000000000000000000000         9.99999999999999999999999999999999807E-0002  0.900000000000000000000000000000000019        0.724999999999999999999999999999999981        0.275000000000000000000000000000000019        0.512000024318695068359375000000000000        0.425000011920928955078125000000000000         6.30000010132789611816406250000000000E-0002  0.870056494511586616800702331296776776        0.129943505488413383199297668703223248         0.00000000000000000000000000000000000        0.683022559859958444886526535977552353        0.167811590859605266884724425470909642        0.129098359310438402074632433326122454         278.311176733591166694393935160429533        0.300000011920928955078125000000000000        -1.00000000000000000000000000000000000         4.50000000000000000000000000000000000         50.0000000000000000000000000000000000        0.418417949046595993362329477878492621        0.418417949046595993362329477878492621        0.418417949046595993362329477878492621        0.418417949046595993362329477878492621        0.418417949046595993362329477878492621         0.00000000000000000000000000000000000        -2.08734766401165354068103174098347704E-0003   62.8541675503441376869422218277881581         2365.90832451145490297625873746972085      
   9.65883224115882606340667665118364882E-0002   0.00000000000000000000000000000000000         0.00000000000000000000000000000000000         9.99999999999999999999999999999999807E-0002  0.900000000000000000000000000000000019        0.724999999999999999999999999999999981        0.275000000000000000000000000000000019        0.512000024318695068359375000000000000        0.425000011920928955078125000000000000         6.30000010132789611816406250000000000E-0002  0.870056494511586616800702331296776776        0.129943505488413383199297668703223248         0.00000000000000000000000000000000000        0.683022559859958444886526535977552353        0.167811590859605266884724425470909642        0.129098359310438402074632433326122454         278.311176733591166694393935160429533        0.300000011920928955078125000000000000        -1.00000000000000000000000000000000000         4.50000000000000000000000000000000000         50.0000000000000000000000000000000000        0.424534913937428287265462945989819939        0.424534913937428287265462945989819939        0.424534913937428287265462945989819939        0.424534913937428287265462945989819939        0.424534913937428287265462945989819939         0.00000000000000000000000000000000000         2.43656760563118848520290305497898262E-0003   65.2420468874119227049791745228943005         2410.34291076748376317469903725192214      
  0.101163797976622046355106172347094973         0.00000000000000000000000000000000000         0.00000000000000000000000000000000000         9.99999999999999999999999999999999807E-0002  0.900000000000000000000000000000000019        0.724999999999999999999999999999999981        0.275000000000000000000000000000000019        0.512000024318695068359375000000000000        0.425000011920928955078125000000000000         6.30000010132789611816406250000000000E-0002  0.870056494511586616800702331296776776        0.129943505488413383199297668703223248         0.00000000000000000000000000000000000        0.683022559859958444886526535977552353        0.167811590859605266884724425470909642        0.129098359310438402074632433326122454         278.311176733591166694393935160429533        0.300000011920928955078125000000000000        -1.00000000000000000000000000000000000         4.50000000000000000000000000000000000         50.0000000000000000000000000000000000        0.430681280215567263222454086252859333        0.430681280215567263222454086252859333        0.430681280215567263222454086252859333        0.430681280215567263222454086252859333        0.430681280215567263222454086252859333         0.00000000000000000000000000000000000        -1.40929534576301553678487620763784649E-0002   67.7232850660225066618274342833103301         2456.43010037482518211154311852694190      
  0.105956017927763003456833559312410793         0.00000000000000000000000000000000000         0.00000000000000000000000000000000000         9.99999999999999999999999999999999807E-0002  0.900000000000000000000000000000000019        0.724999999999999999999999999999999981        0.275000000000000000000000000000000019        0.512000024318695068359375000000000000        0.425000011920928955078125000000000000         6.30000010132789611816406250000000000E-0002  0.870056494511586616800702331296776776        0.129943505488413383199297668703223248         0.00000000000000000000000000000000000        0.683022559859958444886526535977552353        0.167811590859605266884724425470909642        0.129098359310438402074632433326122454         278.311176733591166694393935160429533        0.300000011920928955078125000000000000        -1.00000000000000000000000000000000000         4.50000000000000000000000000000000000         50.0000000000000000000000000000000000        0.437068968902540877618745154327841065        0.437068968902540877618745154327841065        0.437068968902540877618745154327841065        0.437068968902540877618745154327841065        0.437068968902540877618745154327841065         0.00000000000000000000000000000000000         1.17058702057994787171435435326325723E-0002   70.3084417824596030816834339877220641         2504.01947717785302493724151298082613      
  0.110975249641208698343586493910800654         0.00000000000000000000000000000000000         0.00000000000000000000000000000000000         9.99999999999999999999999999999999807E-0002  0.900000000000000000000000000000000019        0.724999999999999999999999999999999981        0.275000000000000000000000000000000019        0.512000024318695068359375000000000000        0.425000011920928955078125000000000000         6.30000010132789611816406250000000000E-0002  0.870056494511586616800702331296776776        0.129943505488413383199297668703223248         0.00000000000000000000000000000000000        0.683022559859958444886526535977552353        0.167811590859605266884724425470909642        0.129098359310438402074632433326122454         278.311176733591166694393935160429533        0.300000011920928955078125000000000000        -1.00000000000000000000000000000000000         4.50000000000000000000000000000000000         50.0000000000000000000000000000000000        0.443457098228538296991774960577371202        0.443457098228538296991774960577371202        0.443457098228538296991774960577371202        0.443457098228538296991774960577371202        0.443457098228538296991774960577371202         0.00000000000000000000000000000000000         2.13372671047519142799428040202814500E-0002   73.0025401033617494322880163041004767         2552.90039998429382330777559032238796      
  0.116232246867986863621532357708454707         0.00000000000000000000000000000000000         0.00000000000000000000000000000000000         9.99999999999999999999999999999999807E-0002  0.900000000000000000000000000000000019        0.724999999999999999999999999999999981        0.275000000000000000000000000000000019        0.512000024318695068359375000000000000        0.425000011920928955078125000000000000         6.30000010132789611816406250000000000E-0002  0.870056494511586616800702331296776776        0.129943505488413383199297668703223248         0.00000000000000000000000000000000000        0.683022559859958444886526535977552353        0.167811590859605266884724425470909642        0.129098359310438402074632433326122454         278.311176733591166694393935160429533        0.300000011920928955078125000000000000        -1.00000000000000000000000000000000000         4.50000000000000000000000000000000000         50.0000000000000000000000000000000000        0.449847954887576098363995501796764013        0.449847954887576098363995501796764013        0.449847954887576098363995501796764013        0.449847954887576098363995501796764013        0.449847954887576098363995501796764013         0.00000000000000000000000000000000000         1.47050638580397820094896317779438536E-0002   75.8039801379602690430760088071224974         2603.46102549296657887356396753406632      
  0.121738272773967847946541636711935559         0.00000000000000000000000000000000000         0.00000000000000000000000000000000000         9.99999999999999999999999999999999807E-0002  0.900000000000000000000000000000000019        0.724999999999999999999999999999999981        0.275000000000000000000000000000000019        0.512000024318695068359375000000000000        0.425000011920928955078125000000000000         6.30000010132789611816406250000000000E-0002  0.870056494511586616800702331296776776        0.129943505488413383199297668703223248         0.00000000000000000000000000000000000        0.683022559859958444886526535977552353        0.167811590859605266884724425470909642        0.129098359310438402074632433326122454         278.311176733591166694393935160429533        0.300000011920928955078125000000000000        -1.00000000000000000000000000000000000         4.50000000000000000000000000000000000         50.0000000000000000000000000000000000        0.456368710000460493569424775099103836        0.456368710000460493569424775099103836        0.456368710000460493569424775099103836        0.456368710000460493569424775099103836        0.456368710000460493569424775099103836         0.00000000000000000000000000000000000         1.58801213871279855644451986175593242E-0002   78.7227540116122577350112337827732668         2655.71912944968273249194337511443637      
  0.127505124071303144618257819009567858         0.00000000000000000000000000000000000         0.00000000000000000000000000000000000         9.99999999999999999999999999999999807E-0002  0.900000000000000000000000000000000019        0.724999999999999999999999999999999981        0.275000000000000000000000000000000019        0.512000024318695068359375000000000000        0.425000011920928955078125000000000000         6.30000010132789611816406250000000000E-0002  0.870056494511586616800702331296776776        0.129943505488413383199297668703223248         0.00000000000000000000000000000000000        0.683022559859958444886526535977552353        0.167811590859605266884724425470909642        0.129098359310438402074632433326122454         278.311176733591166694393935160429533        0.300000011920928955078125000000000000        -1.00000000000000000000000000000000000         4.50000000000000000000000000000000000         50.0000000000000000000000000000000000        0.463033038481930841308256267911027174        0.463033038481930841308256267911027174        0.463033038481930841308256267911027174        0.463033038481930841308256267911027174        0.463033038481930841308256267911027174         0.00000000000000000000000000000000000         2.55358160897785744757657956365666092E-0002   81.7630822188167872242903415954875400         2709.91930766674864294469604457518607      
  0.133545156292991832326932402316673282         0.00000000000000000000000000000000000         0.00000000000000000000000000000000000         9.99999999999999999999999999999999807E-0002  0.900000000000000000000000000000000019        0.724999999999999999999999999999999981        0.275000000000000000000000000000000019        0.512000024318695068359375000000000000        0.425000011920928955078125000000000000         6.30000010132789611816406250000000000E-0002  0.870056494511586616800702331296776776        0.129943505488413383199297668703223248         0.00000000000000000000000000000000000        0.683022559859958444886526535977552353        0.167811590859605266884724425470909642        0.129098359310438402074632433326122454         278.311176733591166694393935160429533        0.300000011920928955078125000000000000        -1.00000000000000000000000000000000000         4.50000000000000000000000000000000000         50.0000000000000000000000000000000000        0.469605625460166560035474153658541964        0.469605625460166560035474153658541964        0.469605625460166560035474153658541964        0.469605625460166560035474153658541964        0.469605625460166560035474153658541964         0.00000000000000000000000000000000000         6.42857571009569446417561100492501459E-0003   84.9284461954235434955307692994764978         2765.55049492666746615592648403382617      
  0.139871310264725923734212542400487802         0.00000000000000000000000000000000000         0.00000000000000000000000000000000000         9.99999999999999999999999999999999807E-0002  0.900000000000000000000000000000000019        0.724999999999999999999999999999999981        0.275000000000000000000000000000000019        0.512000024318695068359375000000000000        0.425000011920928955078125000000000000         6.30000010132789611816406250000000000E-0002  0.870056494511586616800702331296776776        0.129943505488413383199297668703223248         0.00000000000000000000000000000000000        0.683022559859958444886526535977552353        0.167811590859605266884724425470909642        0.129098359310438402074632433326122454         278.311176733591166694393935160429533        0.300000011920928955078125000000000000        -1.00000000000000000000000000000000000         4.50000000000000000000000000000000000         50.0000000000000000000000000000000000        0.476343917090689699148473621703396710        0.476343917090689699148473621703396710        0.476343917090689699148473621703396710        0.476343917090689699148473621703396710        0.476343917090689699148473621703396710         0.00000000000000000000000000000000000        -5.75529656004990077584938283938621055E-0003   88.2262526556707466696679424118822116         2823.26740649192679453822300495684213      
  0.146497139830730798859885014704254904         0.00000000000000000000000000000000000         0.00000000000000000000000000000000000         9.99999999999999999999999999999999807E-0002  0.900000000000000000000000000000000019        0.724999999999999999999999999999999981        0.275000000000000000000000000000000019        0.512000024318695068359375000000000000        0.425000011920928955078125000000000000         6.30000010132789611816406250000000000E-0002  0.870056494511586616800702331296776776        0.129943505488413383199297668703223248         0.00000000000000000000000000000000000        0.683022559859958444886526535977552353        0.167811590859605266884724425470909642        0.129098359310438402074632433326122454         278.311176733591166694393935160429533        0.300000011920928955078125000000000000        -1.00000000000000000000000000000000000         4.50000000000000000000000000000000000         50.0000000000000000000000000000000000        0.483450337425017851385973455185477626        0.483450337425017851385973455185477626        0.483450337425017851385973455185477626        0.483450337425017851385973455185477626        0.483450337425017851385973455185477626         0.00000000000000000000000000000000000         4.06649049022667886738744256606626739E-0002   91.6745470332865396498405642731268593         2883.17502024983802903702974414146835      
  0.153436840893003596478571043987610540         0.00000000000000000000000000000000000         0.00000000000000000000000000000000000         9.99999999999999999999999999999999807E-0002  0.900000000000000000000000000000000019        0.724999999999999999999999999999999981        0.275000000000000000000000000000000019        0.512000024318695068359375000000000000        0.425000011920928955078125000000000000         6.30000010132789611816406250000000000E-0002  0.870056494511586616800702331296776776        0.129943505488413383199297668703223248         0.00000000000000000000000000000000000        0.683022559859958444886526535977552353        0.167811590859605266884724425470909642        0.129098359310438402074632433326122454         278.311176733591166694393935160429533        0.300000011920928955078125000000000000        -1.00000000000000000000000000000000000         4.50000000000000000000000000000000000         50.0000000000000000000000000000000000        0.490209809558302881206528082059820144        0.490209809558302881206528082059820144        0.490209809558302881206528082059820144        0.490209809558302881206528082059820144        0.490209809558302881206528082059820144         0.00000000000000000000000000000000000         5.56959198744234814537981808342451877E-0003   95.2525009502133204692391939763483735         2944.45006164317948369655289126407105      
  0.160705281826166404175411117660175785         0.00000000000000000000000000000000000         0.00000000000000000000000000000000000         9.99999999999999999999999999999999807E-0002  0.900000000000000000000000000000000019        0.724999999999999999999999999999999981        0.275000000000000000000000000000000019        0.512000024318695068359375000000000000        0.425000011920928955078125000000000000         6.30000010132789611816406250000000000E-0002  0.870056494511586616800702331296776776        0.129943505488413383199297668703223248         0.00000000000000000000000000000000000        0.683022559859958444886526535977552353        0.167811590859605266884724425470909642        0.129098359310438402074632433326122454         278.311176733591166694393935160429533        0.300000011920928955078125000000000000        -1.00000000000000000000000000000000000         4.50000000000000000000000000000000000         50.0000000000000000000000000000000000        0.497255671175214871619542510971375632        0.497255671175214871619542510971375632        0.497255671175214871619542510971375632        0.497255671175214871619542510971375632        0.497255671175214871619542510971375632         0.00000000000000000000000000000000000         6.46359308592655611437881326256028766E-0003   98.9935033974879698503937212068667506         3007.83608716374788254898355504041715      
  0.168318035333098355319523878900328206         0.00000000000000000000000000000000000         0.00000000000000000000000000000000000         9.99999999999999999999999999999999807E-0002  0.900000000000000000000000000000000019        0.724999999999999999999999999999999981        0.275000000000000000000000000000000019        0.512000024318695068359375000000000000        0.425000011920928955078125000000000000         6.30000010132789611816406250000000000E-0002  0.870056494511586616800702331296776776        0.129943505488413383199297668703223248         0.00000000000000000000000000000000000        0.683022559859958444886526535977552353        0.167811590859605266884724425470909642        0.129098359310438402074632433326122454         278.311176733591166694393935160429533        0.300000011920928955078125000000000000        -1.00000000000000000000000000000000000         4.50000000000000000000000000000000000         50.0000000000000000000000000000000000        0.504328345150187482507598752773189842        0.504328345150187482507598752773189842        0.504328345150187482507598752773189842        0.504328345150187482507598752773189842        0.504328345150187482507598752773189842         0.00000000000000000000000000000000000        -9.04474445480195891353870398046710049E-0003   102.892410800065116947024049169128293         3073.63664285853211112001399862445151      
  0.176291411809597623536968597048402244         0.00000000000000000000000000000000000         0.00000000000000000000000000000000000         9.99999999999999999999999999999999807E-0002  0.900000000000000000000000000000000019        0.724999999999999999999999999999999981        0.275000000000000000000000000000000019        0.512000024318695068359375000000000000        0.425000011920928955078125000000000000         6.30000010132789611816406250000000000E-0002  0.870056494511586616800702331296776776        0.129943505488413383199297668703223248         0.00000000000000000000000000000000000        0.683022559859958444886526535977552353        0.167811590859605266884724425470909642        0.129098359310438402074632433326122454         278.311176733591166694393935160429533        0.300000011920928955078125000000000000        -1.00000000000000000000000000000000000         4.50000000000000000000000000000000000         50.0000000000000000000000000000000000        0.511552284809112545174816837332961016        0.511552284809112545174816837332961016        0.511552284809112545174816837332961016        0.511552284809112545174816837332961016        0.511552284809112545174816837332961016         0.00000000000000000000000000000000000        -9.66777009835489692287111273769456132E-0003   106.962013550076660855797583420003394         3141.36557065721277625035915851031625      
  0.184642494289557415975419190134436407         0.00000000000000000000000000000000000         0.00000000000000000000000000000000000         9.99999999999999999999999999999999807E-0002  0.900000000000000000000000000000000019        0.724999999999999999999999999999999981        0.275000000000000000000000000000000019        0.512000024318695068359375000000000000        0.425000011920928955078125000000000000         6.30000010132789611816406250000000000E-0002  0.870056494511586616800702331296776776        0.129943505488413383199297668703223248         0.00000000000000000000000000000000000        0.683022559859958444886526535977552353        0.167811590859605266884724425470909642        0.129098359310438402074632433326122454         278.311176733591166694393935160429533        0.300000011920928955078125000000000000        -1.00000000000000000000000000000000000         4.50000000000000000000000000000000000         50.0000000000000000000000000000000000        0.518844757049059656049107429491079061        0.518844757049059656049107429491079061        0.518844757049059656049107429491079061        0.518844757049059656049107429491079061        0.518844757049059656049107429491079061         0.00000000000000000000000000000000000        -9.91465316985356241628546513485440774E-0003   111.211254821239430657080921622518276         3211.19276263832796716134335978440487      
  0.193389175045526332720793931968250954         0.00000000000000000000000000000000000         0.00000000000000000000000000000000000         9.99999999999999999999999999999999807E-0002  0.900000000000000000000000000000000019        0.724999999999999999999999999999999981        0.275000000000000000000000000000000019        0.512000024318695068359375000000000000        0.425000011920928955078125000000000000         6.30000010132789611816406250000000000E-0002  0.870056494511586616800702331296776776        0.129943505488413383199297668703223248         0.00000000000000000000000000000000000        0.683022559859958444886526535977552353        0.167811590859605266884724425470909642        0.129098359310438402074632433326122454         278.311176733591166694393935160429533        0.300000011920928955078125000000000000        -1.00000000000000000000000000000000000         4.50000000000000000000000000000000000         50.0000000000000000000000000000000000        0.526297968034107550186649939768385172        0.526297968034107550186649939768385172        0.526297968034107550186649939768385172        0.526297968034107550186649939768385172        0.526297968034107550186649939768385172         0.00000000000000000000000000000000000         5.79237410581522662840749472494891199E-0003   115.649177939000366502084886437252694         3282.95398902982762071186873059221530      
  0.202550193923070136258493621901443151         0.00000000000000000000000000000000000         0.00000000000000000000000000000000000         9.99999999999999999999999999999999807E-0002  0.900000000000000000000000000000000019        0.724999999999999999999999999999999981        0.275000000000000000000000000000000019        0.512000024318695068359375000000000000        0.425000011920928955078125000000000000         6.30000010132789611816406250000000000E-0002  0.870056494511586616800702331296776776        0.129943505488413383199297668703223248         0.00000000000000000000000000000000000        0.683022559859958444886526535977552353        0.167811590859605266884724425470909642        0.129098359310438402074632433326122454         278.311176733591166694393935160429533        0.300000011920928955078125000000000000        -1.00000000000000000000000000000000000         4.50000000000000000000000000000000000         50.0000000000000000000000000000000000        0.533744241898687592097207168939505079        0.533744241898687592097207168939505079        0.533744241898687592097207168939505079        0.533744241898687592097207168939505079        0.533744241898687592097207168939505079         0.00000000000000000000000000000000000        -9.79969163202396803939811205266023736E-0003   120.272869442380435555739500653628843         3357.78409993252872768539943734210558      
  0.212145178491066660656421546258877797         0.00000000000000000000000000000000000         0.00000000000000000000000000000000000         9.99999999999999999999999999999999807E-0002  0.900000000000000000000000000000000019        0.724999999999999999999999999999999981        0.275000000000000000000000000000000019        0.512000024318695068359375000000000000        0.425000011920928955078125000000000000         6.30000010132789611816406250000000000E-0002  0.870056494511586616800702331296776776        0.129943505488413383199297668703223248         0.00000000000000000000000000000000000        0.683022559859958444886526535977552353        0.167811590859605266884724425470909642        0.129098359310438402074632433326122454         278.311176733591166694393935160429533        0.300000011920928955078125000000000000        -1.00000000000000000000000000000000000         4.50000000000000000000000000000000000         50.0000000000000000000000000000000000        0.541431097157720664243919291873964781        0.541431097157720664243919291873964781        0.541431097157720664243919291873964781        0.541431097157720664243919291873964781        0.541431097157720664243919291873964781         0.00000000000000000000000000000000000         9.13418752701018325479839482082312109E-0003   125.108101725892494804423056341014343         3434.65009508449719430741899176711250      
  0.222194686093956243932729053068759355         0.00000000000000000000000000000000000         0.00000000000000000000000000000000000         9.99999999999999999999999999999999807E-0002  0.900000000000000000000000000000000019        0.724999999999999999999999999999999981        0.275000000000000000000000000000000019        0.512000024318695068359375000000000000        0.425000011920928955078125000000000000         6.30000010132789611816406250000000000E-0002  0.870056494511586616800702331296776776        0.129943505488413383199297668703223248         0.00000000000000000000000000000000000        0.683022559859958444886526535977552353        0.167811590859605266884724425470909642        0.129098359310438402074632433326122454         278.311176733591166694393935160429533        0.300000011920928955078125000000000000        -1.00000000000000000000000000000000000         4.50000000000000000000000000000000000         50.0000000000000000000000000000000000        0.549075471143475172292568486099528296        0.549075471143475172292568486099528296        0.549075471143475172292568486099528296        0.549075471143475172292568486099528296        0.549075471143475172292568486099528296         0.00000000000000000000000000000000000         7.73838086903586325419769699072827724E-0004   130.151850260171237318769482164467509         3514.07517114955976587454185304420708      
  0.232720247896045024620482335420595173         0.00000000000000000000000000000000000         0.00000000000000000000000000000000000         9.99999999999999999999999999999999807E-0002  0.900000000000000000000000000000000019        0.724999999999999999999999999999999981        0.275000000000000000000000000000000019        0.512000024318695068359375000000000000        0.425000011920928955078125000000000000         6.30000010132789611816406250000000000E-0002  0.870056494511586616800702331296776776        0.129943505488413383199297668703223248         0.00000000000000000000000000000000000        0.683022559859958444886526535977552353        0.167811590859605266884724425470909642        0.129098359310438402074632433326122454         278.311176733591166694393935160429533        0.300000011920928955078125000000000000        -1.00000000000000000000000000000000000         4.50000000000000000000000000000000000         50.0000000000000000000000000000000000        0.557081241647979718330040212503440990        0.557081241647979718330040212503440990        0.557081241647979718330040212503440990        0.557081241647979718330040212503440990        0.557081241647979718330040212503440990         0.00000000000000000000000000000000000         4.83123571791867847887311480876655496E-0002   135.453181776976076861538621028459022         3596.05860913939547014046738659434759      
  0.243744415012226435488952487885240485         0.00000000000000000000000000000000000         0.00000000000000000000000000000000000         9.99999999999999999999999999999999807E-0002  0.900000000000000000000000000000000019        0.724999999999999999999999999999999981        0.275000000000000000000000000000000019        0.512000024318695068359375000000000000        0.425000011920928955078125000000000000         6.30000010132789611816406250000000000E-0002  0.870056494511586616800702331296776776        0.129943505488413383199297668703223248         0.00000000000000000000000000000000000        0.683022559859958444886526535977552353        0.167811590859605266884724425470909642        0.129098359310438402074632433326122454         278.311176733591166694393935160429533        0.300000011920928955078125000000000000        -1.00000000000000000000000000000000000         4.50000000000000000000000000000000000         50.0000000000000000000000000000000000        0.564737254548056103413418110636860213        0.564737254548056103413418110636860213        0.564737254548056103413418110636860213        0.564737254548056103413418110636860213        0.564737254548056103413418110636860213         0.00000000000000000000000000000000000         1.02287269172097169464854878862472259E-0002   140.939119214686894405556461034316298         3680.02965224092115534713403708337379      
  0.255290806823956397939774451911334331         0.00000000000000000000000000000000000         0.00000000000000000000000000000000000         9.99999999999999999999999999999999807E-0002  0.900000000000000000000000000000000019        0.724999999999999999999999999999999981        0.275000000000000000000000000000000019        0.512000024318695068359375000000000000        0.425000011920928955078125000000000000         6.30000010132789611816406250000000000E-0002  0.870056494511586616800702331296776776        0.129943505488413383199297668703223248         0.00000000000000000000000000000000000        0.683022559859958444886526535977552353        0.167811590859605266884724425470909642        0.129098359310438402074632433326122454         278.311176733591166694393935160429533        0.300000011920928955078125000000000000        -1.00000000000000000000000000000000000         4.50000000000000000000000000000000000         50.0000000000000000000000000000000000        0.572697878206697356012370371619743944        0.572697878206697356012370371619743944        0.572697878206697356012370371619743944        0.572697878206697356012370371619743944        0.572697878206697356012370371619743944         0.00000000000000000000000000000000000         3.66069356456952164548778852700415100E-0003   146.637995852685703686195486852202411         3766.62419386845042353701555551807909      
  0.267384161583999647148154120888094587         0.00000000000000000000000000000000000         0.00000000000000000000000000000000000         9.99999999999999999999999999999999807E-0002  0.900000000000000000000000000000000019        0.724999999999999999999999999999999981        0.275000000000000000000000000000000019        0.512000024318695068359375000000000000        0.425000011920928955078125000000000000         6.30000010132789611816406250000000000E-0002  0.870056494511586616800702331296776776        0.129943505488413383199297668703223248         0.00000000000000000000000000000000000        0.683022559859958444886526535977552353        0.167811590859605266884724425470909642        0.129098359310438402074632433326122454         278.311176733591166694393935160429533        0.300000011920928955078125000000000000        -1.00000000000000000000000000000000000         4.50000000000000000000000000000000000         50.0000000000000000000000000000000000        0.580721685405619904530697083250540154        0.580721685405619904530697083250540154        0.580721685405619904530697083250540154        0.580721685405619904530697083250540154        0.580721685405619904530697083250540154         0.00000000000000000000000000000000000        -2.45128996809898848893883109570448418E-0003   152.298673323299894188910608818712031         3846.70539787517786164440131171287865      
  0.280050389418368331636181818145177102         0.00000000000000000000000000000000000         0.00000000000000000000000000000000000         9.99999999999999999999999999999999807E-0002  0.900000000000000000000000000000000019        0.724999999999999999999999999999999981        0.275000000000000000000000000000000019        0.512000024318695068359375000000000000        0.425000011920928955078125000000000000         6.30000010132789611816406250000000000E-0002  0.870056494511586616800702331296776776        0.129943505488413383199297668703223248         0.00000000000000000000000000000000000        0.683022559859958444886526535977552353        0.167811590859605266884724425470909642        0.129098359310438402074632433326122454         278.311176733591166694393935160429533        0.300000011920928955078125000000000000        -1.00000000000000000000000000000000000         4.50000000000000000000000000000000000         50.0000000000000000000000000000000000        0.589157950745454151691379138393424165        0.589157950745454151691379138393424165        0.589157950745454151691379138393424165        0.589157950745454151691379138393424165        0.589157950745454151691379138393424165         0.00000000000000000000000000000000000         0.00000000000000000000000000000000000         157.180580308429597974856589459968918         3908.69462414572942725982231111284790      
  0.293316627839010037899556840640473318         0.00000000000000000000000000000000000         0.00000000000000000000000000000000000         9.99999999999999999999999999999999807E-0002  0.900000000000000000000000000000000019        0.724999999999999999999999999999999981        0.275000000000000000000000000000000019        0.512000024318695068359375000000000000        0.425000011920928955078125000000000000         6.30000010132789611816406250000000000E-0002  0.870056494511586616800702331296776776        0.129943505488413383199297668703223248         0.00000000000000000000000000000000000        0.683022559859958444886526535977552353        0.167811590859605266884724425470909642        0.129098359310438402074632433326122454         278.311176733591166694393935160429533        0.300000011920928955078125000000000000        -1.00000000000000000000000000000000000         4.50000000000000000000000000000000000         50.0000000000000000000000000000000000        0.597599566040804300612664985675126805        0.597599566040804300612664985675126805        0.597599566040804300612664985675126805        0.597599566040804300612664985675126805        0.597599566040804300612664985675126805         0.00000000000000000000000000000000000         9.99999999999999999999999999979175849E-0005   162.681858688645341765526768800516425         3967.51989273643496693934062544685857      
  0.307211299886181694903675457144820827         0.00000000000000000000000000000000000         0.00000000000000000000000000000000000         9.99999999999999999999999999999999807E-0002  0.900000000000000000000000000000000019        0.724999999999999999999999999999999981        0.275000000000000000000000000000000019        0.512000024318695068359375000000000000        0.425000011920928955078125000000000000         6.30000010132789611816406250000000000E-0002  0.870056494511586616800702331296776776        0.129943505488413383199297668703223248         0.00000000000000000000000000000000000        0.683022559859958444886526535977552353        0.167811590859605266884724425470909642        0.129098359310438402074632433326122454         278.311176733591166694393935160429533        0.300000011920928955078125000000000000        -1.00000000000000000000000000000000000         4.50000000000000000000000000000000000         50.0000000000000000000000000000000000        0.606549086401275744271643498556299165        0.606549086401275744271643498556299165        0.606549086401275744271643498556299165        0.606549086401275744271643498556299165        0.606549086401275744271643498556299165         0.00000000000000000000000000000000000         3.26534828617381206889201865431885234E-0003   167.749845783273266177147816219183630         4020.40827808271973179951697446244606      
  0.321764175025079939929779942085648449         0.00000000000000000000000000000000000         0.00000000000000000000000000000000000         9.99999999999999999999999999999999807E-0002  0.900000000000000000000000000000000019        0.724999999999999999999999999999999981        0.275000000000000000000000000000000019        0.512000024318695068359375000000000000        0.425000011920928955078125000000000000         6.30000010132789611816406250000000000E-0002  0.870056494511586616800702331296776776        0.129943505488413383199297668703223248         0.00000000000000000000000000000000000        0.683022559859958444886526535977552353        0.167811590859605266884724425470909642        0.129098359310438402074632433326122454         278.311176733591166694393935160429533        0.300000011920928955078125000000000000        -1.00000000000000000000000000000000000         4.50000000000000000000000000000000000         50.0000000000000000000000000000000000        0.615577362875124175487645907106872263        0.615577362875124175487645907106872263        0.615577362875124175487645907106872263        0.615577362875124175487645907106872263        0.615577362875124175487645907106872263         0.00000000000000000000000000000000000         0.00000000000000000000000000000000000         173.437324559261790657798525915007199         4078.08100627725008222308331003209698      
  0.337006432927199547555937678304493054         0.00000000000000000000000000000000000         0.00000000000000000000000000000000000         9.99999999999999999999999999999999807E-0002  0.900000000000000000000000000000000019        0.724999999999999999999999999999999981        0.275000000000000000000000000000000019        0.512000024318695068359375000000000000        0.425000011920928955078125000000000000         6.30000010132789611816406250000000000E-0002  0.870056494511586616800702331296776776        0.129943505488413383199297668703223248         0.00000000000000000000000000000000000        0.683022559859958444886526535977552353        0.167811590859605266884724425470909642        0.129098359310438402074632433326122454         278.311176733591166694393935160429533        0.300000011920928955078125000000000000        -1.00000000000000000000000000000000000         4.50000000000000000000000000000000000         50.0000000000000000000000000000000000        0.624659748946537610747366053776297198        0.624659748946537610747366053776297198        0.624659748946537610747366053776297198        0.624659748946537610747366053776297198        0.624659748946537610747366053776297198         0.00000000000000000000000000000000000        -1.51702018595161281043464093034975784E-0003   179.749544564813430213222336142339177         4141.12676441200824114215714012620814      
  0.352970730273072080492371624264509206         0.00000000000000000000000000000000000         0.00000000000000000000000000000000000         9.99999999999999999999999999999999807E-0002  0.900000000000000000000000000000000019        0.724999999999999999999999999999999981        0.275000000000000000000000000000000019        0.512000024318695068359375000000000000        0.425000011920928955078125000000000000         6.30000010132789611816406250000000000E-0002  0.870056494511586616800702331296776776        0.129943505488413383199297668703223248         0.00000000000000000000000000000000000        0.683022559859958444886526535977552353        0.167811590859605266884724425470909642        0.129098359310438402074632433326122454         278.311176733591166694393935160429533        0.300000011920928955078125000000000000        -1.00000000000000000000000000000000000         4.50000000000000000000000000000000000         50.0000000000000000000000000000000000        0.633805379955833385278688512076053392        0.633805379955833385278688512076053392        0.633805379955833385278688512076053392        0.633805379955833385278688512076053392        0.633805379955833385278688512076053392         0.00000000000000000000000000000000000        -1.34034150096722969684330402842698921E-0003   186.485471152583601744598838309539500         4208.04047950574697478204880102822050      
  0.369691270719510256457304422777255813         0.00000000000000000000000000000000000         0.00000000000000000000000000000000000         9.99999999999999999999999999999999807E-0002  0.900000000000000000000000000000000019        0.724999999999999999999999999999999981        0.275000000000000000000000000000000019        0.512000024318695068359375000000000000        0.425000011920928955078125000000000000         6.30000010132789611816406250000000000E-0002  0.870056494511586616800702331296776776        0.129943505488413383199297668703223248         0.00000000000000000000000000000000000        0.683022559859958444886526535977552353        0.167811590859605266884724425470909642        0.129098359310438402074632433326122454         278.311176733591166694393935160429533        0.300000011920928955078125000000000000        -1.00000000000000000000000000000000000         4.50000000000000000000000000000000000         50.0000000000000000000000000000000000        0.642868810358385588288916975721401997        0.642868810358385588288916975721401997        0.642868810358385588288916975721401997        0.642868810358385588288916975721401997        0.642868810358385588288916975721401997         0.00000000000000000000000000000000000        -2.15126964069054775899054870137455163E-0003   194.357463545096927121223353656990871         4285.93109428297676440237117858437086      
  0.387203878181263508459966947142191053         0.00000000000000000000000000000000000         0.00000000000000000000000000000000000         9.99999999999999999999999999999999807E-0002  0.900000000000000000000000000000000019        0.724999999999999999999999999999999981        0.275000000000000000000000000000000019        0.512000024318695068359375000000000000        0.425000011920928955078125000000000000         6.30000010132789611816406250000000000E-0002  0.870056494511586616800702331296776776        0.129943505488413383199297668703223248         0.00000000000000000000000000000000000        0.683022559859958444886526535977552353        0.167811590859605266884724425470909642        0.129098359310438402074632433326122454         278.311176733591166694393935160429533        0.300000011920928955078125000000000000        -1.00000000000000000000000000000000000         4.50000000000000000000000000000000000         50.0000000000000000000000000000000000        0.652120513236712131112635977916401345        0.652120513236712131112635977916401345        0.652120513236712131112635977916401345        0.652120513236712131112635977916401345        0.652120513236712131112635977916401345         0.00000000000000000000000000000000000         2.15079177313013617208534863498866260E-0003   202.416215346953782602044653837606997         4365.79456399677902613107466840556773      
  0.405546073584091372929320306957881816         0.00000000000000000000000000000000000         0.00000000000000000000000000000000000         9.99999999999999999999999999999999807E-0002  0.900000000000000000000000000000000019        0.724999999999999999999999999999999981        0.275000000000000000000000000000000019        0.512000024318695068359375000000000000        0.425000011920928955078125000000000000         6.30000010132789611816406250000000000E-0002  0.870056494511586616800702331296776776        0.129943505488413383199297668703223248         0.00000000000000000000000000000000000        0.683022559859958444886526535977552353        0.167811590859605266884724425470909642        0.129098359310438402074632433326122454         278.311176733591166694393935160429533        0.300000011920928955078125000000000000        -1.00000000000000000000000000000000000         4.50000000000000000000000000000000000         50.0000000000000000000000000000000000        0.661295342341441673384598618264482011        0.661295342341441673384598618264482011        0.661295342341441673384598618264482011        0.661295342341441673384598618264482011        0.661295342341441673384598618264482011         0.00000000000000000000000000000000000         3.24448240065786997348727489488908898E-0005   211.538832071813643640854504098866115         4455.16925606575825574537038748882922      
  0.424757155253698885385985478437553801         0.00000000000000000000000000000000000         0.00000000000000000000000000000000000         9.99999999999999999999999999999999807E-0002  0.900000000000000000000000000000000019        0.724999999999999999999999999999999981        0.275000000000000000000000000000000019        0.512000024318695068359375000000000000        0.425000011920928955078125000000000000         6.30000010132789611816406250000000000E-0002  0.870056494511586616800702331296776776        0.129943505488413383199297668703223248         0.00000000000000000000000000000000000        0.683022559859958444886526535977552353        0.167811590859605266884724425470909642        0.129098359310438402074632433326122454         278.311176733591166694393935160429533        0.300000011920928955078125000000000000        -1.00000000000000000000000000000000000         4.50000000000000000000000000000000000         50.0000000000000000000000000000000000        0.670244032484374730089715082680520995        0.670244032484374730089715082680520995        0.670244032484374730089715082680520995        0.670244032484374730089715082680520995        0.670244032484374730089715082680520995         0.00000000000000000000000000000000000        -4.99423029623032575543157267247304946E-0002   220.753798522951917911120051409369886         4544.94120678342813178568658179726283      
  0.444878283112768031811350146623921564         0.00000000000000000000000000000000000         0.00000000000000000000000000000000000         9.99999999999999999999999999999999807E-0002  0.900000000000000000000000000000000019        0.724999999999999999999999999999999981        0.275000000000000000000000000000000019        0.512000024318695068359375000000000000        0.425000011920928955078125000000000000         6.30000010132789611816406250000000000E-0002  0.870056494511586616800702331296776776        0.129943505488413383199297668703223248         0.00000000000000000000000000000000000        0.683022559859958444886526535977552353        0.167811590859605266884724425470909642        0.129098359310438402074632433326122454         278.311176733591166694393935160429533        0.300000011920928955078125000000000000        -1.00000000000000000000000000000000000         4.50000000000000000000000000000000000         50.0000000000000000000000000000000000        0.679898398794723872364431478275861015        0.679898398794723872364431478275861015        0.679898398794723872364431478275861015        0.679898398794723872364431478275861015        0.679898398794723872364431478275861015         0.00000000000000000000000000000000000        -3.06692743608392834687559531023257298E-0003   230.791367865445101098100274858557920         4641.88667001909233406916440323000577      
  0.465952566866478185388067003418371743         0.00000000000000000000000000000000000         0.00000000000000000000000000000000000         9.99999999999999999999999999999999807E-0002  0.900000000000000000000000000000000019        0.724999999999999999999999999999999981        0.275000000000000000000000000000000019        0.512000024318695068359375000000000000        0.425000011920928955078125000000000000         6.30000010132789611816406250000000000E-0002  0.870056494511586616800702331296776776        0.129943505488413383199297668703223248         0.00000000000000000000000000000000000        0.683022559859958444886526535977552353        0.167811590859605266884724425470909642        0.129098359310438402074632433326122454         278.311176733591166694393935160429533        0.300000011920928955078125000000000000        -1.00000000000000000000000000000000000         4.50000000000000000000000000000000000         50.0000000000000000000000000000000000        0.689112558777109738030100161394419598        0.689112558777109738030100161394419598        0.689112558777109738030100161394419598        0.689112558777109738030100161394419598        0.689112558777109738030100161394419598         0.00000000000000000000000000000000000        -2.84781791160688576457856347848278965E-0002   241.530196217831094006745641871481116         4739.76487572467109062536702830198191      
  0.488025158365453833350361152141345848         0.00000000000000000000000000000000000         0.00000000000000000000000000000000000         9.99999999999999999999999999999999807E-0002  0.900000000000000000000000000000000019        0.724999999999999999999999999999999981        0.275000000000000000000000000000000019        0.512000024318695068359375000000000000        0.425000011920928955078125000000000000         6.30000010132789611816406250000000000E-0002  0.870056494511586616800702331296776776        0.129943505488413383199297668703223248         0.00000000000000000000000000000000000        0.683022559859958444886526535977552353        0.167811590859605266884724425470909642        0.129098359310438402074632433326122454         278.311176733591166694393935160429533        0.300000011920928955078125000000000000        -1.00000000000000000000000000000000000         4.50000000000000000000000000000000000         50.0000000000000000000000000000000000        0.698741254079753451007375886672518390        0.698741254079753451007375886672518390        0.698741254079753451007375886672518390        0.698741254079753451007375886672518390        0.698741254079753451007375886672518390         0.00000000000000000000000000000000000        -1.42098837663803999318288810176280877E-0004   252.971816787057685764386347039513609         4839.55249357370186826357058391317767      
  0.511143348344028075836959282509472174         0.00000000000000000000000000000000000         0.00000000000000000000000000000000000         9.99999999999999999999999999999999807E-0002  0.900000000000000000000000000000000019        0.724999999999999999999999999999999981        0.275000000000000000000000000000000019        0.512000024318695068359375000000000000        0.425000011920928955078125000000000000         6.30000010132789611816406250000000000E-0002  0.870056494511586616800702331296776776        0.129943505488413383199297668703223248         0.00000000000000000000000000000000000        0.683022559859958444886526535977552353        0.167811590859605266884724425470909642        0.129098359310438402074632433326122454         278.311176733591166694393935160429533        0.300000011920928955078125000000000000        -1.00000000000000000000000000000000000         4.50000000000000000000000000000000000         50.0000000000000000000000000000000000        0.708213876549639505968564807492435202        0.708213876549639505968564807492435202        0.708213876549639505968564807492435202        0.708213876549639505968564807492435202        0.708213876549639505968564807492435202         0.00000000000000000000000000000000000        -4.84372302582191461858622427896847553E-0004   264.978189890208710966581756905129241         4941.81876668231120242950299737291312      
  0.535356667741084533722548138030577650         0.00000000000000000000000000000000000         0.00000000000000000000000000000000000         9.99999999999999999999999999999999807E-0002  0.900000000000000000000000000000000019        0.724999999999999999999999999999999981        0.275000000000000000000000000000000019        0.512000024318695068359375000000000000        0.425000011920928955078125000000000000         6.30000010132789611816406250000000000E-0002  0.870056494511586616800702331296776776        0.129943505488413383199297668703223248         0.00000000000000000000000000000000000        0.683022559859958444886526535977552353        0.167811590859605266884724425470909642        0.129098359310438402074632433326122454         278.311176733591166694393935160429533        0.300000011920928955078125000000000000        -1.00000000000000000000000000000000000         4.50000000000000000000000000000000000         50.0000000000000000000000000000000000        0.717781828998714293878071111019241096        0.717781828998714293878071111019241096        0.717781828998714293878071111019241096        0.717781828998714293878071111019241096        0.717781828998714293878071111019241096         0.00000000000000000000000000000000000        -7.60706675468118920921865948694610767E-0005   277.432372436740464613867226500576128         5044.77868775991526339583210268422469      
  0.560716993820558519630662000117957924         0.00000000000000000000000000000000000         0.00000000000000000000000000000000000         9.99999999999999999999999999999999807E-0002  0.900000000000000000000000000000000019        0.724999999999999999999999999999999981        0.275000000000000000000000000000000019        0.512000024318695068359375000000000000        0.425000011920928955078125000000000000         6.30000010132789611816406250000000000E-0002  0.870056494511586616800702331296776776        0.129943505488413383199297668703223248         0.00000000000000000000000000000000000        0.683022559859958444886526535977552353        0.167811590859605266884724425470909642        0.129098359310438402074632433326122454         278.311176733591166694393935160429533        0.300000011920928955078125000000000000        -1.00000000000000000000000000000000000         4.50000000000000000000000000000000000         50.0000000000000000000000000000000000        0.727477957855904955266493031346185724        0.727477957855904955266493031346185724        0.727477957855904955266493031346185724        0.727477957855904955266493031346185724        0.727477957855904955266493031346185724         0.00000000000000000000000000000000000         7.65477630823943764653499125451828272E-0003   290.484947100772500676938318463375002         5149.99958707614822305807996107377914      
  0.587278661318961641324294675315294360         0.00000000000000000000000000000000000         0.00000000000000000000000000000000000         9.99999999999999999999999999999999807E-0002  0.900000000000000000000000000000000019        0.724999999999999999999999999999999981        0.275000000000000000000000000000000019        0.512000024318695068359375000000000000        0.425000011920928955078125000000000000         6.30000010132789611816406250000000000E-0002  0.870056494511586616800702331296776776        0.129943505488413383199297668703223248         0.00000000000000000000000000000000000        0.683022559859958444886526535977552353        0.167811590859605266884724425470909642        0.129098359310438402074632433326122454         278.311176733591166694393935160429533        0.300000011920928955078125000000000000        -1.00000000000000000000000000000000000         4.50000000000000000000000000000000000         50.0000000000000000000000000000000000        0.737146105602038762144966806624221986        0.737146105602038762144966806624221986        0.737146105602038762144966806624221986        0.737146105602038762144966806624221986        0.737146105602038762144966806624221986         0.00000000000000000000000000000000000        -9.93327642928201828193631926605714608E-0005   304.170809681567582359979126132472338         5257.24504544165358376504770248624402      
  0.615098578858064451529164264953569834         0.00000000000000000000000000000000000         0.00000000000000000000000000000000000         9.99999999999999999999999999999999807E-0002  0.900000000000000000000000000000000019        0.724999999999999999999999999999999981        0.275000000000000000000000000000000019        0.512000024318695068359375000000000000        0.425000011920928955078125000000000000         6.30000010132789611816406250000000000E-0002  0.870056494511586616800702331296776776        0.129943505488413383199297668703223248         0.00000000000000000000000000000000000        0.683022559859958444886526535977552353        0.167811590859605266884724425470909642        0.129098359310438402074632433326122454         278.311176733591166694393935160429533        0.300000011920928955078125000000000000        -1.00000000000000000000000000000000000         4.50000000000000000000000000000000000         50.0000000000000000000000000000000000        0.746873686582849737246662275689879404        0.746873686582849737246662275689879404        0.746873686582849737246662275689879404        0.746873686582849737246662275689879404        0.746873686582849737246662275689879404         0.00000000000000000000000000000000000        -1.67725508303366683701798256100063967E-0002   317.951955665459447401678075415805344         5362.73342677484948297188246669182127      
  0.644236350872152408747567964251532425         0.00000000000000000000000000000000000         0.00000000000000000000000000000000000         9.99999999999999999999999999999999807E-0002  0.900000000000000000000000000000000019        0.724999999999999999999999999999999981        0.275000000000000000000000000000000019        0.512000024318695068359375000000000000        0.425000011920928955078125000000000000         6.30000010132789611816406250000000000E-0002  0.870056494511586616800702331296776776        0.129943505488413383199297668703223248         0.00000000000000000000000000000000000        0.683022559859958444886526535977552353        0.167811590859605266884724425470909642        0.129098359310438402074632433326122454         278.311176733591166694393935160429533        0.300000011920928955078125000000000000        -1.00000000000000000000000000000000000         4.50000000000000000000000000000000000         50.0000000000000000000000000000000000        0.756726917652612422562438059133579938        0.756726917652612422562438059133579938        0.756726917652612422562438059133579938        0.756726917652612422562438059133579938        0.756726917652612422562438059133579938         0.00000000000000000000000000000000000         1.50989508930180866292747097236923874E-0002   333.435538163873542196694901160884924         5477.21751961117881909782907458301795      
  0.674754405311085438667667359428963781         0.00000000000000000000000000000000000         0.00000000000000000000000000000000000         9.99999999999999999999999999999999807E-0002  0.900000000000000000000000000000000019        0.724999999999999999999999999999999981        0.275000000000000000000000000000000019        0.512000024318695068359375000000000000        0.425000011920928955078125000000000000         6.30000010132789611816406250000000000E-0002  0.870056494511586616800702331296776776        0.129943505488413383199297668703223248         0.00000000000000000000000000000000000        0.683022559859958444886526535977552353        0.167811590859605266884724425470909642        0.129098359310438402074632433326122454         278.311176733591166694393935160429533        0.300000011920928955078125000000000000        -1.00000000000000000000000000000000000         4.50000000000000000000000000000000000         50.0000000000000000000000000000000000        0.766660900263625694604751817809406561        0.766660900263625694604751817809406561        0.766660900263625694604751817809406561        0.766660900263625694604751817809406561        0.766660900263625694604751817809406561         0.00000000000000000000000000000000000        -7.85660257761330628543077750104395769E-0003   348.668925173728966021950875834619905         5588.39700116046142319842505788146968      
  0.706718127392766099165833109055340844         0.00000000000000000000000000000000000         0.00000000000000000000000000000000000         9.99999999999999999999999999999999807E-0002  0.900000000000000000000000000000000019        0.724999999999999999999999999999999981        0.275000000000000000000000000000000019        0.512000024318695068359375000000000000        0.425000011920928955078125000000000000         6.30000010132789611816406250000000000E-0002  0.870056494511586616800702331296776776        0.129943505488413383199297668703223248         0.00000000000000000000000000000000000        0.683022559859958444886526535977552353        0.167811590859605266884724425470909642        0.129098359310438402074632433326122454         278.311176733591166694393935160429533        0.300000011920928955078125000000000000        -1.00000000000000000000000000000000000         4.50000000000000000000000000000000000         50.0000000000000000000000000000000000        0.776778026348379009481818076468261063        0.776778026348379009481818076468261063        0.776778026348379009481818076468261063        0.776778026348379009481818076468261063        0.776778026348379009481818076468261063         0.00000000000000000000000000000000000        -1.57089869452997141286909801998677299E-0003   364.639108630046855227901565609273768         5703.00152040665642697243430564706817      
  0.740195999691582266577873530475029904         0.00000000000000000000000000000000000         0.00000000000000000000000000000000000         9.99999999999999999999999999999999807E-0002  0.900000000000000000000000000000000019        0.724999999999999999999999999999999981        0.275000000000000000000000000000000019        0.512000024318695068359375000000000000        0.425000011920928955078125000000000000         6.30000010132789611816406250000000000E-0002  0.870056494511586616800702331296776776        0.129943505488413383199297668703223248         0.00000000000000000000000000000000000        0.683022559859958444886526535977552353        0.167811590859605266884724425470909642        0.129098359310438402074632433326122454         278.311176733591166694393935160429533        0.300000011920928955078125000000000000        -1.00000000000000000000000000000000000         4.50000000000000000000000000000000000         50.0000000000000000000000000000000000        0.787033142604411295069025653950521270        0.787033142604411295069025653950521270        0.787033142604411295069025653950521270        0.787033142604411295069025653950521270        0.787033142604411295069025653950521270         0.00000000000000000000000000000000000         1.82414469760404540601413915354122396E-0003   381.309704985042353235349029188704219         5821.05283030614493330275191957310618      
  0.775259748862965145759849187317876307         0.00000000000000000000000000000000000         0.00000000000000000000000000000000000         9.99999999999999999999999999999999807E-0002  0.900000000000000000000000000000000019        0.724999999999999999999999999999999981        0.275000000000000000000000000000000019        0.512000024318695068359375000000000000        0.425000011920928955078125000000000000         6.30000010132789611816406250000000000E-0002  0.870056494511586616800702331296776776        0.129943505488413383199297668703223248         0.00000000000000000000000000000000000        0.683022559859958444886526535977552353        0.167811590859605266884724425470909642        0.129098359310438402074632433326122454         278.311176733591166694393935160429533        0.300000011920928955078125000000000000        -1.00000000000000000000000000000000000         4.50000000000000000000000000000000000         50.0000000000000000000000000000000000        0.797254189982916346744165292563978995        0.797254189982916346744165292563978995        0.797254189982916346744165292563978995        0.797254189982916346744165292563978995        0.797254189982916346744165292563978995         0.00000000000000000000000000000000000        -5.77520367379865591448605777363579396E-0003   398.870721453419561172466510236176743         5942.83097662334281719777189294856258      
  0.811984499318421345788851126412103227         0.00000000000000000000000000000000000         0.00000000000000000000000000000000000         9.99999999999999999999999999999999807E-0002  0.900000000000000000000000000000000019        0.724999999999999999999999999999999981        0.275000000000000000000000000000000019        0.512000024318695068359375000000000000        0.425000011920928955078125000000000000         6.30000010132789611816406250000000000E-0002  0.870056494511586616800702331296776776        0.129943505488413383199297668703223248         0.00000000000000000000000000000000000        0.683022559859958444886526535977552353        0.167811590859605266884724425470909642        0.129098359310438402074632433326122454         278.311176733591166694393935160429533        0.300000011920928955078125000000000000        -1.00000000000000000000000000000000000         4.50000000000000000000000000000000000         50.0000000000000000000000000000000000        0.807649684631123540448439012002745565        0.807649684631123540448439012002745565        0.807649684631123540448439012002745565        0.807649684631123540448439012002745565        0.807649684631123540448439012002745565         0.00000000000000000000000000000000000        -8.43377826034927446869386094704415484E-0003   417.276137734542834589614083075889300         6070.83062819085514955655739084484563      
  0.850448934180289219036975673402549010         0.00000000000000000000000000000000000         0.00000000000000000000000000000000000         9.99999999999999999999999999999999807E-0002  0.900000000000000000000000000000000019        0.724999999999999999999999999999999981        0.275000000000000000000000000000000019        0.512000024318695068359375000000000000        0.425000011920928955078125000000000000         6.30000010132789611816406250000000000E-0002  0.870056494511586616800702331296776776        0.129943505488413383199297668703223248         0.00000000000000000000000000000000000        0.683022559859958444886526535977552353        0.167811590859605266884724425470909642        0.129098359310438402074632433326122454         278.311176733591166694393935160429533        0.300000011920928955078125000000000000        -1.00000000000000000000000000000000000         4.50000000000000000000000000000000000         50.0000000000000000000000000000000000        0.818258330391429556799480088989193517        0.818258330391429556799480088989193517        0.818258330391429556799480088989193517        0.818258330391429556799480088989193517        0.818258330391429556799480088989193517         0.00000000000000000000000000000000000         5.95419805951772263557910825214524765E-0003   436.702178086288083017129183935195654         6202.28065759899857128752666990956993      
  0.890735463861066538871678342365989236         0.00000000000000000000000000000000000         0.00000000000000000000000000000000000         9.99999999999999999999999999999999807E-0002  0.900000000000000000000000000000000019        0.724999999999999999999999999999999981        0.275000000000000000000000000000000019        0.512000024318695068359375000000000000        0.425000011920928955078125000000000000         6.30000010132789611816406250000000000E-0002  0.870056494511586616800702331296776776        0.129943505488413383199297668703223248         0.00000000000000000000000000000000000        0.683022559859958444886526535977552353        0.167811590859605266884724425470909642        0.129098359310438402074632433326122454         278.311176733591166694393935160429533        0.300000011920928955078125000000000000        -1.00000000000000000000000000000000000         4.50000000000000000000000000000000000         50.0000000000000000000000000000000000        0.828775286578580416001624651790568296        0.828775286578580416001624651790568296        0.828775286578580416001624651790568296        0.828775286578580416001624651790568296        0.828775286578580416001624651790568296         0.00000000000000000000000000000000000        -7.69324696457677057267725545891495495E-0003   456.989759054401733560114054247784642         6341.20122076869450871362637730221876      
  0.932930402628492306849122631846463221         0.00000000000000000000000000000000000         0.00000000000000000000000000000000000         9.99999999999999999999999999999999807E-0002  0.900000000000000000000000000000000019        0.724999999999999999999999999999999981        0.275000000000000000000000000000000019        0.512000024318695068359375000000000000        0.425000011920928955078125000000000000         6.30000010132789611816406250000000000E-0002  0.870056494511586616800702331296776776        0.129943505488413383199297668703223248         0.00000000000000000000000000000000000        0.683022559859958444886526535977552353        0.167811590859605266884724425470909642        0.129098359310438402074632433326122454         278.311176733591166694393935160429533        0.300000011920928955078125000000000000        -1.00000000000000000000000000000000000         4.50000000000000000000000000000000000         50.0000000000000000000000000000000000        0.839414192033883532441689390357403127        0.839414192033883532441689390357403127        0.839414192033883532441689390357403127        0.839414192033883532441689390357403127        0.839414192033883532441689390357403127         0.00000000000000000000000000000000000        -1.45241284443025836688203243195895189E-0002   478.376453547926165113285770020580275         6483.46729275906941220912178142001927      
  0.977124153534675033397991232687960264         0.00000000000000000000000000000000000         0.00000000000000000000000000000000000         9.99999999999999999999999999999999807E-0002  0.900000000000000000000000000000000019        0.724999999999999999999999999999999981        0.275000000000000000000000000000000019        0.512000024318695068359375000000000000        0.425000011920928955078125000000000000         6.30000010132789611816406250000000000E-0002  0.870056494511586616800702331296776776        0.129943505488413383199297668703223248         0.00000000000000000000000000000000000        0.683022559859958444886526535977552353        0.167811590859605266884724425470909642        0.129098359310438402074632433326122454         278.311176733591166694393935160429533        0.300000011920928955078125000000000000        -1.00000000000000000000000000000000000         4.50000000000000000000000000000000000         50.0000000000000000000000000000000000        0.850228437179815422863671780961057173        0.850228437179815422863671780961057173        0.850228437179815422863671780961057173        0.850228437179815422863671780961057173        0.850228437179815422863671780961057173         0.00000000000000000000000000000000000        -8.01267829935145243338060449413088827E-0003   500.894551758681742389706166443554640         6629.85616087687646873461149216864436      
   1.02341140210547988401757228923722065         0.00000000000000000000000000000000000         0.00000000000000000000000000000000000         9.99999999999999999999999999999999807E-0002  0.900000000000000000000000000000000019        0.724999999999999999999999999999999981        0.275000000000000000000000000000000019        0.512000024318695068359375000000000000        0.425000011920928955078125000000000000         6.30000010132789611816406250000000000E-0002  0.870056494511586616800702331296776776        0.129943505488413383199297668703223248         0.00000000000000000000000000000000000        0.683022559859958444886526535977552353        0.167811590859605266884724425470909642        0.129098359310438402074632433326122454         278.311176733591166694393935160429533        0.300000011920928955078125000000000000        -1.00000000000000000000000000000000000         4.50000000000000000000000000000000000         50.0000000000000000000000000000000000        0.861034251137317889221974321264215802        0.861034251137317889221974321264215802        0.861034251137317889221974321264215802        0.861034251137317889221974321264215802        0.861034251137317889221974321264215802         0.00000000000000000000000000000000000         2.13139528548347046415763526966384254E-0003   524.651029872020886142272830240481048         6780.29794961007895471991170583513602      
   1.07189131920515601980676290596541418         0.00000000000000000000000000000000000         0.00000000000000000000000000000000000         9.99999999999999999999999999999999807E-0002  0.900000000000000000000000000000000019        0.724999999999999999999999999999999981        0.275000000000000000000000000000000019        0.512000024318695068359375000000000000        0.425000011920928955078125000000000000         6.30000010132789611816406250000000000E-0002  0.870056494511586616800702331296776776        0.129943505488413383199297668703223248         0.00000000000000000000000000000000000        0.683022559859958444886526535977552353        0.167811590859605266884724425470909642        0.129098359310438402074632433326122454         278.311176733591166694393935160429533        0.300000011920928955078125000000000000        -1.00000000000000000000000000000000000         4.50000000000000000000000000000000000         50.0000000000000000000000000000000000        0.871833153917764297913368857287661877        0.871833153917764297913368857287661877        0.871833153917764297913368857287661877        0.871833153917764297913368857287661877        0.871833153917764297913368857287661877         0.00000000000000000000000000000000000         2.21996953716386836780073534821605045E-0003   549.695981123837735466099366622012735         6934.05015962321218855910446422835408      
   1.12266777351084349932308213365971722         0.00000000000000000000000000000000000         0.00000000000000000000000000000000000         9.99999999999999999999999999999999807E-0002  0.900000000000000000000000000000000019        0.724999999999999999999999999999999981        0.275000000000000000000000000000000019        0.512000024318695068359375000000000000        0.425000011920928955078125000000000000         6.30000010132789611816406250000000000E-0002  0.870056494511586616800702331296776776        0.129943505488413383199297668703223248         0.00000000000000000000000000000000000        0.683022559859958444886526535977552353        0.167811590859605266884724425470909642        0.129098359310438402074632433326122454         278.311176733591166694393935160429533        0.300000011920928955078125000000000000        -1.00000000000000000000000000000000000         4.50000000000000000000000000000000000         50.0000000000000000000000000000000000        0.882610087638430015975592210632053207        0.882610087638430015975592210632053207        0.882610087638430015975592210632053207        0.882610087638430015975592210632053207        0.882610087638430015975592210632053207         0.00000000000000000000000000000000000        -1.14427293570143895992639183699113770E-0002   576.081419633653758453792626894674673         7091.10699729512237185395026506746246      
   1.17584955405218836587405952039268318         0.00000000000000000000000000000000000         0.00000000000000000000000000000000000         9.99999999999999999999999999999999807E-0002  0.900000000000000000000000000000000019        0.724999999999999999999999999999999981        0.275000000000000000000000000000000019        0.512000024318695068359375000000000000        0.425000011920928955078125000000000000         6.30000010132789611816406250000000000E-0002  0.870056494511586616800702331296776776        0.129943505488413383199297668703223248         0.00000000000000000000000000000000000        0.683022559859958444886526535977552353        0.167811590859605266884724425470909642        0.129098359310438402074632433326122454         278.311176733591166694393935160429533        0.300000011920928955078125000000000000        -1.00000000000000000000000000000000000         4.50000000000000000000000000000000000         50.0000000000000000000000000000000000        0.893702737102342583419996109143024006        0.893702737102342583419996109143024006        0.893702737102342583419996109143024006        0.893702737102342583419996109143024006        0.893702737102342583419996109143024006         0.00000000000000000000000000000000000         2.02186617485420299450726944385342790E-0003   603.895256047225514052650908408332304         7251.53628064549054807324123769435930      
   1.23155060329285913304393922610526752         0.00000000000000000000000000000000000         0.00000000000000000000000000000000000         9.99999999999999999999999999999999807E-0002  0.900000000000000000000000000000000019        0.724999999999999999999999999999999981        0.275000000000000000000000000000000019        0.512000024318695068359375000000000000        0.425000011920928955078125000000000000         6.30000010132789611816406250000000000E-0002  0.870056494511586616800702331296776776        0.129943505488413383199297668703223248         0.00000000000000000000000000000000000        0.683022559859958444886526535977552353        0.167811590859605266884724425470909642        0.129098359310438402074632433326122454         278.311176733591166694393935160429533        0.300000011920928955078125000000000000        -1.00000000000000000000000000000000000         4.50000000000000000000000000000000000         50.0000000000000000000000000000000000        0.904918748116705966322259012308587876        0.904918748116705966322259012308587876        0.904918748116705966322259012308587876        0.904918748116705966322259012308587876        0.904918748116705966322259012308587876         0.00000000000000000000000000000000000         1.82328259237948160375607346542076739E-0002   633.260170014629929116319100888707721         7415.59479115143427658467764422144636      
   1.28989026125334400389008600428654072         0.00000000000000000000000000000000000         0.00000000000000000000000000000000000         9.99999999999999999999999999999999807E-0002  0.900000000000000000000000000000000019        0.724999999999999999999999999999999981        0.275000000000000000000000000000000019        0.512000024318695068359375000000000000        0.425000011920928955078125000000000000         6.30000010132789611816406250000000000E-0002  0.870056494511586616800702331296776776        0.129943505488413383199297668703223248         0.00000000000000000000000000000000000        0.683022559859958444886526535977552353        0.167811590859605266884724425470909642        0.129098359310438402074632433326122454         278.311176733591166694393935160429533        0.300000011920928955078125000000000000        -1.00000000000000000000000000000000000         4.50000000000000000000000000000000000         50.0000000000000000000000000000000000        0.916108238114665576682037167992145880        0.916108238114665576682037167992145880        0.916108238114665576682037167992145880        0.916108238114665576682037167992145880        0.916108238114665576682037167992145880         0.00000000000000000000000000000000000         1.60413519641406039700294543305181879E-0002   664.112756505408845399536245529987062         7582.49957191073555165687299837575287      
   1.35099352119806420678539952158028216         0.00000000000000000000000000000000000         0.00000000000000000000000000000000000         9.99999999999999999999999999999999807E-0002  0.900000000000000000000000000000000019        0.724999999999999999999999999999999981        0.275000000000000000000000000000000019        0.512000024318695068359375000000000000        0.425000011920928955078125000000000000         6.30000010132789611816406250000000000E-0002  0.870056494511586616800702331296776776        0.129943505488413383199297668703223248         0.00000000000000000000000000000000000        0.683022559859958444886526535977552353        0.167811590859605266884724425470909642        0.129098359310438402074632433326122454         278.311176733591166694393935160429533        0.300000011920928955078125000000000000        -1.00000000000000000000000000000000000         4.50000000000000000000000000000000000         50.0000000000000000000000000000000000        0.927315410057917283716589085812059405        0.927315410057917283716589085812059405        0.927315410057917283716589085812059405        0.927315410057917283716589085812059405        0.927315410057917283716589085812059405         0.00000000000000000000000000000000000         1.13828814644217964406574195840462973E-0002   696.649474642095725943630958287931780         7751.51322977904213453334740272847744      
   1.41499129743461548663919584700832116         0.00000000000000000000000000000000000         0.00000000000000000000000000000000000         9.99999999999999999999999999999999807E-0002  0.900000000000000000000000000000000019        0.724999999999999999999999999999999981        0.275000000000000000000000000000000019        0.512000024318695068359375000000000000        0.425000011920928955078125000000000000         6.30000010132789611816406250000000000E-0002  0.870056494511586616800702331296776776        0.129943505488413383199297668703223248         0.00000000000000000000000000000000000        0.683022559859958444886526535977552353        0.167811590859605266884724425470909642        0.129098359310438402074632433326122454         278.311176733591166694393935160429533        0.300000011920928955078125000000000000        -1.00000000000000000000000000000000000         4.50000000000000000000000000000000000         50.0000000000000000000000000000000000        0.938997114836743825308756802785870817        0.938997114836743825308756802785870817        0.938997114836743825308756802785870817        0.938997114836743825308756802785870817        0.938997114836743825308756802785870817         0.00000000000000000000000000000000000         4.77789576044949829751399353322178280E-0002   731.224726287520153540484693864785387         7924.90429723585324599087239859791300      
   1.48202070579890013841676841137265918         0.00000000000000000000000000000000000         0.00000000000000000000000000000000000         9.99999999999999999999999999999999807E-0002  0.900000000000000000000000000000000019        0.724999999999999999999999999999999981        0.275000000000000000000000000000000019        0.512000024318695068359375000000000000        0.425000011920928955078125000000000000         6.30000010132789611816406250000000000E-0002  0.870056494511586616800702331296776776        0.129943505488413383199297668703223248         0.00000000000000000000000000000000000        0.683022559859958444886526535977552353        0.167811590859605266884724425470909642        0.129098359310438402074632433326122454         278.311176733591166694393935160429533        0.300000011920928955078125000000000000        -1.00000000000000000000000000000000000         4.50000000000000000000000000000000000         50.0000000000000000000000000000000000        0.950344951714092619749512516588912211        0.950344951714092619749512516588912211        0.950344951714092619749512516588912211        0.950344951714092619749512516588912211        0.950344951714092619749512516588912211         0.00000000000000000000000000000000000         3.17388324182657543699832511038764652E-0002   767.262559198760147296461338382091832         8099.66631871669271269325244071105209      
   1.55222535742709160936160846888458776         0.00000000000000000000000000000000000         0.00000000000000000000000000000000000         9.99999999999999999999999999999999807E-0002  0.900000000000000000000000000000000019        0.724999999999999999999999999999999981        0.275000000000000000000000000000000019        0.512000024318695068359375000000000000        0.425000011920928955078125000000000000         6.30000010132789611816406250000000000E-0002  0.870056494511586616800702331296776776        0.129943505488413383199297668703223248         0.00000000000000000000000000000000000        0.683022559859958444886526535977552353        0.167811590859605266884724425470909642        0.129098359310438402074632433326122454         278.311176733591166694393935160429533        0.300000011920928955078125000000000000        -1.00000000000000000000000000000000000         4.50000000000000000000000000000000000         50.0000000000000000000000000000000000        0.961716626567398517863945152747841275        0.961716626567398517863945152747841275        0.961716626567398517863945152747841275        0.961716626567398517863945152747841275        0.961716626567398517863945152747841275         0.00000000000000000000000000000000000         7.74138963642949791608172283652833665E-0003   805.211800916622512186997655997181004         8276.16910314157580957557400575829083      
   1.62575566644384085973659301860212051         0.00000000000000000000000000000000000         0.00000000000000000000000000000000000         9.99999999999999999999999999999999807E-0002  0.900000000000000000000000000000000019        0.724999999999999999999999999999999981        0.275000000000000000000000000000000019        0.512000024318695068359375000000000000        0.425000011920928955078125000000000000         6.30000010132789611816406250000000000E-0002  0.870056494511586616800702331296776776        0.129943505488413383199297668703223248         0.00000000000000000000000000000000000        0.683022559859958444886526535977552353        0.167811590859605266884724425470909642        0.129098359310438402074632433326122454         278.311176733591166694393935160429533        0.300000011920928955078125000000000000        -1.00000000000000000000000000000000000         4.50000000000000000000000000000000000         50.0000000000000000000000000000000000        0.973372156603039106184704087746777846        0.973372156603039106184704087746777846        0.973372156603039106184704087746777846        0.973372156603039106184704087746777846        0.973372156603039106184704087746777846         0.00000000000000000000000000000000000         9.77969326491663246149237518905250955E-0003   845.433852444344356823670028933260846         8455.39739417707445057370263965956795      
   1.70276917222594935040597643772334275         0.00000000000000000000000000000000000         0.00000000000000000000000000000000000         9.99999999999999999999999999999999807E-0002  0.900000000000000000000000000000000019        0.724999999999999999999999999999999981        0.275000000000000000000000000000000019        0.512000024318695068359375000000000000        0.425000011920928955078125000000000000         6.30000010132789611816406250000000000E-0002  0.870056494511586616800702331296776776        0.129943505488413383199297668703223248         0.00000000000000000000000000000000000        0.683022559859958444886526535977552353        0.167811590859605266884724425470909642        0.129098359310438402074632433326122454         278.311176733591166694393935160429533        0.300000011920928955078125000000000000        -1.00000000000000000000000000000000000         4.50000000000000000000000000000000000         50.0000000000000000000000000000000000        0.985087197484242666517670606880629010        0.985087197484242666517670606880629010        0.985087197484242666517670606880629010        0.985087197484242666517670606880629010        0.985087197484242666517670606880629010         0.00000000000000000000000000000000000         1.96774312870345266141939247504782580E-0003   887.791655293162448553570839484765594         8637.70141199184917014089378471370272      
   1.78343087693196159954962751479630605         0.00000000000000000000000000000000000         0.00000000000000000000000000000000000         9.99999999999999999999999999999999807E-0002  0.900000000000000000000000000000000019        0.724999999999999999999999999999999981        0.275000000000000000000000000000000019        0.512000024318695068359375000000000000        0.425000011920928955078125000000000000         6.30000010132789611816406250000000000E-0002  0.870056494511586616800702331296776776        0.129943505488413383199297668703223248         0.00000000000000000000000000000000000        0.683022559859958444886526535977552353        0.167811590859605266884724425470909642        0.129098359310438402074632433326122454         278.311176733591166694393935160429533        0.300000011920928955078125000000000000        -1.00000000000000000000000000000000000         4.50000000000000000000000000000000000         50.0000000000000000000000000000000000        0.997059306771563637672854663957261086        0.997059306771563637672854663957261086        0.997059306771563637672854663957261086        0.997059306771563637672854663957261086        0.997059306771563637672854663957261086         0.00000000000000000000000000000000000         1.82731272680465742737641533769484418E-0002   932.627677509748413553604316561640008         8820.80054728079351383160698100398323      
   1.86791359902083762667604333648365787         0.00000000000000000000000000000000000         0.00000000000000000000000000000000000         9.99999999999999999999999999999999807E-0002  0.900000000000000000000000000000000019        0.724999999999999999999999999999999981        0.275000000000000000000000000000000019        0.512000024318695068359375000000000000        0.425000011920928955078125000000000000         6.30000010132789611816406250000000000E-0002  0.870056494511586616800702331296776776        0.129943505488413383199297668703223248         0.00000000000000000000000000000000000        0.683022559859958444886526535977552353        0.167811590859605266884724425470909642        0.129098359310438402074632433326122454         278.311176733591166694393935160429533        0.300000011920928955078125000000000000        -1.00000000000000000000000000000000000         4.50000000000000000000000000000000000         50.0000000000000000000000000000000000         1.00885109115527183745838067352074355         1.00885109115527183745838067352074355         1.00885109115527183745838067352074355         1.00885109115527183745838067352074355         1.00885109115527183745838067352074355         0.00000000000000000000000000000000000         1.87871675265730573117975138349643292E-0003   979.758339886734784986407654677338533         9007.18367387944707638367751663609896      
   1.95639834351712235574086149449056598         0.00000000000000000000000000000000000         0.00000000000000000000000000000000000         9.99999999999999999999999999999999807E-0002  0.900000000000000000000000000000000019        0.724999999999999999999999999999999981        0.275000000000000000000000000000000019        0.512000024318695068359375000000000000        0.425000011920928955078125000000000000         6.30000010132789611816406250000000000E-0002  0.870056494511586616800702331296776776        0.129943505488413383199297668703223248         0.00000000000000000000000000000000000        0.683022559859958444886526535977552353        0.167811590859605266884724425470909642        0.129098359310438402074632433326122454         278.311176733591166694393935160429533        0.300000011920928955078125000000000000        -1.00000000000000000000000000000000000         4.50000000000000000000000000000000000         50.0000000000000000000000000000000000         1.02089843143792402427005413573229926         1.02089843143792402427005413573229926         1.02089843143792402427005413573229926         1.02089843143792402427005413573229926         1.02089843143792402427005413573229926         0.00000000000000000000000000000000000         1.00168735095620067949978554073036302E-0003   1029.56334951652083477102798163010012         9194.94690549780502436182959503268275      
   2.04907468981590857599889354382844297         0.00000000000000000000000000000000000         0.00000000000000000000000000000000000         9.99999999999999999999999999999999807E-0002  0.900000000000000000000000000000000019        0.724999999999999999999999999999999981        0.275000000000000000000000000000000019        0.512000024318695068359375000000000000        0.425000011920928955078125000000000000         6.30000010132789611816406250000000000E-0002  0.870056494511586616800702331296776776        0.129943505488413383199297668703223248         0.00000000000000000000000000000000000        0.683022559859958444886526535977552353        0.167811590859605266884724425470909642        0.129098359310438402074632433326122454         278.311176733591166694393935160429533        0.300000011920928955078125000000000000        -1.00000000000000000000000000000000000         4.50000000000000000000000000000000000         50.0000000000000000000000000000000000         1.03309786503070582568841046956790820         1.03309786503070582568841046956790820         1.03309786503070582568841046956790820         1.03309786503070582568841046956790820         1.03309786503070582568841046956790820         0.00000000000000000000000000000000000         2.43747786142921101538462816126608917E-0003   1082.12651428993437994913529777824380         9384.19099619229044552451772789903694      
   2.14614119785846923144288932206752821         0.00000000000000000000000000000000000         0.00000000000000000000000000000000000         9.99999999999999999999999999999999807E-0002  0.900000000000000000000000000000000019        0.724999999999999999999999999999999981        0.275000000000000000000000000000000019        0.512000024318695068359375000000000000        0.425000011920928955078125000000000000         6.30000010132789611816406250000000000E-0002  0.870056494511586616800702331296776776        0.129943505488413383199297668703223248         0.00000000000000000000000000000000000        0.683022559859958444886526535977552353        0.167811590859605266884724425470909642        0.129098359310438402074632433326122454         278.311176733591166694393935160429533        0.300000011920928955078125000000000000        -1.00000000000000000000000000000000000         4.50000000000000000000000000000000000         50.0000000000000000000000000000000000         1.04554092417191158273687526060716354         1.04554092417191158273687526060716354         1.04554092417191158273687526060716354         1.04554092417191158273687526060716354         1.04554092417191158273687526060716354         0.00000000000000000000000000000000000         2.56604281974730657454662756526256697E-0002   1137.80371300964632741701652059690223         9573.73363731737235490378072386682451      
   2.24780583354879414104030832593962274         0.00000000000000000000000000000000000         0.00000000000000000000000000000000000         9.99999999999999999999999999999999807E-0002  0.900000000000000000000000000000000019        0.724999999999999999999999999999999981        0.275000000000000000000000000000000019        0.512000024318695068359375000000000000        0.425000011920928955078125000000000000         6.30000010132789611816406250000000000E-0002  0.870056494511586616800702331296776776        0.129943505488413383199297668703223248         0.00000000000000000000000000000000000        0.683022559859958444886526535977552353        0.167811590859605266884724425470909642        0.129098359310438402074632433326122454         278.311176733591166694393935160429533        0.300000011920928955078125000000000000        -1.00000000000000000000000000000000000         4.50000000000000000000000000000000000         50.0000000000000000000000000000000000         1.05779185973832309297212715197310021         1.05779185973832309297212715197310021         1.05779185973832309297212715197310021         1.05779185973832309297212715197310021         1.05779185973832309297212715197310021         0.00000000000000000000000000000000000         1.43936196495743886817952385794134257E-0002   1196.34691587407383207019603263340390         9766.16729314184149160652339865436150      
   2.35428641432249007020695607335824657         0.00000000000000000000000000000000000         0.00000000000000000000000000000000000         9.99999999999999999999999999999999807E-0002  0.900000000000000000000000000000000019        0.724999999999999999999999999999999981        0.275000000000000000000000000000000019        0.512000024318695068359375000000000000        0.425000011920928955078125000000000000         6.30000010132789611816406250000000000E-0002  0.870056494511586616800702331296776776        0.129943505488413383199297668703223248         0.00000000000000000000000000000000000        0.683022559859958444886526535977552353        0.167811590859605266884724425470909642        0.129098359310438402074632433326122454         278.311176733591166694393935160429533        0.300000011920928955078125000000000000        -1.00000000000000000000000000000000000         4.50000000000000000000000000000000000         50.0000000000000000000000000000000000         1.07013434221232950719454506372824181         1.07013434221232950719454506372824181         1.07013434221232950719454506372824181         1.07013434221232950719454506372824181         1.07013434221232950719454506372824181         0.00000000000000000000000000000000000         2.33559750076916400868508783422861046E-0003   1258.18627283160525680052297621585606         9959.69323202157966189150800964969898      
   2.46581107582267970147068279155487439         0.00000000000000000000000000000000000         0.00000000000000000000000000000000000         9.99999999999999999999999999999999807E-0002  0.900000000000000000000000000000000019        0.724999999999999999999999999999999981        0.275000000000000000000000000000000019        0.512000024318695068359375000000000000        0.425000011920928955078125000000000000         6.30000010132789611816406250000000000E-0002  0.870056494511586616800702331296776776        0.129943505488413383199297668703223248         0.00000000000000000000000000000000000        0.683022559859958444886526535977552353        0.167811590859605266884724425470909642        0.129098359310438402074632433326122454         278.311176733591166694393935160429533        0.300000011920928955078125000000000000        -1.00000000000000000000000000000000000         4.50000000000000000000000000000000000         50.0000000000000000000000000000000000         1.08267728673863654857674085086496376         1.08267728673863654857674085086496376         1.08267728673863654857674085086496376         1.08267728673863654857674085086496376         1.08267728673863654857674085086496376         0.00000000000000000000000000000000000         5.44075343961264776518976037508462012E-0003   1323.64098572447464991273547820929885         10153.4472453014777307925678336981765      
   2.58261876068275699540889612963339913         0.00000000000000000000000000000000000         0.00000000000000000000000000000000000         9.99999999999999999999999999999999807E-0002  0.900000000000000000000000000000000019        0.724999999999999999999999999999999981        0.275000000000000000000000000000000019        0.512000024318695068359375000000000000        0.425000011920928955078125000000000000         6.30000010132789611816406250000000000E-0002  0.870056494511586616800702331296776776        0.129943505488413383199297668703223248         0.00000000000000000000000000000000000        0.683022559859958444886526535977552353        0.167811590859605266884724425470909642        0.129098359310438402074632433326122454         278.311176733591166694393935160429533        0.300000011920928955078125000000000000        -1.00000000000000000000000000000000000         4.50000000000000000000000000000000000         50.0000000000000000000000000000000000         1.09529930878576258855518678146011351         1.09529930878576258855518678146011351         1.09529930878576258855518678146011351         1.09529930878576258855518678146011351         1.09529930878576258855518678146011351         0.00000000000000000000000000000000000         1.63652178729317839193105473825999390E-0003   1392.74778385134879427632604653859906         10348.3021598159594685624365235942853      
   2.70495973046322058012775948376762777         0.00000000000000000000000000000000000         0.00000000000000000000000000000000000         9.99999999999999999999999999999999807E-0002  0.900000000000000000000000000000000019        0.724999999999999999999999999999999981        0.275000000000000000000000000000000019        0.512000024318695068359375000000000000        0.425000011920928955078125000000000000         6.30000010132789611816406250000000000E-0002  0.870056494511586616800702331296776776        0.129943505488413383199297668703223248         0.00000000000000000000000000000000000        0.683022559859958444886526535977552353        0.167811590859605266884724425470909642        0.129098359310438402074632433326122454         278.311176733591166694393935160429533        0.300000011920928955078125000000000000        -1.00000000000000000000000000000000000         4.50000000000000000000000000000000000         50.0000000000000000000000000000000000         1.10822646859332470816322957885718269         1.10822646859332470816322957885718269         1.10822646859332470816322957885718269         1.10822646859332470816322957885718269         1.10822646859332470816322957885718269         0.00000000000000000000000000000000000         2.00636224505817174828052530573795361E-0002   1465.97135085658628133994062124383722         10542.6759261735991556409710572033076      
   2.83309610183941463691826271807341983         0.00000000000000000000000000000000000         0.00000000000000000000000000000000000         9.99999999999999999999999999999999807E-0002  0.900000000000000000000000000000000019        0.724999999999999999999999999999999981        0.275000000000000000000000000000000019        0.512000024318695068359375000000000000        0.425000011920928955078125000000000000         6.30000010132789611816406250000000000E-0002  0.870056494511586616800702331296776776        0.129943505488413383199297668703223248         0.00000000000000000000000000000000000        0.683022559859958444886526535977552353        0.167811590859605266884724425470909642        0.129098359310438402074632433326122454         278.311176733591166694393935160429533        0.300000011920928955078125000000000000        -1.00000000000000000000000000000000000         4.50000000000000000000000000000000000         50.0000000000000000000000000000000000         1.12085234904912167301703401139450149         1.12085234904912167301703401139450149         1.12085234904912167301703401139450149         1.12085234904912167301703401139450149         1.12085234904912167301703401139450149         0.00000000000000000000000000000000000         0.00000000000000000000000000000000000         1541.53521000629105573847851879680971         10735.5710157571141831492457818759243      
   2.96730240818896454651461614421851563         0.00000000000000000000000000000000000         0.00000000000000000000000000000000000         9.99999999999999999999999999999999807E-0002  0.900000000000000000000000000000000019        0.724999999999999999999999999999999981        0.275000000000000000000000000000000019        0.512000024318695068359375000000000000        0.425000011920928955078125000000000000         6.30000010132789611816406250000000000E-0002  0.870056494511586616800702331296776776        0.129943505488413383199297668703223248         0.00000000000000000000000000000000000        0.683022559859958444886526535977552353        0.167811590859605266884724425470909642        0.129098359310438402074632433326122454         278.311176733591166694393935160429533        0.300000011920928955078125000000000000        -1.00000000000000000000000000000000000         4.50000000000000000000000000000000000         50.0000000000000000000000000000000000         1.13402513694875487778309976092952152         1.13402513694875487778309976092952152         1.13402513694875487778309976092952152         1.13402513694875487778309976092952152         1.13402513694875487778309976092952152         0.00000000000000000000000000000000000         1.97741907940605578952126711476007637E-0002   1624.94362910006976598781551769826656         10933.8968264542608997098524630155012      
   3.10786618778211364466063213094136699         0.00000000000000000000000000000000000         0.00000000000000000000000000000000000         9.99999999999999999999999999999999807E-0002  0.900000000000000000000000000000000019        0.724999999999999999999999999999999981        0.275000000000000000000000000000000019        0.512000024318695068359375000000000000        0.425000011920928955078125000000000000         6.30000010132789611816406250000000000E-0002  0.870056494511586616800702331296776776        0.129943505488413383199297668703223248         0.00000000000000000000000000000000000        0.683022559859958444886526535977552353        0.167811590859605266884724425470909642        0.129098359310438402074632433326122454         278.311176733591166694393935160429533        0.300000011920928955078125000000000000        -1.00000000000000000000000000000000000         4.50000000000000000000000000000000000         50.0000000000000000000000000000000000         1.14696191864850534970630868633115275         1.14696191864850534970630868633115275         1.14696191864850534970630868633115275         1.14696191864850534970630868633115275         1.14696191864850534970630868633115275         0.00000000000000000000000000000000000         9.27449518416865952720308489724558936E-0003   1711.26710601067804331196068260792617         11130.4072652278368587556451455635352      
   3.25508859983516440085845691551799553         0.00000000000000000000000000000000000         0.00000000000000000000000000000000000         9.99999999999999999999999999999999807E-0002  0.900000000000000000000000000000000019        0.724999999999999999999999999999999981        0.275000000000000000000000000000000019        0.512000024318695068359375000000000000        0.425000011920928955078125000000000000         6.30000010132789611816406250000000000E-0002  0.870056494511586616800702331296776776        0.129943505488413383199297668703223248         0.00000000000000000000000000000000000        0.683022559859958444886526535977552353        0.167811590859605266884724425470909642        0.129098359310438402074632433326122454         278.311176733591166694393935160429533        0.300000011920928955078125000000000000        -1.00000000000000000000000000000000000         4.50000000000000000000000000000000000         50.0000000000000000000000000000000000         1.16021283959009225792094350604292116         1.16021283959009225792094350604292116         1.16021283959009225792094350604292116         1.16021283959009225792094350604292116         1.16021283959009225792094350604292116         0.00000000000000000000000000000000000         1.86047112545731887143960595798142476E-0002   1802.81890125534655707568407334382656         11325.5441147780651433467931636260298      
   3.40928506974692429676371810701270237         0.00000000000000000000000000000000000         0.00000000000000000000000000000000000         9.99999999999999999999999999999999807E-0002  0.900000000000000000000000000000000019        0.724999999999999999999999999999999981        0.275000000000000000000000000000000019        0.512000024318695068359375000000000000        0.425000011920928955078125000000000000         6.30000010132789611816406250000000000E-0002  0.870056494511586616800702331296776776        0.129943505488413383199297668703223248         0.00000000000000000000000000000000000        0.683022559859958444886526535977552353        0.167811590859605266884724425470909642        0.129098359310438402074632433326122454         278.311176733591166694393935160429533        0.300000011920928955078125000000000000        -1.00000000000000000000000000000000000         4.50000000000000000000000000000000000         50.0000000000000000000000000000000000         1.17366308704527365274074023120942414         1.17366308704527365274074023120942414         1.17366308704527365274074023120942414         1.17366308704527365274074023120942414         1.17366308704527365274074023120942414         0.00000000000000000000000000000000000         3.93943810242273589691175603195740863E-0002   1899.93257637998577156943590276419933         11519.2957651455257440834436238652159      
   3.57078596490058154200418219794212579         0.00000000000000000000000000000000000         0.00000000000000000000000000000000000         9.99999999999999999999999999999999807E-0002  0.900000000000000000000000000000000019        0.724999999999999999999999999999999981        0.275000000000000000000000000000000019        0.512000024318695068359375000000000000        0.425000011920928955078125000000000000         6.30000010132789611816406250000000000E-0002  0.870056494511586616800702331296776776        0.129943505488413383199297668703223248         0.00000000000000000000000000000000000        0.683022559859958444886526535977552353        0.167811590859605266884724425470909642        0.129098359310438402074632433326122454         278.311176733591166694393935160429533        0.300000011920928955078125000000000000        -1.00000000000000000000000000000000000         4.50000000000000000000000000000000000         50.0000000000000000000000000000000000         1.18638825612968374753077018145128771         1.18638825612968374753077018145128771         1.18638825612968374753077018145128771         1.18638825612968374753077018145128771         1.18638825612968374753077018145128771         0.00000000000000000000000000000000000        -1.56746993846445751012464985554264923E-0002   2001.88590073835163699377790527939375         11716.7186486119720123512298649109863      
   3.73993730247892248533723346676967991         0.00000000000000000000000000000000000         0.00000000000000000000000000000000000         9.99999999999999999999999999999999807E-0002  0.900000000000000000000000000000000019        0.724999999999999999999999999999999981        0.275000000000000000000000000000000019        0.512000024318695068359375000000000000        0.425000011920928955078125000000000000         6.30000010132789611816406250000000000E-0002  0.870056494511586616800702331296776776        0.129943505488413383199297668703223248         0.00000000000000000000000000000000000        0.683022559859958444886526535977552353        0.167811590859605266884724425470909642        0.129098359310438402074632433326122454         278.311176733591166694393935160429533        0.300000011920928955078125000000000000        -1.00000000000000000000000000000000000         4.50000000000000000000000000000000000         50.0000000000000000000000000000000000         1.19980950602351280681658295460144384         1.19980950602351280681658295460144384         1.19980950602351280681658295460144384         1.19980950602351280681658295460144384         1.19980950602351280681658295460144384         0.00000000000000000000000000000000000        -1.59908115280540600323729139448920388E-0002   2110.37011322510634012271738735211783         11910.8677802516390194112447889761162      
   3.91710149080939146393706924636129076         0.00000000000000000000000000000000000         0.00000000000000000000000000000000000         9.99999999999999999999999999999999807E-0002  0.900000000000000000000000000000000019        0.724999999999999999999999999999999981        0.275000000000000000000000000000000019        0.512000024318695068359375000000000000        0.425000011920928955078125000000000000         6.30000010132789611816406250000000000E-0002  0.870056494511586616800702331296776776        0.129943505488413383199297668703223248         0.00000000000000000000000000000000000        0.683022559859958444886526535977552353        0.167811590859605266884724425470909642        0.129098359310438402074632433326122454         278.311176733591166694393935160429533        0.300000011920928955078125000000000000        -1.00000000000000000000000000000000000         4.50000000000000000000000000000000000         50.0000000000000000000000000000000000         1.21341434006016942713182975476616913         1.21341434006016942713182975476616913         1.21341434006016942713182975476616913         1.21341434006016942713182975476616913         1.21341434006016942713182975476616913         0.00000000000000000000000000000000000        -1.01318640870433730516035299140116983E-0002   2225.25687147427736239717363068099397         12104.1317201782390495881257296677560      
   4.10265810582733183554468384630866708         0.00000000000000000000000000000000000         0.00000000000000000000000000000000000         9.99999999999999999999999999999999807E-0002  0.900000000000000000000000000000000019        0.724999999999999999999999999999999981        0.275000000000000000000000000000000019        0.512000024318695068359375000000000000        0.425000011920928955078125000000000000         6.30000010132789611816406250000000000E-0002  0.870056494511586616800702331296776776        0.129943505488413383199297668703223248         0.00000000000000000000000000000000000        0.683022559859958444886526535977552353        0.167811590859605266884724425470909642        0.129098359310438402074632433326122454         278.311176733591166694393935160429533        0.300000011920928955078125000000000000        -1.00000000000000000000000000000000000         4.50000000000000000000000000000000000         50.0000000000000000000000000000000000         1.22685256870555311457162385974120581         1.22685256870555311457162385974120581         1.22685256870555311457162385974120581         1.22685256870555311457162385974120581         1.22685256870555311457162385974120581         0.00000000000000000000000000000000000        -1.74380116227801334884644699496233520E-0002   2347.10017587658758840111388896649268         12294.0662687011619911526831601674535      
   4.29700470432098797081550436783669861         0.00000000000000000000000000000000000         0.00000000000000000000000000000000000         9.99999999999999999999999999999999807E-0002  0.900000000000000000000000000000000019        0.724999999999999999999999999999999981        0.275000000000000000000000000000000019        0.512000024318695068359375000000000000        0.425000011920928955078125000000000000         6.30000010132789611816406250000000000E-0002  0.870056494511586616800702331296776776        0.129943505488413383199297668703223248         0.00000000000000000000000000000000000        0.683022559859958444886526535977552353        0.167811590859605266884724425470909642        0.129098359310438402074632433326122454         278.311176733591166694393935160429533        0.300000011920928955078125000000000000        -1.00000000000000000000000000000000000         4.50000000000000000000000000000000000         50.0000000000000000000000000000000000         1.24051760202726175937046730309184759         1.24051760202726175937046730309184759         1.24051760202726175937046730309184759         1.24051760202726175937046730309184759         1.24051760202726175937046730309184759         0.00000000000000000000000000000000000        -1.68388992011051632286534294192244316E-0002   2476.24252862324796958155034967357476         12478.3281682537002806232325439398823      
   4.50055767570065325107907567564988206         0.00000000000000000000000000000000000         0.00000000000000000000000000000000000         9.99999999999999999999999999999999807E-0002  0.900000000000000000000000000000000019        0.724999999999999999999999999999999981        0.275000000000000000000000000000000019        0.512000024318695068359375000000000000        0.425000011920928955078125000000000000         6.30000010132789611816406250000000000E-0002  0.870056494511586616800702331296776776        0.129943505488413383199297668703223248         0.00000000000000000000000000000000000        0.683022559859958444886526535977552353        0.167811590859605266884724425470909642        0.129098359310438402074632433326122454         278.311176733591166694393935160429533        0.300000011920928955078125000000000000        -1.00000000000000000000000000000000000         4.50000000000000000000000000000000000         50.0000000000000000000000000000000000         1.25429602625101451551838929992514967         1.25429602625101451551838929992514967         1.25429602625101451551838929992514967         1.25429602625101451551838929992514967         1.25429602625101451551838929992514967         0.00000000000000000000000000000000000        -1.09285924124286332441428846430196294E-0002   2613.15986572403618424134630944696225         12660.8379967047708444083128155864340      
   4.71375313411688746090811432995346639         0.00000000000000000000000000000000000         0.00000000000000000000000000000000000         9.99999999999999999999999999999999807E-0002  0.900000000000000000000000000000000019        0.724999999999999999999999999999999981        0.275000000000000000000000000000000019        0.512000024318695068359375000000000000        0.425000011920928955078125000000000000         6.30000010132789611816406250000000000E-0002  0.870056494511586616800702331296776776        0.129943505488413383199297668703223248         0.00000000000000000000000000000000000        0.683022559859958444886526535977552353        0.167811590859605266884724425470909642        0.129098359310438402074632433326122454         278.311176733591166694393935160429533        0.300000011920928955078125000000000000        -1.00000000000000000000000000000000000         4.50000000000000000000000000000000000         50.0000000000000000000000000000000000         1.26844067654323953257971936838296087         1.26844067654323953257971936838296087         1.26844067654323953257971936838296087         1.26844067654323953257971936838296087         1.26844067654323953257971936838296087         0.00000000000000000000000000000000000         1.63000609119867436792424831435876302E-0002   2758.54545133512931810810713980752970         12839.7225634804355754112855348817994      
   4.93704785283917522455720499133271388         0.00000000000000000000000000000000000         0.00000000000000000000000000000000000         9.99999999999999999999999999999999807E-0002  0.900000000000000000000000000000000019        0.724999999999999999999999999999999981        0.275000000000000000000000000000000019        0.512000024318695068359375000000000000        0.425000011920928955078125000000000000         6.30000010132789611816406250000000000E-0002  0.870056494511586616800702331296776776        0.129943505488413383199297668703223248         0.00000000000000000000000000000000000        0.683022559859958444886526535977552353        0.167811590859605266884724425470909642        0.129098359310438402074632433326122454         278.311176733591166694393935160429533        0.300000011920928955078125000000000000        -1.00000000000000000000000000000000000         4.50000000000000000000000000000000000         50.0000000000000000000000000000000000         1.28179364741762609206394261566078226         1.28179364741762609206394261566078226         1.28179364741762609206394261566078226         1.28179364741762609206394261566078226         1.28179364741762609206394261566078226         0.00000000000000000000000000000000000        -1.91045997556102982723487759907314034E-0002   2912.36321575109054019893499305609324         13017.9454675115549906921766424409358      
   5.17092024289694052668163232095138689         0.00000000000000000000000000000000000         0.00000000000000000000000000000000000         9.99999999999999999999999999999999807E-0002  0.900000000000000000000000000000000019        0.724999999999999999999999999999999981        0.275000000000000000000000000000000019        0.512000024318695068359375000000000000        0.425000011920928955078125000000000000         6.30000010132789611816406250000000000E-0002  0.870056494511586616800702331296776776        0.129943505488413383199297668703223248         0.00000000000000000000000000000000000        0.683022559859958444886526535977552353        0.167811590859605266884724425470909642        0.129098359310438402074632433326122454         278.311176733591166694393935160429533        0.300000011920928955078125000000000000        -1.00000000000000000000000000000000000         4.50000000000000000000000000000000000         50.0000000000000000000000000000000000         1.29559226661695838604583972902751892         1.29559226661695838604583972902751892         1.29559226661695838604583972902751892         1.29559226661695838604583972902751892         1.29559226661695838604583972902751892         0.00000000000000000000000000000000000        -2.13109633457784879339762715674957032E-0002   3075.81514101861540020004882205968100         13192.7602860803222269999657712485972      
   5.41587137807966487084961468635563235         0.00000000000000000000000000000000000         0.00000000000000000000000000000000000         9.99999999999999999999999999999999807E-0002  0.900000000000000000000000000000000019        0.724999999999999999999999999999999981        0.275000000000000000000000000000000019        0.512000024318695068359375000000000000        0.425000011920928955078125000000000000         6.30000010132789611816406250000000000E-0002  0.870056494511586616800702331296776776        0.129943505488413383199297668703223248         0.00000000000000000000000000000000000        0.683022559859958444886526535977552353        0.167811590859605266884724425470909642        0.129098359310438402074632433326122454         278.311176733591166694393935160429533        0.300000011920928955078125000000000000        -1.00000000000000000000000000000000000         4.50000000000000000000000000000000000         50.0000000000000000000000000000000000         1.30931440762362191367572381169589552         1.30931440762362191367572381169589552         1.30931440762362191367572381169589552         1.30931440762362191367572381169589552         1.30931440762362191367572381169589552         0.00000000000000000000000000000000000        -3.98980124617395579026795595413226959E-0002   3249.19100868880168027236145618912022         13363.8579042637887931126227582459217      
   5.67242606849218144376540893055636070         0.00000000000000000000000000000000000         0.00000000000000000000000000000000000         9.99999999999999999999999999999999807E-0002  0.900000000000000000000000000000000019        0.724999999999999999999999999999999981        0.275000000000000000000000000000000019        0.512000024318695068359375000000000000        0.425000011920928955078125000000000000         6.30000010132789611816406250000000000E-0002  0.870056494511586616800702331296776776        0.129943505488413383199297668703223248         0.00000000000000000000000000000000000        0.683022559859958444886526535977552353        0.167811590859605266884724425470909642        0.129098359310438402074632433326122454         278.311176733591166694393935160429533        0.300000011920928955078125000000000000        -1.00000000000000000000000000000000000         4.50000000000000000000000000000000000         50.0000000000000000000000000000000000         1.32359559877830363159105422202129791         1.32359559877830363159105422202129791         1.32359559877830363159105422202129791         1.32359559877830363159105422202129791         1.32359559877830363159105422202129791         0.00000000000000000000000000000000000        -1.20133528072342455825732800828459134E-0002   3435.09643533912572370135901105513227         13525.9541242888368847321957907278824      
   5.94113398496524757317294119695305884         0.00000000000000000000000000000000000         0.00000000000000000000000000000000000         9.99999999999999999999999999999999807E-0002  0.900000000000000000000000000000000019        0.724999999999999999999999999999999981        0.275000000000000000000000000000000019        0.512000024318695068359375000000000000        0.425000011920928955078125000000000000         6.30000010132789611816406250000000000E-0002  0.870056494511586616800702331296776776        0.129943505488413383199297668703223248         0.00000000000000000000000000000000000        0.683022559859958444886526535977552353        0.167811590859605266884724425470909642        0.129098359310438402074632433326122454         278.311176733591166694393935160429533        0.300000011920928955078125000000000000        -1.00000000000000000000000000000000000         4.50000000000000000000000000000000000         50.0000000000000000000000000000000000         1.33719981303278204645859343210934592         1.33719981303278204645859343210934592         1.33719981303278204645859343210934592         1.33719981303278204645859343210934592         1.33719981303278204645859343210934592         0.00000000000000000000000000000000000        -5.69637504569573635847051231097924045E-0002   3628.49410184161608133763723847787149         13698.6195074025417916484689725554679      
   6.22257083673045567818932634861224246         0.00000000000000000000000000000000000         0.00000000000000000000000000000000000         9.99999999999999999999999999999999807E-0002  0.900000000000000000000000000000000019        0.724999999999999999999999999999999981        0.275000000000000000000000000000000019        0.512000024318695068359375000000000000        0.425000011920928955078125000000000000         6.30000010132789611816406250000000000E-0002  0.870056494511586616800702331296776776        0.129943505488413383199297668703223248         0.00000000000000000000000000000000000        0.683022559859958444886526535977552353        0.167811590859605266884724425470909642        0.129098359310438402074632433326122454         278.311176733591166694393935160429533        0.300000011920928955078125000000000000        -1.00000000000000000000000000000000000         4.50000000000000000000000000000000000         50.0000000000000000000000000000000000         1.35135941548651686447829435109245782         1.35135941548651686447829435109245782         1.35135941548651686447829435109245782         1.35135941548651686447829435109245782         1.35135941548651686447829435109245782         0.00000000000000000000000000000000000        -5.80854952824142752286928110850475862E-0002   3835.85689619963855612370521311938194         13860.7630930353635082316710425270702      
   6.51733960488266225567076642791935208         0.00000000000000000000000000000000000         0.00000000000000000000000000000000000         9.99999999999999999999999999999999807E-0002  0.900000000000000000000000000000000019        0.724999999999999999999999999999999981        0.275000000000000000000000000000000019        0.512000024318695068359375000000000000        0.425000011920928955078125000000000000         6.30000010132789611816406250000000000E-0002  0.870056494511586616800702331296776776        0.129943505488413383199297668703223248         0.00000000000000000000000000000000000        0.683022559859958444886526535977552353        0.167811590859605266884724425470909642        0.129098359310438402074632433326122454         278.311176733591166694393935160429533        0.300000011920928955078125000000000000        -1.00000000000000000000000000000000000         4.50000000000000000000000000000000000         50.0000000000000000000000000000000000         1.36515417159883497835429960120788988         1.36515417159883497835429960120788988         1.36515417159883497835429960120788988         1.36515417159883497835429960120788988         1.36515417159883497835429960120788988         0.00000000000000000000000000000000000        -9.46476634420102795862156064149406210E-0002   4056.30366663584765383592173442903230         14018.5582747130350610978935900513678      
   6.82607183427263972690668329495824292         0.00000000000000000000000000000000000         0.00000000000000000000000000000000000         9.99999999999999999999999999999999807E-0002  0.900000000000000000000000000000000019        0.724999999999999999999999999999999981        0.275000000000000000000000000000000019        0.512000024318695068359375000000000000        0.425000011920928955078125000000000000         6.30000010132789611816406250000000000E-0002  0.870056494511586616800702331296776776        0.129943505488413383199297668703223248         0.00000000000000000000000000000000000        0.683022559859958444886526535977552353        0.167811590859605266884724425470909642        0.129098359310438402074632433326122454         278.311176733591166694393935160429533        0.300000011920928955078125000000000000        -1.00000000000000000000000000000000000         4.50000000000000000000000000000000000         50.0000000000000000000000000000000000         1.38052574800540654814828374063097168         1.38052574800540654814828374063097168         1.38052574800540654814828374063097168         1.38052574800540654814828374063097168         1.38052574800540654814828374063097168         0.00000000000000000000000000000000000        -2.61539423246014644837353846698773385E-0002   4289.96264501700745331306975118915795         14173.1855562521561539687968964216671      
   7.14942898659784326950660524938800231         0.00000000000000000000000000000000000         0.00000000000000000000000000000000000         9.99999999999999999999999999999999807E-0002  0.900000000000000000000000000000000019        0.724999999999999999999999999999999981        0.275000000000000000000000000000000019        0.512000024318695068359375000000000000        0.425000011920928955078125000000000000         6.30000010132789611816406250000000000E-0002  0.870056494511586616800702331296776776        0.129943505488413383199297668703223248         0.00000000000000000000000000000000000        0.683022559859958444886526535977552353        0.167811590859605266884724425470909642        0.129098359310438402074632433326122454         278.311176733591166694393935160429533        0.300000011920928955078125000000000000        -1.00000000000000000000000000000000000         4.50000000000000000000000000000000000         50.0000000000000000000000000000000000         1.39519652381545972583152342480904380         1.39519652381545972583152342480904380         1.39519652381545972583152342480904380         1.39519652381545972583152342480904380         1.39519652381545972583152342480904380         0.00000000000000000000000000000000000        -1.08223739744349993161916112797116103E-0002   4538.13619982277764527470496313016876         14326.6991510892338691245243417537520      
   7.48810385759030229475404929283587874         0.00000000000000000000000000000000000         0.00000000000000000000000000000000000         9.99999999999999999999999999999999807E-0002  0.900000000000000000000000000000000019        0.724999999999999999999999999999999981        0.275000000000000000000000000000000019        0.512000024318695068359375000000000000        0.425000011920928955078125000000000000         6.30000010132789611816406250000000000E-0002  0.870056494511586616800702331296776776        0.129943505488413383199297668703223248         0.00000000000000000000000000000000000        0.683022559859958444886526535977552353        0.167811590859605266884724425470909642        0.129098359310438402074632433326122454         278.311176733591166694393935160429533        0.300000011920928955078125000000000000        -1.00000000000000000000000000000000000         4.50000000000000000000000000000000000         50.0000000000000000000000000000000000         1.40959573314201320360460735787911065         1.40959573314201320360460735787911065         1.40959573314201320360460735787911065         1.40959573314201320360460735787911065         1.40959573314201320360460735787911065         0.00000000000000000000000000000000000        -2.06089507769793957698524046077009126E-0002   4802.02186624068185038175643572182343         14480.4301259289224540110461791672325      
   7.84282206133797492150195102086104320         0.00000000000000000000000000000000000         0.00000000000000000000000000000000000         9.99999999999999999999999999999999807E-0002  0.900000000000000000000000000000000019        0.724999999999999999999999999999999981        0.275000000000000000000000000000000019        0.512000024318695068359375000000000000        0.425000011920928955078125000000000000         6.30000010132789611816406250000000000E-0002  0.870056494511586616800702331296776776        0.129943505488413383199297668703223248         0.00000000000000000000000000000000000        0.683022559859958444886526535977552353        0.167811590859605266884724425470909642        0.129098359310438402074632433326122454         278.311176733591166694393935160429533        0.300000011920928955078125000000000000        -1.00000000000000000000000000000000000         4.50000000000000000000000000000000000         50.0000000000000000000000000000000000         1.42458834868273927297017249077289193         1.42458834868273927297017249077289193         1.42458834868273927297017249077289193         1.42458834868273927297017249077289193         1.42458834868273927297017249077289193         0.00000000000000000000000000000000000        -2.09638804348666490524129087427863406E-0002   5080.53032400574154950317394996965181         14730.2392617810242892557058904414945      
   8.21434358491973787188331079880935809         0.00000000000000000000000000000000000         0.00000000000000000000000000000000000         9.99999999999999999999999999999999807E-0002  0.900000000000000000000000000000000019        0.724999999999999999999999999999999981        0.275000000000000000000000000000000019        0.512000024318695068359375000000000000        0.425000011920928955078125000000000000         6.30000010132789611816406250000000000E-0002  0.870056494511586616800702331296776776        0.129943505488413383199297668703223248         0.00000000000000000000000000000000000        0.683022559859958444886526535977552353        0.167811590859605266884724425470909642        0.129098359310438402074632433326122454         278.311176733591166694393935160429533        0.300000011920928955078125000000000000        -1.00000000000000000000000000000000000         4.50000000000000000000000000000000000         50.0000000000000000000000000000000000         1.44101384120171217925942095140777281         1.44101384120171217925942095140777281         1.44101384120171217925942095140777281         1.44101384120171217925942095140777281         1.44101384120171217925942095140777281         0.00000000000000000000000000000000000         8.63652582306895618767859720590480941E-0002   5381.17028000237220199658507552162376         14971.5901742564158458511699257807861      
   8.60346441668483183756181982790961157         0.00000000000000000000000000000000000         0.00000000000000000000000000000000000         9.99999999999999999999999999999999807E-0002  0.900000000000000000000000000000000019        0.724999999999999999999999999999999981        0.275000000000000000000000000000000019        0.512000024318695068359375000000000000        0.425000011920928955078125000000000000         6.30000010132789611816406250000000000E-0002  0.870056494511586616800702331296776776        0.129943505488413383199297668703223248         0.00000000000000000000000000000000000        0.683022559859958444886526535977552353        0.167811590859605266884724425470909642        0.129098359310438402074632433326122454         278.311176733591166694393935160429533        0.300000011920928955078125000000000000        -1.00000000000000000000000000000000000         4.50000000000000000000000000000000000         50.0000000000000000000000000000000000         1.45508344313181490618212596182202934         1.45508344313181490618212596182202934         1.45508344313181490618212596182202934         1.45508344313181490618212596182202934         1.45508344313181490618212596182202934         0.00000000000000000000000000000000000         2.18639248820168012324911507557827910E-0003   5691.56036281643236467428210081686275         15230.4141428210621512575634594037126      
   9.01101825166536630189666009569239489         0.00000000000000000000000000000000000         0.00000000000000000000000000000000000         9.99999999999999999999999999999999807E-0002  0.900000000000000000000000000000000019        0.724999999999999999999999999999999981        0.275000000000000000000000000000000019        0.512000024318695068359375000000000000        0.425000011920928955078125000000000000         6.30000010132789611816406250000000000E-0002  0.870056494511586616800702331296776776        0.129943505488413383199297668703223248         0.00000000000000000000000000000000000        0.683022559859958444886526535977552353        0.167811590859605266884724425470909642        0.129098359310438402074632433326122454         278.311176733591166694393935160429533        0.300000011920928955078125000000000000        -1.00000000000000000000000000000000000         4.50000000000000000000000000000000000         50.0000000000000000000000000000000000         1.46993332662212786032060580843987808         1.46993332662212786032060580843987808         1.46993332662212786032060580843987808         1.46993332662212786032060580843987808         1.46993332662212786032060580843987808         0.00000000000000000000000000000000000        -2.01580611321507264304607119368526573E-0002   6026.51415545225511459954324970115521         15478.9605807880285382115815232665158      
   9.43787827777574610680776305101093867         0.00000000000000000000000000000000000         0.00000000000000000000000000000000000         9.99999999999999999999999999999999807E-0002  0.900000000000000000000000000000000019        0.724999999999999999999999999999999981        0.275000000000000000000000000000000019        0.512000024318695068359375000000000000        0.425000011920928955078125000000000000         6.30000010132789611816406250000000000E-0002  0.870056494511586616800702331296776776        0.129943505488413383199297668703223248         0.00000000000000000000000000000000000        0.683022559859958444886526535977552353        0.167811590859605266884724425470909642        0.129098359310438402074632433326122454         278.311176733591166694393935160429533        0.300000011920928955078125000000000000        -1.00000000000000000000000000000000000         4.50000000000000000000000000000000000         50.0000000000000000000000000000000000         1.48514665961293740186676276733523290         1.48514665961293740186676276733523290         1.48514665961293740186676276733523290         1.48514665961293740186676276733523290         1.48514665961293740186676276733523290         0.00000000000000000000000000000000000        -2.19062651378363950154421563174572778E-0002   6382.84906365650997039651303200805279         15725.7957932481576866802097277164303      
   9.88495904662596879076778864032827051         0.00000000000000000000000000000000000         0.00000000000000000000000000000000000         9.99999999999999999999999999999999807E-0002  0.900000000000000000000000000000000019        0.724999999999999999999999999999999981        0.275000000000000000000000000000000019        0.512000024318695068359375000000000000        0.425000011920928955078125000000000000         6.30000010132789611816406250000000000E-0002  0.870056494511586616800702331296776776        0.129943505488413383199297668703223248         0.00000000000000000000000000000000000        0.683022559859958444886526535977552353        0.167811590859605266884724425470909642        0.129098359310438402074632433326122454         278.311176733591166694393935160429533        0.300000011920928955078125000000000000        -1.00000000000000000000000000000000000         4.50000000000000000000000000000000000         50.0000000000000000000000000000000000         1.50078290639807816965537489516159033         1.50078290639807816965537489516159033         1.50078290639807816965537489516159033         1.50078290639807816965537489516159033         1.50078290639807816965537489516159033         0.00000000000000000000000000000000000         4.81149335716318092685436529796822033E-0003   6762.20990658393249291582454354214704         15970.0727782373946263924164781325678      
   10.3532184329570277361739405380354267         0.00000000000000000000000000000000000         0.00000000000000000000000000000000000         9.99999999999999999999999999999999807E-0002  0.900000000000000000000000000000000019        0.724999999999999999999999999999999981        0.275000000000000000000000000000000019        0.512000024318695068359375000000000000        0.425000011920928955078125000000000000         6.30000010132789611816406250000000000E-0002  0.870056494511586616800702331296776776        0.129943505488413383199297668703223248         0.00000000000000000000000000000000000        0.683022559859958444886526535977552353        0.167811590859605266884724425470909642        0.129098359310438402074632433326122454         278.311176733591166694393935160429533        0.300000011920928955078125000000000000        -1.00000000000000000000000000000000000         4.50000000000000000000000000000000000         50.0000000000000000000000000000000000         1.51593936821363712810060494372417262         1.51593936821363712810060494372417262         1.51593936821363712810060494372417262         1.51593936821363712810060494372417262         1.51593936821363712810060494372417262         0.00000000000000000000000000000000000        -1.27958981891406706184020291376640679E-0002   7165.46858509484627824415338199470894         16213.7332204983818800384229712643462      
   10.8436596868965298573473131194133672         0.00000000000000000000000000000000000         0.00000000000000000000000000000000000         9.99999999999999999999999999999999807E-0002  0.900000000000000000000000000000000019        0.724999999999999999999999999999999981        0.275000000000000000000000000000000019        0.512000024318695068359375000000000000        0.425000011920928955078125000000000000         6.30000010132789611816406250000000000E-0002  0.870056494511586616800702331296776776        0.129943505488413383199297668703223248         0.00000000000000000000000000000000000        0.683022559859958444886526535977552353        0.167811590859605266884724425470909642        0.129098359310438402074632433326122454         278.311176733591166694393935160429533        0.300000011920928955078125000000000000        -1.00000000000000000000000000000000000         4.50000000000000000000000000000000000         50.0000000000000000000000000000000000         1.53169006827953318662324768614211822         1.53169006827953318662324768614211822         1.53169006827953318662324768614211822         1.53169006827953318662324768614211822         1.53169006827953318662324768614211822         0.00000000000000000000000000000000000         8.95230014192327192499061355559298015E-0003   7595.20786971719763572469781944504846         16453.4314446124227220719648421214500      
   11.3573335834315047407380755747457535         0.00000000000000000000000000000000000         0.00000000000000000000000000000000000         9.99999999999999999999999999999999807E-0002  0.900000000000000000000000000000000019        0.724999999999999999999999999999999981        0.275000000000000000000000000000000019        0.512000024318695068359375000000000000        0.425000011920928955078125000000000000         6.30000010132789611816406250000000000E-0002  0.870056494511586616800702331296776776        0.129943505488413383199297668703223248         0.00000000000000000000000000000000000        0.683022559859958444886526535977552353        0.167811590859605266884724425470909642        0.129098359310438402074632433326122454         278.311176733591166694393935160429533        0.300000011920928955078125000000000000        -1.00000000000000000000000000000000000         4.50000000000000000000000000000000000         50.0000000000000000000000000000000000         1.54669608495850021039570957554846503         1.54669608495850021039570957554846503         1.54669608495850021039570957554846503         1.54669608495850021039570957554846503         1.54669608495850021039570957554846503         0.00000000000000000000000000000000000        -2.41652204172119066660627882527837871E-0002   8052.01992747735323150071254744110139         16690.7193899924770600112454122067308      
   11.8953406737036708935232311939754483         0.00000000000000000000000000000000000         0.00000000000000000000000000000000000         9.99999999999999999999999999999999807E-0002  0.900000000000000000000000000000000019        0.724999999999999999999999999999999981        0.275000000000000000000000000000000019        0.512000024318695068359375000000000000        0.425000011920928955078125000000000000         6.30000010132789611816406250000000000E-0002  0.870056494511586616800702331296776776        0.129943505488413383199297668703223248         0.00000000000000000000000000000000000        0.683022559859958444886526535977552353        0.167811590859605266884724425470909642        0.129098359310438402074632433326122454         278.311176733591166694393935160429533        0.300000011920928955078125000000000000        -1.00000000000000000000000000000000000         4.50000000000000000000000000000000000         50.0000000000000000000000000000000000         1.56234004640920764541276520026839779         1.56234004640920764541276520026839779         1.56234004640920764541276520026839779         1.56234004640920764541276520026839779         1.56234004640920764541276520026839779         0.00000000000000000000000000000000000        -1.60139177489518893199673897289143907E-0002   8538.80830399792429537455810180860112         16923.6249341319992658823070442430339      
   12.4588336429505803262590704440291315         0.00000000000000000000000000000000000         0.00000000000000000000000000000000000         9.99999999999999999999999999999999807E-0002  0.900000000000000000000000000000000019        0.724999999999999999999999999999999981        0.275000000000000000000000000000000019        0.512000024318695068359375000000000000        0.425000011920928955078125000000000000         6.30000010132789611816406250000000000E-0002  0.870056494511586616800702331296776776        0.129943505488413383199297668703223248         0.00000000000000000000000000000000000        0.683022559859958444886526535977552353        0.167811590859605266884724425470909642        0.129098359310438402074632433326122454         278.311176733591166694393935160429533        0.300000011920928955078125000000000000        -1.00000000000000000000000000000000000         4.50000000000000000000000000000000000         50.0000000000000000000000000000000000         1.57798838262472322283361819437863881         1.57798838262472322283361819437863881         1.57798838262472322283361819437863881         1.57798838262472322283361819437863881         1.57798838262472322283361819437863881         0.00000000000000000000000000000000000        -1.54791260441885132896607890821729073E-0002   9057.16490546669803394219978267392698         17137.3167685361661862765687983575729      
   13.0490197801445524899467209692621793         0.00000000000000000000000000000000000         0.00000000000000000000000000000000000         9.99999999999999999999999999999999807E-0002  0.900000000000000000000000000000000019        0.724999999999999999999999999999999981        0.275000000000000000000000000000000019        0.512000024318695068359375000000000000        0.425000011920928955078125000000000000         6.30000010132789611816406250000000000E-0002  0.870056494511586616800702331296776776        0.129943505488413383199297668703223248         0.00000000000000000000000000000000000        0.683022559859958444886526535977552353        0.167811590859605266884724425470909642        0.129098359310438402074632433326122454         278.311176733591166694393935160429533        0.300000011920928955078125000000000000        -1.00000000000000000000000000000000000         4.50000000000000000000000000000000000         50.0000000000000000000000000000000000         1.59360922733022123384597206805392300         1.59360922733022123384597206805392300         1.59360922733022123384597206805392300         1.59360922733022123384597206805392300         1.59360922733022123384597206805392300         0.00000000000000000000000000000000000        -1.79084323556235011571030439460260964E-0002   9611.29447652425439829811338960600738         17192.0210721309451466227131798343332      
   13.6671635646206221493148154813537214         0.00000000000000000000000000000000000         0.00000000000000000000000000000000000         9.99999999999999999999999999999999807E-0002  0.900000000000000000000000000000000019        0.724999999999999999999999999999999981        0.275000000000000000000000000000000019        0.512000024318695068359375000000000000        0.425000011920928955078125000000000000         6.30000010132789611816406250000000000E-0002  0.870056494511586616800702331296776776        0.129943505488413383199297668703223248         0.00000000000000000000000000000000000        0.683022559859958444886526535977552353        0.167811590859605266884724425470909642        0.129098359310438402074632433326122454         278.311176733591166694393935160429533        0.300000011920928955078125000000000000        -1.00000000000000000000000000000000000         4.50000000000000000000000000000000000         50.0000000000000000000000000000000000         1.60958945786679712896883308464399815         1.60958945786679712896883308464399815         1.60958945786679712896883308464399815         1.60958945786679712896883308464399815         1.60958945786679712896883308464399815         0.00000000000000000000000000000000000        -7.52149131551403735399619732540175345E-0003   10201.0510528974799008626224649301348         17242.4516716294141297250142482592982      
   14.3145893752353758338684692231306029         0.00000000000000000000000000000000000         0.00000000000000000000000000000000000         9.99999999999999999999999999999999807E-0002  0.900000000000000000000000000000000019        0.724999999999999999999999999999999981        0.275000000000000000000000000000000019        0.512000024318695068359375000000000000        0.425000011920928955078125000000000000         6.30000010132789611816406250000000000E-0002  0.870056494511586616800702331296776776        0.129943505488413383199297668703223248         0.00000000000000000000000000000000000        0.683022559859958444886526535977552353        0.167811590859605266884724425470909642        0.129098359310438402074632433326122454         278.311176733591166694393935160429533        0.300000011920928955078125000000000000        -1.00000000000000000000000000000000000         4.50000000000000000000000000000000000         50.0000000000000000000000000000000000         1.62577446748242628105141214721118598         1.62577446748242628105141214721118598         1.62577446748242628105141214721118598         1.62577446748242628105141214721118598         1.62577446748242628105141214721118598         0.00000000000000000000000000000000000         1.73433538082536991774194171172181886E-0002   10830.5046315692399818695623996579243         17291.9295422357456227001286217350384      
   14.9926843278610750864026478869771275         0.00000000000000000000000000000000000         0.00000000000000000000000000000000000         9.99999999999999999999999999999999807E-0002  0.900000000000000000000000000000000019        0.724999999999999999999999999999999981        0.275000000000000000000000000000000019        0.512000024318695068359375000000000000        0.425000011920928955078125000000000000         6.30000010132789611816406250000000000E-0002  0.870056494511586616800702331296776776        0.129943505488413383199297668703223248         0.00000000000000000000000000000000000        0.683022559859958444886526535977552353        0.167811590859605266884724425470909642        0.129098359310438402074632433326122454         278.311176733591166694393935160429533        0.300000011920928955078125000000000000        -1.00000000000000000000000000000000000         4.50000000000000000000000000000000000         50.0000000000000000000000000000000000         1.64128073665503671977419488891284528         1.64128073665503671977419488891284528         1.64128073665503671977419488891284528         1.64128073665503671977419488891284528         1.64128073665503671977419488891284528         0.00000000000000000000000000000000000        -8.35983562322010515891518096761507841E-0003   11498.4500507415833635273442647426591         17343.0848838946121529907951928788799      
   15.7029012472944242844593367399923914         0.00000000000000000000000000000000000         0.00000000000000000000000000000000000         9.99999999999999999999999999999999807E-0002  0.900000000000000000000000000000000019        0.724999999999999999999999999999999981        0.275000000000000000000000000000000019        0.512000024318695068359375000000000000        0.425000011920928955078125000000000000         6.30000010132789611816406250000000000E-0002  0.870056494511586616800702331296776776        0.129943505488413383199297668703223248         0.00000000000000000000000000000000000        0.683022559859958444886526535977552353        0.167811590859605266884724425470909642        0.129098359310438402074632433326122454         278.311176733591166694393935160429533        0.300000011920928955078125000000000000        -1.00000000000000000000000000000000000         4.50000000000000000000000000000000000         50.0000000000000000000000000000000000         1.65693219833866592545111922269406823         1.65693219833866592545111922269406823         1.65693219833866592545111922269406823         1.65693219833866592545111922269406823         1.65693219833866592545111922269406823         0.00000000000000000000000000000000000        -2.08376411777469503163570606588678367E-0002   12211.5600632591796463990091133524084         17392.3091716782028871198663799747749      
   16.4467617799473254470491446022305387         0.00000000000000000000000000000000000         0.00000000000000000000000000000000000         9.99999999999999999999999999999999807E-0002  0.900000000000000000000000000000000019        0.724999999999999999999999999999999981        0.275000000000000000000000000000000019        0.512000024318695068359375000000000000        0.425000011920928955078125000000000000         6.30000010132789611816406250000000000E-0002  0.870056494511586616800702331296776776        0.129943505488413383199297668703223248         0.00000000000000000000000000000000000        0.683022559859958444886526535977552353        0.167811590859605266884724425470909642        0.129098359310438402074632433326122454         278.311176733591166694393935160429533        0.300000011920928955078125000000000000        -1.00000000000000000000000000000000000         4.50000000000000000000000000000000000         50.0000000000000000000000000000000000         1.67298776642431499547721274015472655         1.67298776642431499547721274015472655         1.67298776642431499547721274015472655         1.67298776642431499547721274015472655         1.67298776642431499547721274015472655         0.00000000000000000000000000000000000        -1.26989722225121423242065464229723636E-0002   12971.1758766496250526600919828507604         17439.8035001182941574772869238429126      
   17.2258596539885891666448939958271182         0.00000000000000000000000000000000000         0.00000000000000000000000000000000000         9.99999999999999999999999999999999807E-0002  0.900000000000000000000000000000000019        0.724999999999999999999999999999999981        0.275000000000000000000000000000000019        0.512000024318695068359375000000000000        0.425000011920928955078125000000000000         6.30000010132789611816406250000000000E-0002  0.870056494511586616800702331296776776        0.129943505488413383199297668703223248         0.00000000000000000000000000000000000        0.683022559859958444886526535977552353        0.167811590859605266884724425470909642        0.129098359310438402074632433326122454         278.311176733591166694393935160429533        0.300000011920928955078125000000000000        -1.00000000000000000000000000000000000         4.50000000000000000000000000000000000         50.0000000000000000000000000000000000         1.68948729489777870462207772129097094         1.68948729489777870462207772129097094         1.68948729489777870462207772129097094         1.68948729489777870462207772129097094         1.68948729489777870462207772129097094         0.00000000000000000000000000000000000         1.31154478610495525453328241694461465E-0002   13781.1906482442546325715338186743438         17483.5268342741284821776136219343836      
   18.0418640939214858630807661830989717         0.00000000000000000000000000000000000         0.00000000000000000000000000000000000         9.99999999999999999999999999999999807E-0002  0.900000000000000000000000000000000019        0.724999999999999999999999999999999981        0.275000000000000000000000000000000019        0.512000024318695068359375000000000000        0.425000011920928955078125000000000000         6.30000010132789611816406250000000000E-0002  0.870056494511586616800702331296776776        0.129943505488413383199297668703223248         0.00000000000000000000000000000000000        0.683022559859958444886526535977552353        0.167811590859605266884724425470909642        0.129098359310438402074632433326122454         278.311176733591166694393935160429533        0.300000011920928955078125000000000000        -1.00000000000000000000000000000000000         4.50000000000000000000000000000000000         50.0000000000000000000000000000000000         1.70545205194312438811558806323675045         1.70545205194312438811558806323675045         1.70545205194312438811558806323675045         1.70545205194312438811558806323675045         1.70545205194312438811558806323675045         0.00000000000000000000000000000000000         3.92697821942304840325867518463051405E-0003   14642.3923131873693690225751290678189         17530.0495570078565366754536956167823      
   18.8965233969129017925278720876753030         0.00000000000000000000000000000000000         0.00000000000000000000000000000000000         9.99999999999999999999999999999999807E-0002  0.900000000000000000000000000000000019        0.724999999999999999999999999999999981        0.275000000000000000000000000000000019        0.512000024318695068359375000000000000        0.425000011920928955078125000000000000         6.30000010132789611816406250000000000E-0002  0.870056494511586616800702331296776776        0.129943505488413383199297668703223248         0.00000000000000000000000000000000000        0.683022559859958444886526535977552353        0.167811590859605266884724425470909642        0.129098359310438402074632433326122454         278.311176733591166694393935160429533        0.300000011920928955078125000000000000        -1.00000000000000000000000000000000000         4.50000000000000000000000000000000000         50.0000000000000000000000000000000000         1.72139207694299685278447050495746820         1.72139207694299685278447050495746820         1.72139207694299685278447050495746820         1.72139207694299685278447050495746820         1.72139207694299685278447050495746820         0.00000000000000000000000000000000000        -7.03506075225942236259513069032636557E-0003   15560.9873125645184717200317037577700         17575.6740393869101958361600420751274      
   19.7916686785364185751762295282302534         0.00000000000000000000000000000000000         0.00000000000000000000000000000000000         9.99999999999999999999999999999999807E-0002  0.900000000000000000000000000000000019        0.724999999999999999999999999999999981        0.275000000000000000000000000000000019        0.512000024318695068359375000000000000        0.425000011920928955078125000000000000         6.30000010132789611816406250000000000E-0002  0.870056494511586616800702331296776776        0.129943505488413383199297668703223248         0.00000000000000000000000000000000000        0.683022559859958444886526535977552353        0.167811590859605266884724425470909642        0.129098359310438402074632433326122454         278.311176733591166694393935160429533        0.300000011920928955078125000000000000        -1.00000000000000000000000000000000000         4.50000000000000000000000000000000000         50.0000000000000000000000000000000000         1.73725512001242526485305530232338995         1.73725512001242526485305530232338995         1.73725512001242526485305530232338995         1.73725512001242526485305530232338995         1.73725512001242526485305530232338995         0.00000000000000000000000000000000000        -2.73778217964767714596473715908605021E-0002   16540.1473514245833740595439469701415         17621.0185783075667850257827147775412      
   20.7292177959546059255378205487295255         0.00000000000000000000000000000000000         0.00000000000000000000000000000000000         9.99999999999999999999999999999999807E-0002  0.900000000000000000000000000000000019        0.724999999999999999999999999999999981        0.275000000000000000000000000000000019        0.512000024318695068359375000000000000        0.425000011920928955078125000000000000         6.30000010132789611816406250000000000E-0002  0.870056494511586616800702331296776776        0.129943505488413383199297668703223248         0.00000000000000000000000000000000000        0.683022559859958444886526535977552353        0.167811590859605266884724425470909642        0.129098359310438402074632433326122454         278.311176733591166694393935160429533        0.300000011920928955078125000000000000        -1.00000000000000000000000000000000000         4.50000000000000000000000000000000000         50.0000000000000000000000000000000000         1.75349440454790528320333345263078892         1.75349440454790528320333345263078892         1.75349440454790528320333345263078892         1.75349440454790528320333345263078892         1.75349440454790528320333345263078892         0.00000000000000000000000000000000000        -2.96108458766719242180070824800183405E-0002   17583.5653662565319558281418235797387         17665.7671315124453785340113152936778      
   21.7111794569459824479971497798839502         0.00000000000000000000000000000000000         0.00000000000000000000000000000000000         9.99999999999999999999999999999999807E-0002  0.900000000000000000000000000000000019        0.724999999999999999999999999999999981        0.275000000000000000000000000000000019        0.512000024318695068359375000000000000        0.425000011920928955078125000000000000         6.30000010132789611816406250000000000E-0002  0.870056494511586616800702331296776776        0.129943505488413383199297668703223248         0.00000000000000000000000000000000000        0.683022559859958444886526535977552353        0.167811590859605266884724425470909642        0.129098359310438402074632433326122454         278.311176733591166694393935160429533        0.300000011920928955078125000000000000        -1.00000000000000000000000000000000000         4.50000000000000000000000000000000000         50.0000000000000000000000000000000000         1.76973498641578492129996764460719443         1.76973498641578492129996764460719443         1.76973498641578492129996764460719443         1.76973498641578492129996764460719443         1.76973498641578492129996764460719443         0.00000000000000000000000000000000000        -3.32512345750748688735065454567569549E-0002   18695.8939441911188738822922977996633         17711.8192337111878646427009370647371      
   22.7396575235802733048359620889347810         0.00000000000000000000000000000000000         0.00000000000000000000000000000000000         9.99999999999999999999999999999999807E-0002  0.900000000000000000000000000000000019        0.724999999999999999999999999999999981        0.275000000000000000000000000000000019        0.512000024318695068359375000000000000        0.425000011920928955078125000000000000         6.30000010132789611816406250000000000E-0002  0.870056494511586616800702331296776776        0.129943505488413383199297668703223248         0.00000000000000000000000000000000000        0.683022559859958444886526535977552353        0.167811590859605266884724425470909642        0.129098359310438402074632433326122454         278.311176733591166694393935160429533        0.300000011920928955078125000000000000        -1.00000000000000000000000000000000000         4.50000000000000000000000000000000000         50.0000000000000000000000000000000000         1.78777514590136118706445795066100052         1.78777514590136118706445795066100052         1.78777514590136118706445795066100052         1.78777514590136118706445795066100052         1.78777514590136118706445795066100052         0.00000000000000000000000000000000000         6.78466900662557835484729824321180914E-0002   19895.3264306986242333695012163994990         17748.8876363010135637904789740038510      
   23.8168555197626293658587845572158158         0.00000000000000000000000000000000000         0.00000000000000000000000000000000000         9.99999999999999999999999999999999807E-0002  0.900000000000000000000000000000000019        0.724999999999999999999999999999999981        0.275000000000000000000000000000000019        0.512000024318695068359375000000000000        0.425000011920928955078125000000000000         6.30000010132789611816406250000000000E-0002  0.870056494511586616800702331296776776        0.129943505488413383199297668703223248         0.00000000000000000000000000000000000        0.683022559859958444886526535977552353        0.167811590859605266884724425470909642        0.129098359310438402074632433326122454         278.311176733591166694393935160429533        0.300000011920928955078125000000000000        -1.00000000000000000000000000000000000         4.50000000000000000000000000000000000         50.0000000000000000000000000000000000         1.80257944290149373572687976237433206         1.80257944290149373572687976237433206         1.80257944290149373572687976237433206         1.80257944290149373572687976237433206         1.80257944290149373572687976237433206         0.00000000000000000000000000000000000        -3.43141279611119553740864515542366111E-0002   21145.0905191064000181600807644338045         17803.8353441656257700612550580273346      
   24.9450813523042636110632071495682141         0.00000000000000000000000000000000000         0.00000000000000000000000000000000000         9.99999999999999999999999999999999807E-0002  0.900000000000000000000000000000000019        0.724999999999999999999999999999999981        0.275000000000000000000000000000000019        0.512000024318695068359375000000000000        0.425000011920928955078125000000000000         6.30000010132789611816406250000000000E-0002  0.870056494511586616800702331296776776        0.129943505488413383199297668703223248         0.00000000000000000000000000000000000        0.683022559859958444886526535977552353        0.167811590859605266884724425470909642        0.129098359310438402074632433326122454         278.311176733591166694393935160429533        0.300000011920928955078125000000000000        -1.00000000000000000000000000000000000         4.50000000000000000000000000000000000         50.0000000000000000000000000000000000         1.82000458644685122959763350134883694         1.82000458644685122959763350134883694         1.82000458644685122959763350134883694         1.82000458644685122959763350134883694         1.82000458644685122959763350134883694         0.00000000000000000000000000000000000         2.01869104858635515210099878826303625E-0002   22495.8160169149110081647570035214578         17850.4412068031709146626410079895948      
   26.1267522556344429096957856567219458         0.00000000000000000000000000000000000         0.00000000000000000000000000000000000         9.99999999999999999999999999999999807E-0002  0.900000000000000000000000000000000019        0.724999999999999999999999999999999981        0.275000000000000000000000000000000019        0.512000024318695068359375000000000000        0.425000011920928955078125000000000000         6.30000010132789611816406250000000000E-0002  0.870056494511586616800702331296776776        0.129943505488413383199297668703223248         0.00000000000000000000000000000000000        0.683022559859958444886526535977552353        0.167811590859605266884724425470909642        0.129098359310438402074632433326122454         278.311176733591166694393935160429533        0.300000011920928955078125000000000000        -1.00000000000000000000000000000000000         4.50000000000000000000000000000000000         50.0000000000000000000000000000000000         1.83571346987405311190036053869819901         1.83571346987405311190036053869819901         1.83571346987405311190036053869819901         1.83571346987405311190036053869819901         1.83571346987405311190036053869819901         0.00000000000000000000000000000000000        -3.31584105971911791554778418620166706E-0002   23928.6842298211676170628359490230603         17899.2165627002793156841781393794824      
   27.3643999707479270007413801432196356         0.00000000000000000000000000000000000         0.00000000000000000000000000000000000         9.99999999999999999999999999999999807E-0002  0.900000000000000000000000000000000019        0.724999999999999999999999999999999981        0.275000000000000000000000000000000019        0.512000024318695068359375000000000000        0.425000011920928955078125000000000000         6.30000010132789611816406250000000000E-0002  0.870056494511586616800702331296776776        0.129943505488413383199297668703223248         0.00000000000000000000000000000000000        0.683022559859958444886526535977552353        0.167811590859605266884724425470909642        0.129098359310438402074632433326122454         278.311176733591166694393935160429533        0.300000011920928955078125000000000000        -1.00000000000000000000000000000000000         4.50000000000000000000000000000000000         50.0000000000000000000000000000000000         1.85322874320103034001197895666934906         1.85322874320103034001197895666934906         1.85322874320103034001197895666934906         1.85322874320103034001197895666934906         1.85322874320103034001197895666934906         0.00000000000000000000000000000000000         1.75838338746850466167768366398066289E-0002   25463.2876774956076376312938084797734         17948.1248366354380055945654693108426      
   28.6606761694837981427111233968978527         0.00000000000000000000000000000000000         0.00000000000000000000000000000000000         9.99999999999999999999999999999999807E-0002  0.900000000000000000000000000000000019        0.724999999999999999999999999999999981        0.275000000000000000000000000000000019        0.512000024318695068359375000000000000        0.425000011920928955078125000000000000         6.30000010132789611816406250000000000E-0002  0.870056494511586616800702331296776776        0.129943505488413383199297668703223248         0.00000000000000000000000000000000000        0.683022559859958444886526535977552353        0.167811590859605266884724425470909642        0.129098359310438402074632433326122454         278.311176733591166694393935160429533        0.300000011920928955078125000000000000        -1.00000000000000000000000000000000000         4.50000000000000000000000000000000000         50.0000000000000000000000000000000000         1.86915821621125602815116676459868589         1.86915821621125602815116676459868589         1.86915821621125602815116676459868589         1.86915821621125602815116676459868589         1.86915821621125602815116676459868589         0.00000000000000000000000000000000000        -2.63482686718222669708984804443127595E-0002   27093.3610535371759258651283301545850         18000.4811196225187372587912899297767      
   30.0183581357572497063742795553511495         0.00000000000000000000000000000000000         0.00000000000000000000000000000000000         9.99999999999999999999999999999999807E-0002  0.900000000000000000000000000000000019        0.724999999999999999999999999999999981        0.275000000000000000000000000000000019        0.512000024318695068359375000000000000        0.425000011920928955078125000000000000         6.30000010132789611816406250000000000E-0002  0.870056494511586616800702331296776776        0.129943505488413383199297668703223248         0.00000000000000000000000000000000000        0.683022559859958444886526535977552353        0.167811590859605266884724425470909642        0.129098359310438402074632433326122454         278.311176733591166694393935160429533        0.300000011920928955078125000000000000        -1.00000000000000000000000000000000000         4.50000000000000000000000000000000000         50.0000000000000000000000000000000000         1.88662732960288680288703665493680813         1.88662732960288680288703665493680813         1.88662732960288680288703665493680813         1.88662732960288680288703665493680813         1.88662732960288680288703665493680813         0.00000000000000000000000000000000000         1.23804446047246135018050071420752056E-0002   28836.7667223054612558054610288405054         18052.7047466865655981480548910000149      
   31.4403547159164261088988818749477531         0.00000000000000000000000000000000000         0.00000000000000000000000000000000000         9.99999999999999999999999999999999807E-0002  0.900000000000000000000000000000000019        0.724999999999999999999999999999999981        0.275000000000000000000000000000000019        0.512000024318695068359375000000000000        0.425000011920928955078125000000000000         6.30000010132789611816406250000000000E-0002  0.870056494511586616800702331296776776        0.129943505488413383199297668703223248         0.00000000000000000000000000000000000        0.683022559859958444886526535977552353        0.167811590859605266884724425470909642        0.129098359310438402074632433326122454         278.311176733591166694393935160429533        0.300000011920928955078125000000000000        -1.00000000000000000000000000000000000         4.50000000000000000000000000000000000         50.0000000000000000000000000000000000         1.90362314146033482213203088364434880         1.90362314146033482213203088364434880         1.90362314146033482213203088364434880         1.90362314146033482213203088364434880         1.90362314146033482213203088364434880         0.00000000000000000000000000000000000         2.34545698908339631542851116069510441E-0002   30697.1998051982120643643862137676896         18106.6020983123956992569539322683670      
   32.9297125509730094348267134385588767         0.00000000000000000000000000000000000         0.00000000000000000000000000000000000         9.99999999999999999999999999999999807E-0002  0.900000000000000000000000000000000019        0.724999999999999999999999999999999981        0.275000000000000000000000000000000019        0.512000024318695068359375000000000000        0.425000011920928955078125000000000000         6.30000010132789611816406250000000000E-0002  0.870056494511586616800702331296776776        0.129943505488413383199297668703223248         0.00000000000000000000000000000000000        0.683022559859958444886526535977552353        0.167811590859605266884724425470909642        0.129098359310438402074632433326122454         278.311176733591166694393935160429533        0.300000011920928955078125000000000000        -1.00000000000000000000000000000000000         4.50000000000000000000000000000000000         50.0000000000000000000000000000000000         1.92019160378580048607446519657110707         1.92019160378580048607446519657110707         1.92019160378580048607446519657110707         1.92019160378580048607446519657110707         1.92019160378580048607446519657110707         0.00000000000000000000000000000000000         6.80197848070264069966999394429086892E-0003   32673.5830049112446576999224451380463         18165.4354155287350307756663760799134      
   34.4896226040591652356324616013479640         0.00000000000000000000000000000000000         0.00000000000000000000000000000000000         9.99999999999999999999999999999999807E-0002  0.900000000000000000000000000000000019        0.724999999999999999999999999999999981        0.275000000000000000000000000000000019        0.512000024318695068359375000000000000        0.425000011920928955078125000000000000         6.30000010132789611816406250000000000E-0002  0.870056494511586616800702331296776776        0.129943505488413383199297668703223248         0.00000000000000000000000000000000000        0.683022559859958444886526535977552353        0.167811590859605266884724425470909642        0.129098359310438402074632433326122454         278.311176733591166694393935160429533        0.300000011920928955078125000000000000        -1.00000000000000000000000000000000000         4.50000000000000000000000000000000000         50.0000000000000000000000000000000000         1.93727939556613179107755694331871932         1.93727939556613179107755694331871932         1.93727939556613179107755694331871932         1.93727939556613179107755694331871932         1.93727939556613179107755694331871932         0.00000000000000000000000000000000000         1.25543605611902043409834268345138929E-0002   34786.9646710059239557716128523112777         18224.0755959028710025910844250613742      
   36.1234269970959852434556329432163891         0.00000000000000000000000000000000000         0.00000000000000000000000000000000000         9.99999999999999999999999999999999807E-0002  0.900000000000000000000000000000000019        0.724999999999999999999999999999999981        0.275000000000000000000000000000000019        0.512000024318695068359375000000000000        0.425000011920928955078125000000000000         6.30000010132789611816406250000000000E-0002  0.870056494511586616800702331296776776        0.129943505488413383199297668703223248         0.00000000000000000000000000000000000        0.683022559859958444886526535977552353        0.167811590859605266884724425470909642        0.129098359310438402074632433326122454         278.311176733591166694393935160429533        0.300000011920928955078125000000000000        -1.00000000000000000000000000000000000         4.50000000000000000000000000000000000         50.0000000000000000000000000000000000         1.95434700982785636739058552039786723         1.95434700982785636739058552039786723         1.95434700982785636739058552039786723         1.95434700982785636739058552039786723         1.95434700982785636739058552039786723         0.00000000000000000000000000000000000         1.70671961255283327471773225120502154E-0002   37041.5832295808731141950267649363497         18285.9938734173489964127705015826498      
   37.8346261713210532672152332780757538         0.00000000000000000000000000000000000         0.00000000000000000000000000000000000         9.99999999999999999999999999999999807E-0002  0.900000000000000000000000000000000019        0.724999999999999999999999999999999981        0.275000000000000000000000000000000019        0.512000024318695068359375000000000000        0.425000011920928955078125000000000000         6.30000010132789611816406250000000000E-0002  0.870056494511586616800702331296776776        0.129943505488413383199297668703223248         0.00000000000000000000000000000000000        0.683022559859958444886526535977552353        0.167811590859605266884724425470909642        0.129098359310438402074632433326122454         278.311176733591166694393935160429533        0.300000011920928955078125000000000000        -1.00000000000000000000000000000000000         4.50000000000000000000000000000000000         50.0000000000000000000000000000000000         1.97046044224726730980592506994260818         1.97046044224726730980592506994260818         1.97046044224726730980592506994260818         1.97046044224726730980592506994260818         1.97046044224726730980592506994260818         0.00000000000000000000000000000000000        -3.02119086016411447139209796070417678E-0002   39441.1073282273993507528970790238168         18352.2623343450329373329839628922232      
   39.6268863870166317486167498635414547         0.00000000000000000000000000000000000         0.00000000000000000000000000000000000         9.99999999999999999999999999999999807E-0002  0.900000000000000000000000000000000019        0.724999999999999999999999999999999981        0.275000000000000000000000000000000019        0.512000024318695068359375000000000000        0.425000011920928955078125000000000000         6.30000010132789611816406250000000000E-0002  0.870056494511586616800702331296776776        0.129943505488413383199297668703223248         0.00000000000000000000000000000000000        0.683022559859958444886526535977552353        0.167811590859605266884724425470909642        0.129098359310438402074632433326122454         278.311176733591166694393935160429533        0.300000011920928955078125000000000000        -1.00000000000000000000000000000000000         4.50000000000000000000000000000000000         50.0000000000000000000000000000000000         1.98852430837093210036649242218209189         1.98852430837093210036649242218209189         1.98852430837093210036649242218209189         1.98852430837093210036649242218209189         1.98852430837093210036649242218209189         0.00000000000000000000000000000000000         1.63267796695096780110320337189522011E-0002   42008.3193888203334091778153386856082         18419.2112074361141529269325595820352      
   41.5040475785067069671132337416860269         0.00000000000000000000000000000000000         0.00000000000000000000000000000000000         9.99999999999999999999999999999999807E-0002  0.900000000000000000000000000000000019        0.724999999999999999999999999999999981        0.275000000000000000000000000000000019        0.512000024318695068359375000000000000        0.425000011920928955078125000000000000         6.30000010132789611816406250000000000E-0002  0.870056494511586616800702331296776776        0.129943505488413383199297668703223248         0.00000000000000000000000000000000000        0.683022559859958444886526535977552353        0.167811590859605266884724425470909642        0.129098359310438402074632433326122454         278.311176733591166694393935160429533        0.300000011920928955078125000000000000        -1.00000000000000000000000000000000000         4.50000000000000000000000000000000000         50.0000000000000000000000000000000000         2.00572084788682430410084264024361852         2.00572084788682430410084264024361852         2.00572084788682430410084264024361852         2.00572084788682430410084264024361852         2.00572084788682430410084264024361852         0.00000000000000000000000000000000000         1.78732289218873627406676662153845888E-0002   44743.6286993666705928953207603672360         18490.7015539636913220145398717076281      
   43.4701315812522977450502814228557596         0.00000000000000000000000000000000000         0.00000000000000000000000000000000000         9.99999999999999999999999999999999807E-0002  0.900000000000000000000000000000000019        0.724999999999999999999999999999999981        0.275000000000000000000000000000000019        0.512000024318695068359375000000000000        0.425000011920928955078125000000000000         6.30000010132789611816406250000000000E-0002  0.870056494511586616800702331296776776        0.129943505488413383199297668703223248         0.00000000000000000000000000000000000        0.683022559859958444886526535977552353        0.167811590859605266884724425470909642        0.129098359310438402074632433326122454         278.311176733591166694393935160429533        0.300000011920928955078125000000000000        -1.00000000000000000000000000000000000         4.50000000000000000000000000000000000         50.0000000000000000000000000000000000         2.02214759403957569108193185496319476         2.02214759403957569108193185496319476         2.02214759403957569108193185496319476         2.02214759403957569108193185496319476         2.02214759403957569108193185496319476         0.00000000000000000000000000000000000        -2.24997300031527340413630158341579134E-0002   47655.4767328219952095934141248322658         18566.8936309112554917637782242879645      
   45.5293507486716565241505913849878156         0.00000000000000000000000000000000000         0.00000000000000000000000000000000000         9.99999999999999999999999999999999807E-0002  0.900000000000000000000000000000000019        0.724999999999999999999999999999999981        0.275000000000000000000000000000000019        0.512000024318695068359375000000000000        0.425000011920928955078125000000000000         6.30000010132789611816406250000000000E-0002  0.870056494511586616800702331296776776        0.129943505488413383199297668703223248         0.00000000000000000000000000000000000        0.683022559859958444886526535977552353        0.167811590859605266884724425470909642        0.129098359310438402074632433326122454         278.311176733591166694393935160429533        0.300000011920928955078125000000000000        -1.00000000000000000000000000000000000         4.50000000000000000000000000000000000         50.0000000000000000000000000000000000         2.04019777529245571049073295157770206         2.04019777529245571049073295157770206         2.04019777529245571049073295157770206         2.04019777529245571049073295157770206         2.04019777529245571049073295157770206         0.00000000000000000000000000000000000         1.24523817692971030030834617498106330E-0002   50770.2029086036879349830311595826529         18645.0189499062061972309184854774978      
   47.6861169771469809221183781797401387         0.00000000000000000000000000000000000         0.00000000000000000000000000000000000         9.99999999999999999999999999999999807E-0002  0.900000000000000000000000000000000019        0.724999999999999999999999999999999981        0.275000000000000000000000000000000019        0.512000024318695068359375000000000000        0.425000011920928955078125000000000000         6.30000010132789611816406250000000000E-0002  0.870056494511586616800702331296776776        0.129943505488413383199297668703223248         0.00000000000000000000000000000000000        0.683022559859958444886526535977552353        0.167811590859605266884724425470909642        0.129098359310438402074632433326122454         278.311176733591166694393935160429533        0.300000011920928955078125000000000000        -1.00000000000000000000000000000000000         4.50000000000000000000000000000000000         50.0000000000000000000000000000000000         2.05675154830827474129032461675444623         2.05675154830827474129032461675444623         2.05675154830827474129032461675444623         2.05675154830827474129032461675444623         2.05675154830827474129032461675444623         0.00000000000000000000000000000000000        -2.89295100926440476369453627331277052E-0002   54086.3129580836775529367670486908561         18728.3032086049748490986245630138612      
   49.9450511585537973057412883106299450         0.00000000000000000000000000000000000         0.00000000000000000000000000000000000         9.99999999999999999999999999999999807E-0002  0.900000000000000000000000000000000019        0.724999999999999999999999999999999981        0.275000000000000000000000000000000019        0.512000024318695068359375000000000000        0.425000011920928955078125000000000000         6.30000010132789611816406250000000000E-0002  0.870056494511586616800702331296776776        0.129943505488413383199297668703223248         0.00000000000000000000000000000000000        0.683022559859958444886526535977552353        0.167811590859605266884724425470909642        0.129098359310438402074632433326122454         278.311176733591166694393935160429533        0.300000011920928955078125000000000000        -1.00000000000000000000000000000000000         4.50000000000000000000000000000000000         50.0000000000000000000000000000000000         2.07511103302462391629245417086952346         2.07511103302462391629245417086952346         2.07511103302462391629245417086952346         2.07511103302462391629245417086952346         2.07511103302462391629245417086952346         0.00000000000000000000000000000000000         2.03208674597554596318892330008465376E-0002   57637.3174987946864218136886651220240         18814.3964965602549197197209258272034      
   52.3109930805651492519346455020741169         0.00000000000000000000000000000000000         0.00000000000000000000000000000000000         9.99999999999999999999999999999999807E-0002  0.900000000000000000000000000000000019        0.724999999999999999999999999999999981        0.275000000000000000000000000000000019        0.512000024318695068359375000000000000        0.425000011920928955078125000000000000         6.30000010132789611816406250000000000E-0002  0.870056494511586616800702331296776776        0.129943505488413383199297668703223248         0.00000000000000000000000000000000000        0.683022559859958444886526535977552353        0.167811590859605266884724425470909642        0.129098359310438402074632433326122454         278.311176733591166694393935160429533        0.300000011920928955078125000000000000        -1.00000000000000000000000000000000000         4.50000000000000000000000000000000000         50.0000000000000000000000000000000000         2.09250928835616392419536850426617016         2.09250928835616392419536850426617016         2.09250928835616392419536850426617016         2.09250928835616392419536850426617016         2.09250928835616392419536850426617016         0.00000000000000000000000000000000000         1.31944013247984019815795922488867343E-0002   61412.7597301954741209190352083057509         18906.3783958102266895464331321122525      
   54.7890117959420854878872849816232285         0.00000000000000000000000000000000000         0.00000000000000000000000000000000000         9.99999999999999999999999999999999807E-0002  0.900000000000000000000000000000000019        0.724999999999999999999999999999999981        0.275000000000000000000000000000000019        0.512000024318695068359375000000000000        0.425000011920928955078125000000000000         6.30000010132789611816406250000000000E-0002  0.870056494511586616800702331296776776        0.129943505488413383199297668703223248         0.00000000000000000000000000000000000        0.683022559859958444886526535977552353        0.167811590859605266884724425470909642        0.129098359310438402074632433326122454         278.311176733591166694393935160429533        0.300000011920928955078125000000000000        -1.00000000000000000000000000000000000         4.50000000000000000000000000000000000         50.0000000000000000000000000000000000         2.11016048674959518094969496583973215         2.11016048674959518094969496583973215         2.11016048674959518094969496583973215         2.11016048674959518094969496583973215         2.11016048674959518094969496583973215         0.00000000000000000000000000000000000         1.99972690559723953382126465512336682E-0002   65450.6238251425034561291520576729473         19002.1658081589303367821506534870818      
   57.3844164830267494473134630390337038         0.00000000000000000000000000000000000         0.00000000000000000000000000000000000         9.99999999999999999999999999999999807E-0002  0.900000000000000000000000000000000019        0.724999999999999999999999999999999981        0.275000000000000000000000000000000019        0.512000024318695068359375000000000000        0.425000011920928955078125000000000000         6.30000010132789611816406250000000000E-0002  0.870056494511586616800702331296776776        0.129943505488413383199297668703223248         0.00000000000000000000000000000000000        0.683022559859958444886526535977552353        0.167811590859605266884724425470909642        0.129098359310438402074632433326122454         278.311176733591166694393935160429533        0.300000011920928955078125000000000000        -1.00000000000000000000000000000000000         4.50000000000000000000000000000000000         50.0000000000000000000000000000000000         2.12638325665809246695432735010879176         2.12638325665809246695432735010879176         2.12638325665809246695432735010879176         2.12638325665809246695432735010879176         2.12638325665809246695432735010879176         0.00000000000000000000000000000000000        -4.47293598891182270478873197215923717E-0002   69746.4678173638136591730556792556897         19103.8842531844244107866593795346251      
   60.1027678207067787613836741752440859         0.00000000000000000000000000000000000         0.00000000000000000000000000000000000         9.99999999999999999999999999999999807E-0002  0.900000000000000000000000000000000019        0.724999999999999999999999999999999981        0.275000000000000000000000000000000019        0.512000024318695068359375000000000000        0.425000011920928955078125000000000000         6.30000010132789611816406250000000000E-0002  0.870056494511586616800702331296776776        0.129943505488413383199297668703223248         0.00000000000000000000000000000000000        0.683022559859958444886526535977552353        0.167811590859605266884724425470909642        0.129098359310438402074632433326122454         278.311176733591166694393935160429533        0.300000011920928955078125000000000000        -1.00000000000000000000000000000000000         4.50000000000000000000000000000000000         50.0000000000000000000000000000000000         2.14531916894154618640638186468835402         2.14531916894154618640638186468835402         2.14531916894154618640638186468835402         2.14531916894154618640638186468835402         2.14531916894154618640638186468835402         0.00000000000000000000000000000000000         1.26058039636485401499104936328118394E-0002   74343.2053602155716640896773040248004         19209.8148634416918487724209450156595      
   62.9498899022219826103145225233349426         0.00000000000000000000000000000000000         0.00000000000000000000000000000000000         9.99999999999999999999999999999999807E-0002  0.900000000000000000000000000000000019        0.724999999999999999999999999999999981        0.275000000000000000000000000000000019        0.512000024318695068359375000000000000        0.425000011920928955078125000000000000         6.30000010132789611816406250000000000E-0002  0.870056494511586616800702331296776776        0.129943505488413383199297668703223248         0.00000000000000000000000000000000000        0.683022559859958444886526535977552353        0.167811590859605266884724425470909642        0.129098359310438402074632433326122454         278.311176733591166694393935160429533        0.300000011920928955078125000000000000        -1.00000000000000000000000000000000000         4.50000000000000000000000000000000000         50.0000000000000000000000000000000000         2.16272112294810393256081626078678678         2.16272112294810393256081626078678678         2.16272112294810393256081626078678678         2.16272112294810393256081626078678678         2.16272112294810393256081626078678678         0.00000000000000000000000000000000000         1.95273820453580388941357154523793503E-0002   79258.0887024844290482061382902794920         19320.9892384932825116429619210256395      
   65.9318827133387394963924236784617628         0.00000000000000000000000000000000000         0.00000000000000000000000000000000000         9.99999999999999999999999999999999807E-0002  0.900000000000000000000000000000000019        0.724999999999999999999999999999999981        0.275000000000000000000000000000000019        0.512000024318695068359375000000000000        0.425000011920928955078125000000000000         6.30000010132789611816406250000000000E-0002  0.870056494511586616800702331296776776        0.129943505488413383199297668703223248         0.00000000000000000000000000000000000        0.683022559859958444886526535977552353        0.167811590859605266884724425470909642        0.129098359310438402074632433326122454         278.311176733591166694393935160429533        0.300000011920928955078125000000000000        -1.00000000000000000000000000000000000         4.50000000000000000000000000000000000         50.0000000000000000000000000000000000         2.17896586822605129339121745195966749         2.17896586822605129339121745195966749         2.17896586822605129339121745195966749         2.17896586822605129339121745195966749         2.17896586822605129339121745195966749         0.00000000000000000000000000000000000        -3.97879734094093201514694798482854618E-0002   84485.8376347011382602955827014744154         19440.0234158232511182114260537841963      
   69.0551352016267211341221719941803480         0.00000000000000000000000000000000000         0.00000000000000000000000000000000000         9.99999999999999999999999999999999807E-0002  0.900000000000000000000000000000000019        0.724999999999999999999999999999999981        0.275000000000000000000000000000000019        0.512000024318695068359375000000000000        0.425000011920928955078125000000000000         6.30000010132789611816406250000000000E-0002  0.870056494511586616800702331296776776        0.129943505488413383199297668703223248         0.00000000000000000000000000000000000        0.683022559859958444886526535977552353        0.167811590859605266884724425470909642        0.129098359310438402074632433326122454         278.311176733591166694393935160429533        0.300000011920928955078125000000000000        -1.00000000000000000000000000000000000         4.50000000000000000000000000000000000         50.0000000000000000000000000000000000         2.19766919901175778299981818247105169         2.19766919901175778299981818247105169         2.19766919901175778299981818247105169         2.19766919901175778299981818247105169         2.19766919901175778299981818247105169         0.00000000000000000000000000000000000         2.41922704605735331424287772342871408E-0002   90095.7801266624589467081126499936701         19562.4857651986071776538445349267457      
   72.3263389648389904315881138559222429         0.00000000000000000000000000000000000         0.00000000000000000000000000000000000         9.99999999999999999999999999999999807E-0002  0.900000000000000000000000000000000019        0.724999999999999999999999999999999981        0.275000000000000000000000000000000019        0.512000024318695068359375000000000000        0.425000011920928955078125000000000000         6.30000010132789611816406250000000000E-0002  0.870056494511586616800702331296776776        0.129943505488413383199297668703223248         0.00000000000000000000000000000000000        0.683022559859958444886526535977552353        0.167811590859605266884724425470909642        0.129098359310438402074632433326122454         278.311176733591166694393935160429533        0.300000011920928955078125000000000000        -1.00000000000000000000000000000000000         4.50000000000000000000000000000000000         50.0000000000000000000000000000000000         2.21495693229202620117416315146280315         2.21495693229202620117416315146280315         2.21495693229202620117416315146280315         2.21495693229202620117416315146280315         2.21495693229202620117416315146280315         0.00000000000000000000000000000000000         1.81966935256073230186965616615774981E-0002   96062.7503679109242907916925223380250         19691.3499727927935128682226816505753      
   75.7525025877229563234538363456045364         0.00000000000000000000000000000000000         0.00000000000000000000000000000000000         9.99999999999999999999999999999999807E-0002  0.900000000000000000000000000000000019        0.724999999999999999999999999999999981        0.275000000000000000000000000000000019        0.512000024318695068359375000000000000        0.425000011920928955078125000000000000         6.30000010132789611816406250000000000E-0002  0.870056494511586616800702331296776776        0.129943505488413383199297668703223248         0.00000000000000000000000000000000000        0.683022559859958444886526535977552353        0.167811590859605266884724425470909642        0.129098359310438402074632433326122454         278.311176733591166694393935160429533        0.300000011920928955078125000000000000        -1.00000000000000000000000000000000000         4.50000000000000000000000000000000000         50.0000000000000000000000000000000000         2.23283192318379715116343874127831211         2.23283192318379715116343874127831211         2.23283192318379715116343874127831211         2.23283192318379715116343874127831211         2.23283192318379715116343874127831211         0.00000000000000000000000000000000000         3.27090109090614768281664537585712339E-0002   102450.667429276874381729286890581842         19826.8475292009920654291353488538096      
   79.3409666579789374092779396113335383         0.00000000000000000000000000000000000         0.00000000000000000000000000000000000         9.99999999999999999999999999999999807E-0002  0.900000000000000000000000000000000019        0.724999999999999999999999999999999981        0.275000000000000000000000000000000019        0.512000024318695068359375000000000000        0.425000011920928955078125000000000000         6.30000010132789611816406250000000000E-0002  0.870056494511586616800702331296776776        0.129943505488413383199297668703223248         0.00000000000000000000000000000000000        0.683022559859958444886526535977552353        0.167811590859605266884724425470909642        0.129098359310438402074632433326122454         278.311176733591166694393935160429533        0.300000011920928955078125000000000000        -1.00000000000000000000000000000000000         4.50000000000000000000000000000000000         50.0000000000000000000000000000000000         2.25012296333403914116892831279432184         2.25012296333403914116892831279432184         2.25012296333403914116892831279432184         2.25012296333403914116892831279432184         2.25012296333403914116892831279432184         0.00000000000000000000000000000000000         1.58869833819525864844029445787347553E-0002   109238.358478029584504341398980220614         19970.7557706077808230138256021447092      
   83.0994194935381664732668516345784739         0.00000000000000000000000000000000000         0.00000000000000000000000000000000000         9.99999999999999999999999999999999807E-0002  0.900000000000000000000000000000000019        0.724999999999999999999999999999999981        0.275000000000000000000000000000000019        0.512000024318695068359375000000000000        0.425000011920928955078125000000000000         6.30000010132789611816406250000000000E-0002  0.870056494511586616800702331296776776        0.129943505488413383199297668703223248         0.00000000000000000000000000000000000        0.683022559859958444886526535977552353        0.167811590859605266884724425470909642        0.129098359310438402074632433326122454         278.311176733591166694393935160429533        0.300000011920928955078125000000000000        -1.00000000000000000000000000000000000         4.50000000000000000000000000000000000         50.0000000000000000000000000000000000         2.26779850936304848826611583945987333         2.26779850936304848826611583945987333         2.26779850936304848826611583945987333         2.26779850936304848826611583945987333         2.26779850936304848826611583945987333         0.00000000000000000000000000000000000         1.80473094167566732539696718527791229E-0002   116506.364713018820643930959426350801         20119.4415938722789813733553390168786      
   87.0359136148560765360321240320169501         0.00000000000000000000000000000000000         0.00000000000000000000000000000000000         9.99999999999999999999999999999999807E-0002  0.900000000000000000000000000000000019        0.724999999999999999999999999999999981        0.275000000000000000000000000000000019        0.512000024318695068359375000000000000        0.425000011920928955078125000000000000         6.30000010132789611816406250000000000E-0002  0.870056494511586616800702331296776776        0.129943505488413383199297668703223248         0.00000000000000000000000000000000000        0.683022559859958444886526535977552353        0.167811590859605266884724425470909642        0.129098359310438402074632433326122454         278.311176733591166694393935160429533        0.300000011920928955078125000000000000        -1.00000000000000000000000000000000000         4.50000000000000000000000000000000000         50.0000000000000000000000000000000000         2.28478523923513508534284508444231841         2.28478523923513508534284508444231841         2.28478523923513508534284508444231841         2.28478523923513508534284508444231841         2.28478523923513508534284508444231841         0.00000000000000000000000000000000000        -1.21203005833323669785679826370062560E-0002   124250.751809979096522920066925726442         20275.0658080183232713892851099908180      
   91.1588829975129113180355582295095585         0.00000000000000000000000000000000000         0.00000000000000000000000000000000000         9.99999999999999999999999999999999807E-0002  0.900000000000000000000000000000000019        0.724999999999999999999999999999999981        0.275000000000000000000000000000000019        0.512000024318695068359375000000000000        0.425000011920928955078125000000000000         6.30000010132789611816406250000000000E-0002  0.870056494511586616800702331296776776        0.129943505488413383199297668703223248         0.00000000000000000000000000000000000        0.683022559859958444886526535977552353        0.167811590859605266884724425470909642        0.129098359310438402074632433326122454         278.311176733591166694393935160429533        0.300000011920928955078125000000000000        -1.00000000000000000000000000000000000         4.50000000000000000000000000000000000         50.0000000000000000000000000000000000         2.30373296631206728489395066768811995         2.30373296631206728489395066768811995         2.30373296631206728489395066768811995         2.30373296631206728489395066768811995         2.30373296631206728489395066768811995         0.00000000000000000000000000000000000         4.42460257979824605449970088363955219E-0002   132534.940868013932948557424853320644         20437.0779531957517882750099126870831      
   95.4771611420855187564395181622441053         0.00000000000000000000000000000000000         0.00000000000000000000000000000000000         9.99999999999999999999999999999999807E-0002  0.900000000000000000000000000000000019        0.724999999999999999999999999999999981        0.275000000000000000000000000000000019        0.512000024318695068359375000000000000        0.425000011920928955078125000000000000         6.30000010132789611816406250000000000E-0002  0.870056494511586616800702331296776776        0.129943505488413383199297668703223248         0.00000000000000000000000000000000000        0.683022559859958444886526535977552353        0.167811590859605266884724425470909642        0.129098359310438402074632433326122454         278.311176733591166694393935160429533        0.300000011920928955078125000000000000        -1.00000000000000000000000000000000000         4.50000000000000000000000000000000000         50.0000000000000000000000000000000000         2.31951892536454132674070801880668880         2.31951892536454132674070801880668880         2.31951892536454132674070801880668880         2.31951892536454132674070801880668880         2.31951892536454132674070801880668880         0.00000000000000000000000000000000000        -4.11813890769730385408704406281130061E-0002   141384.717047522317147149241170227997         20607.3893187825559291530390682639008      
   100.000000000005197392984105217599543         0.00000000000000000000000000000000000         0.00000000000000000000000000000000000         9.99999999999999999999999999999999807E-0002  0.900000000000000000000000000000000019        0.724999999999999999999999999999999981        0.275000000000000000000000000000000019        0.512000024318695068359375000000000000        0.425000011920928955078125000000000000         6.30000010132789611816406250000000000E-0002  0.870056494511586616800702331296776776        0.129943505488413383199297668703223248         0.00000000000000000000000000000000000        0.683022559859958444886526535977552353        0.167811590859605266884724425470909642        0.129098359310438402074632433326122454         278.311176733591166694393935160429533        0.300000011920928955078125000000000000        -1.00000000000000000000000000000000000         4.50000000000000000000000000000000000         50.0000000000000000000000000000000000         2.33795136066309366654101591273296369         2.33795136066309366654101591273296369         2.33795136066309366654101591273296369         2.33795136066309366654101591273296369         2.33795136066309366654101591273296369         0.00000000000000000000000000000000000        -1.41115440622016318492550750832343757E-0002   150832.601785959064115839169425590848         20785.0497483500571184637339940946633      
