 mass envelope_frac water_frac mantle_frac core_frac H_frac_envelope He_frac_envelope MgO_frac_mantle SiO2_frac_mantle FeO_frac_mantle Fe_frac_solid_core FeS_frac_solid_core FeO_frac_solid_core Fe_frac_liquid_core FeS_frac_liquid_core FeO_frac_liquid_core T_eq albedo rotation_period age atmospheric_Z 100pa_radius 2000pa_radius transit_radius twothirdsopt_radius condensed_radius diff_v_2000pa diff_v_100pa inner_pressure inner_temperature
   1.00000000000000000000000000000000002E-0002   0.00000000000000000000000000000000000         0.00000000000000000000000000000000000        0.550000000000000000000000000000000039        0.449999999999999999999999999999999961        0.724999999999999999999999999999999981        0.275000000000000000000000000000000019        0.512000024318695068359375000000000000        0.425000011920928955078125000000000000         6.30000010132789611816406250000000000E-0002  0.870056494511586616800702331296776776        0.129943505488413383199297668703223248         0.00000000000000000000000000000000000        0.683022559859958444886526535977552353        0.167811590859605266884724425470909642        0.129098359310438402074632433326122454         2000.00000000000000000000000000000000        0.300000011920928955078125000000000000        -1.00000000000000000000000000000000000         4.50000000000000000000000000000000000         50.0000000000000000000000000000000000        0.241590935031759172773997843190937551        0.241577388553390453530548834501869065        0.241577388553390453530548834501869065        0.241577388553390453530548834501869065        0.241577388553390453530548834501869065         0.00000000000000000000000000000000000        -5.60751088909356595414422362011045557E-0003   9.44984885699132556160381395215772198         2053.61766087736045705985850667456433      
   1.04737089795944979999999999999999994E-0002   0.00000000000000000000000000000000000         0.00000000000000000000000000000000000        0.550000000000000000000000000000000039        0.449999999999999999999999999999999961        0.724999999999999999999999999999999981        0.275000000000000000000000000000000019        0.512000024318695068359375000000000000        0.425000011920928955078125000000000000         6.30000010132789611816406250000000000E-0002  0.870056494511586616800702331296776776        0.129943505488413383199297668703223248         0.00000000000000000000000000000000000        0.683022559859958444886526535977552353        0.167811590859605266884724425470909642        0.129098359310438402074632433326122454         2000.00000000000000000000000000000000        0.300000011920928955078125000000000000        -1.00000000000000000000000000000000000         4.50000000000000000000000000000000000         50.0000000000000000000000000000000000        0.245279103165032600353794252879727343        0.245338575405916331577446420947082721        0.245338575405916331577446420947082721        0.245338575405916331577446420947082721        0.245338575405916331577446420947082721         0.00000000000000000000000000000000000         2.42408845756658993559011294834720495E-0002   9.76176401118474048299497078098386347         2059.99233158839125147513552401605984      
   1.09698579789238420522548511872003990E-0002   0.00000000000000000000000000000000000         0.00000000000000000000000000000000000        0.550000000000000000000000000000000039        0.449999999999999999999999999999999961        0.724999999999999999999999999999999981        0.275000000000000000000000000000000019        0.512000024318695068359375000000000000        0.425000011920928955078125000000000000         6.30000010132789611816406250000000000E-0002  0.870056494511586616800702331296776776        0.129943505488413383199297668703223248         0.00000000000000000000000000000000000        0.683022559859958444886526535977552353        0.167811590859605266884724425470909642        0.129098359310438402074632433326122454         2000.00000000000000000000000000000000        0.300000011920928955078125000000000000        -1.00000000000000000000000000000000000         4.50000000000000000000000000000000000         50.0000000000000000000000000000000000        0.249032036537746326008090420923147176        0.249043764638741257134450175226523186        0.249043764638741257134450175226523186        0.249043764638741257134450175226523186        0.249043764638741257134450175226523186         0.00000000000000000000000000000000000         4.70925301500469790926838802948797951E-0003   10.0870261802218669367638668380769750         2066.52636556347672900200335859210733      
   1.14895100018730995888633688328071024E-0002   0.00000000000000000000000000000000000         0.00000000000000000000000000000000000        0.550000000000000000000000000000000039        0.449999999999999999999999999999999961        0.724999999999999999999999999999999981        0.275000000000000000000000000000000019        0.512000024318695068359375000000000000        0.425000011920928955078125000000000000         6.30000010132789611816406250000000000E-0002  0.870056494511586616800702331296776776        0.129943505488413383199297668703223248         0.00000000000000000000000000000000000        0.683022559859958444886526535977552353        0.167811590859605266884724425470909642        0.129098359310438402074632433326122454         2000.00000000000000000000000000000000        0.300000011920928955078125000000000000        -1.00000000000000000000000000000000000         4.50000000000000000000000000000000000         50.0000000000000000000000000000000000        0.252825740707307614890869133459375917        0.252866846383395591602676237989707200        0.252866846383395591602676237989707200        0.252866846383395591602676237989707200        0.252866846383395591602676237989707200         0.00000000000000000000000000000000000         1.62558582415555054345876555814524343E-0002   10.4253016837787596401117701802649948         2073.24370161541272526926491376085161      
   1.20337784077759080699533028507740594E-0002   0.00000000000000000000000000000000000         0.00000000000000000000000000000000000        0.550000000000000000000000000000000039        0.449999999999999999999999999999999961        0.724999999999999999999999999999999981        0.275000000000000000000000000000000019        0.512000024318695068359375000000000000        0.425000011920928955078125000000000000         6.30000010132789611816406250000000000E-0002  0.870056494511586616800702331296776776        0.129943505488413383199297668703223248         0.00000000000000000000000000000000000        0.683022559859958444886526535977552353        0.167811590859605266884724425470909642        0.129098359310438402074632433326122454         2000.00000000000000000000000000000000        0.300000011920928955078125000000000000        -1.00000000000000000000000000000000000         4.50000000000000000000000000000000000         50.0000000000000000000000000000000000        0.256690037706062375917446786637385283        0.256721793985637209975535856384960369        0.256721793985637209975535856384960369        0.256721793985637209975535856384960369        0.256721793985637209975535856384960369         0.00000000000000000000000000000000000         1.23699196245920296392696928765374714E-0002   10.7706752405424133989427068916108266         2080.09553965284043181918655151720818      
   1.26038292967972908968014429974629652E-0002   0.00000000000000000000000000000000000         0.00000000000000000000000000000000000        0.550000000000000000000000000000000039        0.449999999999999999999999999999999961        0.724999999999999999999999999999999981        0.275000000000000000000000000000000019        0.512000024318695068359375000000000000        0.425000011920928955078125000000000000         6.30000010132789611816406250000000000E-0002  0.870056494511586616800702331296776776        0.129943505488413383199297668703223248         0.00000000000000000000000000000000000        0.683022559859958444886526535977552353        0.167811590859605266884724425470909642        0.129098359310438402074632433326122454         2000.00000000000000000000000000000000        0.300000011920928955078125000000000000        -1.00000000000000000000000000000000000         4.50000000000000000000000000000000000         50.0000000000000000000000000000000000        0.260604966728842333234523162948018900        0.260597029544859729551070036922503847        0.260597029544859729551070036922503847        0.260597029544859729551070036922503847        0.260597029544859729551070036922503847         0.00000000000000000000000000000000000        -3.04576916953589436096099148354399201E-0003   11.1354448299875046133662321438201155         2087.14484234835885691902509414456765      
   1.32008840083141992917991631746251185E-0002   0.00000000000000000000000000000000000         0.00000000000000000000000000000000000        0.550000000000000000000000000000000039        0.449999999999999999999999999999999961        0.724999999999999999999999999999999981        0.275000000000000000000000000000000019        0.512000024318695068359375000000000000        0.425000011920928955078125000000000000         6.30000010132789611816406250000000000E-0002  0.870056494511586616800702331296776776        0.129943505488413383199297668703223248         0.00000000000000000000000000000000000        0.683022559859958444886526535977552353        0.167811590859605266884724425470909642        0.129098359310438402074632433326122454         2000.00000000000000000000000000000000        0.300000011920928955078125000000000000        -1.00000000000000000000000000000000000         4.50000000000000000000000000000000000         50.0000000000000000000000000000000000        0.264569565379355188992087409704985045        0.264562381738587543111858733860981443        0.264562381738587543111858733860981443        0.264562381738587543111858733860981443        0.264562381738587543111858733860981443         0.00000000000000000000000000000000000        -2.71529184173432160277298774959569961E-0003   11.5107259409572538259046458170416370         2094.40144865491499969578893577865561      
   1.38262217376465838916887111257333255E-0002   0.00000000000000000000000000000000000         0.00000000000000000000000000000000000        0.550000000000000000000000000000000039        0.449999999999999999999999999999999961        0.724999999999999999999999999999999981        0.275000000000000000000000000000000019        0.512000024318695068359375000000000000        0.425000011920928955078125000000000000         6.30000010132789611816406250000000000E-0002  0.870056494511586616800702331296776776        0.129943505488413383199297668703223248         0.00000000000000000000000000000000000        0.683022559859958444886526535977552353        0.167811590859605266884724425470909642        0.129098359310438402074632433326122454         2000.00000000000000000000000000000000        0.300000011920928955078125000000000000        -1.00000000000000000000000000000000000         4.50000000000000000000000000000000000         50.0000000000000000000000000000000000        0.268610162343901947900073198608313706        0.268607420663861242229559846913167436        0.268607420663861242229559846913167436        0.268607420663861242229559846913167436        0.268607420663861242229559846913167436         0.00000000000000000000000000000000000        -1.02070152564274981151439037123120284E-0003   11.8972856815829195115072884853501563         2101.78069895798402467664848277547293      
   1.44811822767453669205644236020971476E-0002   0.00000000000000000000000000000000000         0.00000000000000000000000000000000000        0.550000000000000000000000000000000039        0.449999999999999999999999999999999961        0.724999999999999999999999999999999981        0.275000000000000000000000000000000019        0.512000024318695068359375000000000000        0.425000011920928955078125000000000000         6.30000010132789611816406250000000000E-0002  0.870056494511586616800702331296776776        0.129943505488413383199297668703223248         0.00000000000000000000000000000000000        0.683022559859958444886526535977552353        0.167811590859605266884724425470909642        0.129098359310438402074632433326122454         2000.00000000000000000000000000000000        0.300000011920928955078125000000000000        -1.00000000000000000000000000000000000         4.50000000000000000000000000000000000         50.0000000000000000000000000000000000        0.272704237351133074461440889671915509        0.272699295040632288959665172876819234        0.272699295040632288959665172876819234        0.272699295040632288959665172876819234        0.272699295040632288959665172876819234         0.00000000000000000000000000000000000        -1.81236643829574103134387560314499025E-0003   12.2982874154833972808915170080048116         2109.34450765515447698237086846366650      
   1.51671688847092646313725750372786121E-0002   0.00000000000000000000000000000000000         0.00000000000000000000000000000000000        0.550000000000000000000000000000000039        0.449999999999999999999999999999999961        0.724999999999999999999999999999999981        0.275000000000000000000000000000000019        0.512000024318695068359375000000000000        0.425000011920928955078125000000000000         6.30000010132789611816406250000000000E-0002  0.870056494511586616800702331296776776        0.129943505488413383199297668703223248         0.00000000000000000000000000000000000        0.683022559859958444886526535977552353        0.167811590859605266884724425470909642        0.129098359310438402074632433326122454         2000.00000000000000000000000000000000        0.300000011920928955078125000000000000        -1.00000000000000000000000000000000000         4.50000000000000000000000000000000000         50.0000000000000000000000000000000000        0.276861078396542408428230405303824667        0.276845528707697007872593989392607357        0.276845528707697007872593989392607357        0.276845528707697007872593989392607357        0.276845528707697007872593989392607357         0.00000000000000000000000000000000000        -5.61673830095282114888950731056376069E-0003   12.7150199312847781050782868254638813         2117.09317697928190905596065335510593      
   1.58856512942805692341715952667117983E-0002   0.00000000000000000000000000000000000         0.00000000000000000000000000000000000        0.550000000000000000000000000000000039        0.449999999999999999999999999999999961        0.724999999999999999999999999999999981        0.275000000000000000000000000000000019        0.512000024318695068359375000000000000        0.425000011920928955078125000000000000         6.30000010132789611816406250000000000E-0002  0.870056494511586616800702331296776776        0.129943505488413383199297668703223248         0.00000000000000000000000000000000000        0.683022559859958444886526535977552353        0.167811590859605266884724425470909642        0.129098359310438402074632433326122454         2000.00000000000000000000000000000000        0.300000011920928955078125000000000000        -1.00000000000000000000000000000000000         4.50000000000000000000000000000000000         50.0000000000000000000000000000000000        0.281080798184045070666708158840416846        0.281051629408519991219456136438880651        0.281051629408519991219456136438880651        0.281051629408519991219456136438880651        0.281051629408519991219456136438880651         0.00000000000000000000000000000000000        -1.03784402838958260994582864473125914E-0002   13.1430186906215001863926745532834936         2125.04010109389577244591510502216729      
   1.66381688607613357256321400820289791E-0002   0.00000000000000000000000000000000000         0.00000000000000000000000000000000000        0.550000000000000000000000000000000039        0.449999999999999999999999999999999961        0.724999999999999999999999999999999981        0.275000000000000000000000000000000019        0.512000024318695068359375000000000000        0.425000011920928955078125000000000000         6.30000010132789611816406250000000000E-0002  0.870056494511586616800702331296776776        0.129943505488413383199297668703223248         0.00000000000000000000000000000000000        0.683022559859958444886526535977552353        0.167811590859605266884724425470909642        0.129098359310438402074632433326122454         2000.00000000000000000000000000000000        0.300000011920928955078125000000000000        -1.00000000000000000000000000000000000         4.50000000000000000000000000000000000         50.0000000000000000000000000000000000        0.285341868650230977301872728947270641        0.285356543842187316893407087819333807        0.285356543842187316893407087819333807        0.285356543842187316893407087819333807        0.285356543842187316893407087819333807         0.00000000000000000000000000000000000         5.14275641229223515344845358994554991E-0003   13.5903304127693208195821611926605904         2133.24022862787629829992138928395008      
   1.74263338600965560876971718594349557E-0002   0.00000000000000000000000000000000000         0.00000000000000000000000000000000000        0.550000000000000000000000000000000039        0.449999999999999999999999999999999961        0.724999999999999999999999999999999981        0.275000000000000000000000000000000019        0.512000024318695068359375000000000000        0.425000011920928955078125000000000000         6.30000010132789611816406250000000000E-0002  0.870056494511586616800702331296776776        0.129943505488413383199297668703223248         0.00000000000000000000000000000000000        0.683022559859958444886526535977552353        0.167811590859605266884724425470909642        0.129098359310438402074632433326122454         2000.00000000000000000000000000000000        0.300000011920928955078125000000000000        -1.00000000000000000000000000000000000         4.50000000000000000000000000000000000         50.0000000000000000000000000000000000        0.289679127259980483784141432965923167        0.289692168238165719643185069398802549        0.289692168238165719643185069398802549        0.289692168238165719643185069398802549        0.289692168238165719643185069398802549         0.00000000000000000000000000000000000         4.50166749917603234902797342141750528E-0003   14.0521910239699602897448433862407500         2141.58292380822685618372118516506512      
   1.82518349431904949929850662738093818E-0002   0.00000000000000000000000000000000000         0.00000000000000000000000000000000000        0.550000000000000000000000000000000039        0.449999999999999999999999999999999961        0.724999999999999999999999999999999981        0.275000000000000000000000000000000019        0.512000024318695068359375000000000000        0.425000011920928955078125000000000000         6.30000010132789611816406250000000000E-0002  0.870056494511586616800702331296776776        0.129943505488413383199297668703223248         0.00000000000000000000000000000000000        0.683022559859958444886526535977552353        0.167811590859605266884724425470909642        0.129098359310438402074632433326122454         2000.00000000000000000000000000000000        0.300000011920928955078125000000000000        -1.00000000000000000000000000000000000         4.50000000000000000000000000000000000         50.0000000000000000000000000000000000        0.294082242502072152493373995614225987        0.294133623712229459903328963215483200        0.294133623712229459903328963215483200        0.294133623712229459903328963215483200        0.294133623712229459903328963215483200         0.00000000000000000000000000000000000         1.74686625448769075473073957827824455E-0002   14.5304745785247661113913871643839534         2150.09806478506156435522983739997824      
   1.91164407538570921685539093537247029E-0002   0.00000000000000000000000000000000000         0.00000000000000000000000000000000000        0.550000000000000000000000000000000039        0.449999999999999999999999999999999961        0.724999999999999999999999999999999981        0.275000000000000000000000000000000019        0.512000024318695068359375000000000000        0.425000011920928955078125000000000000         6.30000010132789611816406250000000000E-0002  0.870056494511586616800702331296776776        0.129943505488413383199297668703223248         0.00000000000000000000000000000000000        0.683022559859958444886526535977552353        0.167811590859605266884724425470909642        0.129098359310438402074632433326122454         2000.00000000000000000000000000000000        0.300000011920928955078125000000000000        -1.00000000000000000000000000000000000         4.50000000000000000000000000000000000         50.0000000000000000000000000000000000        0.298546147169509720247349020253839132        0.298568350744584665979034662327057632        0.298568350744584665979034662327057632        0.298568350744584665979034662327057632        0.298568350744584665979034662327057632         0.00000000000000000000000000000000000         7.43668075319214080781141486630208716E-0003   15.0263301250444707444711015652214839         2158.87792555253842403349364782157987      
   2.00220037181559240923900195423679447E-0002   0.00000000000000000000000000000000000         0.00000000000000000000000000000000000        0.550000000000000000000000000000000039        0.449999999999999999999999999999999961        0.724999999999999999999999999999999981        0.275000000000000000000000000000000019        0.512000024318695068359375000000000000        0.425000011920928955078125000000000000         6.30000010132789611816406250000000000E-0002  0.870056494511586616800702331296776776        0.129943505488413383199297668703223248         0.00000000000000000000000000000000000        0.683022559859958444886526535977552353        0.167811590859605266884724425470909642        0.129098359310438402074632433326122454         2000.00000000000000000000000000000000        0.300000011920928955078125000000000000        -1.00000000000000000000000000000000000         4.50000000000000000000000000000000000         50.0000000000000000000000000000000000        0.303058427686741192980386722304128351        0.303070731507218803920833728701165593        0.303070731507218803920833728701165593        0.303070731507218803920833728701165593        0.303070731507218803920833728701165593         0.00000000000000000000000000000000000         4.05971913434929538320039095956630455E-0003   15.5424878224969359392140331666257582         2167.92601575874381633986621728732435      
   2.09704640132324128654944033811962271E-0002   0.00000000000000000000000000000000000         0.00000000000000000000000000000000000        0.550000000000000000000000000000000039        0.449999999999999999999999999999999961        0.724999999999999999999999999999999981        0.275000000000000000000000000000000019        0.512000024318695068359375000000000000        0.425000011920928955078125000000000000         6.30000010132789611816406250000000000E-0002  0.870056494511586616800702331296776776        0.129943505488413383199297668703223248         0.00000000000000000000000000000000000        0.683022559859958444886526535977552353        0.167811590859605266884724425470909642        0.129098359310438402074632433326122454         2000.00000000000000000000000000000000        0.300000011920928955078125000000000000        -1.00000000000000000000000000000000000         4.50000000000000000000000000000000000         50.0000000000000000000000000000000000        0.307639905309020814101526255766378226        0.307665815047482815194017819166978035        0.307665815047482815194017819166978035        0.307665815047482815194017819166978035        0.307665815047482815194017819166978035         0.00000000000000000000000000000000000         8.42139009106435155880284770017953063E-0003   16.0770347783534195587051092222842870         2177.13855804906933968204243287779104      
   2.19638537241655596358102494951593575E-0002   0.00000000000000000000000000000000000         0.00000000000000000000000000000000000        0.550000000000000000000000000000000039        0.449999999999999999999999999999999961        0.724999999999999999999999999999999981        0.275000000000000000000000000000000019        0.512000024318695068359375000000000000        0.425000011920928955078125000000000000         6.30000010132789611816406250000000000E-0002  0.870056494511586616800702331296776776        0.129943505488413383199297668703223248         0.00000000000000000000000000000000000        0.683022559859958444886526535977552353        0.167811590859605266884724425470909642        0.129098359310438402074632433326122454         2000.00000000000000000000000000000000        0.300000011920928955078125000000000000        -1.00000000000000000000000000000000000         4.50000000000000000000000000000000000         50.0000000000000000000000000000000000        0.312319141683492280243233242608136201        0.312337514007569759183135949238453839        0.312337514007569759183135949238453839        0.312337514007569759183135949238453839        0.312337514007569759183135949238453839         0.00000000000000000000000000000000000         5.88220218626497467817497382755857503E-0003   16.6266764517095589227789251071604898         2186.45791524821180887352092808361585      
   2.30043011977292878351454756950050690E-0002   0.00000000000000000000000000000000000         0.00000000000000000000000000000000000        0.550000000000000000000000000000000039        0.449999999999999999999999999999999961        0.724999999999999999999999999999999981        0.275000000000000000000000000000000019        0.512000024318695068359375000000000000        0.425000011920928955078125000000000000         6.30000010132789611816406250000000000E-0002  0.870056494511586616800702331296776776        0.129943505488413383199297668703223248         0.00000000000000000000000000000000000        0.683022559859958444886526535977552353        0.167811590859605266884724425470909642        0.129098359310438402074632433326122454         2000.00000000000000000000000000000000        0.300000011920928955078125000000000000        -1.00000000000000000000000000000000000         4.50000000000000000000000000000000000         50.0000000000000000000000000000000000        0.317044921575501893371097234122212899        0.317118500787818738007931360991182212        0.317118500787818738007931360991182212        0.317118500787818738007931360991182212        0.317118500787818738007931360991182212         0.00000000000000000000000000000000000         2.32024344634739097393779844018073515E-0002   17.1996437616874525964636567928589202         2196.05767590866283053516181481481664      
   2.40940356023953707463686306717419161E-0002   0.00000000000000000000000000000000000         0.00000000000000000000000000000000000        0.550000000000000000000000000000000039        0.449999999999999999999999999999999961        0.724999999999999999999999999999999981        0.275000000000000000000000000000000019        0.512000024318695068359375000000000000        0.425000011920928955078125000000000000         6.30000010132789611816406250000000000E-0002  0.870056494511586616800702331296776776        0.129943505488413383199297668703223248         0.00000000000000000000000000000000000        0.683022559859958444886526535977552353        0.167811590859605266884724425470909642        0.129098359310438402074632433326122454         2000.00000000000000000000000000000000        0.300000011920928955078125000000000000        -1.00000000000000000000000000000000000         4.50000000000000000000000000000000000         50.0000000000000000000000000000000000        0.321844107824440671002484943453245069        0.321852461921033064825113164678270254        0.321852461921033064825113164678270254        0.321852461921033064825113164678270254        0.321852461921033064825113164678270254         0.00000000000000000000000000000000000         2.59562923413135534222452026393284453E-0003   17.7924798134647649169057703177262616         2205.99120606064837085906373173753861      
   2.52353917043477924471827901828532746E-0002   0.00000000000000000000000000000000000         0.00000000000000000000000000000000000        0.550000000000000000000000000000000039        0.449999999999999999999999999999999961        0.724999999999999999999999999999999981        0.275000000000000000000000000000000019        0.512000024318695068359375000000000000        0.425000011920928955078125000000000000         6.30000010132789611816406250000000000E-0002  0.870056494511586616800702331296776776        0.129943505488413383199297668703223248         0.00000000000000000000000000000000000        0.683022559859958444886526535977552353        0.167811590859605266884724425470909642        0.129098359310438402074632433326122454         2000.00000000000000000000000000000000        0.300000011920928955078125000000000000        -1.00000000000000000000000000000000000         4.50000000000000000000000000000000000         50.0000000000000000000000000000000000        0.326696607308361586284850243599589121        0.326704543006871071945897713542474249        0.326704543006871071945897713542474249        0.326704543006871071945897713542474249        0.326704543006871071945897713542474249         0.00000000000000000000000000000000000         2.42901382284076832079030907904443271E-0003   18.4096964369462035191976291181486045         2216.26058528818601083126616384036839      
   2.64308148697411976990338126706688651E-0002   0.00000000000000000000000000000000000         0.00000000000000000000000000000000000        0.550000000000000000000000000000000039        0.449999999999999999999999999999999961        0.724999999999999999999999999999999981        0.275000000000000000000000000000000019        0.512000024318695068359375000000000000        0.425000011920928955078125000000000000         6.30000010132789611816406250000000000E-0002  0.870056494511586616800702331296776776        0.129943505488413383199297668703223248         0.00000000000000000000000000000000000        0.683022559859958444886526535977552353        0.167811590859605266884724425470909642        0.129098359310438402074632433326122454         2000.00000000000000000000000000000000        0.300000011920928955078125000000000000        -1.00000000000000000000000000000000000         4.50000000000000000000000000000000000         50.0000000000000000000000000000000000        0.331630309571010643179917185181006228        0.331643798241041568189685954071262979        0.331643798241041568189685954071262979        0.331643798241041568189685954071262979        0.331643798241041568189685954071262979         0.00000000000000000000000000000000000         4.06721612237757820085218031881262597E-0003   19.0480284668222720536136239867864343         2226.74270954331984628691178419543937      
   2.76828663039208164325015985943068658E-0002   0.00000000000000000000000000000000000         0.00000000000000000000000000000000000        0.550000000000000000000000000000000039        0.449999999999999999999999999999999961        0.724999999999999999999999999999999981        0.275000000000000000000000000000000019        0.512000024318695068359375000000000000        0.425000011920928955078125000000000000         6.30000010132789611816406250000000000E-0002  0.870056494511586616800702331296776776        0.129943505488413383199297668703223248         0.00000000000000000000000000000000000        0.683022559859958444886526535977552353        0.167811590859605266884724425470909642        0.129098359310438402074632433326122454         2000.00000000000000000000000000000000        0.300000011920928955078125000000000000        -1.00000000000000000000000000000000000         4.50000000000000000000000000000000000         50.0000000000000000000000000000000000        0.336649153372820601626281489863763101        0.336756970406692513367313594321683572        0.336756970406692513367313594321683572        0.336756970406692513367313594321683572        0.336756970406692513367313594321683572         0.00000000000000000000000000000000000         3.20162738552089811842032385180611056E-0002   19.7080235096064178194434448125667587         2237.35533819038404864868751012022432      
   2.89942285388289406626051058156534930E-0002   0.00000000000000000000000000000000000         0.00000000000000000000000000000000000        0.550000000000000000000000000000000039        0.449999999999999999999999999999999961        0.724999999999999999999999999999999981        0.275000000000000000000000000000000019        0.512000024318695068359375000000000000        0.425000011920928955078125000000000000         6.30000010132789611816406250000000000E-0002  0.870056494511586616800702331296776776        0.129943505488413383199297668703223248         0.00000000000000000000000000000000000        0.683022559859958444886526535977552353        0.167811590859605266884724425470909642        0.129098359310438402074632433326122454         2000.00000000000000000000000000000000        0.300000011920928955078125000000000000        -1.00000000000000000000000000000000000         4.50000000000000000000000000000000000         50.0000000000000000000000000000000000        0.341707258687590238912538336715152033        0.341718006426118767511412455786331002        0.341718006426118767511412455786331002        0.341718006426118767511412455786331002        0.341718006426118767511412455786331002         0.00000000000000000000000000000000000         3.14520696200196185504874233712114733E-0003   20.3973311700203583195310143909130820         2248.45647875888993381662530397940235      
   3.03677111803547736840862033878692513E-0002   0.00000000000000000000000000000000000         0.00000000000000000000000000000000000        0.550000000000000000000000000000000039        0.449999999999999999999999999999999961        0.724999999999999999999999999999999981        0.275000000000000000000000000000000019        0.512000024318695068359375000000000000        0.425000011920928955078125000000000000         6.30000010132789611816406250000000000E-0002  0.870056494511586616800702331296776776        0.129943505488413383199297668703223248         0.00000000000000000000000000000000000        0.683022559859958444886526535977552353        0.167811590859605266884724425470909642        0.129098359310438402074632433326122454         2000.00000000000000000000000000000000        0.300000011920928955078125000000000000        -1.00000000000000000000000000000000000         4.50000000000000000000000000000000000         50.0000000000000000000000000000000000        0.346861717137536674150397336641174207        0.347002514644149093091171221002973903        0.347002514644149093091171221002973903        0.347002514644149093091171221002973903        0.347002514644149093091171221002973903         0.00000000000000000000000000000000000         4.05753562785580139304239489868909164E-0002   21.1089363224776732895307878549502867         2259.61201644215649635511001835671171      
   3.18062569279414025101825130079188269E-0002   0.00000000000000000000000000000000000         0.00000000000000000000000000000000000        0.550000000000000000000000000000000039        0.449999999999999999999999999999999961        0.724999999999999999999999999999999981        0.275000000000000000000000000000000019        0.512000024318695068359375000000000000        0.425000011920928955078125000000000000         6.30000010132789611816406250000000000E-0002  0.870056494511586616800702331296776776        0.129943505488413383199297668703223248         0.00000000000000000000000000000000000        0.683022559859958444886526535977552353        0.167811590859605266884724425470909642        0.129098359310438402074632433326122454         2000.00000000000000000000000000000000        0.300000011920928955078125000000000000        -1.00000000000000000000000000000000000         4.50000000000000000000000000000000000         50.0000000000000000000000000000000000        0.352090976369014134842342256096957087        0.352179939418069550611946043461512300        0.352179939418069550611946043461512300        0.352179939418069550611946043461512300        0.352179939418069550611946043461512300         0.00000000000000000000000000000000000         2.52606804358065825050560337928766886E-0002   21.8469900821827560144874652757669989         2271.07317262917714499188323473791143      
   3.33129478793469579587899033329322212E-0002   0.00000000000000000000000000000000000         0.00000000000000000000000000000000000        0.550000000000000000000000000000000039        0.449999999999999999999999999999999961        0.724999999999999999999999999999999981        0.275000000000000000000000000000000019        0.512000024318695068359375000000000000        0.425000011920928955078125000000000000         6.30000010132789611816406250000000000E-0002  0.870056494511586616800702331296776776        0.129943505488413383199297668703223248         0.00000000000000000000000000000000000        0.683022559859958444886526535977552353        0.167811590859605266884724425470909642        0.129098359310438402074632433326122454         2000.00000000000000000000000000000000        0.300000011920928955078125000000000000        -1.00000000000000000000000000000000000         4.50000000000000000000000000000000000         50.0000000000000000000000000000000000        0.357382798294576764096518699788593854        0.357362608699014509656861064274065368        0.357362608699014509656861064274065368        0.357362608699014509656861064274065368        0.357362608699014509656861064274065368         0.00000000000000000000000000000000000        -5.64961052745698630328152846265667154E-0003   22.6141975486170749359222126706773304         2282.92414957416472996882150568284087      
   3.48910121340679723117689330325258897E-0002   0.00000000000000000000000000000000000         0.00000000000000000000000000000000000        0.550000000000000000000000000000000039        0.449999999999999999999999999999999961        0.724999999999999999999999999999999981        0.275000000000000000000000000000000019        0.512000024318695068359375000000000000        0.425000011920928955078125000000000000         6.30000010132789611816406250000000000E-0002  0.870056494511586616800702331296776776        0.129943505488413383199297668703223248         0.00000000000000000000000000000000000        0.683022559859958444886526535977552353        0.167811590859605266884724425470909642        0.129098359310438402074632433326122454         2000.00000000000000000000000000000000        0.300000011920928955078125000000000000        -1.00000000000000000000000000000000000         4.50000000000000000000000000000000000         50.0000000000000000000000000000000000        0.362740484949060870086298870002280713        0.362747620500206216516871767360891947        0.362747620500206216516871767360891947        0.362747620500206216516871767360891947        0.362747620500206216516871767360891947         0.00000000000000000000000000000000000         1.96708420457919285520626611228474817E-0003   23.4124039770284072844327260079640048         2295.03115254045646501251851271526287      
   3.65438307095728310329776802679418081E-0002   0.00000000000000000000000000000000000         0.00000000000000000000000000000000000        0.550000000000000000000000000000000039        0.449999999999999999999999999999999961        0.724999999999999999999999999999999981        0.275000000000000000000000000000000019        0.512000024318695068359375000000000000        0.425000011920928955078125000000000000         6.30000010132789611816406250000000000E-0002  0.870056494511586616800702331296776776        0.129943505488413383199297668703223248         0.00000000000000000000000000000000000        0.683022559859958444886526535977552353        0.167811590859605266884724425470909642        0.129098359310438402074632433326122454         2000.00000000000000000000000000000000        0.300000011920928955078125000000000000        -1.00000000000000000000000000000000000         4.50000000000000000000000000000000000         50.0000000000000000000000000000000000        0.368177601624436466908828556777826729        0.368184670846957563952418390186771460        0.368184670846957563952418390186771460        0.368184670846957563952418390186771460        0.368184670846957563952418390186771460         0.00000000000000000000000000000000000         1.92002087018866961525188634447245434E-0003   24.2402824009895287867406554361430591         2307.38092081909508995370400606270453      
   3.82749447851634135913727803832376407E-0002   0.00000000000000000000000000000000000         0.00000000000000000000000000000000000        0.550000000000000000000000000000000039        0.449999999999999999999999999999999961        0.724999999999999999999999999999999981        0.275000000000000000000000000000000019        0.512000024318695068359375000000000000        0.425000011920928955078125000000000000         6.30000010132789611816406250000000000E-0002  0.870056494511586616800702331296776776        0.129943505488413383199297668703223248         0.00000000000000000000000000000000000        0.683022559859958444886526535977552353        0.167811590859605266884724425470909642        0.129098359310438402074632433326122454         2000.00000000000000000000000000000000        0.300000011920928955078125000000000000        -1.00000000000000000000000000000000000         4.50000000000000000000000000000000000         50.0000000000000000000000000000000000        0.373705723142320340102499827121538314        0.373737840547298677868897273311625353        0.373737840547298677868897273311625353        0.373737840547298677868897273311625353        0.373737840547298677868897273311625353         0.00000000000000000000000000000000000         8.59356519299873347434190006368810236E-0003   25.0972346229947673507942500657198848         2319.94399386422007358221458770608112      
   4.00880632889849649039141805889355062E-0002   0.00000000000000000000000000000000000         0.00000000000000000000000000000000000        0.550000000000000000000000000000000039        0.449999999999999999999999999999999961        0.724999999999999999999999999999999981        0.275000000000000000000000000000000019        0.512000024318695068359375000000000000        0.425000011920928955078125000000000000         6.30000010132789611816406250000000000E-0002  0.870056494511586616800702331296776776        0.129943505488413383199297668703223248         0.00000000000000000000000000000000000        0.683022559859958444886526535977552353        0.167811590859605266884724425470909642        0.129098359310438402074632433326122454         2000.00000000000000000000000000000000        0.300000011920928955078125000000000000        -1.00000000000000000000000000000000000         4.50000000000000000000000000000000000         50.0000000000000000000000000000000000        0.379298027885628344473430722678859195        0.379316836876496461885179060758836471        0.379316836876496461885179060758836471        0.379316836876496461885179060758836471        0.379316836876496461885179060758836471         0.00000000000000000000000000000000000         4.95864908686917022175837823081058826E-0003   25.9895595768270035135145770617268601         2332.88793934194852928493515670984734      
   4.19870708444394372159300809145208468E-0002   0.00000000000000000000000000000000000         0.00000000000000000000000000000000000        0.550000000000000000000000000000000039        0.449999999999999999999999999999999961        0.724999999999999999999999999999999981        0.275000000000000000000000000000000019        0.512000024318695068359375000000000000        0.425000011920928955078125000000000000         6.30000010132789611816406250000000000E-0002  0.870056494511586616800702331296776776        0.129943505488413383199297668703223248         0.00000000000000000000000000000000000        0.683022559859958444886526535977552353        0.167811590859605266884724425470909642        0.129098359310438402074632433326122454         2000.00000000000000000000000000000000        0.300000011920928955078125000000000000        -1.00000000000000000000000000000000000         4.50000000000000000000000000000000000         50.0000000000000000000000000000000000        0.384994365254178208926838818352676987        0.385011307056855198069461584274271863        0.385011307056855198069461584274271863        0.385011307056855198069461584274271863        0.385011307056855198069461584274271863         0.00000000000000000000000000000000000         4.40033899432655393983372166441564922E-0003   26.9106092685054470753099505000853141         2345.96842836845805320686868668930072      
   4.39760360930275675433071206856609502E-0002   0.00000000000000000000000000000000000         0.00000000000000000000000000000000000        0.550000000000000000000000000000000039        0.449999999999999999999999999999999961        0.724999999999999999999999999999999981        0.275000000000000000000000000000000019        0.512000024318695068359375000000000000        0.425000011920928955078125000000000000         6.30000010132789611816406250000000000E-0002  0.870056494511586616800702331296776776        0.129943505488413383199297668703223248         0.00000000000000000000000000000000000        0.683022559859958444886526535977552353        0.167811590859605266884724425470909642        0.129098359310438402074632433326122454         2000.00000000000000000000000000000000        0.300000011920928955078125000000000000        -1.00000000000000000000000000000000000         4.50000000000000000000000000000000000         50.0000000000000000000000000000000000        0.390744987070583470583156720162608018        0.390717604761391938679195388091461084        0.390717604761391938679195388091461084        0.390717604761391938679195388091461084        0.390717604761391938679195388091461084         0.00000000000000000000000000000000000        -7.00820972944233145830488605115773619E-0003   27.8722704140239642241320610077812310         2359.50347255997480187446920186963022      
   4.60592204114514578978097464129404699E-0002   0.00000000000000000000000000000000000         0.00000000000000000000000000000000000        0.550000000000000000000000000000000039        0.449999999999999999999999999999999961        0.724999999999999999999999999999999981        0.275000000000000000000000000000000019        0.512000024318695068359375000000000000        0.425000011920928955078125000000000000         6.30000010132789611816406250000000000E-0002  0.870056494511586616800702331296776776        0.129943505488413383199297668703223248         0.00000000000000000000000000000000000        0.683022559859958444886526535977552353        0.167811590859605266884724425470909642        0.129098359310438402074632433326122454         2000.00000000000000000000000000000000        0.300000011920928955078125000000000000        -1.00000000000000000000000000000000000         4.50000000000000000000000000000000000         50.0000000000000000000000000000000000        0.396568042099934668968076043195465992        0.396635039758681512164982840355655221        0.396635039758681512164982840355655221        0.396635039758681512164982840355655221        0.396635039758681512164982840355655221         0.00000000000000000000000000000000000         1.68915128596821754104830601452586585E-0002   28.8732032932638254712689938841891739         2373.27547202350179317831470290927728      
   4.82410870416541323423097474256259733E-0002   0.00000000000000000000000000000000000         0.00000000000000000000000000000000000        0.550000000000000000000000000000000039        0.449999999999999999999999999999999961        0.724999999999999999999999999999999981        0.275000000000000000000000000000000019        0.512000024318695068359375000000000000        0.425000011920928955078125000000000000         6.30000010132789611816406250000000000E-0002  0.870056494511586616800702331296776776        0.129943505488413383199297668703223248         0.00000000000000000000000000000000000        0.683022559859958444886526535977552353        0.167811590859605266884724425470909642        0.129098359310438402074632433326122454         2000.00000000000000000000000000000000        0.300000011920928955078125000000000000        -1.00000000000000000000000000000000000         4.50000000000000000000000000000000000         50.0000000000000000000000000000000000        0.402493525473085212375082945217312676        0.402501627431935157756405386411289210        0.402501627431935157756405386411289210        0.402501627431935157756405386411289210        0.402501627431935157756405386411289210         0.00000000000000000000000000000000000         2.01290089226172362229244514966650341E-0003   29.9075879777038120786263270134833669         2387.40344022836250224521587979938671      
   5.05263106533572662690193201580239323E-0002   0.00000000000000000000000000000000000         0.00000000000000000000000000000000000        0.550000000000000000000000000000000039        0.449999999999999999999999999999999961        0.724999999999999999999999999999999981        0.275000000000000000000000000000000019        0.512000024318695068359375000000000000        0.425000011920928955078125000000000000         6.30000010132789611816406250000000000E-0002  0.870056494511586616800702331296776776        0.129943505488413383199297668703223248         0.00000000000000000000000000000000000        0.683022559859958444886526535977552353        0.167811590859605266884724425470909642        0.129098359310438402074632433326122454         2000.00000000000000000000000000000000        0.300000011920928955078125000000000000        -1.00000000000000000000000000000000000         4.50000000000000000000000000000000000         50.0000000000000000000000000000000000        0.408497465496379200131737671277437719        0.408475443481504860376377459184577739        0.408475443481504860376377459184577739        0.408475443481504860376377459184577739        0.408475443481504860376377459184577739         0.00000000000000000000000000000000000        -5.39127020381994598700897215802625375E-0003   30.9835735555344314148467175463302356         2401.78047107988215875862327685534781      
   5.29197873595849146847521071145970371E-0002   0.00000000000000000000000000000000000         0.00000000000000000000000000000000000        0.550000000000000000000000000000000039        0.449999999999999999999999999999999961        0.724999999999999999999999999999999981        0.275000000000000000000000000000000019        0.512000024318695068359375000000000000        0.425000011920928955078125000000000000         6.30000010132789611816406250000000000E-0002  0.870056494511586616800702331296776776        0.129943505488413383199297668703223248         0.00000000000000000000000000000000000        0.683022559859958444886526535977552353        0.167811590859605266884724425470909642        0.129098359310438402074632433326122454         2000.00000000000000000000000000000000        0.300000011920928955078125000000000000        -1.00000000000000000000000000000000000         4.50000000000000000000000000000000000         50.0000000000000000000000000000000000        0.414566536486157364752704375347975498        0.414583059423752094419489276623759076        0.414583059423752094419489276623759076        0.414583059423752094419489276623759076        0.414583059423752094419489276623759076         0.00000000000000000000000000000000000         3.98543481677607653454289276547707586E-0003   32.1053586602575995291276621775736390         2416.54827631776023571368967704465413      
   5.54266452066315930392335611285580509E-0002   0.00000000000000000000000000000000000         0.00000000000000000000000000000000000        0.550000000000000000000000000000000039        0.449999999999999999999999999999999961        0.724999999999999999999999999999999981        0.275000000000000000000000000000000019        0.512000024318695068359375000000000000        0.425000011920928955078125000000000000         6.30000010132789611816406250000000000E-0002  0.870056494511586616800702331296776776        0.129943505488413383199297668703223248         0.00000000000000000000000000000000000        0.683022559859958444886526535977552353        0.167811590859605266884724425470909642        0.129098359310438402074632433326122454         2000.00000000000000000000000000000000        0.300000011920928955078125000000000000        -1.00000000000000000000000000000000000         4.50000000000000000000000000000000000         50.0000000000000000000000000000000000        0.420734877075933698202850722521462647        0.420757624239688735014145506900343072        0.420757624239688735014145506900343072        0.420757624239688735014145506900343072        0.420757624239688735014145506900343072         0.00000000000000000000000000000000000         5.40623923241820209222465341047682567E-0003   33.2678435958533016109087427443786240         2431.56687332268961145531324395507251      
   5.80522551609495656082146517268962107E-0002   0.00000000000000000000000000000000000         0.00000000000000000000000000000000000        0.550000000000000000000000000000000039        0.449999999999999999999999999999999961        0.724999999999999999999999999999999981        0.275000000000000000000000000000000019        0.512000024318695068359375000000000000        0.425000011920928955078125000000000000         6.30000010132789611816406250000000000E-0002  0.870056494511586616800702331296776776        0.129943505488413383199297668703223248         0.00000000000000000000000000000000000        0.683022559859958444886526535977552353        0.167811590859605266884724425470909642        0.129098359310438402074632433326122454         2000.00000000000000000000000000000000        0.300000011920928955078125000000000000        -1.00000000000000000000000000000000000         4.50000000000000000000000000000000000         50.0000000000000000000000000000000000        0.426984059373773219296974052647114476        0.426966219078185755280698657223857221        0.426966219078185755280698657223857221        0.426966219078185755280698657223857221        0.426966219078185755280698657223857221         0.00000000000000000000000000000000000        -4.17838573411755411746863475718613499E-0003   34.4767728197742529136839788160599090         2446.94500434521225214932867567670546      
   6.08022426164948505065581588806303073E-0002   0.00000000000000000000000000000000000         0.00000000000000000000000000000000000        0.550000000000000000000000000000000039        0.449999999999999999999999999999999961        0.724999999999999999999999999999999981        0.275000000000000000000000000000000019        0.512000024318695068359375000000000000        0.425000011920928955078125000000000000         6.30000010132789611816406250000000000E-0002  0.870056494511586616800702331296776776        0.129943505488413383199297668703223248         0.00000000000000000000000000000000000        0.683022559859958444886526535977552353        0.167811590859605266884724425470909642        0.129098359310438402074632433326122454         2000.00000000000000000000000000000000        0.300000011920928955078125000000000000        -1.00000000000000000000000000000000000         4.50000000000000000000000000000000000         50.0000000000000000000000000000000000        0.433317131030002460199882787187199259        0.433294534036628347621395370385985814        0.433294534036628347621395370385985814        0.433294534036628347621395370385985814        0.433294534036628347621395370385985814         0.00000000000000000000000000000000000        -5.21515772737681301699253825985115364E-0003   35.7340586226709867823351157212993294         2462.65243523102240250954508433661813      
   6.36824994471865380888821842690214039E-0002   0.00000000000000000000000000000000000         0.00000000000000000000000000000000000        0.550000000000000000000000000000000039        0.449999999999999999999999999999999961        0.724999999999999999999999999999999981        0.275000000000000000000000000000000019        0.512000024318695068359375000000000000        0.425000011920928955078125000000000000         6.30000010132789611816406250000000000E-0002  0.870056494511586616800702331296776776        0.129943505488413383199297668703223248         0.00000000000000000000000000000000000        0.683022559859958444886526535977552353        0.167811590859605266884724425470909642        0.129098359310438402074632433326122454         2000.00000000000000000000000000000000        0.300000011920928955078125000000000000        -1.00000000000000000000000000000000000         4.50000000000000000000000000000000000         50.0000000000000000000000000000000000        0.439734432565766922838304389253573653        0.439711343616070163944786919016756548        0.439711343616070163944786919016756548        0.439711343616070163944786919016756548        0.439711343616070163944786919016756548         0.00000000000000000000000000000000000        -5.25093337526420364913090815113922038E-0003   37.0417378837272498853955741470290095         2478.69064765958490855284559118634308      
   6.66991966303019298825804335972346273E-0002   0.00000000000000000000000000000000000         0.00000000000000000000000000000000000        0.550000000000000000000000000000000039        0.449999999999999999999999999999999961        0.724999999999999999999999999999999981        0.275000000000000000000000000000000019        0.512000024318695068359375000000000000        0.425000011920928955078125000000000000         6.30000010132789611816406250000000000E-0002  0.870056494511586616800702331296776776        0.129943505488413383199297668703223248         0.00000000000000000000000000000000000        0.683022559859958444886526535977552353        0.167811590859605266884724425470909642        0.129098359310438402074632433326122454         2000.00000000000000000000000000000000        0.300000011920928955078125000000000000        -1.00000000000000000000000000000000000         4.50000000000000000000000000000000000         50.0000000000000000000000000000000000        0.446233321506250926740141970901709673        0.446370754331345989860893367837763281        0.446370754331345989860893367837763281        0.446370754331345989860893367837763281        0.446370754331345989860893367837763281         0.00000000000000000000000000000000000         3.07889403061216689224219469128512172E-0002   38.4045244873302314327454211108060963         2494.91107847381609624104580625934128      
   6.98587974678532405490532339768403819E-0002   0.00000000000000000000000000000000000         0.00000000000000000000000000000000000        0.550000000000000000000000000000000039        0.449999999999999999999999999999999961        0.724999999999999999999999999999999981        0.275000000000000000000000000000000019        0.512000024318695068359375000000000000        0.425000011920928955078125000000000000         6.30000010132789611816406250000000000E-0002  0.870056494511586616800702331296776776        0.129943505488413383199297668703223248         0.00000000000000000000000000000000000        0.683022559859958444886526535977552353        0.167811590859605266884724425470909642        0.129098359310438402074632433326122454         2000.00000000000000000000000000000000        0.300000011920928955078125000000000000        -1.00000000000000000000000000000000000         4.50000000000000000000000000000000000         50.0000000000000000000000000000000000        0.452816676151679672084269405894332357        0.452825661587677538035744786548823991        0.452825661587677538035744786548823991        0.452825661587677538035744786548823991        0.452825661587677538035744786548823991         0.00000000000000000000000000000000000         1.98430362059464753052408923239244430E-0003   39.8193933809992744875839091694658495         2511.86812317621783490629168125750823      
   7.31680714342727864769909562452151975E-0002   0.00000000000000000000000000000000000         0.00000000000000000000000000000000000        0.550000000000000000000000000000000039        0.449999999999999999999999999999999961        0.724999999999999999999999999999999981        0.275000000000000000000000000000000019        0.512000024318695068359375000000000000        0.425000011920928955078125000000000000         6.30000010132789611816406250000000000E-0002  0.870056494511586616800702331296776776        0.129943505488413383199297668703223248         0.00000000000000000000000000000000000        0.683022559859958444886526535977552353        0.167811590859605266884724425470909642        0.129098359310438402074632433326122454         2000.00000000000000000000000000000000        0.300000011920928955078125000000000000        -1.00000000000000000000000000000000000         4.50000000000000000000000000000000000         50.0000000000000000000000000000000000        0.459500231629842325001346352794813303        0.459525314406093051507960952032209251        0.459525314406093051507960952032209251        0.459525314406093051507960952032209251        0.459525314406093051507960952032209251         0.00000000000000000000000000000000000         5.45841011678418273330010599891245395E-0003   41.2902153746850597816338645172606299         2528.92924251368027016436294795554716      
   7.66341086800754564190942258342304675E-0002   0.00000000000000000000000000000000000         0.00000000000000000000000000000000000        0.550000000000000000000000000000000039        0.449999999999999999999999999999999961        0.724999999999999999999999999999999981        0.275000000000000000000000000000000019        0.512000024318695068359375000000000000        0.425000011920928955078125000000000000         6.30000010132789611816406250000000000E-0002  0.870056494511586616800702331296776776        0.129943505488413383199297668703223248         0.00000000000000000000000000000000000        0.683022559859958444886526535977552353        0.167811590859605266884724425470909642        0.129098359310438402074632433326122454         2000.00000000000000000000000000000000        0.300000011920928955078125000000000000        -1.00000000000000000000000000000000000         4.50000000000000000000000000000000000         50.0000000000000000000000000000000000        0.466264112881998467508364656564763982        0.466385097485412799555236716018224179        0.466385097485412799555236716018224179        0.466385097485412799555236716018224179        0.466385097485412799555236716018224179         0.00000000000000000000000000000000000         2.59409239417466810128223770124702440E-0002   42.8244088656440817941876433874452033         2546.22338824835616494275011335031956      
   8.02643352225726970636277878857272017E-0002   0.00000000000000000000000000000000000         0.00000000000000000000000000000000000        0.550000000000000000000000000000000039        0.449999999999999999999999999999999961        0.724999999999999999999999999999999981        0.275000000000000000000000000000000019        0.512000024318695068359375000000000000        0.425000011920928955078125000000000000         6.30000010132789611816406250000000000E-0002  0.870056494511586616800702331296776776        0.129943505488413383199297668703223248         0.00000000000000000000000000000000000        0.683022559859958444886526535977552353        0.167811590859605266884724425470909642        0.129098359310438402074632433326122454         2000.00000000000000000000000000000000        0.300000011920928955078125000000000000        -1.00000000000000000000000000000000000         4.50000000000000000000000000000000000         50.0000000000000000000000000000000000        0.473087498716230214621023910124396793        0.473101122077681051279357168435342854        0.473101122077681051279357168435342854        0.473101122077681051279357168435342854        0.473101122077681051279357168435342854         0.00000000000000000000000000000000000         2.87958764312542982714972578433546759E-0003   44.4241468864654404797747962559847426         2564.61070679098020379527873530623687      
   8.40665288561842607476714319551580939E-0002   0.00000000000000000000000000000000000         0.00000000000000000000000000000000000        0.550000000000000000000000000000000039        0.449999999999999999999999999999999961        0.724999999999999999999999999999999981        0.275000000000000000000000000000000019        0.512000024318695068359375000000000000        0.425000011920928955078125000000000000         6.30000010132789611816406250000000000E-0002  0.870056494511586616800702331296776776        0.129943505488413383199297668703223248         0.00000000000000000000000000000000000        0.683022559859958444886526535977552353        0.167811590859605266884724425470909642        0.129098359310438402074632433326122454         2000.00000000000000000000000000000000        0.300000011920928955078125000000000000        -1.00000000000000000000000000000000000         4.50000000000000000000000000000000000         50.0000000000000000000000000000000000        0.479980134482129590442869556517989266        0.480029650961487784983986742782384922        0.480029650961487784983986742782384922        0.480029650961487784983986742782384922        0.480029650961487784983986742782384922         0.00000000000000000000000000000000000         1.03152959945316357322557333176574659E-0002   46.0786921523940022543057522323973417         2594.29727375139820086109465855532948      
   8.80488358164357074743307360856496004E-0002   0.00000000000000000000000000000000000         0.00000000000000000000000000000000000        0.550000000000000000000000000000000039        0.449999999999999999999999999999999961        0.724999999999999999999999999999999981        0.275000000000000000000000000000000019        0.512000024318695068359375000000000000        0.425000011920928955078125000000000000         6.30000010132789611816406250000000000E-0002  0.870056494511586616800702331296776776        0.129943505488413383199297668703223248         0.00000000000000000000000000000000000        0.683022559859958444886526535977552353        0.167811590859605266884724425470909642        0.129098359310438402074632433326122454         2000.00000000000000000000000000000000        0.300000011920928955078125000000000000        -1.00000000000000000000000000000000000         4.50000000000000000000000000000000000         50.0000000000000000000000000000000000        0.486942520686246492410832131720202865        0.487163343803487966913886486350277961        0.487163343803487966913886486350277961        0.487163343803487966913886486350277961        0.487163343803487966913886486350277961         0.00000000000000000000000000000000000         4.53283523997138360064033086045337021E-0002   47.7974778493022841603737890857169176         2629.87401007722881623156380966875150      
   9.22197882333444321945314637778022181E-0002   0.00000000000000000000000000000000000         0.00000000000000000000000000000000000        0.550000000000000000000000000000000039        0.449999999999999999999999999999999961        0.724999999999999999999999999999999981        0.275000000000000000000000000000000019        0.512000024318695068359375000000000000        0.425000011920928955078125000000000000         6.30000010132789611816406250000000000E-0002  0.870056494511586616800702331296776776        0.129943505488413383199297668703223248         0.00000000000000000000000000000000000        0.683022559859958444886526535977552353        0.167811590859605266884724425470909642        0.129098359310438402074632433326122454         2000.00000000000000000000000000000000        0.300000011920928955078125000000000000        -1.00000000000000000000000000000000000         4.50000000000000000000000000000000000         50.0000000000000000000000000000000000        0.493978929264186287982776481103974702        0.494109422471882302549171316632105625        0.494109422471882302549171316632105625        0.494109422471882302549171316632105625        0.494109422471882302549171316632105625         0.00000000000000000000000000000000000         2.64097792434711945247201819822354629E-0002   49.5877291475217571888164239708521179         2666.41695723583997681911555118758114      
   9.65883224115882606340667665118364882E-0002   0.00000000000000000000000000000000000         0.00000000000000000000000000000000000        0.550000000000000000000000000000000039        0.449999999999999999999999999999999961        0.724999999999999999999999999999999981        0.275000000000000000000000000000000019        0.512000024318695068359375000000000000        0.425000011920928955078125000000000000         6.30000010132789611816406250000000000E-0002  0.870056494511586616800702331296776776        0.129943505488413383199297668703223248         0.00000000000000000000000000000000000        0.683022559859958444886526535977552353        0.167811590859605266884724425470909642        0.129098359310438402074632433326122454         2000.00000000000000000000000000000000        0.300000011920928955078125000000000000        -1.00000000000000000000000000000000000         4.50000000000000000000000000000000000         50.0000000000000000000000000000000000        0.501088782505214764588700785944418217        0.501289130798984681315827105291935588        0.501289130798984681315827105291935588        0.501289130798984681315827105291935588        0.501289130798984681315827105291935588         0.00000000000000000000000000000000000         3.99666143669601614329313566119054982E-0002   51.4522418205284884831855630256038744         2704.06098605808715946758218641741865      
  0.101163797976622046355106172347094973         0.00000000000000000000000000000000000         0.00000000000000000000000000000000000        0.550000000000000000000000000000000039        0.449999999999999999999999999999999961        0.724999999999999999999999999999999981        0.275000000000000000000000000000000019        0.512000024318695068359375000000000000        0.425000011920928955078125000000000000         6.30000010132789611816406250000000000E-0002  0.870056494511586616800702331296776776        0.129943505488413383199297668703223248         0.00000000000000000000000000000000000        0.683022559859958444886526535977552353        0.167811590859605266884724425470909642        0.129098359310438402074632433326122454         2000.00000000000000000000000000000000        0.300000011920928955078125000000000000        -1.00000000000000000000000000000000000         4.50000000000000000000000000000000000         50.0000000000000000000000000000000000        0.508257056573027527471016138099283312        0.508266413513756542231459607454413364        0.508266413513756542231459607454413364        0.508266413513756542231459607454413364        0.508266413513756542231459607454413364         0.00000000000000000000000000000000000         1.84095200474258941044036515749757451E-0003   53.4004099564295029795345767138663904         2742.89032566983278588701997459709103      
  0.105956017927763003456833559312410793         0.00000000000000000000000000000000000         0.00000000000000000000000000000000000        0.550000000000000000000000000000000039        0.449999999999999999999999999999999961        0.724999999999999999999999999999999981        0.275000000000000000000000000000000019        0.512000024318695068359375000000000000        0.425000011920928955078125000000000000         6.30000010132789611816406250000000000E-0002  0.870056494511586616800702331296776776        0.129943505488413383199297668703223248         0.00000000000000000000000000000000000        0.683022559859958444886526535977552353        0.167811590859605266884724425470909642        0.129098359310438402074632433326122454         2000.00000000000000000000000000000000        0.300000011920928955078125000000000000        -1.00000000000000000000000000000000000         4.50000000000000000000000000000000000         50.0000000000000000000000000000000000        0.515513066125885124741884450009532015        0.515624332821126369953556774664050642        0.515624332821126369953556774664050642        0.515624332821126369953556774664050642        0.515624332821126369953556774664050642         0.00000000000000000000000000000000000         2.15790233623137397763315579000732257E-0002   55.4344367864505312159359933176303671         2782.14480010939790954886207530832888      
  0.110975249641208698343586493910800654         0.00000000000000000000000000000000000         0.00000000000000000000000000000000000        0.550000000000000000000000000000000039        0.449999999999999999999999999999999961        0.724999999999999999999999999999999981        0.275000000000000000000000000000000019        0.512000024318695068359375000000000000        0.425000011920928955078125000000000000         6.30000010132789611816406250000000000E-0002  0.870056494511586616800702331296776776        0.129943505488413383199297668703223248         0.00000000000000000000000000000000000        0.683022559859958444886526535977552353        0.167811590859605266884724425470909642        0.129098359310438402074632433326122454         2000.00000000000000000000000000000000        0.300000011920928955078125000000000000        -1.00000000000000000000000000000000000         4.50000000000000000000000000000000000         50.0000000000000000000000000000000000        0.522876841832175527685478060748381056        0.522886987570073101690185236097241591        0.522886987570073101690185236097241591        0.522886987570073101690185236097241591        0.522886987570073101690185236097241591         0.00000000000000000000000000000000000         1.94033092020947540759576775734631099E-0003   57.5387553051701130948734494833560752         2822.59906622789104992031540517822050      
  0.116232246867986863621532357708454707         0.00000000000000000000000000000000000         0.00000000000000000000000000000000000        0.550000000000000000000000000000000039        0.449999999999999999999999999999999961        0.724999999999999999999999999999999981        0.275000000000000000000000000000000019        0.512000024318695068359375000000000000        0.425000011920928955078125000000000000         6.30000010132789611816406250000000000E-0002  0.870056494511586616800702331296776776        0.129943505488413383199297668703223248         0.00000000000000000000000000000000000        0.683022559859958444886526535977552353        0.167811590859605266884724425470909642        0.129098359310438402074632433326122454         2000.00000000000000000000000000000000        0.300000011920928955078125000000000000        -1.00000000000000000000000000000000000         4.50000000000000000000000000000000000         50.0000000000000000000000000000000000        0.530324042503428638962277209614786885        0.530429420602664952659470170087504299        0.530429420602664952659470170087504299        0.530429420602664952659470170087504299        0.530429420602664952659470170087504299         0.00000000000000000000000000000000000         1.98665637959117878298050014976800871E-0002   59.7397837752434357000561301022931277         2863.47554979908951649304366572842970      
  0.121738272773967847946541636711935559         0.00000000000000000000000000000000000         0.00000000000000000000000000000000000        0.550000000000000000000000000000000039        0.449999999999999999999999999999999961        0.724999999999999999999999999999999981        0.275000000000000000000000000000000019        0.512000024318695068359375000000000000        0.425000011920928955078125000000000000         6.30000010132789611816406250000000000E-0002  0.870056494511586616800702331296776776        0.129943505488413383199297668703223248         0.00000000000000000000000000000000000        0.683022559859958444886526535977552353        0.167811590859605266884724425470909642        0.129098359310438402074632433326122454         2000.00000000000000000000000000000000        0.300000011920928955078125000000000000        -1.00000000000000000000000000000000000         4.50000000000000000000000000000000000         50.0000000000000000000000000000000000        0.537825884271586789495385623433732924        0.538001463191207013644430331676620650        0.538001463191207013644430331676620650        0.538001463191207013644430331676620650        0.538001463191207013644430331676620650         0.00000000000000000000000000000000000         3.26353981602133633661875212708397318E-0002   62.0419708839489167536987266935815454         2905.71884552568047309097601505058629      
  0.127505124071303144618257819009567858         0.00000000000000000000000000000000000         0.00000000000000000000000000000000000        0.550000000000000000000000000000000039        0.449999999999999999999999999999999961        0.724999999999999999999999999999999981        0.275000000000000000000000000000000019        0.512000024318695068359375000000000000        0.425000011920928955078125000000000000         6.30000010132789611816406250000000000E-0002  0.870056494511586616800702331296776776        0.129943505488413383199297668703223248         0.00000000000000000000000000000000000        0.683022559859958444886526535977552353        0.167811590859605266884724425470909642        0.129098359310438402074632433326122454         2000.00000000000000000000000000000000        0.300000011920928955078125000000000000        -1.00000000000000000000000000000000000         4.50000000000000000000000000000000000         50.0000000000000000000000000000000000        0.545363802436769859339281404584037734        0.545657095514476267257670628347130318        0.545657095514476267257670628347130318        0.545657095514476267257670628347130318        0.545657095514476267257670628347130318         0.00000000000000000000000000000000000         5.37504377964469924796647474619560537E-0002   64.4531144504673510713900496035204670         2949.41000151645255159090177260193888      
  0.133545156292991832326932402316673282         0.00000000000000000000000000000000000         0.00000000000000000000000000000000000        0.550000000000000000000000000000000039        0.449999999999999999999999999999999961        0.724999999999999999999999999999999981        0.275000000000000000000000000000000019        0.512000024318695068359375000000000000        0.425000011920928955078125000000000000         6.30000010132789611816406250000000000E-0002  0.870056494511586616800702331296776776        0.129943505488413383199297668703223248         0.00000000000000000000000000000000000        0.683022559859958444886526535977552353        0.167811590859605266884724425470909642        0.129098359310438402074632433326122454         2000.00000000000000000000000000000000        0.300000011920928955078125000000000000        -1.00000000000000000000000000000000000         4.50000000000000000000000000000000000         50.0000000000000000000000000000000000        0.552983425683772314603957041791685330        0.553257070043468625129589437578642647        0.553257070043468625129589437578642647        0.553257070043468625129589437578642647        0.553257070043468625129589437578642647         0.00000000000000000000000000000000000         4.94606168656481290876743269969527199E-0002   66.9700701604501288473791419164559163         2994.06013557053688504153396370630760      
  0.139871310264725923734212542400487802         0.00000000000000000000000000000000000         0.00000000000000000000000000000000000        0.550000000000000000000000000000000039        0.449999999999999999999999999999999961        0.724999999999999999999999999999999981        0.275000000000000000000000000000000019        0.512000024318695068359375000000000000        0.425000011920928955078125000000000000         6.30000010132789611816406250000000000E-0002  0.870056494511586616800702331296776776        0.129943505488413383199297668703223248         0.00000000000000000000000000000000000        0.683022559859958444886526535977552353        0.167811590859605266884724425470909642        0.129098359310438402074632433326122454         2000.00000000000000000000000000000000        0.300000011920928955078125000000000000        -1.00000000000000000000000000000000000         4.50000000000000000000000000000000000         50.0000000000000000000000000000000000        0.560653501420237965630781647265966550        0.560830724116191245441462143444076299        0.560830724116191245441462143444076299        0.560830724116191245441462143444076299        0.560830724116191245441462143444076299         0.00000000000000000000000000000000000         3.16000333670313216205724280804044800E-0002   69.6040941202157557852228601169411825         3039.86176838814919551363638240274881      
  0.146497139830730798859885014704254904         0.00000000000000000000000000000000000         0.00000000000000000000000000000000000        0.550000000000000000000000000000000039        0.449999999999999999999999999999999961        0.724999999999999999999999999999999981        0.275000000000000000000000000000000019        0.512000024318695068359375000000000000        0.425000011920928955078125000000000000         6.30000010132789611816406250000000000E-0002  0.870056494511586616800702331296776776        0.129943505488413383199297668703223248         0.00000000000000000000000000000000000        0.683022559859958444886526535977552353        0.167811590859605266884724425470909642        0.129098359310438402074632433326122454         2000.00000000000000000000000000000000        0.300000011920928955078125000000000000        -1.00000000000000000000000000000000000         4.50000000000000000000000000000000000         50.0000000000000000000000000000000000        0.568351888510142184765829726771189912        0.568396307874128795937109324167761097        0.568396307874128795937109324167761097        0.568396307874128795937109324167761097        0.568396307874128795937109324167761097         0.00000000000000000000000000000000000         7.81485793824822434671317922031742972E-0003   72.3662223730049299306528986229344204         3087.51651017230717754652516166487645      
  0.153436840893003596478571043987610540         0.00000000000000000000000000000000000         0.00000000000000000000000000000000000        0.550000000000000000000000000000000039        0.449999999999999999999999999999999961        0.724999999999999999999999999999999981        0.275000000000000000000000000000000019        0.512000024318695068359375000000000000        0.425000011920928955078125000000000000         6.30000010132789611816406250000000000E-0002  0.870056494511586616800702331296776776        0.129943505488413383199297668703223248         0.00000000000000000000000000000000000        0.683022559859958444886526535977552353        0.167811590859605266884724425470909642        0.129098359310438402074632433326122454         2000.00000000000000000000000000000000        0.300000011920928955078125000000000000        -1.00000000000000000000000000000000000         4.50000000000000000000000000000000000         50.0000000000000000000000000000000000        0.576045274277368811985370074947588255        0.576321470581810573182466389037952428        0.576321470581810573182466389037952428        0.576321470581810573182466389037952428        0.576321470581810573182466389037952428         0.00000000000000000000000000000000000         4.79240004997444039516319107465032640E-0002   75.2888562884858788607302801853652163         3136.16925505460018388811493826775823      
  0.160705281826166404175411117660175785         0.00000000000000000000000000000000000         0.00000000000000000000000000000000000        0.550000000000000000000000000000000039        0.449999999999999999999999999999999961        0.724999999999999999999999999999999981        0.275000000000000000000000000000000019        0.512000024318695068359375000000000000        0.425000011920928955078125000000000000         6.30000010132789611816406250000000000E-0002  0.870056494511586616800702331296776776        0.129943505488413383199297668703223248         0.00000000000000000000000000000000000        0.683022559859958444886526535977552353        0.167811590859605266884724425470909642        0.129098359310438402074632433326122454         2000.00000000000000000000000000000000        0.300000011920928955078125000000000000        -1.00000000000000000000000000000000000         4.50000000000000000000000000000000000         50.0000000000000000000000000000000000        0.583821144659564098006242342784735859        0.583895812873417829579692940443512745        0.583895812873417829579692940443512745        0.583895812873417829579692940443512745        0.583895812873417829579692940443512745         0.00000000000000000000000000000000000         1.27879344580809347984762544786142451E-0002   78.3251369934323407677653158828516669         3186.28340300053624828512008781140815      
  0.168318035333098355319523878900328206         0.00000000000000000000000000000000000         0.00000000000000000000000000000000000        0.550000000000000000000000000000000039        0.449999999999999999999999999999999961        0.724999999999999999999999999999999981        0.275000000000000000000000000000000019        0.512000024318695068359375000000000000        0.425000011920928955078125000000000000         6.30000010132789611816406250000000000E-0002  0.870056494511586616800702331296776776        0.129943505488413383199297668703223248         0.00000000000000000000000000000000000        0.683022559859958444886526535977552353        0.167811590859605266884724425470909642        0.129098359310438402074632433326122454         2000.00000000000000000000000000000000        0.300000011920928955078125000000000000        -1.00000000000000000000000000000000000         4.50000000000000000000000000000000000         50.0000000000000000000000000000000000        0.591617169095596967224265030164194644        0.591674412903987677600533800883781617        0.591674412903987677600533800883781617        0.591674412903987677600533800883781617        0.591674412903987677600533800883781617         0.00000000000000000000000000000000000         9.67488320303610227631079664093146218E-0003   81.5177078642391246998402230386947760         3237.72670850056867523725716527834864      
  0.176291411809597623536968597048402244         0.00000000000000000000000000000000000         0.00000000000000000000000000000000000        0.550000000000000000000000000000000039        0.449999999999999999999999999999999961        0.724999999999999999999999999999999981        0.275000000000000000000000000000000019        0.512000024318695068359375000000000000        0.425000011920928955078125000000000000         6.30000010132789611816406250000000000E-0002  0.870056494511586616800702331296776776        0.129943505488413383199297668703223248         0.00000000000000000000000000000000000        0.683022559859958444886526535977552353        0.167811590859605266884724425470909642        0.129098359310438402074632433326122454         2000.00000000000000000000000000000000        0.300000011920928955078125000000000000        -1.00000000000000000000000000000000000         4.50000000000000000000000000000000000         50.0000000000000000000000000000000000        0.599452312474032988476057074372460716        0.599679608731075317851636898579382726        0.599679608731075317851636898579382726        0.599679608731075317851636898579382726        0.599679608731075317851636898579382726         0.00000000000000000000000000000000000         3.79029491303346552597943070922146784E-0002   84.8755027966948832590092214468616734         3289.75641019827283373241551696963106      
  0.184642494289557415975419190134436407         0.00000000000000000000000000000000000         0.00000000000000000000000000000000000        0.550000000000000000000000000000000039        0.449999999999999999999999999999999961        0.724999999999999999999999999999999981        0.275000000000000000000000000000000019        0.512000024318695068359375000000000000        0.425000011920928955078125000000000000         6.30000010132789611816406250000000000E-0002  0.870056494511586616800702331296776776        0.129943505488413383199297668703223248         0.00000000000000000000000000000000000        0.683022559859958444886526535977552353        0.167811590859605266884724425470909642        0.129098359310438402074632433326122454         2000.00000000000000000000000000000000        0.300000011920928955078125000000000000        -1.00000000000000000000000000000000000         4.50000000000000000000000000000000000         50.0000000000000000000000000000000000        0.607439459248430731741337484934271947        0.607439343407411031564660281977057703        0.607439343407411031564660281977057703        0.607439343407411031564660281977057703        0.607439343407411031564660281977057703         0.00000000000000000000000000000000000        -1.90703847153479201150145043467128705E-0005   88.3300656947267978818757457303244097         3343.50808348501000400613854785088361      
  0.193389175045526332720793931968250954         0.00000000000000000000000000000000000         0.00000000000000000000000000000000000        0.550000000000000000000000000000000039        0.449999999999999999999999999999999961        0.724999999999999999999999999999999981        0.275000000000000000000000000000000019        0.512000024318695068359375000000000000        0.425000011920928955078125000000000000         6.30000010132789611816406250000000000E-0002  0.870056494511586616800702331296776776        0.129943505488413383199297668703223248         0.00000000000000000000000000000000000        0.683022559859958444886526535977552353        0.167811590859605266884724425470909642        0.129098359310438402074632433326122454         2000.00000000000000000000000000000000        0.300000011920928955078125000000000000        -1.00000000000000000000000000000000000         4.50000000000000000000000000000000000         50.0000000000000000000000000000000000        0.615491784716499800480453842726958617        0.615660049592127811979823251439512182        0.615660049592127811979823251439512182        0.615660049592127811979823251439512182        0.615660049592127811979823251439512182         0.00000000000000000000000000000000000         2.73308095497647232890393825305242857E-0002   91.9639480744495166212339535654218879         3397.26394747834924929545911337901170      
  0.202550193923070136258493621901443151         0.00000000000000000000000000000000000         0.00000000000000000000000000000000000        0.550000000000000000000000000000000039        0.449999999999999999999999999999999961        0.724999999999999999999999999999999981        0.275000000000000000000000000000000019        0.512000024318695068359375000000000000        0.425000011920928955078125000000000000         6.30000010132789611816406250000000000E-0002  0.870056494511586616800702331296776776        0.129943505488413383199297668703223248         0.00000000000000000000000000000000000        0.683022559859958444886526535977552353        0.167811590859605266884724425470909642        0.129098359310438402074632433326122454         2000.00000000000000000000000000000000        0.300000011920928955078125000000000000        -1.00000000000000000000000000000000000         4.50000000000000000000000000000000000         50.0000000000000000000000000000000000        0.623669852764618081325183049623833280        0.623674776566282848361550502568994228        0.623674776566282848361550502568994228        0.623674776566282848361550502568994228        0.623674776566282848361550502568994228         0.00000000000000000000000000000000000         7.89482250969908359633845995552827229E-0004   95.7219658074786153349884991383283825         3452.52797889363997145453878974097726      
  0.212145178491066660656421546258877797         0.00000000000000000000000000000000000         0.00000000000000000000000000000000000        0.550000000000000000000000000000000039        0.449999999999999999999999999999999961        0.724999999999999999999999999999999981        0.275000000000000000000000000000000019        0.512000024318695068359375000000000000        0.425000011920928955078125000000000000         6.30000010132789611816406250000000000E-0002  0.870056494511586616800702331296776776        0.129943505488413383199297668703223248         0.00000000000000000000000000000000000        0.683022559859958444886526535977552353        0.167811590859605266884724425470909642        0.129098359310438402074632433326122454         2000.00000000000000000000000000000000        0.300000011920928955078125000000000000        -1.00000000000000000000000000000000000         4.50000000000000000000000000000000000         50.0000000000000000000000000000000000        0.631935502561601987990912227599502941        0.632074375194100947152555623767201614        0.632074375194100947152555623767201614        0.632074375194100947152555623767201614        0.632074375194100947152555623767201614         0.00000000000000000000000000000000000         2.19709322113103183660936904709888678E-0002   99.6604031777020579763440796126238503         3507.93046337409601133022059144697686      
  0.222194686093956243932729053068759355         0.00000000000000000000000000000000000         0.00000000000000000000000000000000000        0.550000000000000000000000000000000039        0.449999999999999999999999999999999961        0.724999999999999999999999999999999981        0.275000000000000000000000000000000019        0.512000024318695068359375000000000000        0.425000011920928955078125000000000000         6.30000010132789611816406250000000000E-0002  0.870056494511586616800702331296776776        0.129943505488413383199297668703223248         0.00000000000000000000000000000000000        0.683022559859958444886526535977552353        0.167811590859605266884724425470909642        0.129098359310438402074632433326122454         2000.00000000000000000000000000000000        0.300000011920928955078125000000000000        -1.00000000000000000000000000000000000         4.50000000000000000000000000000000000         50.0000000000000000000000000000000000        0.640346202516436840748464904524595910        0.640414142555434248997011885336552461        0.640414142555434248997011885336552461        0.640414142555434248997011885336552461        0.640414142555434248997011885336552461         0.00000000000000000000000000000000000         1.06087661846923311323730904850687977E-0002   103.390776496741211472821170378163006         3561.89758226602147448038740194965228      
  0.232720247896045024620482335420595173         0.00000000000000000000000000000000000         0.00000000000000000000000000000000000        0.550000000000000000000000000000000039        0.449999999999999999999999999999999961        0.724999999999999999999999999999999981        0.275000000000000000000000000000000019        0.512000024318695068359375000000000000        0.425000011920928955078125000000000000         6.30000010132789611816406250000000000E-0002  0.870056494511586616800702331296776776        0.129943505488413383199297668703223248         0.00000000000000000000000000000000000        0.683022559859958444886526535977552353        0.167811590859605266884724425470909642        0.129098359310438402074632433326122454         2000.00000000000000000000000000000000        0.300000011920928955078125000000000000        -1.00000000000000000000000000000000000         4.50000000000000000000000000000000000         50.0000000000000000000000000000000000        0.648879141481599114454169939367981553        0.648967429399972486057228113916993207        0.648967429399972486057228113916993207        0.648967429399972486057228113916993207        0.648967429399972486057228113916993207         0.00000000000000000000000000000000000         1.36043681660575100282908334757185527E-0002   107.303432020915197295730407701052743         3616.83815377464311627521256266321111      
  0.243744415012226435488952487885240485         0.00000000000000000000000000000000000         0.00000000000000000000000000000000000        0.550000000000000000000000000000000039        0.449999999999999999999999999999999961        0.724999999999999999999999999999999981        0.275000000000000000000000000000000019        0.512000024318695068359375000000000000        0.425000011920928955078125000000000000         6.30000010132789611816406250000000000E-0002  0.870056494511586616800702331296776776        0.129943505488413383199297668703223248         0.00000000000000000000000000000000000        0.683022559859958444886526535977552353        0.167811590859605266884724425470909642        0.129098359310438402074632433326122454         2000.00000000000000000000000000000000        0.300000011920928955078125000000000000        -1.00000000000000000000000000000000000         4.50000000000000000000000000000000000         50.0000000000000000000000000000000000        0.657550752259335891550604327505520315        0.657561279923023413078726406447074843        0.657561279923023413078726406447074843        0.657561279923023413078726406447074843        0.657561279923023413078726406447074843         0.00000000000000000000000000000000000         1.60101636287859526556581867082863936E-0003   111.403742506833647699703504323091781         3673.36807484377067008814081361483704      
  0.255290806823956397939774451911334331         0.00000000000000000000000000000000000         0.00000000000000000000000000000000000        0.550000000000000000000000000000000039        0.449999999999999999999999999999999961        0.724999999999999999999999999999999981        0.275000000000000000000000000000000019        0.512000024318695068359375000000000000        0.425000011920928955078125000000000000         6.30000010132789611816406250000000000E-0002  0.870056494511586616800702331296776776        0.129943505488413383199297668703223248         0.00000000000000000000000000000000000        0.683022559859958444886526535977552353        0.167811590859605266884724425470909642        0.129098359310438402074632433326122454         2000.00000000000000000000000000000000        0.300000011920928955078125000000000000        -1.00000000000000000000000000000000000         4.50000000000000000000000000000000000         50.0000000000000000000000000000000000        0.666311687885254414228286870307610618        0.666548058830378619487454418331267092        0.666548058830378619487454418331267092        0.666548058830378619487454418331267092        0.666548058830378619487454418331267092         0.00000000000000000000000000000000000         3.54619508665250362365886674206618202E-0002   115.718140126224061812323566678521968         3729.99098711779732577722656969408524      
  0.267384161583999647148154120888094587         0.00000000000000000000000000000000000         0.00000000000000000000000000000000000        0.550000000000000000000000000000000039        0.449999999999999999999999999999999961        0.724999999999999999999999999999999981        0.275000000000000000000000000000000019        0.512000024318695068359375000000000000        0.425000011920928955078125000000000000         6.30000010132789611816406250000000000E-0002  0.870056494511586616800702331296776776        0.129943505488413383199297668703223248         0.00000000000000000000000000000000000        0.683022559859958444886526535977552353        0.167811590859605266884724425470909642        0.129098359310438402074632433326122454         2000.00000000000000000000000000000000        0.300000011920928955078125000000000000        -1.00000000000000000000000000000000000         4.50000000000000000000000000000000000         50.0000000000000000000000000000000000        0.675241018818683451410191471889751340        0.675237799895462529548058913016975973        0.675237799895462529548058913016975973        0.675237799895462529548058913016975973        0.675237799895462529548058913016975973         0.00000000000000000000000000000000000        -4.76709571268107659222402219978736903E-0004   120.221852566155481241375244198596685         3790.02478487729619601806891702575234      
  0.280050389418368331636181818145177102         0.00000000000000000000000000000000000         0.00000000000000000000000000000000000        0.550000000000000000000000000000000039        0.449999999999999999999999999999999961        0.724999999999999999999999999999999981        0.275000000000000000000000000000000019        0.512000024318695068359375000000000000        0.425000011920928955078125000000000000         6.30000010132789611816406250000000000E-0002  0.870056494511586616800702331296776776        0.129943505488413383199297668703223248         0.00000000000000000000000000000000000        0.683022559859958444886526535977552353        0.167811590859605266884724425470909642        0.129098359310438402074632433326122454         2000.00000000000000000000000000000000        0.300000011920928955078125000000000000        -1.00000000000000000000000000000000000         4.50000000000000000000000000000000000         50.0000000000000000000000000000000000        0.684260997228361938551544840925436110        0.684369621306100346080049031576300590        0.684369621306100346080049031576300590        0.684369621306100346080049031576300590        0.684369621306100346080049031576300590         0.00000000000000000000000000000000000         1.58721361025788234051231310073132279E-0002   124.957449677406195320524972337499267         3850.04001003864431642984931446517888      
  0.293316627839010037899556840640473318         0.00000000000000000000000000000000000         0.00000000000000000000000000000000000        0.550000000000000000000000000000000039        0.449999999999999999999999999999999961        0.724999999999999999999999999999999981        0.275000000000000000000000000000000019        0.512000024318695068359375000000000000        0.425000011920928955078125000000000000         6.30000010132789611816406250000000000E-0002  0.870056494511586616800702331296776776        0.129943505488413383199297668703223248         0.00000000000000000000000000000000000        0.683022559859958444886526535977552353        0.167811590859605266884724425470909642        0.129098359310438402074632433326122454         2000.00000000000000000000000000000000        0.300000011920928955078125000000000000        -1.00000000000000000000000000000000000         4.50000000000000000000000000000000000         50.0000000000000000000000000000000000        0.693416566493000237006212833533199755        0.693483799951292637130566592022428277        0.693483799951292637130566592022428277        0.693483799951292637130566592022428277        0.693483799951292637130566592022428277         0.00000000000000000000000000000000000         9.69502940041603242990209434894612401E-0003   129.907086328337621206790118512088456         3912.04961118988005556795696030292537      
  0.307211299886181694903675457144820827         0.00000000000000000000000000000000000         0.00000000000000000000000000000000000        0.550000000000000000000000000000000039        0.449999999999999999999999999999999961        0.724999999999999999999999999999999981        0.275000000000000000000000000000000019        0.512000024318695068359375000000000000        0.425000011920928955078125000000000000         6.30000010132789611816406250000000000E-0002  0.870056494511586616800702331296776776        0.129943505488413383199297668703223248         0.00000000000000000000000000000000000        0.683022559859958444886526535977552353        0.167811590859605266884724425470909642        0.129098359310438402074632433326122454         2000.00000000000000000000000000000000        0.300000011920928955078125000000000000        -1.00000000000000000000000000000000000         4.50000000000000000000000000000000000         50.0000000000000000000000000000000000        0.702694019063017684521656042731095488        0.702694732752252870880251576086197220        0.702694732752252870880251576086197220        0.702694732752252870880251576086197220        0.702694732752252870880251576086197220         0.00000000000000000000000000000000000         1.01564620015158420978557624428738819E-0004   135.095642695595227729836095373601196         3975.56097088777656897571672592376460      
  0.321764175025079939929779942085648449         0.00000000000000000000000000000000000         0.00000000000000000000000000000000000        0.550000000000000000000000000000000039        0.449999999999999999999999999999999961        0.724999999999999999999999999999999981        0.275000000000000000000000000000000019        0.512000024318695068359375000000000000        0.425000011920928955078125000000000000         6.30000010132789611816406250000000000E-0002  0.870056494511586616800702331296776776        0.129943505488413383199297668703223248         0.00000000000000000000000000000000000        0.683022559859958444886526535977552353        0.167811590859605266884724425470909642        0.129098359310438402074632433326122454         2000.00000000000000000000000000000000        0.300000011920928955078125000000000000        -1.00000000000000000000000000000000000         4.50000000000000000000000000000000000         50.0000000000000000000000000000000000        0.712069564533682846432363512643522423        0.712322274420802262037911737778891211        0.712322274420802262037911737778891211        0.712322274420802262037911737778891211        0.712322274420802262037911737778891211         0.00000000000000000000000000000000000         3.54769036704484678801391863106626572E-0002   140.552214325989096557153148464031640         4039.16656220360181111317658559678988      
  0.337006432927199547555937678304493054         0.00000000000000000000000000000000000         0.00000000000000000000000000000000000        0.550000000000000000000000000000000039        0.449999999999999999999999999999999961        0.724999999999999999999999999999999981        0.275000000000000000000000000000000019        0.512000024318695068359375000000000000        0.425000011920928955078125000000000000         6.30000010132789611816406250000000000E-0002  0.870056494511586616800702331296776776        0.129943505488413383199297668703223248         0.00000000000000000000000000000000000        0.683022559859958444886526535977552353        0.167811590859605266884724425470909642        0.129098359310438402074632433326122454         2000.00000000000000000000000000000000        0.300000011920928955078125000000000000        -1.00000000000000000000000000000000000         4.50000000000000000000000000000000000         50.0000000000000000000000000000000000        0.721595709530849018653676845031645957        0.721817906996109544429522513743896497        0.721817906996109544429522513743896497        0.721817906996109544429522513743896497        0.721817906996109544429522513743896497         0.00000000000000000000000000000000000         3.07830358746867963445547420735426380E-0002   146.241854031211313501548534065789899         4105.42834382580072849239537864805233      
  0.352970730273072080492371624264509206         0.00000000000000000000000000000000000         0.00000000000000000000000000000000000        0.550000000000000000000000000000000039        0.449999999999999999999999999999999961        0.724999999999999999999999999999999981        0.275000000000000000000000000000000019        0.512000024318695068359375000000000000        0.425000011920928955078125000000000000         6.30000010132789611816406250000000000E-0002  0.870056494511586616800702331296776776        0.129943505488413383199297668703223248         0.00000000000000000000000000000000000        0.683022559859958444886526535977552353        0.167811590859605266884724425470909642        0.129098359310438402074632433326122454         2000.00000000000000000000000000000000        0.300000011920928955078125000000000000        -1.00000000000000000000000000000000000         4.50000000000000000000000000000000000         50.0000000000000000000000000000000000        0.731253264460365826329849477968110429        0.731379567162080142719014688682532609        0.731379567162080142719014688682532609        0.731379567162080142719014688682532609        0.731379567162080142719014688682532609         0.00000000000000000000000000000000000         1.72691044958228372207293668975976540E-0002   152.196833464551786468924651702138910         4173.90589448956502736415420356559219      
  0.369691270719510256457304422777255813         0.00000000000000000000000000000000000         0.00000000000000000000000000000000000        0.550000000000000000000000000000000039        0.449999999999999999999999999999999961        0.724999999999999999999999999999999981        0.275000000000000000000000000000000019        0.512000024318695068359375000000000000        0.425000011920928955078125000000000000         6.30000010132789611816406250000000000E-0002  0.870056494511586616800702331296776776        0.129943505488413383199297668703223248         0.00000000000000000000000000000000000        0.683022559859958444886526535977552353        0.167811590859605266884724425470909642        0.129098359310438402074632433326122454         2000.00000000000000000000000000000000        0.300000011920928955078125000000000000        -1.00000000000000000000000000000000000         4.50000000000000000000000000000000000         50.0000000000000000000000000000000000        0.741028466400139510002553037254393156        0.741147127982705840342207802154278166        0.741147127982705840342207802154278166        0.741147127982705840342207802154278166        0.741147127982705840342207802154278166         0.00000000000000000000000000000000000         1.60105299050823855123416754663448357E-0002   158.441010618869497275022548737254927         4243.24869510145699586438709068560332      
  0.387203878181263508459966947142191053         0.00000000000000000000000000000000000         0.00000000000000000000000000000000000        0.550000000000000000000000000000000039        0.449999999999999999999999999999999961        0.724999999999999999999999999999999981        0.275000000000000000000000000000000019        0.512000024318695068359375000000000000        0.425000011920928955078125000000000000         6.30000010132789611816406250000000000E-0002  0.870056494511586616800702331296776776        0.129943505488413383199297668703223248         0.00000000000000000000000000000000000        0.683022559859958444886526535977552353        0.167811590859605266884724425470909642        0.129098359310438402074632433326122454         2000.00000000000000000000000000000000        0.300000011920928955078125000000000000        -1.00000000000000000000000000000000000         4.50000000000000000000000000000000000         50.0000000000000000000000000000000000        0.750935554228321152107224032687576635        0.750922745629541498787013810041179251        0.750922745629541498787013810041179251        0.750922745629541498787013810041179251        0.750922745629541498787013810041179251         0.00000000000000000000000000000000000        -1.70571458305143481291833559218445500E-0003   164.976264059188229742612179865895813         4314.85675538356910724947577700162053      
  0.405546073584091372929320306957881816         0.00000000000000000000000000000000000         0.00000000000000000000000000000000000        0.550000000000000000000000000000000039        0.449999999999999999999999999999999961        0.724999999999999999999999999999999981        0.275000000000000000000000000000000019        0.512000024318695068359375000000000000        0.425000011920928955078125000000000000         6.30000010132789611816406250000000000E-0002  0.870056494511586616800702331296776776        0.129943505488413383199297668703223248         0.00000000000000000000000000000000000        0.683022559859958444886526535977552353        0.167811590859605266884724425470909642        0.129098359310438402074632433326122454         2000.00000000000000000000000000000000        0.300000011920928955078125000000000000        -1.00000000000000000000000000000000000         4.50000000000000000000000000000000000         50.0000000000000000000000000000000000        0.760942368897513846762487351760707663        0.761210712892426533343164858035246710        0.761210712892426533343164858035246710        0.761210712892426533343164858035246710        0.761210712892426533343164858035246710         0.00000000000000000000000000000000000         3.52522620041750070575199116407438282E-0002   171.856064022008619546598947934148404         4386.17597181257622065757961494270452      
  0.424757155253698885385985478437553801         0.00000000000000000000000000000000000         0.00000000000000000000000000000000000        0.550000000000000000000000000000000039        0.449999999999999999999999999999999961        0.724999999999999999999999999999999981        0.275000000000000000000000000000000019        0.512000024318695068359375000000000000        0.425000011920928955078125000000000000         6.30000010132789611816406250000000000E-0002  0.870056494511586616800702331296776776        0.129943505488413383199297668703223248         0.00000000000000000000000000000000000        0.683022559859958444886526535977552353        0.167811590859605266884724425470909642        0.129098359310438402074632433326122454         2000.00000000000000000000000000000000        0.300000011920928955078125000000000000        -1.00000000000000000000000000000000000         4.50000000000000000000000000000000000         50.0000000000000000000000000000000000        0.771122262983539554384994114998363861        0.771151193014778781960138937006624886        0.771151193014778781960138937006624886        0.771151193014778781960138937006624886        0.771151193014778781960138937006624886         0.00000000000000000000000000000000000         3.75153815507008409707962178725617635E-0003   179.006739091542937090080584951513967         4461.85504426740293550330386407422354      
  0.444878283112768031811350146623921564         0.00000000000000000000000000000000000         0.00000000000000000000000000000000000        0.550000000000000000000000000000000039        0.449999999999999999999999999999999961        0.724999999999999999999999999999999981        0.275000000000000000000000000000000019        0.512000024318695068359375000000000000        0.425000011920928955078125000000000000         6.30000010132789611816406250000000000E-0002  0.870056494511586616800702331296776776        0.129943505488413383199297668703223248         0.00000000000000000000000000000000000        0.683022559859958444886526535977552353        0.167811590859605266884724425470909642        0.129098359310438402074632433326122454         2000.00000000000000000000000000000000        0.300000011920928955078125000000000000        -1.00000000000000000000000000000000000         4.50000000000000000000000000000000000         50.0000000000000000000000000000000000        0.781410638553715909932838193845178063        0.781405280832610421584470425222503257        0.781405280832610421584470425222503257        0.781405280832610421584470425222503257        0.781405280832610421584470425222503257         0.00000000000000000000000000000000000        -6.85652021672996396890822499269457430E-0004   186.526011750928281359023203750291823         4538.05855477959787365915913253260408      
  0.465952566866478185388067003418371743         0.00000000000000000000000000000000000         0.00000000000000000000000000000000000        0.550000000000000000000000000000000039        0.449999999999999999999999999999999961        0.724999999999999999999999999999999981        0.275000000000000000000000000000000019        0.512000024318695068359375000000000000        0.425000011920928955078125000000000000         6.30000010132789611816406250000000000E-0002  0.870056494511586616800702331296776776        0.129943505488413383199297668703223248         0.00000000000000000000000000000000000        0.683022559859958444886526535977552353        0.167811590859605266884724425470909642        0.129098359310438402074632433326122454         2000.00000000000000000000000000000000        0.300000011920928955078125000000000000        -1.00000000000000000000000000000000000         4.50000000000000000000000000000000000         50.0000000000000000000000000000000000        0.791815992117832006268040520262618700        0.791988495437353080441557266335224852        0.791988495437353080441557266335224852        0.791988495437353080441557266335224852        0.791988495437353080441557266335224852         0.00000000000000000000000000000000000         2.17810385523105522455919896644512703E-0002   194.424394850581089176368121703141948         4615.06017233871315335775695224265125      
  0.488025158365453833350361152141345848         0.00000000000000000000000000000000000         0.00000000000000000000000000000000000        0.550000000000000000000000000000000039        0.449999999999999999999999999999999961        0.724999999999999999999999999999999981        0.275000000000000000000000000000000019        0.512000024318695068359375000000000000        0.425000011920928955078125000000000000         6.30000010132789611816406250000000000E-0002  0.870056494511586616800702331296776776        0.129943505488413383199297668703223248         0.00000000000000000000000000000000000        0.683022559859958444886526535977552353        0.167811590859605266884724425470909642        0.129098359310438402074632433326122454         2000.00000000000000000000000000000000        0.300000011920928955078125000000000000        -1.00000000000000000000000000000000000         4.50000000000000000000000000000000000         50.0000000000000000000000000000000000        0.802369781480596229738941864697886906        0.802474186518052543569354394878456795        0.802474186518052543569354394878456795        0.802474186518052543569354394878456795        0.802474186518052543569354394878456795         0.00000000000000000000000000000000000         1.30103920114027398345638744543267381E-0002   202.677019787196373388482505587894355         4695.45511313452322565039226739361125      
  0.511143348344028075836959282509472174         0.00000000000000000000000000000000000         0.00000000000000000000000000000000000        0.550000000000000000000000000000000039        0.449999999999999999999999999999999961        0.724999999999999999999999999999999981        0.275000000000000000000000000000000019        0.512000024318695068359375000000000000        0.425000011920928955078125000000000000         6.30000010132789611816406250000000000E-0002  0.870056494511586616800702331296776776        0.129943505488413383199297668703223248         0.00000000000000000000000000000000000        0.683022559859958444886526535977552353        0.167811590859605266884724425470909642        0.129098359310438402074632433326122454         2000.00000000000000000000000000000000        0.300000011920928955078125000000000000        -1.00000000000000000000000000000000000         4.50000000000000000000000000000000000         50.0000000000000000000000000000000000        0.813056934427825548669992274072406807        0.813056934427825548669992274072406807        0.813056934427825548669992274072406807        0.813056934427825548669992274072406807        0.813056934427825548669992274072406807         0.00000000000000000000000000000000000         0.00000000000000000000000000000000000         211.226257243090157869717785205159292         4776.78613787123676012271650879188316      
  0.535356667741084533722548138030577650         0.00000000000000000000000000000000000         0.00000000000000000000000000000000000        0.550000000000000000000000000000000039        0.449999999999999999999999999999999961        0.724999999999999999999999999999999981        0.275000000000000000000000000000000019        0.512000024318695068359375000000000000        0.425000011920928955078125000000000000         6.30000010132789611816406250000000000E-0002  0.870056494511586616800702331296776776        0.129943505488413383199297668703223248         0.00000000000000000000000000000000000        0.683022559859958444886526535977552353        0.167811590859605266884724425470909642        0.129098359310438402074632433326122454         2000.00000000000000000000000000000000        0.300000011920928955078125000000000000        -1.00000000000000000000000000000000000         4.50000000000000000000000000000000000         50.0000000000000000000000000000000000        0.823878029867637164971956005539260416        0.823926308014003175163435660982574033        0.823926308014003175163435660982574033        0.823926308014003175163435660982574033        0.823926308014003175163435660982574033         0.00000000000000000000000000000000000         5.85952237432254345467973009138474801E-0003   220.386703160628927357173256177121981         4860.82335359243406471722149142389982      
  0.560716993820558519630662000117957924         0.00000000000000000000000000000000000         0.00000000000000000000000000000000000        0.550000000000000000000000000000000039        0.449999999999999999999999999999999961        0.724999999999999999999999999999999981        0.275000000000000000000000000000000019        0.512000024318695068359375000000000000        0.425000011920928955078125000000000000         6.30000010132789611816406250000000000E-0002  0.870056494511586616800702331296776776        0.129943505488413383199297668703223248         0.00000000000000000000000000000000000        0.683022559859958444886526535977552353        0.167811590859605266884724425470909642        0.129098359310438402074632433326122454         2000.00000000000000000000000000000000        0.300000011920928955078125000000000000        -1.00000000000000000000000000000000000         4.50000000000000000000000000000000000         50.0000000000000000000000000000000000        0.834809005642987890564360455162619389        0.835088513485120201572924989531646257        0.835088513485120201572924989531646257        0.835088513485120201572924989531646257        0.835088513485120201572924989531646257         0.00000000000000000000000000000000000         3.34704450628623504977156132988775048E-0002   229.926375398541307604730101684673195         4944.96381559336413430160875880572844      
  0.587278661318961641324294675315294360         0.00000000000000000000000000000000000         0.00000000000000000000000000000000000        0.550000000000000000000000000000000039        0.449999999999999999999999999999999961        0.724999999999999999999999999999999981        0.275000000000000000000000000000000019        0.512000024318695068359375000000000000        0.425000011920928955078125000000000000         6.30000010132789611816406250000000000E-0002  0.870056494511586616800702331296776776        0.129943505488413383199297668703223248         0.00000000000000000000000000000000000        0.683022559859958444886526535977552353        0.167811590859605266884724425470909642        0.129098359310438402074632433326122454         2000.00000000000000000000000000000000        0.300000011920928955078125000000000000        -1.00000000000000000000000000000000000         4.50000000000000000000000000000000000         50.0000000000000000000000000000000000        0.845919721276984070451354953483065115        0.845916667037526450755129913813723360        0.845916667037526450755129913813723360        0.845916667037526450755129913813723360        0.845916667037526450755129913813723360         0.00000000000000000000000000000000000        -3.61056777414719555497902913764293310E-0004   239.854098862534482265890265851390577         5034.19758695883481158438754473678758      
  0.615098578858064451529164264953569834         0.00000000000000000000000000000000000         0.00000000000000000000000000000000000        0.550000000000000000000000000000000039        0.449999999999999999999999999999999961        0.724999999999999999999999999999999981        0.275000000000000000000000000000000019        0.512000024318695068359375000000000000        0.425000011920928955078125000000000000         6.30000010132789611816406250000000000E-0002  0.870056494511586616800702331296776776        0.129943505488413383199297668703223248         0.00000000000000000000000000000000000        0.683022559859958444886526535977552353        0.167811590859605266884724425470909642        0.129098359310438402074632433326122454         2000.00000000000000000000000000000000        0.300000011920928955078125000000000000        -1.00000000000000000000000000000000000         4.50000000000000000000000000000000000         50.0000000000000000000000000000000000        0.857143527645779015778047268406060435        0.857142040989295084704502319343221061        0.857142040989295084704502319343221061        0.857142040989295084704502319343221061        0.857142040989295084704502319343221061         0.00000000000000000000000000000000000        -1.73443421607836001164921813086137460E-0004   250.303364930118026182920766230616539         5123.97948091361420928690434868268070      
  0.644236350872152408747567964251532425         0.00000000000000000000000000000000000         0.00000000000000000000000000000000000        0.550000000000000000000000000000000039        0.449999999999999999999999999999999961        0.724999999999999999999999999999999981        0.275000000000000000000000000000000019        0.512000024318695068359375000000000000        0.425000011920928955078125000000000000         6.30000010132789611816406250000000000E-0002  0.870056494511586616800702331296776776        0.129943505488413383199297668703223248         0.00000000000000000000000000000000000        0.683022559859958444886526535977552353        0.167811590859605266884724425470909642        0.129098359310438402074632433326122454         2000.00000000000000000000000000000000        0.300000011920928955078125000000000000        -1.00000000000000000000000000000000000         4.50000000000000000000000000000000000         50.0000000000000000000000000000000000        0.868496197028328950875239150274011657        0.868615725353921487370223705758724625        0.868615725353921487370223705758724625        0.868615725353921487370223705758724625        0.868615725353921487370223705758724625         0.00000000000000000000000000000000000         1.37607830601770566500148336593373182E-0002   261.279455848543946358718085440493356         5215.44455201684918651165978491459023      
  0.674754405311085438667667359428963781         0.00000000000000000000000000000000000         0.00000000000000000000000000000000000        0.550000000000000000000000000000000039        0.449999999999999999999999999999999961        0.724999999999999999999999999999999981        0.275000000000000000000000000000000019        0.512000024318695068359375000000000000        0.425000011920928955078125000000000000         6.30000010132789611816406250000000000E-0002  0.870056494511586616800702331296776776        0.129943505488413383199297668703223248         0.00000000000000000000000000000000000        0.683022559859958444886526535977552353        0.167811590859605266884724425470909642        0.129098359310438402074632433326122454         2000.00000000000000000000000000000000        0.300000011920928955078125000000000000        -1.00000000000000000000000000000000000         4.50000000000000000000000000000000000         50.0000000000000000000000000000000000        0.879982415424956346527223768879334354        0.880222671960665826564782744400154714        0.880222671960665826564782744400154714        0.880222671960665826564782744400154714        0.880222671960665826564782744400154714         0.00000000000000000000000000000000000         2.72949724385440834631270664719683537E-0002   272.803886918564717733051245449231747         5308.55778666969605449034597382147332      
  0.706718127392766099165833109055340844         0.00000000000000000000000000000000000         0.00000000000000000000000000000000000        0.550000000000000000000000000000000039        0.449999999999999999999999999999999961        0.724999999999999999999999999999999981        0.275000000000000000000000000000000019        0.512000024318695068359375000000000000        0.425000011920928955078125000000000000         6.30000010132789611816406250000000000E-0002  0.870056494511586616800702331296776776        0.129943505488413383199297668703223248         0.00000000000000000000000000000000000        0.683022559859958444886526535977552353        0.167811590859605266884724425470909642        0.129098359310438402074632433326122454         2000.00000000000000000000000000000000        0.300000011920928955078125000000000000        -1.00000000000000000000000000000000000         4.50000000000000000000000000000000000         50.0000000000000000000000000000000000        0.891621329860833312277821906946430275        0.891774161945401601892424893445214513        0.891774161945401601892424893445214513        0.891774161945401601892424893445214513        0.891774161945401601892424893445214513         0.00000000000000000000000000000000000         1.71379807904376890415613336962552235E-0002   284.851749434541568749915892286958999         5405.57509345823039924831753287851939      
  0.740195999691582266577873530475029904         0.00000000000000000000000000000000000         0.00000000000000000000000000000000000        0.550000000000000000000000000000000039        0.449999999999999999999999999999999961        0.724999999999999999999999999999999981        0.275000000000000000000000000000000019        0.512000024318695068359375000000000000        0.425000011920928955078125000000000000         6.30000010132789611816406250000000000E-0002  0.870056494511586616800702331296776776        0.129943505488413383199297668703223248         0.00000000000000000000000000000000000        0.683022559859958444886526535977552353        0.167811590859605266884724425470909642        0.129098359310438402074632433326122454         2000.00000000000000000000000000000000        0.300000011920928955078125000000000000        -1.00000000000000000000000000000000000         4.50000000000000000000000000000000000         50.0000000000000000000000000000000000        0.903393608261545770101117074493492358        0.903422427931732157753750751976993578        0.903422427931732157753750751976993578        0.903422427931732157753750751976993578        0.903422427931732157753750751976993578         0.00000000000000000000000000000000000         3.19005476235148704836100859208001485E-0003   297.498853459097355345369610116013501         5504.88266097861299429834563636647967      
  0.775259748862965145759849187317876307         0.00000000000000000000000000000000000         0.00000000000000000000000000000000000        0.550000000000000000000000000000000039        0.449999999999999999999999999999999961        0.724999999999999999999999999999999981        0.275000000000000000000000000000000019        0.512000024318695068359375000000000000        0.425000011920928955078125000000000000         6.30000010132789611816406250000000000E-0002  0.870056494511586616800702331296776776        0.129943505488413383199297668703223248         0.00000000000000000000000000000000000        0.683022559859958444886526535977552353        0.167811590859605266884724425470909642        0.129098359310438402074632433326122454         2000.00000000000000000000000000000000        0.300000011920928955078125000000000000        -1.00000000000000000000000000000000000         4.50000000000000000000000000000000000         50.0000000000000000000000000000000000        0.915323996960685089082503935343800594        0.914723582066902368500809525960123115        0.914723582066902368500809525960123115        0.914723582066902368500809525960123115        0.914723582066902368500809525960123115         0.00000000000000000000000000000000000        -6.56389433435210784735939306521109084E-0002   310.752780238202004667158813193575182         5606.35809049965771447851287723758763      
  0.811984499318421345788851126412103227         0.00000000000000000000000000000000000         0.00000000000000000000000000000000000        0.550000000000000000000000000000000039        0.449999999999999999999999999999999961        0.724999999999999999999999999999999981        0.275000000000000000000000000000000019        0.512000024318695068359375000000000000        0.425000011920928955078125000000000000         6.30000010132789611816406250000000000E-0002  0.870056494511586616800702331296776776        0.129943505488413383199297668703223248         0.00000000000000000000000000000000000        0.683022559859958444886526535977552353        0.167811590859605266884724425470909642        0.129098359310438402074632433326122454         2000.00000000000000000000000000000000        0.300000011920928955078125000000000000        -1.00000000000000000000000000000000000         4.50000000000000000000000000000000000         50.0000000000000000000000000000000000        0.927384570977517632779264031878246567        0.927388621950974195817905328548748304        0.927388621950974195817905328548748304        0.927388621950974195817905328548748304        0.927388621950974195817905328548748304         0.00000000000000000000000000000000000         4.36815091395114264475187521994383844E-0004   324.696680095300587601020336106697465         5710.06982599509768376531663708827083      
  0.850448934180289219036975673402549010         0.00000000000000000000000000000000000         0.00000000000000000000000000000000000        0.550000000000000000000000000000000039        0.449999999999999999999999999999999961        0.724999999999999999999999999999999981        0.275000000000000000000000000000000019        0.512000024318695068359375000000000000        0.425000011920928955078125000000000000         6.30000010132789611816406250000000000E-0002  0.870056494511586616800702331296776776        0.129943505488413383199297668703223248         0.00000000000000000000000000000000000        0.683022559859958444886526535977552353        0.167811590859605266884724425470909642        0.129098359310438402074632433326122454         2000.00000000000000000000000000000000        0.300000011920928955078125000000000000        -1.00000000000000000000000000000000000         4.50000000000000000000000000000000000         50.0000000000000000000000000000000000        0.939576288664885130541965657795944301        0.939582251506733339358491961133292285        0.939582251506733339358491961133292285        0.939582251506733339358491961133292285        0.939582251506733339358491961133292285         0.00000000000000000000000000000000000         6.34626914104292756802502248294609483E-0004   339.429956001236234327571566203561745         5817.11313981280457335459387063928484      
  0.890735463861066538871678342365989236         0.00000000000000000000000000000000000         0.00000000000000000000000000000000000        0.550000000000000000000000000000000039        0.449999999999999999999999999999999961        0.724999999999999999999999999999999981        0.275000000000000000000000000000000019        0.512000024318695068359375000000000000        0.425000011920928955078125000000000000         6.30000010132789611816406250000000000E-0002  0.870056494511586616800702331296776776        0.129943505488413383199297668703223248         0.00000000000000000000000000000000000        0.683022559859958444886526535977552353        0.167811590859605266884724425470909642        0.129098359310438402074632433326122454         2000.00000000000000000000000000000000        0.300000011920928955078125000000000000        -1.00000000000000000000000000000000000         4.50000000000000000000000000000000000         50.0000000000000000000000000000000000        0.951822533713415081233492400905499070        0.952062602739853455261976314498038051        0.952062602739853455261976314498038051        0.952062602739853455261976314498038051        0.952062602739853455261976314498038051         0.00000000000000000000000000000000000         2.52156765476872469651072034418463322E-0002   355.884769656019109828064341574311604         5932.37267192346410458277801563967386      
  0.932930402628492306849122631846463221         0.00000000000000000000000000000000000         0.00000000000000000000000000000000000        0.550000000000000000000000000000000039        0.449999999999999999999999999999999961        0.724999999999999999999999999999999981        0.275000000000000000000000000000000019        0.512000024318695068359375000000000000        0.425000011920928955078125000000000000         6.30000010132789611816406250000000000E-0002  0.870056494511586616800702331296776776        0.129943505488413383199297668703223248         0.00000000000000000000000000000000000        0.683022559859958444886526535977552353        0.167811590859605266884724425470909642        0.129098359310438402074632433326122454         2000.00000000000000000000000000000000        0.300000011920928955078125000000000000        -1.00000000000000000000000000000000000         4.50000000000000000000000000000000000         50.0000000000000000000000000000000000        0.964049183952706302531835475917741290        0.964262420150882641205724153261692096        0.964262420150882641205724153261692096        0.964262420150882641205724153261692096        0.964262420150882641205724153261692096         0.00000000000000000000000000000000000         2.21139177178524297111901342729767144E-0002   375.817810287231718936042091187999512         6071.89197510613586477906528019277366      
  0.977124153534675033397991232687960264         0.00000000000000000000000000000000000         0.00000000000000000000000000000000000        0.550000000000000000000000000000000039        0.449999999999999999999999999999999961        0.724999999999999999999999999999999981        0.275000000000000000000000000000000019        0.512000024318695068359375000000000000        0.425000011920928955078125000000000000         6.30000010132789611816406250000000000E-0002  0.870056494511586616800702331296776776        0.129943505488413383199297668703223248         0.00000000000000000000000000000000000        0.683022559859958444886526535977552353        0.167811590859605266884724425470909642        0.129098359310438402074632433326122454         2000.00000000000000000000000000000000        0.300000011920928955078125000000000000        -1.00000000000000000000000000000000000         4.50000000000000000000000000000000000         50.0000000000000000000000000000000000        0.976368846223420603255395986931601102        0.976384762081601734806960127176553948        0.976384762081601734806960127176553948        0.976384762081601734806960127176553948        0.976384762081601734806960127176553948         0.00000000000000000000000000000000000         1.63008055832413508618406410929678216E-0003   395.825497925055512388393903922741335         6205.19872500640595117098299078983286      
   1.02341140210547988401757228923722065         0.00000000000000000000000000000000000         0.00000000000000000000000000000000000        0.550000000000000000000000000000000039        0.449999999999999999999999999999999961        0.724999999999999999999999999999999981        0.275000000000000000000000000000000019        0.512000024318695068359375000000000000        0.425000011920928955078125000000000000         6.30000010132789611816406250000000000E-0002  0.870056494511586616800702331296776776        0.129943505488413383199297668703223248         0.00000000000000000000000000000000000        0.683022559859958444886526535977552353        0.167811590859605266884724425470909642        0.129098359310438402074632433326122454         2000.00000000000000000000000000000000        0.300000011920928955078125000000000000        -1.00000000000000000000000000000000000         4.50000000000000000000000000000000000         50.0000000000000000000000000000000000        0.988775119526065492430701040790326919        0.988793843430700459220829216298920972        0.988793843430700459220829216298920972        0.988793843430700459220829216298920972        0.988793843430700459220829216298920972         0.00000000000000000000000000000000000         1.89361055991233561420739588351522149E-0003   416.809510309745252215953331481036534         6338.55857250409180839773470645929481      
   1.07189131920515601980676290596541418         0.00000000000000000000000000000000000         0.00000000000000000000000000000000000        0.550000000000000000000000000000000039        0.449999999999999999999999999999999961        0.724999999999999999999999999999999981        0.275000000000000000000000000000000019        0.512000024318695068359375000000000000        0.425000011920928955078125000000000000         6.30000010132789611816406250000000000E-0002  0.870056494511586616800702331296776776        0.129943505488413383199297668703223248         0.00000000000000000000000000000000000        0.683022559859958444886526535977552353        0.167811590859605266884724425470909642        0.129098359310438402074632433326122454         2000.00000000000000000000000000000000        0.300000011920928955078125000000000000        -1.00000000000000000000000000000000000         4.50000000000000000000000000000000000         50.0000000000000000000000000000000000         1.00129938936045454686645713933163163         1.00130611438404213021159132034826861         1.00130611438404213021159132034826861         1.00130611438404213021159132034826861         1.00130611438404213021159132034826861         0.00000000000000000000000000000000000         6.71625139502945414093150454437003056E-0004   438.622230198777530907313857172033920         6471.31412850632512906370680333269502      
   1.12266777351084349932308213365971722         0.00000000000000000000000000000000000         0.00000000000000000000000000000000000        0.550000000000000000000000000000000039        0.449999999999999999999999999999999961        0.724999999999999999999999999999999981        0.275000000000000000000000000000000019        0.512000024318695068359375000000000000        0.425000011920928955078125000000000000         6.30000010132789611816406250000000000E-0002  0.870056494511586616800702331296776776        0.129943505488413383199297668703223248         0.00000000000000000000000000000000000        0.683022559859958444886526535977552353        0.167811590859605266884724425470909642        0.129098359310438402074632433326122454         2000.00000000000000000000000000000000        0.300000011920928955078125000000000000        -1.00000000000000000000000000000000000         4.50000000000000000000000000000000000         50.0000000000000000000000000000000000         1.01393476081633356793394250915389335         1.01400494668135895667288278474240989         1.01400494668135895667288278474240989         1.01400494668135895667288278474240989         1.01400494668135895667288278474240989         0.00000000000000000000000000000000000         6.92164917489736409408378849617830300E-0003   461.420589175496001242796802404065623         6603.96106669876719035362022708736736      
   1.17584955405218836587405952039268318         0.00000000000000000000000000000000000         0.00000000000000000000000000000000000        0.550000000000000000000000000000000039        0.449999999999999999999999999999999961        0.724999999999999999999999999999999981        0.275000000000000000000000000000000019        0.512000024318695068359375000000000000        0.425000011920928955078125000000000000         6.30000010132789611816406250000000000E-0002  0.870056494511586616800702331296776776        0.129943505488413383199297668703223248         0.00000000000000000000000000000000000        0.683022559859958444886526535977552353        0.167811590859605266884724425470909642        0.129098359310438402074632433326122454         2000.00000000000000000000000000000000        0.300000011920928955078125000000000000        -1.00000000000000000000000000000000000         4.50000000000000000000000000000000000         50.0000000000000000000000000000000000         1.02662981294811402321982944455260948         1.02685438084834831963082077694502980         1.02685438084834831963082077694502980         1.02685438084834831963082077694502980         1.02685438084834831963082077694502980         0.00000000000000000000000000000000000         2.18694981900712047003364356341721196E-0002   485.384718830884573062301744543019543         6737.08231490745851888922520315337528      
   1.23155060329285913304393922610526752         0.00000000000000000000000000000000000         0.00000000000000000000000000000000000        0.550000000000000000000000000000000039        0.449999999999999999999999999999999961        0.724999999999999999999999999999999981        0.275000000000000000000000000000000019        0.512000024318695068359375000000000000        0.425000011920928955078125000000000000         6.30000010132789611816406250000000000E-0002  0.870056494511586616800702331296776776        0.129943505488413383199297668703223248         0.00000000000000000000000000000000000        0.683022559859958444886526535977552353        0.167811590859605266884724425470909642        0.129098359310438402074632433326122454         2000.00000000000000000000000000000000        0.300000011920928955078125000000000000        -1.00000000000000000000000000000000000         4.50000000000000000000000000000000000         50.0000000000000000000000000000000000         1.03930917834054755957386150484547072         1.03942950731368924895770363329917255         1.03942950731368924895770363329917255         1.03942950731368924895770363329917255         1.03942950731368924895770363329917255         0.00000000000000000000000000000000000         1.15764438372226548801576729038071164E-0002   510.518929328728133307816170257744050         6870.73400089035687262861189923279531      
   1.28989026125334400389008600428654072         0.00000000000000000000000000000000000         0.00000000000000000000000000000000000        0.550000000000000000000000000000000039        0.449999999999999999999999999999999961        0.724999999999999999999999999999999981        0.275000000000000000000000000000000019        0.512000024318695068359375000000000000        0.425000011920928955078125000000000000         6.30000010132789611816406250000000000E-0002  0.870056494511586616800702331296776776        0.129943505488413383199297668703223248         0.00000000000000000000000000000000000        0.683022559859958444886526535977552353        0.167811590859605266884724425470909642        0.129098359310438402074632433326122454         2000.00000000000000000000000000000000        0.300000011920928955078125000000000000        -1.00000000000000000000000000000000000         4.50000000000000000000000000000000000         50.0000000000000000000000000000000000         1.05202202885950977145864854650733012         1.05248501938065653991488153690793804         1.05248501938065653991488153690793804         1.05248501938065653991488153690793804         1.05248501938065653991488153690793804         0.00000000000000000000000000000000000         4.39902243377505775564977368213139058E-0002   537.236436662320012317500198844183330         7004.57052642351285021573954815142556      
   1.35099352119806420678539952158028216         0.00000000000000000000000000000000000         0.00000000000000000000000000000000000        0.550000000000000000000000000000000039        0.449999999999999999999999999999999961        0.724999999999999999999999999999999981        0.275000000000000000000000000000000019        0.512000024318695068359375000000000000        0.425000011920928955078125000000000000         6.30000010132789611816406250000000000E-0002  0.870056494511586616800702331296776776        0.129943505488413383199297668703223248         0.00000000000000000000000000000000000        0.683022559859958444886526535977552353        0.167811590859605266884724425470909642        0.129098359310438402074632433326122454         2000.00000000000000000000000000000000        0.300000011920928955078125000000000000        -1.00000000000000000000000000000000000         4.50000000000000000000000000000000000         50.0000000000000000000000000000000000         1.06501491865165865725999086090862874         1.06510726378405459812867687591698249         1.06510726378405459812867687591698249         1.06510726378405459812867687591698249         1.06510726378405459812867687591698249         0.00000000000000000000000000000000000         8.67003122933010082884582704044684560E-0003   564.390666383191414841470626506446117         7138.57635163328927355456020993406946      
   1.41499129743461548663919584700832116         0.00000000000000000000000000000000000         0.00000000000000000000000000000000000        0.550000000000000000000000000000000039        0.449999999999999999999999999999999961        0.724999999999999999999999999999999981        0.275000000000000000000000000000000019        0.512000024318695068359375000000000000        0.425000011920928955078125000000000000         6.30000010132789611816406250000000000E-0002  0.870056494511586616800702331296776776        0.129943505488413383199297668703223248         0.00000000000000000000000000000000000        0.683022559859958444886526535977552353        0.167811590859605266884724425470909642        0.129098359310438402074632433326122454         2000.00000000000000000000000000000000        0.300000011920928955078125000000000000        -1.00000000000000000000000000000000000         4.50000000000000000000000000000000000         50.0000000000000000000000000000000000         1.07807557407768661175509761590921480         1.07805531835457338266513419418809813         1.07805531835457338266513419418809813         1.07805531835457338266513419418809813         1.07805531835457338266513419418809813         0.00000000000000000000000000000000000        -1.87891314743896695468158117066799674E-0003   593.156516000135988609862168661228227         7272.04548303607960652056457879035349      
   1.48202070579890013841676841137265918         0.00000000000000000000000000000000000         0.00000000000000000000000000000000000        0.550000000000000000000000000000000039        0.449999999999999999999999999999999961        0.724999999999999999999999999999999981        0.275000000000000000000000000000000019        0.512000024318695068359375000000000000        0.425000011920928955078125000000000000         6.30000010132789611816406250000000000E-0002  0.870056494511586616800702331296776776        0.129943505488413383199297668703223248         0.00000000000000000000000000000000000        0.683022559859958444886526535977552353        0.167811590859605266884724425470909642        0.129098359310438402074632433326122454         2000.00000000000000000000000000000000        0.300000011920928955078125000000000000        -1.00000000000000000000000000000000000         4.50000000000000000000000000000000000         50.0000000000000000000000000000000000         1.09123321546058055657540479833074817         1.09132599964640557960602783351047106         1.09132599964640557960602783351047106         1.09132599964640557960602783351047106         1.09132599964640557960602783351047106         0.00000000000000000000000000000000000         8.50196786799595305417054322466892358E-0003   623.452234210148955656844017743895091         7405.53993451633170473039018061559004      
   1.55222535742709160936160846888458776         0.00000000000000000000000000000000000         0.00000000000000000000000000000000000        0.550000000000000000000000000000000039        0.449999999999999999999999999999999961        0.724999999999999999999999999999999981        0.275000000000000000000000000000000019        0.512000024318695068359375000000000000        0.425000011920928955078125000000000000         6.30000010132789611816406250000000000E-0002  0.870056494511586616800702331296776776        0.129943505488413383199297668703223248         0.00000000000000000000000000000000000        0.683022559859958444886526535977552353        0.167811590859605266884724425470909642        0.129098359310438402074632433326122454         2000.00000000000000000000000000000000        0.300000011920928955078125000000000000        -1.00000000000000000000000000000000000         4.50000000000000000000000000000000000         50.0000000000000000000000000000000000         1.10452308117959564496130389166805302         1.10466241476300622263072129392370259         1.10466241476300622263072129392370259         1.10466241476300622263072129392370259         1.10466241476300622263072129392370259         0.00000000000000000000000000000000000         1.26132274936203232462393008123964839E-0002   655.203814833541998262102329396399712         7540.09393402926441581621378258677674      
   1.62575566644384085973659301860212051         0.00000000000000000000000000000000000         0.00000000000000000000000000000000000        0.550000000000000000000000000000000039        0.449999999999999999999999999999999961        0.724999999999999999999999999999999981        0.275000000000000000000000000000000019        0.512000024318695068359375000000000000        0.425000011920928955078125000000000000         6.30000010132789611816406250000000000E-0002  0.870056494511586616800702331296776776        0.129943505488413383199297668703223248         0.00000000000000000000000000000000000        0.683022559859958444886526535977552353        0.167811590859605266884724425470909642        0.129098359310438402074632433326122454         2000.00000000000000000000000000000000        0.300000011920928955078125000000000000        -1.00000000000000000000000000000000000         4.50000000000000000000000000000000000         50.0000000000000000000000000000000000         1.11797943591494555745021557683573787         1.11785785138173848368830295999332620         1.11785785138173848368830295999332620         1.11785785138173848368830295999332620         1.11785785138173848368830295999332620         0.00000000000000000000000000000000000        -1.08765647668697840987111271602913002E-0002   688.321029743468273899850394502585420         7674.01878901359233138780303175975624      
   1.70276917222594935040597643772334275         0.00000000000000000000000000000000000         0.00000000000000000000000000000000000        0.550000000000000000000000000000000039        0.449999999999999999999999999999999961        0.724999999999999999999999999999999981        0.275000000000000000000000000000000019        0.512000024318695068359375000000000000        0.425000011920928955078125000000000000         6.30000010132789611816406250000000000E-0002  0.870056494511586616800702331296776776        0.129943505488413383199297668703223248         0.00000000000000000000000000000000000        0.683022559859958444886526535977552353        0.167811590859605266884724425470909642        0.129098359310438402074632433326122454         2000.00000000000000000000000000000000        0.300000011920928955078125000000000000        -1.00000000000000000000000000000000000         4.50000000000000000000000000000000000         50.0000000000000000000000000000000000         1.13154771468801144537450446860678928         1.13157493438287756239220606870095386         1.13157493438287756239220606870095386         1.13157493438287756239220606870095386         1.13157493438287756239220606870095386         0.00000000000000000000000000000000000         2.40546993743385738880957012753664106E-0003   723.201697205811454646314433968758176         7808.06024251756334154945728837213923      
   1.78343087693196159954962751479630605         0.00000000000000000000000000000000000         0.00000000000000000000000000000000000        0.550000000000000000000000000000000039        0.449999999999999999999999999999999961        0.724999999999999999999999999999999981        0.275000000000000000000000000000000019        0.512000024318695068359375000000000000        0.425000011920928955078125000000000000         6.30000010132789611816406250000000000E-0002  0.870056494511586616800702331296776776        0.129943505488413383199297668703223248         0.00000000000000000000000000000000000        0.683022559859958444886526535977552353        0.167811590859605266884724425470909642        0.129098359310438402074632433326122454         2000.00000000000000000000000000000000        0.300000011920928955078125000000000000        -1.00000000000000000000000000000000000         4.50000000000000000000000000000000000         50.0000000000000000000000000000000000         1.14545626415291478329158675795581788         1.14562384582940040953733813791058550         1.14562384582940040953733813791058550         1.14562384582940040953733813791058550         1.14562384582940040953733813791058550         0.00000000000000000000000000000000000         1.46279843157682951273888791091392477E-0002   759.064468526814814299207849037810100         7972.01984569939724265031886016330646      
   1.86791359902083762667604333648365787         0.00000000000000000000000000000000000         0.00000000000000000000000000000000000        0.550000000000000000000000000000000039        0.449999999999999999999999999999999961        0.724999999999999999999999999999999981        0.275000000000000000000000000000000019        0.512000024318695068359375000000000000        0.425000011920928955078125000000000000         6.30000010132789611816406250000000000E-0002  0.870056494511586616800702331296776776        0.129943505488413383199297668703223248         0.00000000000000000000000000000000000        0.683022559859958444886526535977552353        0.167811590859605266884724425470909642        0.129098359310438402074632433326122454         2000.00000000000000000000000000000000        0.300000011920928955078125000000000000        -1.00000000000000000000000000000000000         4.50000000000000000000000000000000000         50.0000000000000000000000000000000000         1.15968581152148481352951631014361057         1.15970202376067037801116890084067917         1.15970202376067037801116890084067917         1.15970202376067037801116890084067917         1.15970202376067037801116890084067917         0.00000000000000000000000000000000000         1.39796593033368959863011865322984973E-0003   796.005914756028015069641593357764528         8152.32265274885609441546255926605039      
   1.95639834351712235574086149449056598         0.00000000000000000000000000000000000         0.00000000000000000000000000000000000        0.550000000000000000000000000000000039        0.449999999999999999999999999999999961        0.724999999999999999999999999999999981        0.275000000000000000000000000000000019        0.512000024318695068359375000000000000        0.425000011920928955078125000000000000         6.30000010132789611816406250000000000E-0002  0.870056494511586616800702331296776776        0.129943505488413383199297668703223248         0.00000000000000000000000000000000000        0.683022559859958444886526535977552353        0.167811590859605266884724425470909642        0.129098359310438402074632433326122454         2000.00000000000000000000000000000000        0.300000011920928955078125000000000000        -1.00000000000000000000000000000000000         4.50000000000000000000000000000000000         50.0000000000000000000000000000000000         1.17401143712974122135821759491671466         1.17403392655801536340033614980016254         1.17403392655801536340033614980016254         1.17403392655801536340033614980016254         1.17403392655801536340033614980016254         0.00000000000000000000000000000000000         1.91556885754363401564505612089290529E-0003   835.122571974980589824516165293890706         8336.36870914022162888744812127494746      
   2.04907468981590857599889354382844297         0.00000000000000000000000000000000000         0.00000000000000000000000000000000000        0.550000000000000000000000000000000039        0.449999999999999999999999999999999961        0.724999999999999999999999999999999981        0.275000000000000000000000000000000019        0.512000024318695068359375000000000000        0.425000011920928955078125000000000000         6.30000010132789611816406250000000000E-0002  0.870056494511586616800702331296776776        0.129943505488413383199297668703223248         0.00000000000000000000000000000000000        0.683022559859958444886526535977552353        0.167811590859605266884724425470909642        0.129098359310438402074632433326122454         2000.00000000000000000000000000000000        0.300000011920928955078125000000000000        -1.00000000000000000000000000000000000         4.50000000000000000000000000000000000         50.0000000000000000000000000000000000         1.18844575803429361345988046252351777         1.18861514072282262024216938780338058         1.18861514072282262024216938780338058         1.18861514072282262024216938780338058         1.18861514072282262024216938780338058         0.00000000000000000000000000000000000         1.42504232636647636390450120409242640E-0002   876.494940032530685229583273633283015         8522.83443879085058704954414308146000      
   2.14614119785846923144288932206752821         0.00000000000000000000000000000000000         0.00000000000000000000000000000000000        0.550000000000000000000000000000000039        0.449999999999999999999999999999999961        0.724999999999999999999999999999999981        0.275000000000000000000000000000000019        0.512000024318695068359375000000000000        0.425000011920928955078125000000000000         6.30000010132789611816406250000000000E-0002  0.870056494511586616800702331296776776        0.129943505488413383199297668703223248         0.00000000000000000000000000000000000        0.683022559859958444886526535977552353        0.167811590859605266884724425470909642        0.129098359310438402074632433326122454         2000.00000000000000000000000000000000        0.300000011920928955078125000000000000        -1.00000000000000000000000000000000000         4.50000000000000000000000000000000000         50.0000000000000000000000000000000000         1.20303882570285740112800214265625014         1.20315505558775043492867863465540327         1.20315505558775043492867863465540327         1.20315505558775043492867863465540327         1.20315505558775043492867863465540327         0.00000000000000000000000000000000000         9.66042442769395288679267338424853274E-0003   919.926721999911372552686266741363027         8713.67705557491977372069915239970616      
   2.24780583354879414104030832593962274         0.00000000000000000000000000000000000         0.00000000000000000000000000000000000        0.550000000000000000000000000000000039        0.449999999999999999999999999999999961        0.724999999999999999999999999999999981        0.275000000000000000000000000000000019        0.512000024318695068359375000000000000        0.425000011920928955078125000000000000         6.30000010132789611816406250000000000E-0002  0.870056494511586616800702331296776776        0.129943505488413383199297668703223248         0.00000000000000000000000000000000000        0.683022559859958444886526535977552353        0.167811590859605266884724425470909642        0.129098359310438402074632433326122454         2000.00000000000000000000000000000000        0.300000011920928955078125000000000000        -1.00000000000000000000000000000000000         4.50000000000000000000000000000000000         50.0000000000000000000000000000000000         1.21773118948493004795702005536322672         1.21795681349635983430397937530486064         1.21795681349635983430397937530486064         1.21795681349635983430397937530486064         1.21795681349635983430397937530486064         0.00000000000000000000000000000000000         1.85247957012607721839962546081774787E-0002   965.924589888809765421765415213976187         8906.59326492998023970303314571453835      
   2.35428641432249007020695607335824657         0.00000000000000000000000000000000000         0.00000000000000000000000000000000000        0.550000000000000000000000000000000039        0.449999999999999999999999999999999961        0.724999999999999999999999999999999981        0.275000000000000000000000000000000019        0.512000024318695068359375000000000000        0.425000011920928955078125000000000000         6.30000010132789611816406250000000000E-0002  0.870056494511586616800702331296776776        0.129943505488413383199297668703223248         0.00000000000000000000000000000000000        0.683022559859958444886526535977552353        0.167811590859605266884724425470909642        0.129098359310438402074632433326122454         2000.00000000000000000000000000000000        0.300000011920928955078125000000000000        -1.00000000000000000000000000000000000         4.50000000000000000000000000000000000         50.0000000000000000000000000000000000         1.23262293917377249519480084583970975         1.23228088825749963251074755926098233         1.23228088825749963251074755926098233         1.23228088825749963251074755926098233         1.23228088825749963251074755926098233         0.00000000000000000000000000000000000        -2.77575445283857318818277576339149197E-0002   1014.05131224914801560062822480975424         9102.07255704585861709626005223588710      
   2.46581107582267970147068279155487439         0.00000000000000000000000000000000000         0.00000000000000000000000000000000000        0.550000000000000000000000000000000039        0.449999999999999999999999999999999961        0.724999999999999999999999999999999981        0.275000000000000000000000000000000019        0.512000024318695068359375000000000000        0.425000011920928955078125000000000000         6.30000010132789611816406250000000000E-0002  0.870056494511586616800702331296776776        0.129943505488413383199297668703223248         0.00000000000000000000000000000000000        0.683022559859958444886526535977552353        0.167811590859605266884724425470909642        0.129098359310438402074632433326122454         2000.00000000000000000000000000000000        0.300000011920928955078125000000000000        -1.00000000000000000000000000000000000         4.50000000000000000000000000000000000         50.0000000000000000000000000000000000         1.24754952654833714778408456385743383         1.24766411990434561349551366607118375         1.24766411990434561349551366607118375         1.24766411990434561349551366607118375         1.24766411990434561349551366607118375         0.00000000000000000000000000000000000         9.18463183963735485701095921694672309E-0003   1065.30077854961517254375781408543908         9302.68027823275381686391523424077943      
   2.58261876068275699540889612963339913         0.00000000000000000000000000000000000         0.00000000000000000000000000000000000        0.550000000000000000000000000000000039        0.449999999999999999999999999999999961        0.724999999999999999999999999999999981        0.275000000000000000000000000000000019        0.512000024318695068359375000000000000        0.425000011920928955078125000000000000         6.30000010132789611816406250000000000E-0002  0.870056494511586616800702331296776776        0.129943505488413383199297668703223248         0.00000000000000000000000000000000000        0.683022559859958444886526535977552353        0.167811590859605266884724425470909642        0.129098359310438402074632433326122454         2000.00000000000000000000000000000000        0.300000011920928955078125000000000000        -1.00000000000000000000000000000000000         4.50000000000000000000000000000000000         50.0000000000000000000000000000000000         1.26269652446119506641107153177459639         1.26208657318775792636880021830921562         1.26208657318775792636880021830921562         1.26208657318775792636880021830921562         1.26208657318775792636880021830921562         0.00000000000000000000000000000000000        -4.83287982294697063445187060534167687E-0002   1118.98051200837984219804510064085203         9499.33071226914714593423156047432643      
   2.70495973046322058012775948376762777         0.00000000000000000000000000000000000         0.00000000000000000000000000000000000        0.550000000000000000000000000000000039        0.449999999999999999999999999999999961        0.724999999999999999999999999999999981        0.275000000000000000000000000000000019        0.512000024318695068359375000000000000        0.425000011920928955078125000000000000         6.30000010132789611816406250000000000E-0002  0.870056494511586616800702331296776776        0.129943505488413383199297668703223248         0.00000000000000000000000000000000000        0.683022559859958444886526535977552353        0.167811590859605266884724425470909642        0.129098359310438402074632433326122454         2000.00000000000000000000000000000000        0.300000011920928955078125000000000000        -1.00000000000000000000000000000000000         4.50000000000000000000000000000000000         50.0000000000000000000000000000000000         1.27793825214752342319314893174895978         1.27723089020804196685798043370303867         1.27723089020804196685798043370303867         1.27723089020804196685798043370303867         1.27723089020804196685798043370303867         0.00000000000000000000000000000000000        -5.53824641186244381798263966771853288E-0002   1175.82999291833563599819940979432264         9702.24954682192135821967274880101025      
   2.83309610183941463691826271807341983         0.00000000000000000000000000000000000         0.00000000000000000000000000000000000        0.550000000000000000000000000000000039        0.449999999999999999999999999999999961        0.724999999999999999999999999999999981        0.275000000000000000000000000000000019        0.512000024318695068359375000000000000        0.425000011920928955078125000000000000         6.30000010132789611816406250000000000E-0002  0.870056494511586616800702331296776776        0.129943505488413383199297668703223248         0.00000000000000000000000000000000000        0.683022559859958444886526535977552353        0.167811590859605266884724425470909642        0.129098359310438402074632433326122454         2000.00000000000000000000000000000000        0.300000011920928955078125000000000000        -1.00000000000000000000000000000000000         4.50000000000000000000000000000000000         50.0000000000000000000000000000000000         1.29330000152154607308683122935861493         1.29242829695968237663463709799824676         1.29242829695968237663463709799824676         1.29242829695968237663463709799824676         1.29242829695968237663463709799824676         0.00000000000000000000000000000000000        -6.74470346954102238767163495501458121E-0002   1235.86667978674522520507921504755863         9906.37717320707082335209646432113722      
   2.96730240818896454651461614421851563         0.00000000000000000000000000000000000         0.00000000000000000000000000000000000        0.550000000000000000000000000000000039        0.449999999999999999999999999999999961        0.724999999999999999999999999999999981        0.275000000000000000000000000000000019        0.512000024318695068359375000000000000        0.425000011920928955078125000000000000         6.30000010132789611816406250000000000E-0002  0.870056494511586616800702331296776776        0.129943505488413383199297668703223248         0.00000000000000000000000000000000000        0.683022559859958444886526535977552353        0.167811590859605266884724425470909642        0.129098359310438402074632433326122454         2000.00000000000000000000000000000000        0.300000011920928955078125000000000000        -1.00000000000000000000000000000000000         4.50000000000000000000000000000000000         50.0000000000000000000000000000000000         1.30880969851771652711472122689223383         1.30857685597408404026878901707435932         1.30857685597408404026878901707435932         1.30857685597408404026878901707435932         1.30857685597408404026878901707435932         0.00000000000000000000000000000000000        -1.77935703638257087180551189675202418E-0002   1299.24851191258977953798014410750409         10111.6741137714713791367002265185747      
   3.10786618778211364466063213094136699         0.00000000000000000000000000000000000         0.00000000000000000000000000000000000        0.550000000000000000000000000000000039        0.449999999999999999999999999999999961        0.724999999999999999999999999999999981        0.275000000000000000000000000000000019        0.512000024318695068359375000000000000        0.425000011920928955078125000000000000         6.30000010132789611816406250000000000E-0002  0.870056494511586616800702331296776776        0.129943505488413383199297668703223248         0.00000000000000000000000000000000000        0.683022559859958444886526535977552353        0.167811590859605266884724425470909642        0.129098359310438402074632433326122454         2000.00000000000000000000000000000000        0.300000011920928955078125000000000000        -1.00000000000000000000000000000000000         4.50000000000000000000000000000000000         50.0000000000000000000000000000000000         1.32449390375570137062161697492473648         1.32396579566615206979311927176409031         1.32396579566615206979311927176409031         1.32396579566615206979311927176409031         1.32396579566615206979311927176409031         0.00000000000000000000000000000000000        -3.98883484209336216186282087901084200E-0002   1366.12203282198741937611839011237499         10297.2592352040163271663513302546415      
   3.25508859983516440085845691551799553         0.00000000000000000000000000000000000         0.00000000000000000000000000000000000        0.550000000000000000000000000000000039        0.449999999999999999999999999999999961        0.724999999999999999999999999999999981        0.275000000000000000000000000000000019        0.512000024318695068359375000000000000        0.425000011920928955078125000000000000         6.30000010132789611816406250000000000E-0002  0.870056494511586616800702331296776776        0.129943505488413383199297668703223248         0.00000000000000000000000000000000000        0.683022559859958444886526535977552353        0.167811590859605266884724425470909642        0.129098359310438402074632433326122454         2000.00000000000000000000000000000000        0.300000011920928955078125000000000000        -1.00000000000000000000000000000000000         4.50000000000000000000000000000000000         50.0000000000000000000000000000000000         1.34038839981287080281677658491546214         1.34020368668348758736857335812761273         1.34020368668348758736857335812761273         1.34020368668348758736857335812761273         1.34020368668348758736857335812761273         0.00000000000000000000000000000000000        -1.37824668905599471521723730895033035E-0002   1436.88627470717883421297939391196301         10416.9622181298920109280632722169093      
   3.40928506974692429676371810701270237         0.00000000000000000000000000000000000         0.00000000000000000000000000000000000        0.550000000000000000000000000000000039        0.449999999999999999999999999999999961        0.724999999999999999999999999999999981        0.275000000000000000000000000000000019        0.512000024318695068359375000000000000        0.425000011920928955078125000000000000         6.30000010132789611816406250000000000E-0002  0.870056494511586616800702331296776776        0.129943505488413383199297668703223248         0.00000000000000000000000000000000000        0.683022559859958444886526535977552353        0.167811590859605266884724425470909642        0.129098359310438402074632433326122454         2000.00000000000000000000000000000000        0.300000011920928955078125000000000000        -1.00000000000000000000000000000000000         4.50000000000000000000000000000000000         50.0000000000000000000000000000000000         1.35641725295407361024001690173689618         1.35614884869668508719304211671199815         1.35614884869668508719304211671199815         1.35614884869668508719304211671199815         1.35614884869668508719304211671199815         0.00000000000000000000000000000000000        -1.97916517531589984214878754976011127E-0002   1511.63532095152384964102854746835529         10537.4030451676672954611777779162379      
   3.57078596490058154200418219794212579         0.00000000000000000000000000000000000         0.00000000000000000000000000000000000        0.550000000000000000000000000000000039        0.449999999999999999999999999999999961        0.724999999999999999999999999999999981        0.275000000000000000000000000000000019        0.512000024318695068359375000000000000        0.425000011920928955078125000000000000         6.30000010132789611816406250000000000E-0002  0.870056494511586616800702331296776776        0.129943505488413383199297668703223248         0.00000000000000000000000000000000000        0.683022559859958444886526535977552353        0.167811590859605266884724425470909642        0.129098359310438402074632433326122454         2000.00000000000000000000000000000000        0.300000011920928955078125000000000000        -1.00000000000000000000000000000000000         4.50000000000000000000000000000000000         50.0000000000000000000000000000000000         1.37254975348221203903919275755007573         1.37281578104192628276253338053564079         1.37281578104192628276253338053564079         1.37281578104192628276253338053564079         1.37281578104192628276253338053564079         0.00000000000000000000000000000000000         1.93782416685461417305969375070465499E-0002   1590.95865452664009525814351843962612         10655.5680394756955540243888967162012      
   3.73993730247892248533723346676967991         0.00000000000000000000000000000000000         0.00000000000000000000000000000000000        0.550000000000000000000000000000000039        0.449999999999999999999999999999999961        0.724999999999999999999999999999999981        0.275000000000000000000000000000000019        0.512000024318695068359375000000000000        0.425000011920928955078125000000000000         6.30000010132789611816406250000000000E-0002  0.870056494511586616800702331296776776        0.129943505488413383199297668703223248         0.00000000000000000000000000000000000        0.683022559859958444886526535977552353        0.167811590859605266884724425470909642        0.129098359310438402074632433326122454         2000.00000000000000000000000000000000        0.300000011920928955078125000000000000        -1.00000000000000000000000000000000000         4.50000000000000000000000000000000000         50.0000000000000000000000000000000000         1.38882250817284525312852938884554699         1.38852369944998472639174191612747673         1.38852369944998472639174191612747673         1.38852369944998472639174191612747673         1.38852369944998472639174191612747673         0.00000000000000000000000000000000000        -2.15198864073324350812988321058542634E-0002   1674.37619030563137307202442461540397         10780.3075094105525835799544120549226      
   3.91710149080939146393706924636129076         0.00000000000000000000000000000000000         0.00000000000000000000000000000000000        0.550000000000000000000000000000000039        0.449999999999999999999999999999999961        0.724999999999999999999999999999999981        0.275000000000000000000000000000000019        0.512000024318695068359375000000000000        0.425000011920928955078125000000000000         6.30000010132789611816406250000000000E-0002  0.870056494511586616800702331296776776        0.129943505488413383199297668703223248         0.00000000000000000000000000000000000        0.683022559859958444886526535977552353        0.167811590859605266884724425470909642        0.129098359310438402074632433326122454         2000.00000000000000000000000000000000        0.300000011920928955078125000000000000        -1.00000000000000000000000000000000000         4.50000000000000000000000000000000000         50.0000000000000000000000000000000000         1.40514428939412515449489550791110196         1.40497159889633576741629086186407666         1.40497159889633576741629086186407666         1.40497159889633576741629086186407666         1.40497159889633576741629086186407666         0.00000000000000000000000000000000000        -1.22913870945891519555296686556071548E-0002   1763.11434602013640391120949308788349         10903.0577077831564704548660487352231      
   4.10265810582733183554468384630866708         0.00000000000000000000000000000000000         0.00000000000000000000000000000000000        0.550000000000000000000000000000000039        0.449999999999999999999999999999999961        0.724999999999999999999999999999999981        0.275000000000000000000000000000000019        0.512000024318695068359375000000000000        0.425000011920928955078125000000000000         6.30000010132789611816406250000000000E-0002  0.870056494511586616800702331296776776        0.129943505488413383199297668703223248         0.00000000000000000000000000000000000        0.683022559859958444886526535977552353        0.167811590859605266884724425470909642        0.129098359310438402074632433326122454         2000.00000000000000000000000000000000        0.300000011920928955078125000000000000        -1.00000000000000000000000000000000000         4.50000000000000000000000000000000000         50.0000000000000000000000000000000000         1.42160178481209943855439207620061198         1.42128660882495152493878064941353606         1.42128660882495152493878064941353606         1.42128660882495152493878064941353606         1.42128660882495152493878064941353606         0.00000000000000000000000000000000000        -2.21753997533604648714743275123130945E-0002   1856.93333522486114065170648539742786         11026.5017513750336317857665054354070      
   4.29700470432098797081550436783669861         0.00000000000000000000000000000000000         0.00000000000000000000000000000000000        0.550000000000000000000000000000000039        0.449999999999999999999999999999999961        0.724999999999999999999999999999999981        0.275000000000000000000000000000000019        0.512000024318695068359375000000000000        0.425000011920928955078125000000000000         6.30000010132789611816406250000000000E-0002  0.870056494511586616800702331296776776        0.129943505488413383199297668703223248         0.00000000000000000000000000000000000        0.683022559859958444886526535977552353        0.167811590859605266884724425470909642        0.129098359310438402074632433326122454         2000.00000000000000000000000000000000        0.300000011920928955078125000000000000        -1.00000000000000000000000000000000000         4.50000000000000000000000000000000000         50.0000000000000000000000000000000000         1.43815839970719232205623118419777621         1.43834614142321237800054641050359493         1.43834614142321237800054641050359493         1.43834614142321237800054641050359493         1.43834614142321237800054641050359493         0.00000000000000000000000000000000000         1.30526102593280904867794689216032417E-0002   1956.45560703102585762339221739922166         11148.5058183812035695747573263218267      
   4.50055767570065325107907567564988206         0.00000000000000000000000000000000000         0.00000000000000000000000000000000000        0.550000000000000000000000000000000039        0.449999999999999999999999999999999961        0.724999999999999999999999999999999981        0.275000000000000000000000000000000019        0.512000024318695068359375000000000000        0.425000011920928955078125000000000000         6.30000010132789611816406250000000000E-0002  0.870056494511586616800702331296776776        0.129943505488413383199297668703223248         0.00000000000000000000000000000000000        0.683022559859958444886526535977552353        0.167811590859605266884724425470909642        0.129098359310438402074632433326122454         2000.00000000000000000000000000000000        0.300000011920928955078125000000000000        -1.00000000000000000000000000000000000         4.50000000000000000000000000000000000         50.0000000000000000000000000000000000         1.45487697534901239501236299646758096         1.45500584708872949414399524347894052         1.45500584708872949414399524347894052         1.45500584708872949414399524347894052         1.45500584708872949414399524347894052         0.00000000000000000000000000000000000         8.85712864831121508111146351362119306E-0003   2061.39246510889100135211702551977591         11273.3260743599427256681668433067933      
   4.71375313411688746090811432995346639         0.00000000000000000000000000000000000         0.00000000000000000000000000000000000        0.550000000000000000000000000000000039        0.449999999999999999999999999999999961        0.724999999999999999999999999999999981        0.275000000000000000000000000000000019        0.512000024318695068359375000000000000        0.425000011920928955078125000000000000         6.30000010132789611816406250000000000E-0002  0.870056494511586616800702331296776776        0.129943505488413383199297668703223248         0.00000000000000000000000000000000000        0.683022559859958444886526535977552353        0.167811590859605266884724425470909642        0.129098359310438402074632433326122454         2000.00000000000000000000000000000000        0.300000011920928955078125000000000000        -1.00000000000000000000000000000000000         4.50000000000000000000000000000000000         50.0000000000000000000000000000000000         1.47171324359487837859380535835007205         1.47135105268703111439047378469046158         1.47135105268703111439047378469046158         1.47135105268703111439047378469046158         1.47135105268703111439047378469046158         0.00000000000000000000000000000000000        -2.46162129143700208823614978355379503E-0002   2172.49289047166693779050448487629923         11401.4014489309986201883495848991092      
   4.93704785283917522455720499133271388         0.00000000000000000000000000000000000         0.00000000000000000000000000000000000        0.550000000000000000000000000000000039        0.449999999999999999999999999999999961        0.724999999999999999999999999999999981        0.275000000000000000000000000000000019        0.512000024318695068359375000000000000        0.425000011920928955078125000000000000         6.30000010132789611816406250000000000E-0002  0.870056494511586616800702331296776776        0.129943505488413383199297668703223248         0.00000000000000000000000000000000000        0.683022559859958444886526535977552353        0.167811590859605266884724425470909642        0.129098359310438402074632433326122454         2000.00000000000000000000000000000000        0.300000011920928955078125000000000000        -1.00000000000000000000000000000000000         4.50000000000000000000000000000000000         50.0000000000000000000000000000000000         1.48867104880967799042246015926510906         1.48839695660666183688485410970376859         1.48839695660666183688485410970376859         1.48839695660666183688485410970376859         1.48839695660666183688485410970376859         0.00000000000000000000000000000000000        -1.84152622591385607024579460565797466E-0002   2290.21311327321174367900265380977514         11527.7292672487077980748043561825597      
   5.17092024289694052668163232095138689         0.00000000000000000000000000000000000         0.00000000000000000000000000000000000        0.550000000000000000000000000000000039        0.449999999999999999999999999999999961        0.724999999999999999999999999999999981        0.275000000000000000000000000000000019        0.512000024318695068359375000000000000        0.425000011920928955078125000000000000         6.30000010132789611816406250000000000E-0002  0.870056494511586616800702331296776776        0.129943505488413383199297668703223248         0.00000000000000000000000000000000000        0.683022559859958444886526535977552353        0.167811590859605266884724425470909642        0.129098359310438402074632433326122454         2000.00000000000000000000000000000000        0.300000011920928955078125000000000000        -1.00000000000000000000000000000000000         4.50000000000000000000000000000000000         50.0000000000000000000000000000000000         1.50573103372651984744523928727430119         1.50550012095612706510379219439131562         1.50550012095612706510379219439131562         1.50550012095612706510379219439131562         1.50550012095612706510379219439131562         0.00000000000000000000000000000000000        -1.53379443268415086215741763214902022E-0002   2414.97462850106547548175692633473285         11655.1711215289257137588939453902786      
   5.41587137807966487084961468635563235         0.00000000000000000000000000000000000         0.00000000000000000000000000000000000        0.550000000000000000000000000000000039        0.449999999999999999999999999999999961        0.724999999999999999999999999999999981        0.275000000000000000000000000000000019        0.512000024318695068359375000000000000        0.425000011920928955078125000000000000         6.30000010132789611816406250000000000E-0002  0.870056494511586616800702331296776776        0.129943505488413383199297668703223248         0.00000000000000000000000000000000000        0.683022559859958444886526535977552353        0.167811590859605266884724425470909642        0.129098359310438402074632433326122454         2000.00000000000000000000000000000000        0.300000011920928955078125000000000000        -1.00000000000000000000000000000000000         4.50000000000000000000000000000000000         50.0000000000000000000000000000000000         1.52293660811858597234235693151765205         1.52257682751059762384524342169537351         1.52257682751059762384524342169537351         1.52257682751059762384524342169537351         1.52257682751059762384524342169537351         0.00000000000000000000000000000000000        -2.36297178236048196065739574653818568E-0002   2547.01122843733110421578370691684080         11783.8736310545610174967285113549859      
   5.67242606849218144376540893055636070         0.00000000000000000000000000000000000         0.00000000000000000000000000000000000        0.550000000000000000000000000000000039        0.449999999999999999999999999999999961        0.724999999999999999999999999999999981        0.275000000000000000000000000000000019        0.512000024318695068359375000000000000        0.425000011920928955078125000000000000         6.30000010132789611816406250000000000E-0002  0.870056494511586616800702331296776776        0.129943505488413383199297668703223248         0.00000000000000000000000000000000000        0.683022559859958444886526535977552353        0.167811590859605266884724425470909642        0.129098359310438402074632433326122454         2000.00000000000000000000000000000000        0.300000011920928955078125000000000000        -1.00000000000000000000000000000000000         4.50000000000000000000000000000000000         50.0000000000000000000000000000000000         1.54024901768083881472227927630387888         1.53992536567669610507998290659758069         1.53992536567669610507998290659758069         1.53992536567669610507998290659758069         1.53992536567669610507998290659758069         0.00000000000000000000000000000000000        -2.10173824885653359964290018578339015E-0002   2686.98979050048046983568796230979578         11912.5884910070371374240365139294528      
   5.94113398496524757317294119695305884         0.00000000000000000000000000000000000         0.00000000000000000000000000000000000        0.550000000000000000000000000000000039        0.449999999999999999999999999999999961        0.724999999999999999999999999999999981        0.275000000000000000000000000000000019        0.512000024318695068359375000000000000        0.425000011920928955078125000000000000         6.30000010132789611816406250000000000E-0002  0.870056494511586616800702331296776776        0.129943505488413383199297668703223248         0.00000000000000000000000000000000000        0.683022559859958444886526535977552353        0.167811590859605266884724425470909642        0.129098359310438402074632433326122454         2000.00000000000000000000000000000000        0.300000011920928955078125000000000000        -1.00000000000000000000000000000000000         4.50000000000000000000000000000000000         50.0000000000000000000000000000000000         1.55767662919042353482986149272454531         1.55723715610087329747072285244239381         1.55723715610087329747072285244239381         1.55723715610087329747072285244239381         1.55723715610087329747072285244239381         0.00000000000000000000000000000000000        -2.82213333934712234386500607474378913E-0002   2835.34194067696857464543365706056121         12042.7555430064346712249057287844177      
   6.22257083673045567818932634861224246         0.00000000000000000000000000000000000         0.00000000000000000000000000000000000        0.550000000000000000000000000000000039        0.449999999999999999999999999999999961        0.724999999999999999999999999999999981        0.275000000000000000000000000000000019        0.512000024318695068359375000000000000        0.425000011920928955078125000000000000         6.30000010132789611816406250000000000E-0002  0.870056494511586616800702331296776776        0.129943505488413383199297668703223248         0.00000000000000000000000000000000000        0.683022559859958444886526535977552353        0.167811590859605266884724425470909642        0.129098359310438402074632433326122454         2000.00000000000000000000000000000000        0.300000011920928955078125000000000000        -1.00000000000000000000000000000000000         4.50000000000000000000000000000000000         50.0000000000000000000000000000000000         1.57523827218418783355106819864147361         1.57503223756538283475059423298787416         1.57503223756538283475059423298787416         1.57503223756538283475059423298787416         1.57503223756538283475059423298787416         0.00000000000000000000000000000000000        -1.30812953469116455944323006124975210E-0002   2992.53709859233462258158984304714772         12173.6388308887464652227088775323218      
   6.51733960488266225567076642791935208         0.00000000000000000000000000000000000         0.00000000000000000000000000000000000        0.550000000000000000000000000000000039        0.449999999999999999999999999999999961        0.724999999999999999999999999999999981        0.275000000000000000000000000000000019        0.512000024318695068359375000000000000        0.425000011920928955078125000000000000         6.30000010132789611816406250000000000E-0002  0.870056494511586616800702331296776776        0.129943505488413383199297668703223248         0.00000000000000000000000000000000000        0.683022559859958444886526535977552353        0.167811590859605266884724425470909642        0.129098359310438402074632433326122454         2000.00000000000000000000000000000000        0.300000011920928955078125000000000000        -1.00000000000000000000000000000000000         4.50000000000000000000000000000000000         50.0000000000000000000000000000000000         1.59291805008189752746121367100040152         1.59245821101727396556340508084672853         1.59245821101727396556340508084672853         1.59245821101727396556340508084672853         1.59245821101727396556340508084672853         0.00000000000000000000000000000000000        -2.88760522217919512169683518484135966E-0002   3159.20457954525329162729567845317930         12305.3763943233867723985682918645673      
   6.82607183427263972690668329495824292         0.00000000000000000000000000000000000         0.00000000000000000000000000000000000        0.550000000000000000000000000000000039        0.449999999999999999999999999999999961        0.724999999999999999999999999999999981        0.275000000000000000000000000000000019        0.512000024318695068359375000000000000        0.425000011920928955078125000000000000         6.30000010132789611816406250000000000E-0002  0.870056494511586616800702331296776776        0.129943505488413383199297668703223248         0.00000000000000000000000000000000000        0.683022559859958444886526535977552353        0.167811590859605266884724425470909642        0.129098359310438402074632433326122454         2000.00000000000000000000000000000000        0.300000011920928955078125000000000000        -1.00000000000000000000000000000000000         4.50000000000000000000000000000000000         50.0000000000000000000000000000000000         1.61068273559104714969824173434546883         1.61010303154630754208122097850327471         1.61010303154630754208122097850327471         1.61010303154630754208122097850327471         1.61010303154630754208122097850327471         0.00000000000000000000000000000000000        -3.60041583291022439300038913482737554E-0002   3336.19554449655548163805183193905891         12439.0408509045888694285527413926490      
   7.14942898659784326950660524938800231         0.00000000000000000000000000000000000         0.00000000000000000000000000000000000        0.550000000000000000000000000000000039        0.449999999999999999999999999999999961        0.724999999999999999999999999999999981        0.275000000000000000000000000000000019        0.512000024318695068359375000000000000        0.425000011920928955078125000000000000         6.30000010132789611816406250000000000E-0002  0.870056494511586616800702331296776776        0.129943505488413383199297668703223248         0.00000000000000000000000000000000000        0.683022559859958444886526535977552353        0.167811590859605266884724425470909642        0.129098359310438402074632433326122454         2000.00000000000000000000000000000000        0.300000011920928955078125000000000000        -1.00000000000000000000000000000000000         4.50000000000000000000000000000000000         50.0000000000000000000000000000000000         1.62858591080767228526200766232239321         1.62810314913568616289446659121807954         1.62810314913568616289446659121807954         1.62810314913568616289446659121807954         1.62810314913568616289446659121807954         0.00000000000000000000000000000000000        -2.96517866354110832830179328724645826E-0002   3523.68735571704516779487603226875458         12572.8062508688534403964180239729162      
   7.48810385759030229475404929283587874         0.00000000000000000000000000000000000         0.00000000000000000000000000000000000        0.550000000000000000000000000000000039        0.449999999999999999999999999999999961        0.724999999999999999999999999999999981        0.275000000000000000000000000000000019        0.512000024318695068359375000000000000        0.425000011920928955078125000000000000         6.30000010132789611816406250000000000E-0002  0.870056494511586616800702331296776776        0.129943505488413383199297668703223248         0.00000000000000000000000000000000000        0.683022559859958444886526535977552353        0.167811590859605266884724425470909642        0.129098359310438402074632433326122454         2000.00000000000000000000000000000000        0.300000011920928955078125000000000000        -1.00000000000000000000000000000000000         4.50000000000000000000000000000000000         50.0000000000000000000000000000000000         1.64655090823746256501365586364716912         1.64677139849402434898127782843872832         1.64677139849402434898127782843872832         1.64677139849402434898127782843872832         1.64677139849402434898127782843872832         0.00000000000000000000000000000000000         1.33892449652345636227133585248397675E-0002   3723.40800596243603928497775064846185         12709.2079072365940229622190123831862      
   7.84282206133797492150195102086104320         0.00000000000000000000000000000000000         0.00000000000000000000000000000000000        0.550000000000000000000000000000000039        0.449999999999999999999999999999999961        0.724999999999999999999999999999999981        0.275000000000000000000000000000000019        0.512000024318695068359375000000000000        0.425000011920928955078125000000000000         6.30000010132789611816406250000000000E-0002  0.870056494511586616800702331296776776        0.129943505488413383199297668703223248         0.00000000000000000000000000000000000        0.683022559859958444886526535977552353        0.167811590859605266884724425470909642        0.129098359310438402074632433326122454         2000.00000000000000000000000000000000        0.300000011920928955078125000000000000        -1.00000000000000000000000000000000000         4.50000000000000000000000000000000000         50.0000000000000000000000000000000000         1.66468530961163053720448526461263637         1.66487449764282119757372662226823153         1.66487449764282119757372662226823153         1.66487449764282119757372662226823153         1.66487449764282119757372662226823153         0.00000000000000000000000000000000000         1.13635010602011387312319178489597637E-0002   3934.47242995538675022755526633228684         12841.8190550440567592341024266795765      
   8.21434358491973787188331079880935809         0.00000000000000000000000000000000000         0.00000000000000000000000000000000000        0.550000000000000000000000000000000039        0.449999999999999999999999999999999961        0.724999999999999999999999999999999981        0.275000000000000000000000000000000019        0.512000024318695068359375000000000000        0.425000011920928955078125000000000000         6.30000010132789611816406250000000000E-0002  0.870056494511586616800702331296776776        0.129943505488413383199297668703223248         0.00000000000000000000000000000000000        0.683022559859958444886526535977552353        0.167811590859605266884724425470909642        0.129098359310438402074632433326122454         2000.00000000000000000000000000000000        0.300000011920928955078125000000000000        -1.00000000000000000000000000000000000         4.50000000000000000000000000000000000         50.0000000000000000000000000000000000         1.68286811897351287588508871748077915         1.68319863344286810522872835199738466         1.68319863344286810522872835199738466         1.68319863344286810522872835199738466         1.68319863344286810522872835199738466         0.00000000000000000000000000000000000         1.96360942070862141250196529667257205E-0002   4159.46860558152820731718592593575603         12978.3827627766239612782831500595215      
   8.60346441668483183756181982790961157         0.00000000000000000000000000000000000         0.00000000000000000000000000000000000        0.550000000000000000000000000000000039        0.449999999999999999999999999999999961        0.724999999999999999999999999999999981        0.275000000000000000000000000000000019        0.512000024318695068359375000000000000        0.425000011920928955078125000000000000         6.30000010132789611816406250000000000E-0002  0.870056494511586616800702331296776776        0.129943505488413383199297668703223248         0.00000000000000000000000000000000000        0.683022559859958444886526535977552353        0.167811590859605266884724425470909642        0.129098359310438402074632433326122454         2000.00000000000000000000000000000000        0.300000011920928955078125000000000000        -1.00000000000000000000000000000000000         4.50000000000000000000000000000000000         50.0000000000000000000000000000000000         1.70122116497214431000350729353231167         1.70148529656615799788067496350836829         1.70148529656615799788067496350836829         1.70148529656615799788067496350836829         1.70148529656615799788067496350836829         0.00000000000000000000000000000000000         1.55235895688751125866510771441698029E-0002   4397.39251641254558716407846202198934         13114.6125437444124871024575315977425      
   9.01101825166536630189666009569239489         0.00000000000000000000000000000000000         0.00000000000000000000000000000000000        0.550000000000000000000000000000000039        0.449999999999999999999999999999999961        0.724999999999999999999999999999999981        0.275000000000000000000000000000000019        0.512000024318695068359375000000000000        0.425000011920928955078125000000000000         6.30000010132789611816406250000000000E-0002  0.870056494511586616800702331296776776        0.129943505488413383199297668703223248         0.00000000000000000000000000000000000        0.683022559859958444886526535977552353        0.167811590859605266884724425470909642        0.129098359310438402074632433326122454         2000.00000000000000000000000000000000        0.300000011920928955078125000000000000        -1.00000000000000000000000000000000000         4.50000000000000000000000000000000000         50.0000000000000000000000000000000000         1.71965182002422953164752712202223034         1.71995395518858207948625878278823893         1.71995395518858207948625878278823893         1.71995395518858207948625878278823893         1.71995395518858207948625878278823893         0.00000000000000000000000000000000000         1.75664681860288886474379720168956843E-0002   4650.49136192677638345205827523324871         13259.3191433001223453054067313713501      
   9.43787827777574610680776305101093867         0.00000000000000000000000000000000000         0.00000000000000000000000000000000000        0.550000000000000000000000000000000039        0.449999999999999999999999999999999961        0.724999999999999999999999999999999981        0.275000000000000000000000000000000019        0.512000024318695068359375000000000000        0.425000011920928955078125000000000000         6.30000010132789611816406250000000000E-0002  0.870056494511586616800702331296776776        0.129943505488413383199297668703223248         0.00000000000000000000000000000000000        0.683022559859958444886526535977552353        0.167811590859605266884724425470909642        0.129098359310438402074632433326122454         2000.00000000000000000000000000000000        0.300000011920928955078125000000000000        -1.00000000000000000000000000000000000         4.50000000000000000000000000000000000         50.0000000000000000000000000000000000         1.73818734577582287193430178787825960         1.73848974040517184608913495430281899         1.73848974040517184608913495430281899         1.73848974040517184608913495430281899         1.73848974040517184608913495430281899         0.00000000000000000000000000000000000         1.73940991609474877977813521533919703E-0002   4919.31154140102266759079791701323203         13402.8289531336793346411818427988608      
   9.88495904662596879076778864032827051         0.00000000000000000000000000000000000         0.00000000000000000000000000000000000        0.550000000000000000000000000000000039        0.449999999999999999999999999999999961        0.724999999999999999999999999999999981        0.275000000000000000000000000000000019        0.512000024318695068359375000000000000        0.425000011920928955078125000000000000         6.30000010132789611816406250000000000E-0002  0.870056494511586616800702331296776776        0.129943505488413383199297668703223248         0.00000000000000000000000000000000000        0.683022559859958444886526535977552353        0.167811590859605266884724425470909642        0.129098359310438402074632433326122454         2000.00000000000000000000000000000000        0.300000011920928955078125000000000000        -1.00000000000000000000000000000000000         4.50000000000000000000000000000000000         50.0000000000000000000000000000000000         1.75688986133510610119232599942111747         1.75657612374847604635470782005393189         1.75657612374847604635470782005393189         1.75657612374847604635470782005393189         1.75657612374847604635470782005393189         0.00000000000000000000000000000000000        -1.78607452525626432929893765191740736E-0002   5203.58575511469187975324296831119591         13548.1854546391261699866726030158860      
   10.3532184329570277361739405380354267         0.00000000000000000000000000000000000         0.00000000000000000000000000000000000        0.550000000000000000000000000000000039        0.449999999999999999999999999999999961        0.724999999999999999999999999999999981        0.275000000000000000000000000000000019        0.512000024318695068359375000000000000        0.425000011920928955078125000000000000         6.30000010132789611816406250000000000E-0002  0.870056494511586616800702331296776776        0.129943505488413383199297668703223248         0.00000000000000000000000000000000000        0.683022559859958444886526535977552353        0.167811590859605266884724425470909642        0.129098359310438402074632433326122454         2000.00000000000000000000000000000000        0.300000011920928955078125000000000000        -1.00000000000000000000000000000000000         4.50000000000000000000000000000000000         50.0000000000000000000000000000000000         1.77563286838601303680899162195473562         1.77497664235362734282609487131251970         1.77497664235362734282609487131251970         1.77497664235362734282609487131251970         1.77497664235362734282609487131251970         0.00000000000000000000000000000000000        -3.69709672075197107829710697044797302E-0002   5506.97104330597801094690165384473688         13693.6237232542909103980274568461102      
   10.8436596868965298573473131194133672         0.00000000000000000000000000000000000         0.00000000000000000000000000000000000        0.550000000000000000000000000000000039        0.449999999999999999999999999999999961        0.724999999999999999999999999999999981        0.275000000000000000000000000000000019        0.512000024318695068359375000000000000        0.425000011920928955078125000000000000         6.30000010132789611816406250000000000E-0002  0.870056494511586616800702331296776776        0.129943505488413383199297668703223248         0.00000000000000000000000000000000000        0.683022559859958444886526535977552353        0.167811590859605266884724425470909642        0.129098359310438402074632433326122454         2000.00000000000000000000000000000000        0.300000011920928955078125000000000000        -1.00000000000000000000000000000000000         4.50000000000000000000000000000000000         50.0000000000000000000000000000000000         1.79445376199378220106514754753758761         1.79367190298708631698363489585707986         1.79367190298708631698363489585707986         1.79367190298708631698363489585707986         1.79367190298708631698363489585707986         0.00000000000000000000000000000000000        -4.35898563942389600666389239564241255E-0002   5829.62495503486682119923960448213745         13840.6036473793147790245222975813473      
   11.3573335834315047407380755747457535         0.00000000000000000000000000000000000         0.00000000000000000000000000000000000        0.550000000000000000000000000000000039        0.449999999999999999999999999999999961        0.724999999999999999999999999999999981        0.275000000000000000000000000000000019        0.512000024318695068359375000000000000        0.425000011920928955078125000000000000         6.30000010132789611816406250000000000E-0002  0.870056494511586616800702331296776776        0.129943505488413383199297668703223248         0.00000000000000000000000000000000000        0.683022559859958444886526535977552353        0.167811590859605266884724425470909642        0.129098359310438402074632433326122454         2000.00000000000000000000000000000000        0.300000011920928955078125000000000000        -1.00000000000000000000000000000000000         4.50000000000000000000000000000000000         50.0000000000000000000000000000000000         1.81330426755345390598826409271001982         1.81376945827022561099089265414963460         1.81376945827022561099089265414963460         1.81376945827022561099089265414963460         1.81376945827022561099089265414963460         0.00000000000000000000000000000000000         2.56477312841816671532341576561484519E-0002   6174.60898450495459719601770371240256         13989.2802592249049809764918315795444      
   11.8953406737036708935232311939754483         0.00000000000000000000000000000000000         0.00000000000000000000000000000000000        0.550000000000000000000000000000000039        0.449999999999999999999999999999999961        0.724999999999999999999999999999999981        0.275000000000000000000000000000000019        0.512000024318695068359375000000000000        0.425000011920928955078125000000000000         6.30000010132789611816406250000000000E-0002  0.870056494511586616800702331296776776        0.129943505488413383199297668703223248         0.00000000000000000000000000000000000        0.683022559859958444886526535977552353        0.167811590859605266884724425470909642        0.129098359310438402074632433326122454         2000.00000000000000000000000000000000        0.300000011920928955078125000000000000        -1.00000000000000000000000000000000000         4.50000000000000000000000000000000000         50.0000000000000000000000000000000000         1.83244149240219274091635064868748919         1.83165861055406661418134171808849187         1.83165861055406661418134171808849187         1.83165861055406661418134171808849187         1.83165861055406661418134171808849187         0.00000000000000000000000000000000000        -4.27416901607723340700077104482507151E-0002   6536.87350492302518926267549295830145         14140.7709038332154833112864953259856      
   12.4588336429505803262590704440291315         0.00000000000000000000000000000000000         0.00000000000000000000000000000000000        0.550000000000000000000000000000000039        0.449999999999999999999999999999999961        0.724999999999999999999999999999999981        0.275000000000000000000000000000000019        0.512000024318695068359375000000000000        0.425000011920928955078125000000000000         6.30000010132789611816406250000000000E-0002  0.870056494511586616800702331296776776        0.129943505488413383199297668703223248         0.00000000000000000000000000000000000        0.683022559859958444886526535977552353        0.167811590859605266884724425470909642        0.129098359310438402074632433326122454         2000.00000000000000000000000000000000        0.300000011920928955078125000000000000        -1.00000000000000000000000000000000000         4.50000000000000000000000000000000000         50.0000000000000000000000000000000000         1.85153259482723152981683056240606122         1.85177106731034021778524873569277618         1.85177106731034021778524873569277618         1.85177106731034021778524873569277618         1.85177106731034021778524873569277618         0.00000000000000000000000000000000000         1.28780758765749805127644815946125518E-0002   6925.68762646233593400911121958273944         14291.9363267213483138381192655338649      
   13.0490197801445524899467209692621793         0.00000000000000000000000000000000000         0.00000000000000000000000000000000000        0.550000000000000000000000000000000039        0.449999999999999999999999999999999961        0.724999999999999999999999999999999981        0.275000000000000000000000000000000019        0.512000024318695068359375000000000000        0.425000011920928955078125000000000000         6.30000010132789611816406250000000000E-0002  0.870056494511586616800702331296776776        0.129943505488413383199297668703223248         0.00000000000000000000000000000000000        0.683022559859958444886526535977552353        0.167811590859605266884724425470909642        0.129098359310438402074632433326122454         2000.00000000000000000000000000000000        0.300000011920928955078125000000000000        -1.00000000000000000000000000000000000         4.50000000000000000000000000000000000         50.0000000000000000000000000000000000         1.87076924528741605966741562715205680         1.87025090464072652573611195521487613         1.87025090464072652573611195521487613         1.87025090464072652573611195521487613         1.87025090464072652573611195521487613         0.00000000000000000000000000000000000        -2.77150325340495793842227148331427021E-0002   7337.07410305280112085564564803131630         14449.8808043514825578741472155461994      
   13.6671635646206221493148154813537214         0.00000000000000000000000000000000000         0.00000000000000000000000000000000000        0.550000000000000000000000000000000039        0.449999999999999999999999999999999961        0.724999999999999999999999999999999981        0.275000000000000000000000000000000019        0.512000024318695068359375000000000000        0.425000011920928955078125000000000000         6.30000010132789611816406250000000000E-0002  0.870056494511586616800702331296776776        0.129943505488413383199297668703223248         0.00000000000000000000000000000000000        0.683022559859958444886526535977552353        0.167811590859605266884724425470909642        0.129098359310438402074632433326122454         2000.00000000000000000000000000000000        0.300000011920928955078125000000000000        -1.00000000000000000000000000000000000         4.50000000000000000000000000000000000         50.0000000000000000000000000000000000         1.89002711478488246868623959928774531         1.89039129928354611776497838762558958         1.89039129928354611776497838762558958         1.89039129928354611776497838762558958         1.89039129928354611776497838762558958         0.00000000000000000000000000000000000         1.92650325253652062501878305706660135E-0002   7777.93420268629978571207818420648644         14604.0734805430000960975497596357883      
   14.3145893752353758338684692231306029         0.00000000000000000000000000000000000         0.00000000000000000000000000000000000        0.550000000000000000000000000000000039        0.449999999999999999999999999999999961        0.724999999999999999999999999999999981        0.275000000000000000000000000000000019        0.512000024318695068359375000000000000        0.425000011920928955078125000000000000         6.30000010132789611816406250000000000E-0002  0.870056494511586616800702331296776776        0.129943505488413383199297668703223248         0.00000000000000000000000000000000000        0.683022559859958444886526535977552353        0.167811590859605266884724425470909642        0.129098359310438402074632433326122454         2000.00000000000000000000000000000000        0.300000011920928955078125000000000000        -1.00000000000000000000000000000000000         4.50000000000000000000000000000000000         50.0000000000000000000000000000000000         1.90942258397082809160951203095523668         1.90982060216035172072521034375055803         1.90982060216035172072521034375055803         1.90982060216035172072521034375055803         1.90982060216035172072521034375055803         0.00000000000000000000000000000000000         2.08406061319790310417920980013112830E-0002   8245.24046226498941155960432216356054         14767.6556263356336900828644407430044      
   14.9926843278610750864026478869771275         0.00000000000000000000000000000000000         0.00000000000000000000000000000000000        0.550000000000000000000000000000000039        0.449999999999999999999999999999999961        0.724999999999999999999999999999999981        0.275000000000000000000000000000000019        0.512000024318695068359375000000000000        0.425000011920928955078125000000000000         6.30000010132789611816406250000000000E-0002  0.870056494511586616800702331296776776        0.129943505488413383199297668703223248         0.00000000000000000000000000000000000        0.683022559859958444886526535977552353        0.167811590859605266884724425470909642        0.129098359310438402074632433326122454         2000.00000000000000000000000000000000        0.300000011920928955078125000000000000        -1.00000000000000000000000000000000000         4.50000000000000000000000000000000000         50.0000000000000000000000000000000000         1.92891807063606598811447895604858812         1.92918288133657658488782517509488878         1.92918288133657658488782517509488878         1.92918288133657658488782517509488878         1.92918288133657658488782517509488878         0.00000000000000000000000000000000000         1.37265732073638664028113224636765514E-0002   8741.27602189202488487943618819915173         14929.2818453198844490427617168029808      
   15.7029012472944242844593367399923914         0.00000000000000000000000000000000000         0.00000000000000000000000000000000000        0.550000000000000000000000000000000039        0.449999999999999999999999999999999961        0.724999999999999999999999999999999981        0.275000000000000000000000000000000019        0.512000024318695068359375000000000000        0.425000011920928955078125000000000000         6.30000010132789611816406250000000000E-0002  0.870056494511586616800702331296776776        0.129943505488413383199297668703223248         0.00000000000000000000000000000000000        0.683022559859958444886526535977552353        0.167811590859605266884724425470909642        0.129098359310438402074632433326122454         2000.00000000000000000000000000000000        0.300000011920928955078125000000000000        -1.00000000000000000000000000000000000         4.50000000000000000000000000000000000         50.0000000000000000000000000000000000         1.94847323830718925423644952225203290         1.94880651277740075965595429649412346         1.94880651277740075965595429649412346         1.94880651277740075965595429649412346         1.94880651277740075965595429649412346         0.00000000000000000000000000000000000         1.71014653341100133846999027023136632E-0002   9270.86008923732497113223387852644826         15094.1905952101579617224379520138738      
   16.4467617799473254470491446022305387         0.00000000000000000000000000000000000         0.00000000000000000000000000000000000        0.550000000000000000000000000000000039        0.449999999999999999999999999999999961        0.724999999999999999999999999999999981        0.275000000000000000000000000000000019        0.512000024318695068359375000000000000        0.425000011920928955078125000000000000         6.30000010132789611816406250000000000E-0002  0.870056494511586616800702331296776776        0.129943505488413383199297668703223248         0.00000000000000000000000000000000000        0.683022559859958444886526535977552353        0.167811590859605266884724425470909642        0.129098359310438402074632433326122454         2000.00000000000000000000000000000000        0.300000011920928955078125000000000000        -1.00000000000000000000000000000000000         4.50000000000000000000000000000000000         50.0000000000000000000000000000000000         1.96814506574722030140595362170014796         1.96839977031592673340638511103244156         1.96839977031592673340638511103244156         1.96839977031592673340638511103244156         1.96839977031592673340638511103244156         0.00000000000000000000000000000000000         1.29396768150177187917706615029569869E-0002   9833.46528852215059735528415375857705         15260.8825319607091241056147886583605      
   17.2258596539885891666448939958271182         0.00000000000000000000000000000000000         0.00000000000000000000000000000000000        0.550000000000000000000000000000000039        0.449999999999999999999999999999999961        0.724999999999999999999999999999999981        0.275000000000000000000000000000000019        0.512000024318695068359375000000000000        0.425000011920928955078125000000000000         6.30000010132789611816406250000000000E-0002  0.870056494511586616800702331296776776        0.129943505488413383199297668703223248         0.00000000000000000000000000000000000        0.683022559859958444886526535977552353        0.167811590859605266884724425470909642        0.129098359310438402074632433326122454         2000.00000000000000000000000000000000        0.300000011920928955078125000000000000        -1.00000000000000000000000000000000000         4.50000000000000000000000000000000000         50.0000000000000000000000000000000000         1.98757388821496697105441800465380278         1.98800315097680932114266960066557218         1.98800315097680932114266960066557218         1.98800315097680932114266960066557218         1.98800315097680932114266960066557218         0.00000000000000000000000000000000000         2.15926600333319880485783578257230797E-0002   10439.2960563161127978887048803352578         15434.1231948113645628705158241063215      
   18.0418640939214858630807661830989717         0.00000000000000000000000000000000000         0.00000000000000000000000000000000000        0.550000000000000000000000000000000039        0.449999999999999999999999999999999961        0.724999999999999999999999999999999981        0.275000000000000000000000000000000019        0.512000024318695068359375000000000000        0.425000011920928955078125000000000000         6.30000010132789611816406250000000000E-0002  0.870056494511586616800702331296776776        0.129943505488413383199297668703223248         0.00000000000000000000000000000000000        0.683022559859958444886526535977552353        0.167811590859605266884724425470909642        0.129098359310438402074632433326122454         2000.00000000000000000000000000000000        0.300000011920928955078125000000000000        -1.00000000000000000000000000000000000         4.50000000000000000000000000000000000         50.0000000000000000000000000000000000         2.00672296546568666840631848024212022         2.00719508143882211299795306458277544         2.00719508143882211299795306458277544         2.00719508143882211299795306458277544         2.00719508143882211299795306458277544         0.00000000000000000000000000000000000         2.35211802530432990556996314352387709E-0002   11091.1606170201162676458742248403912         15614.1364244953710844678979683771748      
   18.8965233969129017925278720876753030         0.00000000000000000000000000000000000         0.00000000000000000000000000000000000        0.550000000000000000000000000000000039        0.449999999999999999999999999999999961        0.724999999999999999999999999999999981        0.275000000000000000000000000000000019        0.512000024318695068359375000000000000        0.425000011920928955078125000000000000         6.30000010132789611816406250000000000E-0002  0.870056494511586616800702331296776776        0.129943505488413383199297668703223248         0.00000000000000000000000000000000000        0.683022559859958444886526535977552353        0.167811590859605266884724425470909642        0.129098359310438402074632433326122454         2000.00000000000000000000000000000000        0.300000011920928955078125000000000000        -1.00000000000000000000000000000000000         4.50000000000000000000000000000000000         50.0000000000000000000000000000000000         2.02594807242410591484537615731459861         2.02627447449776673916260098105331811         2.02627447449776673916260098105331811         2.02627447449776673916260098105331811         2.02627447449776673916260098105331811         0.00000000000000000000000000000000000         1.61084827237793870586012305094080496E-0002   11782.6079855050066972695671783285137         15798.5373892808963960863687322257011      
   19.7916686785364185751762295282302534         0.00000000000000000000000000000000000         0.00000000000000000000000000000000000        0.550000000000000000000000000000000039        0.449999999999999999999999999999999961        0.724999999999999999999999999999999981        0.275000000000000000000000000000000019        0.512000024318695068359375000000000000        0.425000011920928955078125000000000000         6.30000010132789611816406250000000000E-0002  0.870056494511586616800702331296776776        0.129943505488413383199297668703223248         0.00000000000000000000000000000000000        0.683022559859958444886526535977552353        0.167811590859605266884724425470909642        0.129098359310438402074632433326122454         2000.00000000000000000000000000000000        0.300000011920928955078125000000000000        -1.00000000000000000000000000000000000         4.50000000000000000000000000000000000         50.0000000000000000000000000000000000         2.04513540332710374450320601403766796         2.04562208066865418701574657602736352         2.04562208066865418701574657602736352         2.04562208066865418701574657602736352         2.04562208066865418701574657602736352         0.00000000000000000000000000000000000         2.37911658340802562148295050451797859E-0002   12522.9700419803656344757774238471306         15982.2700326323532203621178153027205      
   20.7292177959546059255378205487295255         0.00000000000000000000000000000000000         0.00000000000000000000000000000000000        0.550000000000000000000000000000000039        0.449999999999999999999999999999999961        0.724999999999999999999999999999999981        0.275000000000000000000000000000000019        0.512000024318695068359375000000000000        0.425000011920928955078125000000000000         6.30000010132789611816406250000000000E-0002  0.870056494511586616800702331296776776        0.129943505488413383199297668703223248         0.00000000000000000000000000000000000        0.683022559859958444886526535977552353        0.167811590859605266884724425470909642        0.129098359310438402074632433326122454         2000.00000000000000000000000000000000        0.300000011920928955078125000000000000        -1.00000000000000000000000000000000000         4.50000000000000000000000000000000000         50.0000000000000000000000000000000000         2.06437702407117232611139375840833601         2.06490732642324801144123206114606465         2.06490732642324801144123206114606465         2.06490732642324801144123206114606465         2.06490732642324801144123206114606465         0.00000000000000000000000000000000000         2.56816538587353648904621526544420373E-0002   13312.2496745238880366204045723588922         16171.9904768964578076909315262649866      
   21.7111794569459824479971497798839502         0.00000000000000000000000000000000000         0.00000000000000000000000000000000000        0.550000000000000000000000000000000039        0.449999999999999999999999999999999961        0.724999999999999999999999999999999981        0.275000000000000000000000000000000019        0.512000024318695068359375000000000000        0.425000011920928955078125000000000000         6.30000010132789611816406250000000000E-0002  0.870056494511586616800702331296776776        0.129943505488413383199297668703223248         0.00000000000000000000000000000000000        0.683022559859958444886526535977552353        0.167811590859605266884724425470909642        0.129098359310438402074632433326122454         2000.00000000000000000000000000000000        0.300000011920928955078125000000000000        -1.00000000000000000000000000000000000         4.50000000000000000000000000000000000         50.0000000000000000000000000000000000         2.08365841933664305457911451097619253         2.08423772216080597501850097036527914         2.08423772216080597501850097036527914         2.08423772216080597501850097036527914         2.08423772216080597501850097036527914         0.00000000000000000000000000000000000         2.77944697960046455406093720608509784E-0002   14152.4017478295670171915700515207428         16365.7943077360369622488224286300903      
   22.7396575235802733048359620889347810         0.00000000000000000000000000000000000         0.00000000000000000000000000000000000        0.550000000000000000000000000000000039        0.449999999999999999999999999999999961        0.724999999999999999999999999999999981        0.275000000000000000000000000000000019        0.512000024318695068359375000000000000        0.425000011920928955078125000000000000         6.30000010132789611816406250000000000E-0002  0.870056494511586616800702331296776776        0.129943505488413383199297668703223248         0.00000000000000000000000000000000000        0.683022559859958444886526535977552353        0.167811590859605266884724425470909642        0.129098359310438402074632433326122454         2000.00000000000000000000000000000000        0.300000011920928955078125000000000000        -1.00000000000000000000000000000000000         4.50000000000000000000000000000000000         50.0000000000000000000000000000000000         2.10292669383429333882841757861813490         2.10357219937403492352836308140229850         2.10357219937403492352836308140229850         2.10357219937403492352836308140229850         2.10357219937403492352836308140229850         0.00000000000000000000000000000000000         3.06861604243329203300883864533923471E-0002   15050.0024351919862770688370703928464         16569.9029547012553473743447736710317      
   23.8168555197626293658587845572158158         0.00000000000000000000000000000000000         0.00000000000000000000000000000000000        0.550000000000000000000000000000000039        0.449999999999999999999999999999999961        0.724999999999999999999999999999999981        0.275000000000000000000000000000000019        0.512000024318695068359375000000000000        0.425000011920928955078125000000000000         6.30000010132789611816406250000000000E-0002  0.870056494511586616800702331296776776        0.129943505488413383199297668703223248         0.00000000000000000000000000000000000        0.683022559859958444886526535977552353        0.167811590859605266884724425470909642        0.129098359310438402074632433326122454         2000.00000000000000000000000000000000        0.300000011920928955078125000000000000        -1.00000000000000000000000000000000000         4.50000000000000000000000000000000000         50.0000000000000000000000000000000000         2.12226481626751004458231255586883356         2.12285957846500515129460772794550574         2.12285957846500515129460772794550574         2.12285957846500515129460772794550574         2.12285957846500515129460772794550574         0.00000000000000000000000000000000000         2.80170296485256304215987273921881863E-0002   16004.9854450515736626969029273769975         16772.8176079286517889836626481594172      
   24.9450813523042636110632071495682141         0.00000000000000000000000000000000000         0.00000000000000000000000000000000000        0.550000000000000000000000000000000039        0.449999999999999999999999999999999961        0.724999999999999999999999999999999981        0.275000000000000000000000000000000019        0.512000024318695068359375000000000000        0.425000011920928955078125000000000000         6.30000010132789611816406250000000000E-0002  0.870056494511586616800702331296776776        0.129943505488413383199297668703223248         0.00000000000000000000000000000000000        0.683022559859958444886526535977552353        0.167811590859605266884724425470909642        0.129098359310438402074632433326122454         2000.00000000000000000000000000000000        0.300000011920928955078125000000000000        -1.00000000000000000000000000000000000         4.50000000000000000000000000000000000         50.0000000000000000000000000000000000         2.14162975212670488652849698892461125         2.14221133704906053358419404088820854         2.14221133704906053358419404088820854         2.14221133704906053358419404088820854         2.14221133704906053358419404088820854         0.00000000000000000000000000000000000         2.71488117113968809049241107573327095E-0002   17023.7713051012480956596533398148211         16979.5164298712184922282563493780666      
   26.1267522556344429096957856567219458         0.00000000000000000000000000000000000         0.00000000000000000000000000000000000        0.550000000000000000000000000000000039        0.449999999999999999999999999999999961        0.724999999999999999999999999999999981        0.275000000000000000000000000000000019        0.512000024318695068359375000000000000        0.425000011920928955078125000000000000         6.30000010132789611816406250000000000E-0002  0.870056494511586616800702331296776776        0.129943505488413383199297668703223248         0.00000000000000000000000000000000000        0.683022559859958444886526535977552353        0.167811590859605266884724425470909642        0.129098359310438402074632433326122454         2000.00000000000000000000000000000000        0.300000011920928955078125000000000000        -1.00000000000000000000000000000000000         4.50000000000000000000000000000000000         50.0000000000000000000000000000000000         2.16096434248244487600107162490541780         2.16149325885006542318515270967222192         2.16149325885006542318515270967222192         2.16149325885006542318515270967222192         2.16149325885006542318515270967222192         0.00000000000000000000000000000000000         2.44699522172896169733034219604825187E-0002   18112.4117619654747076208486123427894         17196.8918613436266248947989506285108      
   27.3643999707479270007413801432196356         0.00000000000000000000000000000000000         0.00000000000000000000000000000000000        0.550000000000000000000000000000000039        0.449999999999999999999999999999999961        0.724999999999999999999999999999999981        0.275000000000000000000000000000000019        0.512000024318695068359375000000000000        0.425000011920928955078125000000000000         6.30000010132789611816406250000000000E-0002  0.870056494511586616800702331296776776        0.129943505488413383199297668703223248         0.00000000000000000000000000000000000        0.683022559859958444886526535977552353        0.167811590859605266884724425470909642        0.129098359310438402074632433326122454         2000.00000000000000000000000000000000        0.300000011920928955078125000000000000        -1.00000000000000000000000000000000000         4.50000000000000000000000000000000000         50.0000000000000000000000000000000000         2.18027419836418972277498846326402535         2.18093438722746554077732666277458692         2.18093438722746554077732666277458692         2.18093438722746554077732666277458692         2.18093438722746554077732666277458692         0.00000000000000000000000000000000000         3.02709181505955178773879126678521855E-0002   19274.8061635110952706460789327912142         17413.1793866216647680647696246184108      
   28.6606761694837981427111233968978527         0.00000000000000000000000000000000000         0.00000000000000000000000000000000000        0.550000000000000000000000000000000039        0.449999999999999999999999999999999961        0.724999999999999999999999999999999981        0.275000000000000000000000000000000019        0.512000024318695068359375000000000000        0.425000011920928955078125000000000000         6.30000010132789611816406250000000000E-0002  0.870056494511586616800702331296776776        0.129943505488413383199297668703223248         0.00000000000000000000000000000000000        0.683022559859958444886526535977552353        0.167811590859605266884724425470909642        0.129098359310438402074632433326122454         2000.00000000000000000000000000000000        0.300000011920928955078125000000000000        -1.00000000000000000000000000000000000         4.50000000000000000000000000000000000         50.0000000000000000000000000000000000         2.19967769983108215998596921843225403         2.20019435148348537208294091262966510         2.20019435148348537208294091262966510         2.20019435148348537208294091262966510         2.20019435148348537208294091262966510         0.00000000000000000000000000000000000         2.34820915731766470277726920796183893E-0002   20512.2575224075362733054296624682275         17639.6544244569931785391994753828409      
   30.0183581357572497063742795553511495         0.00000000000000000000000000000000000         0.00000000000000000000000000000000000        0.550000000000000000000000000000000039        0.449999999999999999999999999999999961        0.724999999999999999999999999999999981        0.275000000000000000000000000000000019        0.512000024318695068359375000000000000        0.425000011920928955078125000000000000         6.30000010132789611816406250000000000E-0002  0.870056494511586616800702331296776776        0.129943505488413383199297668703223248         0.00000000000000000000000000000000000        0.683022559859958444886526535977552353        0.167811590859605266884724425470909642        0.129098359310438402074632433326122454         2000.00000000000000000000000000000000        0.300000011920928955078125000000000000        -1.00000000000000000000000000000000000         4.50000000000000000000000000000000000         50.0000000000000000000000000000000000         2.21897614857160020573718391988230994         2.21963283454228080857208265739715229         2.21963283454228080857208265739715229         2.21963283454228080857208265739715229         2.21963283454228080857208265739715229         0.00000000000000000000000000000000000         2.95853422449492924447345123597954378E-0002   21838.3687214282484143401905904031258         17868.3119913577051451448460538718571      
   31.4403547159164261088988818749477531         0.00000000000000000000000000000000000         0.00000000000000000000000000000000000        0.550000000000000000000000000000000039        0.449999999999999999999999999999999961        0.724999999999999999999999999999999981        0.275000000000000000000000000000000019        0.512000024318695068359375000000000000        0.425000011920928955078125000000000000         6.30000010132789611816406250000000000E-0002  0.870056494511586616800702331296776776        0.129943505488413383199297668703223248         0.00000000000000000000000000000000000        0.683022559859958444886526535977552353        0.167811590859605266884724425470909642        0.129098359310438402074632433326122454         2000.00000000000000000000000000000000        0.300000011920928955078125000000000000        -1.00000000000000000000000000000000000         4.50000000000000000000000000000000000         50.0000000000000000000000000000000000         2.23842493730869595350062637117264588         2.23818898230924161147873318895587046         2.23818898230924161147873318895587046         2.23818898230924161147873318895587046         2.23818898230924161147873318895587046         0.00000000000000000000000000000000000        -1.05422286196269490984419308492284172E-0002   23242.0392598876563595095528273998249         18112.8051636930762071245168425278987      
   32.9297125509730094348267134385588767         0.00000000000000000000000000000000000         0.00000000000000000000000000000000000        0.550000000000000000000000000000000039        0.449999999999999999999999999999999961        0.724999999999999999999999999999999981        0.275000000000000000000000000000000019        0.512000024318695068359375000000000000        0.425000011920928955078125000000000000         6.30000010132789611816406250000000000E-0002  0.870056494511586616800702331296776776        0.129943505488413383199297668703223248         0.00000000000000000000000000000000000        0.683022559859958444886526535977552353        0.167811590859605266884724425470909642        0.129098359310438402074632433326122454         2000.00000000000000000000000000000000        0.300000011920928955078125000000000000        -1.00000000000000000000000000000000000         4.50000000000000000000000000000000000         50.0000000000000000000000000000000000         2.25755338154214448771408740804805252         2.25822335243001806654988347777350752         2.25822335243001806654988347777350752         2.25822335243001806654988347777350752         2.25822335243001806654988347777350752         0.00000000000000000000000000000000000         2.96680524161899132824556793909593656E-0002   24762.9072782715942184919203105095087         18354.9246996816639702780782634792298      
   34.4896226040591652356324616013479640         0.00000000000000000000000000000000000         0.00000000000000000000000000000000000        0.550000000000000000000000000000000039        0.449999999999999999999999999999999961        0.724999999999999999999999999999999981        0.275000000000000000000000000000000019        0.512000024318695068359375000000000000        0.425000011920928955078125000000000000         6.30000010132789611816406250000000000E-0002  0.870056494511586616800702331296776776        0.129943505488413383199297668703223248         0.00000000000000000000000000000000000        0.683022559859958444886526535977552353        0.167811590859605266884724425470909642        0.129098359310438402074632433326122454         2000.00000000000000000000000000000000        0.300000011920928955078125000000000000        -1.00000000000000000000000000000000000         4.50000000000000000000000000000000000         50.0000000000000000000000000000000000         2.27691884838762560724073540968585355         2.27739683458399810490270968964160975         2.27739683458399810490270968964160975         2.27739683458399810490270968964160975         2.27739683458399810490270968964160975         0.00000000000000000000000000000000000         2.09882699893981921195702499112715710E-0002   26369.8442181057067948255964459443408         18602.3520338817347377890251430302862      
   36.1234269970959852434556329432163891         0.00000000000000000000000000000000000         0.00000000000000000000000000000000000        0.550000000000000000000000000000000039        0.449999999999999999999999999999999961        0.724999999999999999999999999999999981        0.275000000000000000000000000000000019        0.512000024318695068359375000000000000        0.425000011920928955078125000000000000         6.30000010132789611816406250000000000E-0002  0.870056494511586616800702331296776776        0.129943505488413383199297668703223248         0.00000000000000000000000000000000000        0.683022559859958444886526535977552353        0.167811590859605266884724425470909642        0.129098359310438402074632433326122454         2000.00000000000000000000000000000000        0.300000011920928955078125000000000000        -1.00000000000000000000000000000000000         4.50000000000000000000000000000000000         50.0000000000000000000000000000000000         2.29611210692895680102368899019608719         2.29674482034662910375667387570334497         2.29674482034662910375667387570334497         2.29674482034662910375667387570334497         2.29674482034662910375667387570334497         0.00000000000000000000000000000000000         2.75482679689601920436068264745265073E-0002   28096.4373475619468289714744064316434         18857.8358894100471579499398757449147      
   37.8346261713210532672152332780757538         0.00000000000000000000000000000000000         0.00000000000000000000000000000000000        0.550000000000000000000000000000000039        0.449999999999999999999999999999999961        0.724999999999999999999999999999999981        0.275000000000000000000000000000000019        0.512000024318695068359375000000000000        0.425000011920928955078125000000000000         6.30000010132789611816406250000000000E-0002  0.870056494511586616800702331296776776        0.129943505488413383199297668703223248         0.00000000000000000000000000000000000        0.683022559859958444886526535977552353        0.167811590859605266884724425470909642        0.129098359310438402074632433326122454         2000.00000000000000000000000000000000        0.300000011920928955078125000000000000        -1.00000000000000000000000000000000000         4.50000000000000000000000000000000000         50.0000000000000000000000000000000000         2.31543013455800603357434405874676745         2.31513410981090609935761994724367654         2.31513410981090609935761994724367654         2.31513410981090609935761994724367654         2.31513410981090609935761994724367654         0.00000000000000000000000000000000000        -1.27865053624955108311155832669959873E-0002   29926.3486113495916970270780149857665         19128.1565760671499959368584710061556      
   39.6268863870166317486167498635414547         0.00000000000000000000000000000000000         0.00000000000000000000000000000000000        0.550000000000000000000000000000000039        0.449999999999999999999999999999999961        0.724999999999999999999999999999999981        0.275000000000000000000000000000000019        0.512000024318695068359375000000000000        0.425000011920928955078125000000000000         6.30000010132789611816406250000000000E-0002  0.870056494511586616800702331296776776        0.129943505488413383199297668703223248         0.00000000000000000000000000000000000        0.683022559859958444886526535977552353        0.167811590859605266884724425470909642        0.129098359310438402074632433326122454         2000.00000000000000000000000000000000        0.300000011920928955078125000000000000        -1.00000000000000000000000000000000000         4.50000000000000000000000000000000000         50.0000000000000000000000000000000000         2.33453674573211636460811711140793777         2.33487180805934012027755691182446315         2.33487180805934012027755691182446315         2.33487180805934012027755691182446315         2.33487180805934012027755691182446315         0.00000000000000000000000000000000000         1.43503521721069216490629351230611059E-0002   31898.6418729852712520655159853401109         19396.9727946874164457736911825317899      
   41.5040475785067069671132337416860269         0.00000000000000000000000000000000000         0.00000000000000000000000000000000000        0.550000000000000000000000000000000039        0.449999999999999999999999999999999961        0.724999999999999999999999999999999981        0.275000000000000000000000000000000019        0.512000024318695068359375000000000000        0.425000011920928955078125000000000000         6.30000010132789611816406250000000000E-0002  0.870056494511586616800702331296776776        0.129943505488413383199297668703223248         0.00000000000000000000000000000000000        0.683022559859958444886526535977552353        0.167811590859605266884724425470909642        0.129098359310438402074632433326122454         2000.00000000000000000000000000000000        0.300000011920928955078125000000000000        -1.00000000000000000000000000000000000         4.50000000000000000000000000000000000         50.0000000000000000000000000000000000         2.35352323834391807249407241054444611         2.35430045310660326106169137130796019         2.35430045310660326106169137130796019         2.35430045310660326106169137130796019         2.35430045310660326106169137130796019         0.00000000000000000000000000000000000         3.30125563056159385633583424443678297E-0002   34012.9302721778578864777058599099445         19670.6385932325332405762791832968645      
   43.4701315812522977450502814228557596         0.00000000000000000000000000000000000         0.00000000000000000000000000000000000        0.550000000000000000000000000000000039        0.449999999999999999999999999999999961        0.724999999999999999999999999999999981        0.275000000000000000000000000000000019        0.512000024318695068359375000000000000        0.425000011920928955078125000000000000         6.30000010132789611816406250000000000E-0002  0.870056494511586616800702331296776776        0.129943505488413383199297668703223248         0.00000000000000000000000000000000000        0.683022559859958444886526535977552353        0.167811590859605266884724425470909642        0.129098359310438402074632433326122454         2000.00000000000000000000000000000000        0.300000011920928955078125000000000000        -1.00000000000000000000000000000000000         4.50000000000000000000000000000000000         50.0000000000000000000000000000000000         2.37268839933649234216978264598204457         2.37245922506859865006148143774728812         2.37245922506859865006148143774728812         2.37245922506859865006148143774728812         2.37245922506859865006148143774728812         0.00000000000000000000000000000000000        -9.65977688771724334934705654584364257E-0003   36247.9640391224795168383933674072214         19968.2849195039246023665443916677694      
   45.5293507486716565241505913849878156         0.00000000000000000000000000000000000         0.00000000000000000000000000000000000        0.550000000000000000000000000000000039        0.449999999999999999999999999999999961        0.724999999999999999999999999999999981        0.275000000000000000000000000000000019        0.512000024318695068359375000000000000        0.425000011920928955078125000000000000         6.30000010132789611816406250000000000E-0002  0.870056494511586616800702331296776776        0.129943505488413383199297668703223248         0.00000000000000000000000000000000000        0.683022559859958444886526535977552353        0.167811590859605266884724425470909642        0.129098359310438402074632433326122454         2000.00000000000000000000000000000000        0.300000011920928955078125000000000000        -1.00000000000000000000000000000000000         4.50000000000000000000000000000000000         50.0000000000000000000000000000000000         2.39151204827759963647918938786181267         2.39220273054906062640321451231244597         2.39220273054906062640321451231244597         2.39220273054906062640321451231244597         2.39220273054906062640321451231244597         0.00000000000000000000000000000000000         2.88722298758710921549734452567257864E-0002   38667.5386323067783094415706978617403         20258.2876110675407066112691206180254      
   47.6861169771469809221183781797401387         0.00000000000000000000000000000000000         0.00000000000000000000000000000000000        0.550000000000000000000000000000000039        0.449999999999999999999999999999999961        0.724999999999999999999999999999999981        0.275000000000000000000000000000000019        0.512000024318695068359375000000000000        0.425000011920928955078125000000000000         6.30000010132789611816406250000000000E-0002  0.870056494511586616800702331296776776        0.129943505488413383199297668703223248         0.00000000000000000000000000000000000        0.683022559859958444886526535977552353        0.167811590859605266884724425470909642        0.129098359310438402074632433326122454         2000.00000000000000000000000000000000        0.300000011920928955078125000000000000        -1.00000000000000000000000000000000000         4.50000000000000000000000000000000000         50.0000000000000000000000000000000000         2.41049187944880454969421344827972983         2.41024131674012445894534150309599130         2.41024131674012445894534150309599130         2.41024131674012445894534150309599130         2.41024131674012445894534150309599130         0.00000000000000000000000000000000000        -1.03957519498080517511188722372213820E-0002   41229.3379641903376297804504822970975         20570.3555160819048651720448165370313      
   49.9450511585537973057412883106299450         0.00000000000000000000000000000000000         0.00000000000000000000000000000000000        0.550000000000000000000000000000000039        0.449999999999999999999999999999999961        0.724999999999999999999999999999999981        0.275000000000000000000000000000000019        0.512000024318695068359375000000000000        0.425000011920928955078125000000000000         6.30000010132789611816406250000000000E-0002  0.870056494511586616800702331296776776        0.129943505488413383199297668703223248         0.00000000000000000000000000000000000        0.683022559859958444886526535977552353        0.167811590859605266884724425470909642        0.129098359310438402074632433326122454         2000.00000000000000000000000000000000        0.300000011920928955078125000000000000        -1.00000000000000000000000000000000000         4.50000000000000000000000000000000000         50.0000000000000000000000000000000000         2.42909167784378499429130817017677770         2.42993251057273125012564412717333024         2.42993251057273125012564412717333024         2.42993251057273125012564412717333024         2.42993251057273125012564412717333024         0.00000000000000000000000000000000000         3.46031309630106924158519949334909592E-0002   44006.4380439750209172089065586886009         20878.7830028401111557419621404130890      
   52.3109930805651492519346455020741169         0.00000000000000000000000000000000000         0.00000000000000000000000000000000000        0.550000000000000000000000000000000039        0.449999999999999999999999999999999961        0.724999999999999999999999999999999981        0.275000000000000000000000000000000019        0.512000024318695068359375000000000000        0.425000011920928955078125000000000000         6.30000010132789611816406250000000000E-0002  0.870056494511586616800702331296776776        0.129943505488413383199297668703223248         0.00000000000000000000000000000000000        0.683022559859958444886526535977552353        0.167811590859605266884724425470909642        0.129098359310438402074632433326122454         2000.00000000000000000000000000000000        0.300000011920928955078125000000000000        -1.00000000000000000000000000000000000         4.50000000000000000000000000000000000         50.0000000000000000000000000000000000         2.44769070317122905253914966796775790         2.44871216587396870558364910271465364         2.44871216587396870558364910271465364         2.44871216587396870558364910271465364         2.44871216587396870558364910271465364         0.00000000000000000000000000000000000         4.17142821837160788742559531414957870E-0002   46964.3861506423531447009357920508698         21207.4776379937458715009729857639661      
   54.7890117959420854878872849816232285         0.00000000000000000000000000000000000         0.00000000000000000000000000000000000        0.550000000000000000000000000000000039        0.449999999999999999999999999999999961        0.724999999999999999999999999999999981        0.275000000000000000000000000000000019        0.512000024318695068359375000000000000        0.425000011920928955078125000000000000         6.30000010132789611816406250000000000E-0002  0.870056494511586616800702331296776776        0.129943505488413383199297668703223248         0.00000000000000000000000000000000000        0.683022559859958444886526535977552353        0.167811590859605266884724425470909642        0.129098359310438402074632433326122454         2000.00000000000000000000000000000000        0.300000011920928955078125000000000000        -1.00000000000000000000000000000000000         4.50000000000000000000000000000000000         50.0000000000000000000000000000000000         2.46628845918137410023111060965819365         2.46714069719091985765927777543777745         2.46714069719091985765927777543777745         2.46714069719091985765927777543777745         2.46714069719091985765927777543777745         0.00000000000000000000000000000000000         3.45435511852288548022710149092637752E-0002   50115.9919885872776428964961425721595         21540.5687868623205885945681117423491      
   57.3844164830267494473134630390337038         0.00000000000000000000000000000000000         0.00000000000000000000000000000000000        0.550000000000000000000000000000000039        0.449999999999999999999999999999999961        0.724999999999999999999999999999999981        0.275000000000000000000000000000000019        0.512000024318695068359375000000000000        0.425000011920928955078125000000000000         6.30000010132789611816406250000000000E-0002  0.870056494511586616800702331296776776        0.129943505488413383199297668703223248         0.00000000000000000000000000000000000        0.683022559859958444886526535977552353        0.167811590859605266884724425470909642        0.129098359310438402074632433326122454         2000.00000000000000000000000000000000        0.300000011920928955078125000000000000        -1.00000000000000000000000000000000000         4.50000000000000000000000000000000000         50.0000000000000000000000000000000000         2.48476525241717795323459025732036044         2.48542264130851442277612011536553950         2.48542264130851442277612011536553950         2.48542264130851442277612011536553950         2.48542264130851442277612011536553950         0.00000000000000000000000000000000000         2.64497828421797235357513593118862303E-0002   53490.3149369820744479727159440858842         21887.8381347999769615675853756472109      
   60.1027678207067787613836741752440859         0.00000000000000000000000000000000000         0.00000000000000000000000000000000000        0.550000000000000000000000000000000039        0.449999999999999999999999999999999961        0.724999999999999999999999999999999981        0.275000000000000000000000000000000019        0.512000024318695068359375000000000000        0.425000011920928955078125000000000000         6.30000010132789611816406250000000000E-0002  0.870056494511586616800702331296776776        0.129943505488413383199297668703223248         0.00000000000000000000000000000000000        0.683022559859958444886526535977552353        0.167811590859605266884724425470909642        0.129098359310438402074632433326122454         2000.00000000000000000000000000000000        0.300000011920928955078125000000000000        -1.00000000000000000000000000000000000         4.50000000000000000000000000000000000         50.0000000000000000000000000000000000         2.50305423082639678345446344491844332         2.50384545761873819528144603580166436         2.50384545761873819528144603580166436         2.50384545761873819528144603580166436         2.50384545761873819528144603580166436         0.00000000000000000000000000000000000         3.16004643950310581762163362559874844E-0002   57114.7773145442720722739206912531963         22239.6909200055387752154724907919276      
   62.9498899022219826103145225233349426         0.00000000000000000000000000000000000         0.00000000000000000000000000000000000        0.550000000000000000000000000000000039        0.449999999999999999999999999999999961        0.724999999999999999999999999999999981        0.275000000000000000000000000000000019        0.512000024318695068359375000000000000        0.425000011920928955078125000000000000         6.30000010132789611816406250000000000E-0002  0.870056494511586616800702331296776776        0.129943505488413383199297668703223248         0.00000000000000000000000000000000000        0.683022559859958444886526535977552353        0.167811590859605266884724425470909642        0.129098359310438402074632433326122454         2000.00000000000000000000000000000000        0.300000011920928955078125000000000000        -1.00000000000000000000000000000000000         4.50000000000000000000000000000000000         50.0000000000000000000000000000000000         2.52113975300034308451268105282156572         2.52197953445214662062710095260258698         2.52197953445214662062710095260258698         2.52197953445214662062710095260258698         2.52197953445214662062710095260258698         0.00000000000000000000000000000000000         3.32985038273105214915407551633767738E-0002   60999.3462591886523148958701019106540         22607.8242333799081945738155343005181      
   65.9318827133387394963924236784617628         0.00000000000000000000000000000000000         0.00000000000000000000000000000000000        0.550000000000000000000000000000000039        0.449999999999999999999999999999999961        0.724999999999999999999999999999999981        0.275000000000000000000000000000000019        0.512000024318695068359375000000000000        0.425000011920928955078125000000000000         6.30000010132789611816406250000000000E-0002  0.870056494511586616800702331296776776        0.129943505488413383199297668703223248         0.00000000000000000000000000000000000        0.683022559859958444886526535977552353        0.167811590859605266884724425470909642        0.129098359310438402074632433326122454         2000.00000000000000000000000000000000        0.300000011920928955078125000000000000        -1.00000000000000000000000000000000000         4.50000000000000000000000000000000000         50.0000000000000000000000000000000000         2.53909725465575279205368197971707531         2.54018574586474881188266356918112557         2.54018574586474881188266356918112557         2.54018574586474881188266356918112557         2.54018574586474881188266356918112557         0.00000000000000000000000000000000000         4.28508509965466168737728308424540614E-0002   65168.2654688618965524990832901872564         22985.6870845073147336511588591921986      
   69.0551352016267211341221719941803480         0.00000000000000000000000000000000000         0.00000000000000000000000000000000000        0.550000000000000000000000000000000039        0.449999999999999999999999999999999961        0.724999999999999999999999999999999981        0.275000000000000000000000000000000019        0.512000024318695068359375000000000000        0.425000011920928955078125000000000000         6.30000010132789611816406250000000000E-0002  0.870056494511586616800702331296776776        0.129943505488413383199297668703223248         0.00000000000000000000000000000000000        0.683022559859958444886526535977552353        0.167811590859605266884724425470909642        0.129098359310438402074632433326122454         2000.00000000000000000000000000000000        0.300000011920928955078125000000000000        -1.00000000000000000000000000000000000         4.50000000000000000000000000000000000         50.0000000000000000000000000000000000         2.55692449556908563131732949451654380         2.55799911214336022270590518624134369         2.55799911214336022270590518624134369         2.55799911214336022270590518624134369         2.55799911214336022270590518624134369         0.00000000000000000000000000000000000         4.20100448500220470256304555666470335E-0002   69621.2330115431805085608288998723617         23371.4875615581076920020682162654167      
   72.3263389648389904315881138559222429         0.00000000000000000000000000000000000         0.00000000000000000000000000000000000        0.550000000000000000000000000000000039        0.449999999999999999999999999999999961        0.724999999999999999999999999999999981        0.275000000000000000000000000000000019        0.512000024318695068359375000000000000        0.425000011920928955078125000000000000         6.30000010132789611816406250000000000E-0002  0.870056494511586616800702331296776776        0.129943505488413383199297668703223248         0.00000000000000000000000000000000000        0.683022559859958444886526535977552353        0.167811590859605266884724425470909642        0.129098359310438402074632433326122454         2000.00000000000000000000000000000000        0.300000011920928955078125000000000000        -1.00000000000000000000000000000000000         4.50000000000000000000000000000000000         50.0000000000000000000000000000000000         2.57481203415177435320646300616408216         2.57451070151710484606049250830988857         2.57451070151710484606049250830988857         2.57451070151710484606049250830988857         2.57451070151710484606049250830988857         0.00000000000000000000000000000000000        -1.17044623078062243475409080837475018E-0002   74360.6417787405047007461734198320150         23779.6941589197317345095235499369505      
   75.7525025877229563234538363456045364         0.00000000000000000000000000000000000         0.00000000000000000000000000000000000        0.550000000000000000000000000000000039        0.449999999999999999999999999999999961        0.724999999999999999999999999999999981        0.275000000000000000000000000000000019        0.512000024318695068359375000000000000        0.425000011920928955078125000000000000         6.30000010132789611816406250000000000E-0002  0.870056494511586616800702331296776776        0.129943505488413383199297668703223248         0.00000000000000000000000000000000000        0.683022559859958444886526535977552353        0.167811590859605266884724425470909642        0.129098359310438402074632433326122454         2000.00000000000000000000000000000000        0.300000011920928955078125000000000000        -1.00000000000000000000000000000000000         4.50000000000000000000000000000000000         50.0000000000000000000000000000000000         2.59205595127735260276253358985134443         2.59304443811104648174810172962903172         2.59304443811104648174810172962903172         2.59304443811104648174810172962903172         2.59304443811104648174810172962903172         0.00000000000000000000000000000000000         3.81207054983585778137234301837867703E-0002   79521.6116215600200606960869642817551         24191.2693305133807725568337261661145      
   79.3409666579789374092779396113335383         0.00000000000000000000000000000000000         0.00000000000000000000000000000000000        0.550000000000000000000000000000000039        0.449999999999999999999999999999999961        0.724999999999999999999999999999999981        0.275000000000000000000000000000000019        0.512000024318695068359375000000000000        0.425000011920928955078125000000000000         6.30000010132789611816406250000000000E-0002  0.870056494511586616800702331296776776        0.129943505488413383199297668703223248         0.00000000000000000000000000000000000        0.683022559859958444886526535977552353        0.167811590859605266884724425470909642        0.129098359310438402074632433326122454         2000.00000000000000000000000000000000        0.300000011920928955078125000000000000        -1.00000000000000000000000000000000000         4.50000000000000000000000000000000000         50.0000000000000000000000000000000000         2.60925409396889903110425196970042662         2.61035071840704236708892575547292641         2.61035071840704236708892575547292641         2.61035071840704236708892575547292641         2.61035071840704236708892575547292641         0.00000000000000000000000000000000000         4.20106168267131288797827398308925269E-0002   85030.2793083796752087034897737310356         24623.5480106616543989594833425220089      
   83.0994194935381664732668516345784739         0.00000000000000000000000000000000000         0.00000000000000000000000000000000000        0.550000000000000000000000000000000039        0.449999999999999999999999999999999961        0.724999999999999999999999999999999981        0.275000000000000000000000000000000019        0.512000024318695068359375000000000000        0.425000011920928955078125000000000000         6.30000010132789611816406250000000000E-0002  0.870056494511586616800702331296776776        0.129943505488413383199297668703223248         0.00000000000000000000000000000000000        0.683022559859958444886526535977552353        0.167811590859605266884724425470909642        0.129098359310438402074632433326122454         2000.00000000000000000000000000000000        0.300000011920928955078125000000000000        -1.00000000000000000000000000000000000         4.50000000000000000000000000000000000         50.0000000000000000000000000000000000         2.62628933567784748108085569810763899         2.62744268691073645277990512773481945         2.62744268691073645277990512773481945         2.62744268691073645277990512773481945         2.62744268691073645277990512773481945         0.00000000000000000000000000000000000         4.38963421974789256818818921438275812E-0002   90929.3552053105532095977792545889167         25064.3026203569867846691592665010961      
   87.0359136148560765360321240320169501         0.00000000000000000000000000000000000         0.00000000000000000000000000000000000        0.550000000000000000000000000000000039        0.449999999999999999999999999999999961        0.724999999999999999999999999999999981        0.275000000000000000000000000000000019        0.512000024318695068359375000000000000        0.425000011920928955078125000000000000         6.30000010132789611816406250000000000E-0002  0.870056494511586616800702331296776776        0.129943505488413383199297668703223248         0.00000000000000000000000000000000000        0.683022559859958444886526535977552353        0.167811590859605266884724425470909642        0.129098359310438402074632433326122454         2000.00000000000000000000000000000000        0.300000011920928955078125000000000000        -1.00000000000000000000000000000000000         4.50000000000000000000000000000000000         50.0000000000000000000000000000000000         2.64309174592617376585251578857910935         2.64423229518685651670583386035958959         2.64423229518685651670583386035958959         2.64423229518685651670583386035958959         2.64423229518685651670583386035958959         0.00000000000000000000000000000000000         4.31334744212460783624280455681705405E-0002   97265.3193390445949976962197923891578         25523.0750680590145290170934028701330      
   91.1588829975129113180355582295095585         0.00000000000000000000000000000000000         0.00000000000000000000000000000000000        0.550000000000000000000000000000000039        0.449999999999999999999999999999999961        0.724999999999999999999999999999999981        0.275000000000000000000000000000000019        0.512000024318695068359375000000000000        0.425000011920928955078125000000000000         6.30000010132789611816406250000000000E-0002  0.870056494511586616800702331296776776        0.129943505488413383199297668703223248         0.00000000000000000000000000000000000        0.683022559859958444886526535977552353        0.167811590859605266884724425470909642        0.129098359310438402074632433326122454         2000.00000000000000000000000000000000        0.300000011920928955078125000000000000        -1.00000000000000000000000000000000000         4.50000000000000000000000000000000000         50.0000000000000000000000000000000000         2.65993747182980529484208785232252668         2.65961833882149443637995909021388030         2.65961833882149443637995909021388030         2.65961833882149443637995909021388030         2.65961833882149443637995909021388030         0.00000000000000000000000000000000000        -1.19992031808695430790788799484574808E-0002   104001.181540290700049127810997370223         25992.4612577726703476810375338137821      
   95.4771611420855187564395181622441053         0.00000000000000000000000000000000000         0.00000000000000000000000000000000000        0.550000000000000000000000000000000039        0.449999999999999999999999999999999961        0.724999999999999999999999999999999981        0.275000000000000000000000000000000019        0.512000024318695068359375000000000000        0.425000011920928955078125000000000000         6.30000010132789611816406250000000000E-0002  0.870056494511586616800702331296776776        0.129943505488413383199297668703223248         0.00000000000000000000000000000000000        0.683022559859958444886526535977552353        0.167811590859605266884724425470909642        0.129098359310438402074632433326122454         2000.00000000000000000000000000000000        0.300000011920928955078125000000000000        -1.00000000000000000000000000000000000         4.50000000000000000000000000000000000         50.0000000000000000000000000000000000         2.67606993276690136850197176221804155         2.67704792362451992442946135949424527         2.67704792362451992442946135949424527         2.67704792362451992442946135949424527         2.67704792362451992442946135949424527         0.00000000000000000000000000000000000         3.65324374281066456975542680794689311E-0002   111345.473666986921735527164303304578         26476.4018006561224462042519864627955      
   100.000000000005197392984105217599543         0.00000000000000000000000000000000000         0.00000000000000000000000000000000000        0.550000000000000000000000000000000039        0.449999999999999999999999999999999961        0.724999999999999999999999999999999981        0.275000000000000000000000000000000019        0.512000024318695068359375000000000000        0.425000011920928955078125000000000000         6.30000010132789611816406250000000000E-0002  0.870056494511586616800702331296776776        0.129943505488413383199297668703223248         0.00000000000000000000000000000000000        0.683022559859958444886526535977552353        0.167811590859605266884724425470909642        0.129098359310438402074632433326122454         2000.00000000000000000000000000000000        0.300000011920928955078125000000000000        -1.00000000000000000000000000000000000         4.50000000000000000000000000000000000         50.0000000000000000000000000000000000         2.69205711745863649219988029640154293         2.69315359460826306418151519645045888         2.69315359460826306418151519645045888         2.69315359460826306418151519645045888         2.69315359460826306418151519645045888         0.00000000000000000000000000000000000         4.07135022607599106450365843164126807E-0002   119203.932892419403126860347631802810         26981.4827603605043984609754458904490      
