 mass envelope_frac water_frac mantle_frac core_frac H_frac_envelope He_frac_envelope MgO_frac_mantle SiO2_frac_mantle FeO_frac_mantle Fe_frac_solid_core FeS_frac_solid_core FeO_frac_solid_core Fe_frac_liquid_core FeS_frac_liquid_core FeO_frac_liquid_core T_eq albedo rotation_period age atmospheric_Z 100pa_radius 2000pa_radius transit_radius twothirdsopt_radius condensed_radius diff_v_2000pa diff_v_100pa inner_pressure inner_temperature
   1.00000000000000000000000000000000002E-0002   0.00000000000000000000000000000000000         0.00000000000000000000000000000000000         9.99999999999999999999999999999999807E-0002  0.900000000000000000000000000000000019        0.724999999999999999999999999999999981        0.275000000000000000000000000000000019        0.512000024318695068359375000000000000        0.425000011920928955078125000000000000         6.30000010132789611816406250000000000E-0002  0.870056494511586616800702331296776776        0.129943505488413383199297668703223248         0.00000000000000000000000000000000000        0.683022559859958444886526535977552353        0.167811590859605266884724425470909642        0.129098359310438402074632433326122454         2250.00000000000000000000000000000000        0.300000011920928955078125000000000000        -1.00000000000000000000000000000000000         4.50000000000000000000000000000000000         50.0000000000000000000000000000000000        0.209604684565333412835615161913703428        0.209626186049622236048038853543553411        0.209626186049622236048038853543553411        0.209626186049622236048038853543553411        0.209626186049622236048038853543553411         0.00000000000000000000000000000000000         1.02570602909950523807671642884397896E-0002   10.9405587990766734588238687026392260         2403.80364082985131064783003045858232      
   1.04737089795944979999999999999999994E-0002   0.00000000000000000000000000000000000         0.00000000000000000000000000000000000         9.99999999999999999999999999999999807E-0002  0.900000000000000000000000000000000019        0.724999999999999999999999999999999981        0.275000000000000000000000000000000019        0.512000024318695068359375000000000000        0.425000011920928955078125000000000000         6.30000010132789611816406250000000000E-0002  0.870056494511586616800702331296776776        0.129943505488413383199297668703223248         0.00000000000000000000000000000000000        0.683022559859958444886526535977552353        0.167811590859605266884724425470909642        0.129098359310438402074632433326122454         2250.00000000000000000000000000000000        0.300000011920928955078125000000000000        -1.00000000000000000000000000000000000         4.50000000000000000000000000000000000         50.0000000000000000000000000000000000        0.212798090657080113367270561047948563        0.212864842211654177101327821056903988        0.212864842211654177101327821056903988        0.212864842211654177101327821056903988        0.212864842211654177101327821056903988         0.00000000000000000000000000000000000         3.13586564509755104583759024558443485E-0002   11.3076326704535740615731506302684663         2413.91481750988460507995661000777909      
   1.09698579789238420522548511872003990E-0002   0.00000000000000000000000000000000000         0.00000000000000000000000000000000000         9.99999999999999999999999999999999807E-0002  0.900000000000000000000000000000000019        0.724999999999999999999999999999999981        0.275000000000000000000000000000000019        0.512000024318695068359375000000000000        0.425000011920928955078125000000000000         6.30000010132789611816406250000000000E-0002  0.870056494511586616800702331296776776        0.129943505488413383199297668703223248         0.00000000000000000000000000000000000        0.683022559859958444886526535977552353        0.167811590859605266884724425470909642        0.129098359310438402074632433326122454         2250.00000000000000000000000000000000        0.300000011920928955078125000000000000        -1.00000000000000000000000000000000000         4.50000000000000000000000000000000000         50.0000000000000000000000000000000000        0.216052232326867937515502624733502543        0.216048206861389143234026589403524174        0.216048206861389143234026589403524174        0.216048206861389143234026589403524174        0.216048206861389143234026589403524174         0.00000000000000000000000000000000000        -1.86322559084089711097799930699981614E-0003   11.6873724699149824194796317864769600         2424.29605491336699482670776407316826      
   1.14895100018730995888633688328071024E-0002   0.00000000000000000000000000000000000         0.00000000000000000000000000000000000         9.99999999999999999999999999999999807E-0002  0.900000000000000000000000000000000019        0.724999999999999999999999999999999981        0.275000000000000000000000000000000019        0.512000024318695068359375000000000000        0.425000011920928955078125000000000000         6.30000010132789611816406250000000000E-0002  0.870056494511586616800702331296776776        0.129943505488413383199297668703223248         0.00000000000000000000000000000000000        0.683022559859958444886526535977552353        0.167811590859605266884724425470909642        0.129098359310438402074632433326122454         2250.00000000000000000000000000000000        0.300000011920928955078125000000000000        -1.00000000000000000000000000000000000         4.50000000000000000000000000000000000         50.0000000000000000000000000000000000        0.219338736780636377454198482155153005        0.219342084237727838350255591698618202        0.219342084237727838350255591698618202        0.219342084237727838350255591698618202        0.219342084237727838350255591698618202         0.00000000000000000000000000000000000         1.52613535295527121563681946534783358E-0003   12.0688948669537238122595167449683186         2434.64971799534567282560490557504927      
   1.20337784077759080699533028507740594E-0002   0.00000000000000000000000000000000000         0.00000000000000000000000000000000000         9.99999999999999999999999999999999807E-0002  0.900000000000000000000000000000000019        0.724999999999999999999999999999999981        0.275000000000000000000000000000000019        0.512000024318695068359375000000000000        0.425000011920928955078125000000000000         6.30000010132789611816406250000000000E-0002  0.870056494511586616800702331296776776        0.129943505488413383199297668703223248         0.00000000000000000000000000000000000        0.683022559859958444886526535977552353        0.167811590859605266884724425470909642        0.129098359310438402074632433326122454         2250.00000000000000000000000000000000        0.300000011920928955078125000000000000        -1.00000000000000000000000000000000000         4.50000000000000000000000000000000000         50.0000000000000000000000000000000000        0.222672410836933990917453038030104059        0.222669512008105177876236467898276896        0.222669512008105177876236467898276896        0.222669512008105177876236467898276896        0.222669512008105177876236467898276896         0.00000000000000000000000000000000000        -1.30185259880011042901597402868897389E-0003   12.4883813887586983275373696021113867         2445.96576324145632940818029325090893      
   1.26038292967972908968014429974629652E-0002   0.00000000000000000000000000000000000         0.00000000000000000000000000000000000         9.99999999999999999999999999999999807E-0002  0.900000000000000000000000000000000019        0.724999999999999999999999999999999981        0.275000000000000000000000000000000019        0.512000024318695068359375000000000000        0.425000011920928955078125000000000000         6.30000010132789611816406250000000000E-0002  0.870056494511586616800702331296776776        0.129943505488413383199297668703223248         0.00000000000000000000000000000000000        0.683022559859958444886526535977552353        0.167811590859605266884724425470909642        0.129098359310438402074632433326122454         2250.00000000000000000000000000000000        0.300000011920928955078125000000000000        -1.00000000000000000000000000000000000         4.50000000000000000000000000000000000         50.0000000000000000000000000000000000        0.226077732150721538321752810625837774        0.226056959303248415976517745295595187        0.226056959303248415976517745295595187        0.226056959303248415976517745295595187        0.226056959303248415976517745295595187         0.00000000000000000000000000000000000        -9.18920945285131130536410314308499453E-0003   12.9100451423539460414274993817935717         2457.20572409012858100106355190735314      
   1.32008840083141992917991631746251185E-0002   0.00000000000000000000000000000000000         0.00000000000000000000000000000000000         9.99999999999999999999999999999999807E-0002  0.900000000000000000000000000000000019        0.724999999999999999999999999999999981        0.275000000000000000000000000000000019        0.512000024318695068359375000000000000        0.425000011920928955078125000000000000         6.30000010132789611816406250000000000E-0002  0.870056494511586616800702331296776776        0.129943505488413383199297668703223248         0.00000000000000000000000000000000000        0.683022559859958444886526535977552353        0.167811590859605266884724425470909642        0.129098359310438402074632433326122454         2250.00000000000000000000000000000000        0.300000011920928955078125000000000000        -1.00000000000000000000000000000000000         4.50000000000000000000000000000000000         50.0000000000000000000000000000000000        0.229474368359840393823624076835168106        0.229548875877961614262458214851423139        0.229548875877961614262458214851423139        0.229548875877961614262458214851423139        0.229548875877961614262458214851423139         0.00000000000000000000000000000000000         3.24582369816665742616965417121765809E-0002   13.3478313221244824139509011977032386         2468.84721870339676317930024146034821      
   1.38262217376465838916887111257333255E-0002   0.00000000000000000000000000000000000         0.00000000000000000000000000000000000         9.99999999999999999999999999999999807E-0002  0.900000000000000000000000000000000019        0.724999999999999999999999999999999981        0.275000000000000000000000000000000019        0.512000024318695068359375000000000000        0.425000011920928955078125000000000000         6.30000010132789611816406250000000000E-0002  0.870056494511586616800702331296776776        0.129943505488413383199297668703223248         0.00000000000000000000000000000000000        0.683022559859958444886526535977552353        0.167811590859605266884724425470909642        0.129098359310438402074632433326122454         2250.00000000000000000000000000000000        0.300000011920928955078125000000000000        -1.00000000000000000000000000000000000         4.50000000000000000000000000000000000         50.0000000000000000000000000000000000        0.233005380390767404482162623135523379        0.232998978202489474224990907620747817        0.232998978202489474224990907620747817        0.232998978202489474224990907620747817        0.232998978202489474224990907620747817         0.00000000000000000000000000000000000        -2.74773234085446864132136501713676855E-0003   13.7997337337513173343352251126026487         2480.67828348203921625082934163538500      
   1.44811822767453669205644236020971476E-0002   0.00000000000000000000000000000000000         0.00000000000000000000000000000000000         9.99999999999999999999999999999999807E-0002  0.900000000000000000000000000000000019        0.724999999999999999999999999999999981        0.275000000000000000000000000000000019        0.512000024318695068359375000000000000        0.425000011920928955078125000000000000         6.30000010132789611816406250000000000E-0002  0.870056494511586616800702331296776776        0.129943505488413383199297668703223248         0.00000000000000000000000000000000000        0.683022559859958444886526535977552353        0.167811590859605266884724425470909642        0.129098359310438402074632433326122454         2250.00000000000000000000000000000000        0.300000011920928955078125000000000000        -1.00000000000000000000000000000000000         4.50000000000000000000000000000000000         50.0000000000000000000000000000000000        0.236529837431617852605576083718002612        0.236599404708563249276577489208536508        0.236599404708563249276577489208536508        0.236599404708563249276577489208536508        0.236599404708563249276577489208536508         0.00000000000000000000000000000000000         2.94029805489526747242298030812979796E-0002   14.2690650469897170083605500177167662         2492.90552949960872837260236328853122      
   1.51671688847092646313725750372786121E-0002   0.00000000000000000000000000000000000         0.00000000000000000000000000000000000         9.99999999999999999999999999999999807E-0002  0.900000000000000000000000000000000019        0.724999999999999999999999999999999981        0.275000000000000000000000000000000019        0.512000024318695068359375000000000000        0.425000011920928955078125000000000000         6.30000010132789611816406250000000000E-0002  0.870056494511586616800702331296776776        0.129943505488413383199297668703223248         0.00000000000000000000000000000000000        0.683022559859958444886526535977552353        0.167811590859605266884724425470909642        0.129098359310438402074632433326122454         2250.00000000000000000000000000000000        0.300000011920928955078125000000000000        -1.00000000000000000000000000000000000         4.50000000000000000000000000000000000         50.0000000000000000000000000000000000        0.240123589637846747147517601525962846        0.240118961953750932780632031160670878        0.240118961953750932780632031160670878        0.240118961953750932780632031160670878        0.240118961953750932780632031160670878         0.00000000000000000000000000000000000        -1.92724641909192510061702326009266975E-0003   14.7547975405163530101972654108962995         2505.46222906602464849705325361204230      
   1.58856512942805692341715952667117983E-0002   0.00000000000000000000000000000000000         0.00000000000000000000000000000000000         9.99999999999999999999999999999999807E-0002  0.900000000000000000000000000000000019        0.724999999999999999999999999999999981        0.275000000000000000000000000000000019        0.512000024318695068359375000000000000        0.425000011920928955078125000000000000         6.30000010132789611816406250000000000E-0002  0.870056494511586616800702331296776776        0.129943505488413383199297668703223248         0.00000000000000000000000000000000000        0.683022559859958444886526535977552353        0.167811590859605266884724425470909642        0.129098359310438402074632433326122454         2250.00000000000000000000000000000000        0.300000011920928955078125000000000000        -1.00000000000000000000000000000000000         4.50000000000000000000000000000000000         50.0000000000000000000000000000000000        0.243782000556546585878177638458633867        0.243791531249817447400546588029287818        0.243791531249817447400546588029287818        0.243791531249817447400546588029287818        0.243791531249817447400546588029287818         0.00000000000000000000000000000000000         3.90936191343548116409174437633286623E-0003   15.2579797286544321684227374914130686         2518.30459282471314469561706481161287      
   1.66381688607613357256321400820289791E-0002   0.00000000000000000000000000000000000         0.00000000000000000000000000000000000         9.99999999999999999999999999999999807E-0002  0.900000000000000000000000000000000019        0.724999999999999999999999999999999981        0.275000000000000000000000000000000019        0.512000024318695068359375000000000000        0.425000011920928955078125000000000000         6.30000010132789611816406250000000000E-0002  0.870056494511586616800702331296776776        0.129943505488413383199297668703223248         0.00000000000000000000000000000000000        0.683022559859958444886526535977552353        0.167811590859605266884724425470909642        0.129098359310438402074632433326122454         2250.00000000000000000000000000000000        0.300000011920928955078125000000000000        -1.00000000000000000000000000000000000         4.50000000000000000000000000000000000         50.0000000000000000000000000000000000        0.247457980957854562678756810639931521        0.247461235122071907584002368525215746        0.247461235122071907584002368525215746        0.247461235122071907584002368525215746        0.247461235122071907584002368525215746         0.00000000000000000000000000000000000         1.31501979117643840311458983214736709E-0003   15.7801108095349217865041001632795658         2531.56948072223788672791394343881544      
   1.74263338600965560876971718594349557E-0002   0.00000000000000000000000000000000000         0.00000000000000000000000000000000000         9.99999999999999999999999999999999807E-0002  0.900000000000000000000000000000000019        0.724999999999999999999999999999999981        0.275000000000000000000000000000000019        0.512000024318695068359375000000000000        0.425000011920928955078125000000000000         6.30000010132789611816406250000000000E-0002  0.870056494511586616800702331296776776        0.129943505488413383199297668703223248         0.00000000000000000000000000000000000        0.683022559859958444886526535977552353        0.167811590859605266884724425470909642        0.129098359310438402074632433326122454         2250.00000000000000000000000000000000        0.300000011920928955078125000000000000        -1.00000000000000000000000000000000000         4.50000000000000000000000000000000000         50.0000000000000000000000000000000000        0.251217240653347789852632967327768371        0.251219400810365277317477126760409741        0.251219400810365277317477126760409741        0.251219400810365277317477126760409741        0.251219400810365277317477126760409741         0.00000000000000000000000000000000000         8.59868708594713385665945478853886867E-0004   16.3206805459345673197200096394816225         2545.12596636699596516117436670113187      
   1.82518349431904949929850662738093818E-0002   0.00000000000000000000000000000000000         0.00000000000000000000000000000000000         9.99999999999999999999999999999999807E-0002  0.900000000000000000000000000000000019        0.724999999999999999999999999999999981        0.275000000000000000000000000000000019        0.512000024318695068359375000000000000        0.425000011920928955078125000000000000         6.30000010132789611816406250000000000E-0002  0.870056494511586616800702331296776776        0.129943505488413383199297668703223248         0.00000000000000000000000000000000000        0.683022559859958444886526535977552353        0.167811590859605266884724425470909642        0.129098359310438402074632433326122454         2250.00000000000000000000000000000000        0.300000011920928955078125000000000000        -1.00000000000000000000000000000000000         4.50000000000000000000000000000000000         50.0000000000000000000000000000000000        0.255005087185691761838059880892502650        0.255090524195618285401083038111180044        0.255090524195618285401083038111180044        0.255090524195618285401083038111180044        0.255090524195618285401083038111180044         0.00000000000000000000000000000000000         3.34928199296832692006381945462201704E-0002   16.8817270411725540466417272275321688         2559.07321516817896997305584827520757      
   1.91164407538570921685539093537247029E-0002   0.00000000000000000000000000000000000         0.00000000000000000000000000000000000         9.99999999999999999999999999999999807E-0002  0.900000000000000000000000000000000019        0.724999999999999999999999999999999981        0.275000000000000000000000000000000019        0.512000024318695068359375000000000000        0.425000011920928955078125000000000000         6.30000010132789611816406250000000000E-0002  0.870056494511586616800702331296776776        0.129943505488413383199297668703223248         0.00000000000000000000000000000000000        0.683022559859958444886526535977552353        0.167811590859605266884724425470909642        0.129098359310438402074632433326122454         2250.00000000000000000000000000000000        0.300000011920928955078125000000000000        -1.00000000000000000000000000000000000         4.50000000000000000000000000000000000         50.0000000000000000000000000000000000        0.258852719190856532143461980297100154        0.258821511964030594941634865424392109        0.258821511964030594941634865424392109        0.258821511964030594941634865424392109        0.258821511964030594941634865424392109         0.00000000000000000000000000000000000        -1.20574316211684090024821196725952133E-0002   17.4626950216933062910453861952328194         2573.44418843778068696151322743370310      
   2.00220037181559240923900195423679447E-0002   0.00000000000000000000000000000000000         0.00000000000000000000000000000000000         9.99999999999999999999999999999999807E-0002  0.900000000000000000000000000000000019        0.724999999999999999999999999999999981        0.275000000000000000000000000000000019        0.512000024318695068359375000000000000        0.425000011920928955078125000000000000         6.30000010132789611816406250000000000E-0002  0.870056494511586616800702331296776776        0.129943505488413383199297668703223248         0.00000000000000000000000000000000000        0.683022559859958444886526535977552353        0.167811590859605266884724425470909642        0.129098359310438402074632433326122454         2250.00000000000000000000000000000000        0.300000011920928955078125000000000000        -1.00000000000000000000000000000000000         4.50000000000000000000000000000000000         50.0000000000000000000000000000000000        0.262768864999995556244085142270173914        0.262785224872554952632586739602622487        0.262785224872554952632586739602622487        0.262785224872554952632586739602622487        0.262785224872554952632586739602622487         0.00000000000000000000000000000000000         6.22556788241445706783206853752797799E-0003   18.0650860544634165849841762763471778         2588.12422511492752253333361620185015      
   2.09704640132324128654944033811962271E-0002   0.00000000000000000000000000000000000         0.00000000000000000000000000000000000         9.99999999999999999999999999999999807E-0002  0.900000000000000000000000000000000019        0.724999999999999999999999999999999981        0.275000000000000000000000000000000019        0.512000024318695068359375000000000000        0.425000011920928955078125000000000000         6.30000010132789611816406250000000000E-0002  0.870056494511586616800702331296776776        0.129943505488413383199297668703223248         0.00000000000000000000000000000000000        0.683022559859958444886526535977552353        0.167811590859605266884724425470909642        0.129098359310438402074632433326122454         2250.00000000000000000000000000000000        0.300000011920928955078125000000000000        -1.00000000000000000000000000000000000         4.50000000000000000000000000000000000         50.0000000000000000000000000000000000        0.266724358771711994458591424911778518        0.266758347683105495372089624439517363        0.266758347683105495372089624439517363        0.266758347683105495372089624439517363        0.266758347683105495372089624439517363         0.00000000000000000000000000000000000         1.27414612096330360693429899874136047E-0002   18.6900281096264366194485365623062960         2603.23520708921018730525887711914080      
   2.19638537241655596358102494951593575E-0002   0.00000000000000000000000000000000000         0.00000000000000000000000000000000000         9.99999999999999999999999999999999807E-0002  0.900000000000000000000000000000000019        0.724999999999999999999999999999999981        0.275000000000000000000000000000000019        0.512000024318695068359375000000000000        0.425000011920928955078125000000000000         6.30000010132789611816406250000000000E-0002  0.870056494511586616800702331296776776        0.129943505488413383199297668703223248         0.00000000000000000000000000000000000        0.683022559859958444886526535977552353        0.167811590859605266884724425470909642        0.129098359310438402074632433326122454         2250.00000000000000000000000000000000        0.300000011920928955078125000000000000        -1.00000000000000000000000000000000000         4.50000000000000000000000000000000000         50.0000000000000000000000000000000000        0.270758972699703667192655163950938500        0.270753894758577681305244569547891054        0.270753894758577681305244569547891054        0.270753894758577681305244569547891054        0.270753894758577681305244569547891054         0.00000000000000000000000000000000000        -1.87548220885750140212232172783039329E-0003   19.3375105344327396169951882038983900         2618.71293374454344554839360138795782      
   2.30043011977292878351454756950050690E-0002   0.00000000000000000000000000000000000         0.00000000000000000000000000000000000         9.99999999999999999999999999999999807E-0002  0.900000000000000000000000000000000019        0.724999999999999999999999999999999981        0.275000000000000000000000000000000019        0.512000024318695068359375000000000000        0.425000011920928955078125000000000000         6.30000010132789611816406250000000000E-0002  0.870056494511586616800702331296776776        0.129943505488413383199297668703223248         0.00000000000000000000000000000000000        0.683022559859958444886526535977552353        0.167811590859605266884724425470909642        0.129098359310438402074632433326122454         2250.00000000000000000000000000000000        0.300000011920928955078125000000000000        -1.00000000000000000000000000000000000         4.50000000000000000000000000000000000         50.0000000000000000000000000000000000        0.274838603887288345433696507107043665        0.274835264567381675690201205194913190        0.274835264567381675690201205194913190        0.274835264567381675690201205194913190        0.274835264567381675690201205194913190         0.00000000000000000000000000000000000        -1.21502599454482982481532063758701060E-0003   20.0094153784321617208509204762114486         2634.61584171522296160812361392574733      
   2.40940356023953707463686306717419161E-0002   0.00000000000000000000000000000000000         0.00000000000000000000000000000000000         9.99999999999999999999999999999999807E-0002  0.900000000000000000000000000000000019        0.724999999999999999999999999999999981        0.275000000000000000000000000000000019        0.512000024318695068359375000000000000        0.425000011920928955078125000000000000         6.30000010132789611816406250000000000E-0002  0.870056494511586616800702331296776776        0.129943505488413383199297668703223248         0.00000000000000000000000000000000000        0.683022559859958444886526535977552353        0.167811590859605266884724425470909642        0.129098359310438402074632433326122454         2250.00000000000000000000000000000000        0.300000011920928955078125000000000000        -1.00000000000000000000000000000000000         4.50000000000000000000000000000000000         50.0000000000000000000000000000000000        0.278988422658419525129828870927641936        0.278984867399965943080078198782913531        0.278984867399965943080078198782913531        0.278984867399965943080078198782913531        0.278984867399965943080078198782913531         0.00000000000000000000000000000000000        -1.27435530346707391228108085430007716E-0003   20.7060459032409835352361057641071458         2650.89869408999926714636924760934524      
   2.52353917043477924471827901828532746E-0002   0.00000000000000000000000000000000000         0.00000000000000000000000000000000000         9.99999999999999999999999999999999807E-0002  0.900000000000000000000000000000000019        0.724999999999999999999999999999999981        0.275000000000000000000000000000000019        0.512000024318695068359375000000000000        0.425000011920928955078125000000000000         6.30000010132789611816406250000000000E-0002  0.870056494511586616800702331296776776        0.129943505488413383199297668703223248         0.00000000000000000000000000000000000        0.683022559859958444886526535977552353        0.167811590859605266884724425470909642        0.129098359310438402074632433326122454         2250.00000000000000000000000000000000        0.300000011920928955078125000000000000        -1.00000000000000000000000000000000000         4.50000000000000000000000000000000000         50.0000000000000000000000000000000000        0.283179123823100816695447599279399520        0.283172289220804215724857754843749735        0.283172289220804215724857754843749735        0.283172289220804215724857754843749735        0.283172289220804215724857754843749735         0.00000000000000000000000000000000000        -2.41358443490622573153424062303742035E-0003   21.4291415531379557435396640918623010         2667.64104308521494772048626173120000      
   2.64308148697411976990338126706688651E-0002   0.00000000000000000000000000000000000         0.00000000000000000000000000000000000         9.99999999999999999999999999999999807E-0002  0.900000000000000000000000000000000019        0.724999999999999999999999999999999981        0.275000000000000000000000000000000019        0.512000024318695068359375000000000000        0.425000011920928955078125000000000000         6.30000010132789611816406250000000000E-0002  0.870056494511586616800702331296776776        0.129943505488413383199297668703223248         0.00000000000000000000000000000000000        0.683022559859958444886526535977552353        0.167811590859605266884724425470909642        0.129098359310438402074632433326122454         2250.00000000000000000000000000000000        0.300000011920928955078125000000000000        -1.00000000000000000000000000000000000         4.50000000000000000000000000000000000         50.0000000000000000000000000000000000        0.287464088615732789348226576303868214        0.287468401645588816739562606926183854        0.287468401645588816739562606926183854        0.287468401645588816739562606926183854        0.287468401645588816739562606926183854         0.00000000000000000000000000000000000         1.50034919710751259491045900101646169E-0003   22.1786410825603130760944140813364402         2684.73489353069665572932799086563375      
   2.76828663039208164325015985943068658E-0002   0.00000000000000000000000000000000000         0.00000000000000000000000000000000000         9.99999999999999999999999999999999807E-0002  0.900000000000000000000000000000000019        0.724999999999999999999999999999999981        0.275000000000000000000000000000000019        0.512000024318695068359375000000000000        0.425000011920928955078125000000000000         6.30000010132789611816406250000000000E-0002  0.870056494511586616800702331296776776        0.129943505488413383199297668703223248         0.00000000000000000000000000000000000        0.683022559859958444886526535977552353        0.167811590859605266884724425470909642        0.129098359310438402074632433326122454         2250.00000000000000000000000000000000        0.300000011920928955078125000000000000        -1.00000000000000000000000000000000000         4.50000000000000000000000000000000000         50.0000000000000000000000000000000000        0.291736798402720363886932308091230156        0.291732370663410802922487209281258384        0.291732370663410802922487209281258384        0.291732370663410802922487209281258384        0.291732370663410802922487209281258384         0.00000000000000000000000000000000000        -1.51774014638557673722848191527917041E-0003   22.9578986431718885720355579747598811         2702.46025644813124942100046809571084      
   2.89942285388289406626051058156534930E-0002   0.00000000000000000000000000000000000         0.00000000000000000000000000000000000         9.99999999999999999999999999999999807E-0002  0.900000000000000000000000000000000019        0.724999999999999999999999999999999981        0.275000000000000000000000000000000019        0.512000024318695068359375000000000000        0.425000011920928955078125000000000000         6.30000010132789611816406250000000000E-0002  0.870056494511586616800702331296776776        0.129943505488413383199297668703223248         0.00000000000000000000000000000000000        0.683022559859958444886526535977552353        0.167811590859605266884724425470909642        0.129098359310438402074632433326122454         2250.00000000000000000000000000000000        0.300000011920928955078125000000000000        -1.00000000000000000000000000000000000         4.50000000000000000000000000000000000         50.0000000000000000000000000000000000        0.296149774065529665128455844006535108        0.296183034163435930282892577945206325        0.296183034163435930282892577945206325        0.296183034163435930282892577945206325        0.296183034163435930282892577945206325         0.00000000000000000000000000000000000         1.12295756575685537051948497041795495E-0002   23.7649611861537496542599810228436264         2720.42092377884541020022164176599974      
   3.03677111803547736840862033878692513E-0002   0.00000000000000000000000000000000000         0.00000000000000000000000000000000000         9.99999999999999999999999999999999807E-0002  0.900000000000000000000000000000000019        0.724999999999999999999999999999999981        0.275000000000000000000000000000000019        0.512000024318695068359375000000000000        0.425000011920928955078125000000000000         6.30000010132789611816406250000000000E-0002  0.870056494511586616800702331296776776        0.129943505488413383199297668703223248         0.00000000000000000000000000000000000        0.683022559859958444886526535977552353        0.167811590859605266884724425470909642        0.129098359310438402074632433326122454         2250.00000000000000000000000000000000        0.300000011920928955078125000000000000        -1.00000000000000000000000000000000000         4.50000000000000000000000000000000000         50.0000000000000000000000000000000000        0.300577829445388170501753396479307800        0.300572260183186475068895726662665099        0.300572260183186475068895726662665099        0.300572260183186475068895726662665099        0.300572260183186475068895726662665099         0.00000000000000000000000000000000000        -1.85288629040524091452805163128237174E-0003   24.6034313947437943263093551773442881         2738.99890847056850114322156255429384      
   3.18062569279414025101825130079188269E-0002   0.00000000000000000000000000000000000         0.00000000000000000000000000000000000         9.99999999999999999999999999999999807E-0002  0.900000000000000000000000000000000019        0.724999999999999999999999999999999981        0.275000000000000000000000000000000019        0.512000024318695068359375000000000000        0.425000011920928955078125000000000000         6.30000010132789611816406250000000000E-0002  0.870056494511586616800702331296776776        0.129943505488413383199297668703223248         0.00000000000000000000000000000000000        0.683022559859958444886526535977552353        0.167811590859605266884724425470909642        0.129098359310438402074632433326122454         2250.00000000000000000000000000000000        0.300000011920928955078125000000000000        -1.00000000000000000000000000000000000         4.50000000000000000000000000000000000         50.0000000000000000000000000000000000        0.305089178100918432165815582016387982        0.305154112171973315425291621222881015        0.305154112171973315425291621222881015        0.305154112171973315425291621222881015        0.305154112171973315425291621222881015         0.00000000000000000000000000000000000         2.12791073312781946407242917133875084E-0002   25.4737575031214404173615688963810343         2757.96570614888863368263275403980127      
   3.33129478793469579587899033329322212E-0002   0.00000000000000000000000000000000000         0.00000000000000000000000000000000000         9.99999999999999999999999999999999807E-0002  0.900000000000000000000000000000000019        0.724999999999999999999999999999999981        0.275000000000000000000000000000000019        0.512000024318695068359375000000000000        0.425000011920928955078125000000000000         6.30000010132789611816406250000000000E-0002  0.870056494511586616800702331296776776        0.129943505488413383199297668703223248         0.00000000000000000000000000000000000        0.683022559859958444886526535977552353        0.167811590859605266884724425470909642        0.129098359310438402074632433326122454         2250.00000000000000000000000000000000        0.300000011920928955078125000000000000        -1.00000000000000000000000000000000000         4.50000000000000000000000000000000000         50.0000000000000000000000000000000000        0.309650168621671204150123978842557177        0.309631974543050969962222152732690351        0.309631974543050969962222152732690351        0.309631974543050969962222152732690351        0.309631974543050969962222152732690351         0.00000000000000000000000000000000000        -5.87603352240499905965797773660566931E-0003   26.3769606810301419704233628748363888         2777.49238866836748299939057960077560      
   3.48910121340679723117689330325258897E-0002   0.00000000000000000000000000000000000         0.00000000000000000000000000000000000         9.99999999999999999999999999999999807E-0002  0.900000000000000000000000000000000019        0.724999999999999999999999999999999981        0.275000000000000000000000000000000019        0.512000024318695068359375000000000000        0.425000011920928955078125000000000000         6.30000010132789611816406250000000000E-0002  0.870056494511586616800702331296776776        0.129943505488413383199297668703223248         0.00000000000000000000000000000000000        0.683022559859958444886526535977552353        0.167811590859605266884724425470909642        0.129098359310438402074632433326122454         2250.00000000000000000000000000000000        0.300000011920928955078125000000000000        -1.00000000000000000000000000000000000         4.50000000000000000000000000000000000         50.0000000000000000000000000000000000        0.314294926740150968300024729293561705        0.314327053199302311669792446976241189        0.314327053199302311669792446976241189        0.314327053199302311669792446976241189        0.314327053199302311669792446976241189         0.00000000000000000000000000000000000         1.02207108247132825773604037345242590E-0002   27.3147904398015577901552346262336328         2797.41589509604125892545952751839514      
   3.65438307095728310329776802679418081E-0002   0.00000000000000000000000000000000000         0.00000000000000000000000000000000000         9.99999999999999999999999999999999807E-0002  0.900000000000000000000000000000000019        0.724999999999999999999999999999999981        0.275000000000000000000000000000000019        0.512000024318695068359375000000000000        0.425000011920928955078125000000000000         6.30000010132789611816406250000000000E-0002  0.870056494511586616800702331296776776        0.129943505488413383199297668703223248         0.00000000000000000000000000000000000        0.683022559859958444886526535977552353        0.167811590859605266884724425470909642        0.129098359310438402074632433326122454         2250.00000000000000000000000000000000        0.300000011920928955078125000000000000        -1.00000000000000000000000000000000000         4.50000000000000000000000000000000000         50.0000000000000000000000000000000000        0.318992232921501078012051991251783287        0.319108018918191825701495662433193727        0.319108018918191825701495662433193727        0.319108018918191825701495662433193727        0.319108018918191825701495662433193727         0.00000000000000000000000000000000000         3.62842642072342229510864086504224279E-0002   28.2897659631014581485581732591375759         2817.81010636441968726976566491159220      
   3.82749447851634135913727803832376407E-0002   0.00000000000000000000000000000000000         0.00000000000000000000000000000000000         9.99999999999999999999999999999999807E-0002  0.900000000000000000000000000000000019        0.724999999999999999999999999999999981        0.275000000000000000000000000000000019        0.512000024318695068359375000000000000        0.425000011920928955078125000000000000         6.30000010132789611816406250000000000E-0002  0.870056494511586616800702331296776776        0.129943505488413383199297668703223248         0.00000000000000000000000000000000000        0.683022559859958444886526535977552353        0.167811590859605266884724425470909642        0.129098359310438402074632433326122454         2250.00000000000000000000000000000000        0.300000011920928955078125000000000000        -1.00000000000000000000000000000000000         4.50000000000000000000000000000000000         50.0000000000000000000000000000000000        0.323721329440435169280717795811327720        0.323748840721545274810951361313158268        0.323748840721545274810951361313158268        0.323748840721545274810951361313158268        0.323748840721545274810951361313158268         0.00000000000000000000000000000000000         8.49772343548492971227978720438933657E-0003   29.3011899814410572657507884076436846         2838.97829317887311440482738483976698      
   4.00880632889849649039141805889355062E-0002   0.00000000000000000000000000000000000         0.00000000000000000000000000000000000         9.99999999999999999999999999999999807E-0002  0.900000000000000000000000000000000019        0.724999999999999999999999999999999981        0.275000000000000000000000000000000019        0.512000024318695068359375000000000000        0.425000011920928955078125000000000000         6.30000010132789611816406250000000000E-0002  0.870056494511586616800702331296776776        0.129943505488413383199297668703223248         0.00000000000000000000000000000000000        0.683022559859958444886526535977552353        0.167811590859605266884724425470909642        0.129098359310438402074632433326122454         2250.00000000000000000000000000000000        0.300000011920928955078125000000000000        -1.00000000000000000000000000000000000         4.50000000000000000000000000000000000         50.0000000000000000000000000000000000        0.328558098083034437090543079205645563        0.328554778851523250658323873715691727        0.328554778851523250658323873715691727        0.328554778851523250658323873715691727        0.328554778851523250658323873715691727         0.00000000000000000000000000000000000        -1.01025208727413509287185217144716661E-0003   30.3519027229223441937716848290306966         2860.46883493930733066789254381346425      
   4.19870708444394372159300809145208468E-0002   0.00000000000000000000000000000000000         0.00000000000000000000000000000000000         9.99999999999999999999999999999999807E-0002  0.900000000000000000000000000000000019        0.724999999999999999999999999999999981        0.275000000000000000000000000000000019        0.512000024318695068359375000000000000        0.425000011920928955078125000000000000         6.30000010132789611816406250000000000E-0002  0.870056494511586616800702331296776776        0.129943505488413383199297668703223248         0.00000000000000000000000000000000000        0.683022559859958444886526535977552353        0.167811590859605266884724425470909642        0.129098359310438402074632433326122454         2250.00000000000000000000000000000000        0.300000011920928955078125000000000000        -1.00000000000000000000000000000000000         4.50000000000000000000000000000000000         50.0000000000000000000000000000000000        0.333465832489427184333872574402889547        0.333448800882777934886241273754676851        0.333448800882777934886241273754676851        0.333448800882777934886241273754676851        0.333448800882777934886241273754676851         0.00000000000000000000000000000000000        -5.10771266957916393967133798921597209E-0003   31.4434230648566754893400759023704505         2882.48747197982964783743936654538435      
   4.39760360930275675433071206856609502E-0002   0.00000000000000000000000000000000000         0.00000000000000000000000000000000000         9.99999999999999999999999999999999807E-0002  0.900000000000000000000000000000000019        0.724999999999999999999999999999999981        0.275000000000000000000000000000000019        0.512000024318695068359375000000000000        0.425000011920928955078125000000000000         6.30000010132789611816406250000000000E-0002  0.870056494511586616800702331296776776        0.129943505488413383199297668703223248         0.00000000000000000000000000000000000        0.683022559859958444886526535977552353        0.167811590859605266884724425470909642        0.129098359310438402074632433326122454         2250.00000000000000000000000000000000        0.300000011920928955078125000000000000        -1.00000000000000000000000000000000000         4.50000000000000000000000000000000000         50.0000000000000000000000000000000000        0.338405169321511632264497157836838862        0.338401459801436227662619426956011877        0.338401459801436227662619426956011877        0.338401459801436227662619426956011877        0.338401459801436227662619426956011877         0.00000000000000000000000000000000000        -1.09618914693253285604414046755380577E-0003   32.5783305976461228614636253454910856         2905.17604985219302268816586690438260      
   4.60592204114514578978097464129404699E-0002   0.00000000000000000000000000000000000         0.00000000000000000000000000000000000         9.99999999999999999999999999999999807E-0002  0.900000000000000000000000000000000019        0.724999999999999999999999999999999981        0.275000000000000000000000000000000019        0.512000024318695068359375000000000000        0.425000011920928955078125000000000000         6.30000010132789611816406250000000000E-0002  0.870056494511586616800702331296776776        0.129943505488413383199297668703223248         0.00000000000000000000000000000000000        0.683022559859958444886526535977552353        0.167811590859605266884724425470909642        0.129098359310438402074632433326122454         2250.00000000000000000000000000000000        0.300000011920928955078125000000000000        -1.00000000000000000000000000000000000         4.50000000000000000000000000000000000         50.0000000000000000000000000000000000        0.343438265116157759540800299143414041        0.343444606798846642097342202552281614        0.343444606798846642097342202552281614        0.343444606798846642097342202552281614        0.343444606798846642097342202552281614         0.00000000000000000000000000000000000         1.84649360139664106723634467550081870E-0003   33.7572072207074140870192791339124507         2928.33143111467266367347864569414100      
   4.82410870416541323423097474256259733E-0002   0.00000000000000000000000000000000000         0.00000000000000000000000000000000000         9.99999999999999999999999999999999807E-0002  0.900000000000000000000000000000000019        0.724999999999999999999999999999999981        0.275000000000000000000000000000000019        0.512000024318695068359375000000000000        0.425000011920928955078125000000000000         6.30000010132789611816406250000000000E-0002  0.870056494511586616800702331296776776        0.129943505488413383199297668703223248         0.00000000000000000000000000000000000        0.683022559859958444886526535977552353        0.167811590859605266884724425470909642        0.129098359310438402074632433326122454         2250.00000000000000000000000000000000        0.300000011920928955078125000000000000        -1.00000000000000000000000000000000000         4.50000000000000000000000000000000000         50.0000000000000000000000000000000000        0.348526313943925005545306327928542379        0.348532763862600031906140010974233087        0.348532763862600031906140010974233087        0.348532763862600031906140010974233087        0.348532763862600031906140010974233087         0.00000000000000000000000000000000000         1.85059177896086502430597032974243799E-0003   34.9828498801370862860219261529232657         2952.08293130991289675831603112470970      
   5.05263106533572662690193201580239323E-0002   0.00000000000000000000000000000000000         0.00000000000000000000000000000000000         9.99999999999999999999999999999999807E-0002  0.900000000000000000000000000000000019        0.724999999999999999999999999999999981        0.275000000000000000000000000000000019        0.512000024318695068359375000000000000        0.425000011920928955078125000000000000         6.30000010132789611816406250000000000E-0002  0.870056494511586616800702331296776776        0.129943505488413383199297668703223248         0.00000000000000000000000000000000000        0.683022559859958444886526535977552353        0.167811590859605266884724425470909642        0.129098359310438402074632433326122454         2250.00000000000000000000000000000000        0.300000011920928955078125000000000000        -1.00000000000000000000000000000000000         4.50000000000000000000000000000000000         50.0000000000000000000000000000000000        0.353682227912793319544664981712237129        0.353676292700535375353909528200060043        0.353676292700535375353909528200060043        0.353676292700535375353909528200060043        0.353676292700535375353909528200060043         0.00000000000000000000000000000000000        -1.67814817686116465100362533335520292E-0003   36.2568507414325134793614368498238387         2976.43904417057545394443903243581837      
   5.29197873595849146847521071145970371E-0002   0.00000000000000000000000000000000000         0.00000000000000000000000000000000000         9.99999999999999999999999999999999807E-0002  0.900000000000000000000000000000000019        0.724999999999999999999999999999999981        0.275000000000000000000000000000000019        0.512000024318695068359375000000000000        0.425000011920928955078125000000000000         6.30000010132789611816406250000000000E-0002  0.870056494511586616800702331296776776        0.129943505488413383199297668703223248         0.00000000000000000000000000000000000        0.683022559859958444886526535977552353        0.167811590859605266884724425470909642        0.129098359310438402074632433326122454         2250.00000000000000000000000000000000        0.300000011920928955078125000000000000        -1.00000000000000000000000000000000000         4.50000000000000000000000000000000000         50.0000000000000000000000000000000000        0.358942635246201006764812812342926181        0.358942635246201006764812812342926181        0.358942635246201006764812812342926181        0.358942635246201006764812812342926181        0.358942635246201006764812812342926181         0.00000000000000000000000000000000000         0.00000000000000000000000000000000000         37.5623907439961027753970167255127294         3000.90053636899709803285577701690949      
   5.54266452066315930392335611285580509E-0002   0.00000000000000000000000000000000000         0.00000000000000000000000000000000000         9.99999999999999999999999999999999807E-0002  0.900000000000000000000000000000000019        0.724999999999999999999999999999999981        0.275000000000000000000000000000000019        0.512000024318695068359375000000000000        0.425000011920928955078125000000000000         6.30000010132789611816406250000000000E-0002  0.870056494511586616800702331296776776        0.129943505488413383199297668703223248         0.00000000000000000000000000000000000        0.683022559859958444886526535977552353        0.167811590859605266884724425470909642        0.129098359310438402074632433326122454         2250.00000000000000000000000000000000        0.300000011920928955078125000000000000        -1.00000000000000000000000000000000000         4.50000000000000000000000000000000000         50.0000000000000000000000000000000000        0.364271750696981866915522140995516447        0.364371514987689141962663849098530673        0.364371514987689141962663849098530673        0.364371514987689141962663849098530673        0.364371514987689141962663849098530673         0.00000000000000000000000000000000000         2.73798270731030494476347716637424964E-0002   38.9584372038101574474714519383285491         3026.61977912549586320068728541693134      
   5.80522551609495656082146517268962107E-0002   0.00000000000000000000000000000000000         0.00000000000000000000000000000000000         9.99999999999999999999999999999999807E-0002  0.900000000000000000000000000000000019        0.724999999999999999999999999999999981        0.275000000000000000000000000000000019        0.512000024318695068359375000000000000        0.425000011920928955078125000000000000         6.30000010132789611816406250000000000E-0002  0.870056494511586616800702331296776776        0.129943505488413383199297668703223248         0.00000000000000000000000000000000000        0.683022559859958444886526535977552353        0.167811590859605266884724425470909642        0.129098359310438402074632433326122454         2250.00000000000000000000000000000000        0.300000011920928955078125000000000000        -1.00000000000000000000000000000000000         4.50000000000000000000000000000000000         50.0000000000000000000000000000000000        0.369615600201480679206960360296647236        0.369656929034030503271481161569692416        0.369656929034030503271481161569692416        0.369656929034030503271481161569692416        0.369656929034030503271481161569692416         0.00000000000000000000000000000000000         1.11803213476405158629747639881020453E-0002   40.3904653938839548010943928885909067         3052.95778217995430488278568799321685      
   6.08022426164948505065581588806303073E-0002   0.00000000000000000000000000000000000         0.00000000000000000000000000000000000         9.99999999999999999999999999999999807E-0002  0.900000000000000000000000000000000019        0.724999999999999999999999999999999981        0.275000000000000000000000000000000019        0.512000024318695068359375000000000000        0.425000011920928955078125000000000000         6.30000010132789611816406250000000000E-0002  0.870056494511586616800702331296776776        0.129943505488413383199297668703223248         0.00000000000000000000000000000000000        0.683022559859958444886526535977552353        0.167811590859605266884724425470909642        0.129098359310438402074632433326122454         2250.00000000000000000000000000000000        0.300000011920928955078125000000000000        -1.00000000000000000000000000000000000         4.50000000000000000000000000000000000         50.0000000000000000000000000000000000        0.375084626602878353136184893854561327        0.375190965134124878905784290059656607        0.375190965134124878905784290059656607        0.375190965134124878905784290059656607        0.375190965134124878905784290059656607         0.00000000000000000000000000000000000         2.83425085165660677283874272967384951E-0002   41.8808831768205540790767825763936688         3079.56241471216519708262236808801067      
   6.36824994471865380888821842690214039E-0002   0.00000000000000000000000000000000000         0.00000000000000000000000000000000000         9.99999999999999999999999999999999807E-0002  0.900000000000000000000000000000000019        0.724999999999999999999999999999999981        0.275000000000000000000000000000000019        0.512000024318695068359375000000000000        0.425000011920928955078125000000000000         6.30000010132789611816406250000000000E-0002  0.870056494511586616800702331296776776        0.129943505488413383199297668703223248         0.00000000000000000000000000000000000        0.683022559859958444886526535977552353        0.167811590859605266884724425470909642        0.129098359310438402074632433326122454         2250.00000000000000000000000000000000        0.300000011920928955078125000000000000        -1.00000000000000000000000000000000000         4.50000000000000000000000000000000000         50.0000000000000000000000000000000000        0.380589129282089677720702742137046064        0.380556721645913219929211633175750638        0.380556721645913219929211633175750638        0.380556721645913219929211633175750638        0.380556721645913219929211633175750638         0.00000000000000000000000000000000000        -8.51584910556678785579234405600109840E-0003   43.4294255619327148671238170006969389         3107.12691275014958298220073441424053      
   6.66991966303019298825804335972346273E-0002   0.00000000000000000000000000000000000         0.00000000000000000000000000000000000         9.99999999999999999999999999999999807E-0002  0.900000000000000000000000000000000019        0.724999999999999999999999999999999981        0.275000000000000000000000000000000019        0.512000024318695068359375000000000000        0.425000011920928955078125000000000000         6.30000010132789611816406250000000000E-0002  0.870056494511586616800702331296776776        0.129943505488413383199297668703223248         0.00000000000000000000000000000000000        0.683022559859958444886526535977552353        0.167811590859605266884724425470909642        0.129098359310438402074632433326122454         2250.00000000000000000000000000000000        0.300000011920928955078125000000000000        -1.00000000000000000000000000000000000         4.50000000000000000000000000000000000         50.0000000000000000000000000000000000        0.386196301131741766179905008403587885        0.386258827369443753115142768247508379        0.386258827369443753115142768247508379        0.386258827369443753115142768247508379        0.386258827369443753115142768247508379         0.00000000000000000000000000000000000         1.61876527528994601762722565391498603E-0002   45.0423070169905863453978899758763823         3135.09353796468963817341404041862307      
   6.98587974678532405490532339768403819E-0002   0.00000000000000000000000000000000000         0.00000000000000000000000000000000000         9.99999999999999999999999999999999807E-0002  0.900000000000000000000000000000000019        0.724999999999999999999999999999999981        0.275000000000000000000000000000000019        0.512000024318695068359375000000000000        0.425000011920928955078125000000000000         6.30000010132789611816406250000000000E-0002  0.870056494511586616800702331296776776        0.129943505488413383199297668703223248         0.00000000000000000000000000000000000        0.683022559859958444886526535977552353        0.167811590859605266884724425470909642        0.129098359310438402074632433326122454         2250.00000000000000000000000000000000        0.300000011920928955078125000000000000        -1.00000000000000000000000000000000000         4.50000000000000000000000000000000000         50.0000000000000000000000000000000000        0.391875764811480618264686662897805616        0.391983418085711267368540390224383618        0.391983418085711267368540390224383618        0.391983418085711267368540390224383618        0.391983418085711267368540390224383618         0.00000000000000000000000000000000000         2.74637316946681635781674132378259862E-0002   46.7211313744537679416162266494347147         3163.71937300259160288724584281828787      
   7.31680714342727864769909562452151975E-0002   0.00000000000000000000000000000000000         0.00000000000000000000000000000000000         9.99999999999999999999999999999999807E-0002  0.900000000000000000000000000000000019        0.724999999999999999999999999999999981        0.275000000000000000000000000000000019        0.512000024318695068359375000000000000        0.425000011920928955078125000000000000         6.30000010132789611816406250000000000E-0002  0.870056494511586616800702331296776776        0.129943505488413383199297668703223248         0.00000000000000000000000000000000000        0.683022559859958444886526535977552353        0.167811590859605266884724425470909642        0.129098359310438402074632433326122454         2250.00000000000000000000000000000000        0.300000011920928955078125000000000000        -1.00000000000000000000000000000000000         4.50000000000000000000000000000000000         50.0000000000000000000000000000000000        0.397606930141427323972741954386272601        0.397618021161384471068816659972389236        0.397618021161384471068816659972389236        0.397618021161384471068816659972389236        0.397618021161384471068816659972389236         0.00000000000000000000000000000000000         2.78936551335169320577825960414323417E-0003   48.4659113733848653690808587510363798         3193.29011364934835269544345800617422      
   7.66341086800754564190942258342304675E-0002   0.00000000000000000000000000000000000         0.00000000000000000000000000000000000         9.99999999999999999999999999999999807E-0002  0.900000000000000000000000000000000019        0.724999999999999999999999999999999981        0.275000000000000000000000000000000019        0.512000024318695068359375000000000000        0.425000011920928955078125000000000000         6.30000010132789611816406250000000000E-0002  0.870056494511586616800702331296776776        0.129943505488413383199297668703223248         0.00000000000000000000000000000000000        0.683022559859958444886526535977552353        0.167811590859605266884724425470909642        0.129098359310438402074632433326122454         2250.00000000000000000000000000000000        0.300000011920928955078125000000000000        -1.00000000000000000000000000000000000         4.50000000000000000000000000000000000         50.0000000000000000000000000000000000        0.403429518822654985511148592416966385        0.403460556999714671669447427381860548        0.403460556999714671669447427381860548        0.403460556999714671669447427381860548        0.403460556999714671669447427381860548         0.00000000000000000000000000000000000         7.69298919589507942321043345623664358E-0003   50.2836718985192878533993269279548285         3223.36026353205296283577874495097322      
   8.02643352225726970636277878857272017E-0002   0.00000000000000000000000000000000000         0.00000000000000000000000000000000000         9.99999999999999999999999999999999807E-0002  0.900000000000000000000000000000000019        0.724999999999999999999999999999999981        0.275000000000000000000000000000000019        0.512000024318695068359375000000000000        0.425000011920928955078125000000000000         6.30000010132789611816406250000000000E-0002  0.870056494511586616800702331296776776        0.129943505488413383199297668703223248         0.00000000000000000000000000000000000        0.683022559859958444886526535977552353        0.167811590859605266884724425470909642        0.129098359310438402074632433326122454         2250.00000000000000000000000000000000        0.300000011920928955078125000000000000        -1.00000000000000000000000000000000000         4.50000000000000000000000000000000000         50.0000000000000000000000000000000000        0.409344404675904663115938770040290704        0.409331265731162334928702036181812613        0.409331265731162334928702036181812613        0.409331265731162334928702036181812613        0.409331265731162334928702036181812613         0.00000000000000000000000000000000000        -3.20985613421416225754497836375239943E-0003   52.1759309159888963551879310758676770         3254.05086383412102188189240320780756      
   8.40665288561842607476714319551580939E-0002   0.00000000000000000000000000000000000         0.00000000000000000000000000000000000         9.99999999999999999999999999999999807E-0002  0.900000000000000000000000000000000019        0.724999999999999999999999999999999981        0.275000000000000000000000000000000019        0.512000024318695068359375000000000000        0.425000011920928955078125000000000000         6.30000010132789611816406250000000000E-0002  0.870056494511586616800702331296776776        0.129943505488413383199297668703223248         0.00000000000000000000000000000000000        0.683022559859958444886526535977552353        0.167811590859605266884724425470909642        0.129098359310438402074632433326122454         2250.00000000000000000000000000000000        0.300000011920928955078125000000000000        -1.00000000000000000000000000000000000         4.50000000000000000000000000000000000         50.0000000000000000000000000000000000        0.415335767931991698915672052338099663        0.415299421590534343080076129087402348        0.415299421590534343080076129087402348        0.415299421590534343080076129087402348        0.415299421590534343080076129087402348         0.00000000000000000000000000000000000        -8.75184013455997906384777444416688385E-0003   54.1463507050606596477790819456772580         3285.46307163455960897772214331395598      
   8.80488358164357074743307360856496004E-0002   0.00000000000000000000000000000000000         0.00000000000000000000000000000000000         9.99999999999999999999999999999999807E-0002  0.900000000000000000000000000000000019        0.724999999999999999999999999999999981        0.275000000000000000000000000000000019        0.512000024318695068359375000000000000        0.425000011920928955078125000000000000         6.30000010132789611816406250000000000E-0002  0.870056494511586616800702331296776776        0.129943505488413383199297668703223248         0.00000000000000000000000000000000000        0.683022559859958444886526535977552353        0.167811590859605266884724425470909642        0.129098359310438402074632433326122454         2250.00000000000000000000000000000000        0.300000011920928955078125000000000000        -1.00000000000000000000000000000000000         4.50000000000000000000000000000000000         50.0000000000000000000000000000000000        0.421372556790565974132296645373966837        0.421476255195012836630422299041709568        0.421476255195012836630422299041709568        0.421476255195012836630422299041709568        0.421476255195012836630422299041709568         0.00000000000000000000000000000000000         2.46036172070671659300145641166831205E-0002   56.2018469635632534104652483101808861         3317.65138484179212109354713705993535      
   9.22197882333444321945314637778022181E-0002   0.00000000000000000000000000000000000         0.00000000000000000000000000000000000         9.99999999999999999999999999999999807E-0002  0.900000000000000000000000000000000019        0.724999999999999999999999999999999981        0.275000000000000000000000000000000019        0.512000024318695068359375000000000000        0.425000011920928955078125000000000000         6.30000010132789611816406250000000000E-0002  0.870056494511586616800702331296776776        0.129943505488413383199297668703223248         0.00000000000000000000000000000000000        0.683022559859958444886526535977552353        0.167811590859605266884724425470909642        0.129098359310438402074632433326122454         2250.00000000000000000000000000000000        0.300000011920928955078125000000000000        -1.00000000000000000000000000000000000         4.50000000000000000000000000000000000         50.0000000000000000000000000000000000        0.427512008175076774261017162056293650        0.427636978766839084091969412988375682        0.427636978766839084091969412988375682        0.427636978766839084091969412988375682        0.427636978766839084091969412988375682         0.00000000000000000000000000000000000         2.92235232141717251582702031761061066E-0002   58.3405008204557564433310377253407939         3350.51316531753621318075514229202386      
   9.65883224115882606340667665118364882E-0002   0.00000000000000000000000000000000000         0.00000000000000000000000000000000000         9.99999999999999999999999999999999807E-0002  0.900000000000000000000000000000000019        0.724999999999999999999999999999999981        0.275000000000000000000000000000000019        0.512000024318695068359375000000000000        0.425000011920928955078125000000000000         6.30000010132789611816406250000000000E-0002  0.870056494511586616800702331296776776        0.129943505488413383199297668703223248         0.00000000000000000000000000000000000        0.683022559859958444886526535977552353        0.167811590859605266884724425470909642        0.129098359310438402074632433326122454         2250.00000000000000000000000000000000        0.300000011920928955078125000000000000        -1.00000000000000000000000000000000000         4.50000000000000000000000000000000000         50.0000000000000000000000000000000000        0.433735466454211251141486410619998323        0.433737721109465300953850676517207920        0.433737721109465300953850676517207920        0.433737721109465300953850676517207920        0.433737721109465300953850676517207920         0.00000000000000000000000000000000000         5.19819961308089659834268074088556285E-0004   60.5643443155568204816005395585000932         3384.27709117600618233750918568085545      
  0.101163797976622046355106172347094973         0.00000000000000000000000000000000000         0.00000000000000000000000000000000000         9.99999999999999999999999999999999807E-0002  0.900000000000000000000000000000000019        0.724999999999999999999999999999999981        0.275000000000000000000000000000000019        0.512000024318695068359375000000000000        0.425000011920928955078125000000000000         6.30000010132789611816406250000000000E-0002  0.870056494511586616800702331296776776        0.129943505488413383199297668703223248         0.00000000000000000000000000000000000        0.683022559859958444886526535977552353        0.167811590859605266884724425470909642        0.129098359310438402074632433326122454         2250.00000000000000000000000000000000        0.300000011920928955078125000000000000        -1.00000000000000000000000000000000000         4.50000000000000000000000000000000000         50.0000000000000000000000000000000000        0.440012615724468502639783464812834886        0.440042004455246350415351288891362832        0.440042004455246350415351288891362832        0.440042004455246350415351288891362832        0.440042004455246350415351288891362832         0.00000000000000000000000000000000000         6.67861942275937921316738743076049558E-0003   62.8862834941517348705913171684749907         3418.78120701754214362663587540684083      
  0.105956017927763003456833559312410793         0.00000000000000000000000000000000000         0.00000000000000000000000000000000000         9.99999999999999999999999999999999807E-0002  0.900000000000000000000000000000000019        0.724999999999999999999999999999999981        0.275000000000000000000000000000000019        0.512000024318695068359375000000000000        0.425000011920928955078125000000000000         6.30000010132789611816406250000000000E-0002  0.870056494511586616800702331296776776        0.129943505488413383199297668703223248         0.00000000000000000000000000000000000        0.683022559859958444886526535977552353        0.167811590859605266884724425470909642        0.129098359310438402074632433326122454         2250.00000000000000000000000000000000        0.300000011920928955078125000000000000        -1.00000000000000000000000000000000000         4.50000000000000000000000000000000000         50.0000000000000000000000000000000000        0.446410594769527549632062650023146078        0.446369401274245199023996895917528153        0.446369401274245199023996895917528153        0.446369401274245199023996895917528153        0.446369401274245199023996895917528153         0.00000000000000000000000000000000000        -9.22856610797156962286631969171686471E-0003   65.3039900764696673087221718841515009         3453.88817694085222689029027690540840      
  0.110975249641208698343586493910800654         0.00000000000000000000000000000000000         0.00000000000000000000000000000000000         9.99999999999999999999999999999999807E-0002  0.900000000000000000000000000000000019        0.724999999999999999999999999999999981        0.275000000000000000000000000000000019        0.512000024318695068359375000000000000        0.425000011920928955078125000000000000         6.30000010132789611816406250000000000E-0002  0.870056494511586616800702331296776776        0.129943505488413383199297668703223248         0.00000000000000000000000000000000000        0.683022559859958444886526535977552353        0.167811590859605266884724425470909642        0.129098359310438402074632433326122454         2250.00000000000000000000000000000000        0.300000011920928955078125000000000000        -1.00000000000000000000000000000000000         4.50000000000000000000000000000000000         50.0000000000000000000000000000000000        0.452841589638001539061573102785001894        0.453018552435859161183332317303960010        0.453018552435859161183332317303960010        0.453018552435859161183332317303960010        0.453018552435859161183332317303960010         0.00000000000000000000000000000000000         3.90630354774879733831050535308902754E-0002   67.8321924527038297248854006539054533         3489.73750563964832713825966907949616      
  0.116232246867986863621532357708454707         0.00000000000000000000000000000000000         0.00000000000000000000000000000000000         9.99999999999999999999999999999999807E-0002  0.900000000000000000000000000000000019        0.724999999999999999999999999999999981        0.275000000000000000000000000000000019        0.512000024318695068359375000000000000        0.425000011920928955078125000000000000         6.30000010132789611816406250000000000E-0002  0.870056494511586616800702331296776776        0.129943505488413383199297668703223248         0.00000000000000000000000000000000000        0.683022559859958444886526535977552353        0.167811590859605266884724425470909642        0.129098359310438402074632433326122454         2250.00000000000000000000000000000000        0.300000011920928955078125000000000000        -1.00000000000000000000000000000000000         4.50000000000000000000000000000000000         50.0000000000000000000000000000000000        0.459372079602566486263708192624305189        0.459387405779472320750837569939799479        0.459387405779472320750837569939799479        0.459387405779472320750837569939799479        0.459387405779472320750837569939799479         0.00000000000000000000000000000000000         3.33622052172492008206502305375990023E-0003   70.4551730121684310323289540642520319         3526.79256174742680748111217017656494      
  0.121738272773967847946541636711935559         0.00000000000000000000000000000000000         0.00000000000000000000000000000000000         9.99999999999999999999999999999999807E-0002  0.900000000000000000000000000000000019        0.724999999999999999999999999999999981        0.275000000000000000000000000000000019        0.512000024318695068359375000000000000        0.425000011920928955078125000000000000         6.30000010132789611816406250000000000E-0002  0.870056494511586616800702331296776776        0.129943505488413383199297668703223248         0.00000000000000000000000000000000000        0.683022559859958444886526535977552353        0.167811590859605266884724425470909642        0.129098359310438402074632433326122454         2250.00000000000000000000000000000000        0.300000011920928955078125000000000000        -1.00000000000000000000000000000000000         4.50000000000000000000000000000000000         50.0000000000000000000000000000000000        0.466028412052210964264862189616836759        0.466240187048968673951311609491373153        0.466240187048968673951311609491373153        0.466240187048968673951311609491373153        0.466240187048968673951311609491373153         0.00000000000000000000000000000000000         4.54218668060604566870082121739678200E-0002   73.2038392577631548911198401789989217         3563.78046784302959082014389957290145      
  0.127505124071303144618257819009567858         0.00000000000000000000000000000000000         0.00000000000000000000000000000000000         9.99999999999999999999999999999999807E-0002  0.900000000000000000000000000000000019        0.724999999999999999999999999999999981        0.275000000000000000000000000000000019        0.512000024318695068359375000000000000        0.425000011920928955078125000000000000         6.30000010132789611816406250000000000E-0002  0.870056494511586616800702331296776776        0.129943505488413383199297668703223248         0.00000000000000000000000000000000000        0.683022559859958444886526535977552353        0.167811590859605266884724425470909642        0.129098359310438402074632433326122454         2250.00000000000000000000000000000000        0.300000011920928955078125000000000000        -1.00000000000000000000000000000000000         4.50000000000000000000000000000000000         50.0000000000000000000000000000000000        0.472700293123084741979930596854475794        0.472731116120310975774319557905047324        0.472731116120310975774319557905047324        0.472731116120310975774319557905047324        0.472731116120310975774319557905047324         0.00000000000000000000000000000000000         6.52019640238559682093125848293125398E-0003   76.0547675336579245344861535497695119         3602.72898388171718451468082844323827      
  0.133545156292991832326932402316673282         0.00000000000000000000000000000000000         0.00000000000000000000000000000000000         9.99999999999999999999999999999999807E-0002  0.900000000000000000000000000000000019        0.724999999999999999999999999999999981        0.275000000000000000000000000000000019        0.512000024318695068359375000000000000        0.425000011920928955078125000000000000         6.30000010132789611816406250000000000E-0002  0.870056494511586616800702331296776776        0.129943505488413383199297668703223248         0.00000000000000000000000000000000000        0.683022559859958444886526535977552353        0.167811590859605266884724425470909642        0.129098359310438402074632433326122454         2250.00000000000000000000000000000000        0.300000011920928955078125000000000000        -1.00000000000000000000000000000000000         4.50000000000000000000000000000000000         50.0000000000000000000000000000000000        0.479498634565384284318106130880790608        0.479527398928826922348935998194257395        0.479527398928826922348935998194257395        0.479527398928826922348935998194257395        0.479527398928826922348935998194257395         0.00000000000000000000000000000000000         5.99848173574485050301242279487722606E-0003   79.0361701244023562327357778262492202         3641.85565198934193868108110155439885      
  0.139871310264725923734212542400487802         0.00000000000000000000000000000000000         0.00000000000000000000000000000000000         9.99999999999999999999999999999999807E-0002  0.900000000000000000000000000000000019        0.724999999999999999999999999999999981        0.275000000000000000000000000000000019        0.512000024318695068359375000000000000        0.425000011920928955078125000000000000         6.30000010132789611816406250000000000E-0002  0.870056494511586616800702331296776776        0.129943505488413383199297668703223248         0.00000000000000000000000000000000000        0.683022559859958444886526535977552353        0.167811590859605266884724425470909642        0.129098359310438402074632433326122454         2250.00000000000000000000000000000000        0.300000011920928955078125000000000000        -1.00000000000000000000000000000000000         4.50000000000000000000000000000000000         50.0000000000000000000000000000000000        0.486401113595921494064423169101843116        0.486431175286293818155581718019732674        0.486431175286293818155581718019732674        0.486431175286293818155581718019732674        0.486431175286293818155581718019732674         0.00000000000000000000000000000000000         6.18005010773229938257842471463570767E-0003   82.1458982776307878323685404311462818         3681.68979048438583446330314113202160      
  0.146497139830730798859885014704254904         0.00000000000000000000000000000000000         0.00000000000000000000000000000000000         9.99999999999999999999999999999999807E-0002  0.900000000000000000000000000000000019        0.724999999999999999999999999999999981        0.275000000000000000000000000000000019        0.512000024318695068359375000000000000        0.425000011920928955078125000000000000         6.30000010132789611816406250000000000E-0002  0.870056494511586616800702331296776776        0.129943505488413383199297668703223248         0.00000000000000000000000000000000000        0.683022559859958444886526535977552353        0.167811590859605266884724425470909642        0.129098359310438402074632433326122454         2250.00000000000000000000000000000000        0.300000011920928955078125000000000000        -1.00000000000000000000000000000000000         4.50000000000000000000000000000000000         50.0000000000000000000000000000000000        0.493342703257497349943937687814520934        0.493370661327520863599561569385082614        0.493370661327520863599561569385082614        0.493370661327520863599561569385082614        0.493370661327520863599561569385082614         0.00000000000000000000000000000000000         5.66674758249434597078499788889255948E-0003   85.3922205114110825617761660640340240         3722.69839733472080727771813403352633      
  0.153436840893003596478571043987610540         0.00000000000000000000000000000000000         0.00000000000000000000000000000000000         9.99999999999999999999999999999999807E-0002  0.900000000000000000000000000000000019        0.724999999999999999999999999999999981        0.275000000000000000000000000000000019        0.512000024318695068359375000000000000        0.425000011920928955078125000000000000         6.30000010132789611816406250000000000E-0002  0.870056494511586616800702331296776776        0.129943505488413383199297668703223248         0.00000000000000000000000000000000000        0.683022559859958444886526535977552353        0.167811590859605266884724425470909642        0.129098359310438402074632433326122454         2250.00000000000000000000000000000000        0.300000011920928955078125000000000000        -1.00000000000000000000000000000000000         4.50000000000000000000000000000000000         50.0000000000000000000000000000000000        0.500412178390114340346385373518555573        0.500415660161402123919236503185295597        0.500415660161402123919236503185295597        0.500415660161402123919236503185295597        0.500415660161402123919236503185295597         0.00000000000000000000000000000000000         6.95775844956685779907959298001452480E-0004   88.7781729542327918390434752308623149         3764.27688183484920250982343712360592      
  0.160705281826166404175411117660175785         0.00000000000000000000000000000000000         0.00000000000000000000000000000000000         9.99999999999999999999999999999999807E-0002  0.900000000000000000000000000000000019        0.724999999999999999999999999999999981        0.275000000000000000000000000000000019        0.512000024318695068359375000000000000        0.425000011920928955078125000000000000         6.30000010132789611816406250000000000E-0002  0.870056494511586616800702331296776776        0.129943505488413383199297668703223248         0.00000000000000000000000000000000000        0.683022559859958444886526535977552353        0.167811590859605266884724425470909642        0.129098359310438402074632433326122454         2250.00000000000000000000000000000000        0.300000011920928955078125000000000000        -1.00000000000000000000000000000000000         4.50000000000000000000000000000000000         50.0000000000000000000000000000000000        0.507511378059065776599664258541061905        0.507506384766011202318401098082176689        0.507506384766011202318401098082176689        0.507506384766011202318401098082176689        0.507506384766011202318401098082176689         0.00000000000000000000000000000000000        -9.83887731161543580548669709381923226E-0004   92.3154656648745414599742095833101551         3807.09209362655378422004916544219556      
  0.168318035333098355319523878900328206         0.00000000000000000000000000000000000         0.00000000000000000000000000000000000         9.99999999999999999999999999999999807E-0002  0.900000000000000000000000000000000019        0.724999999999999999999999999999999981        0.275000000000000000000000000000000019        0.512000024318695068359375000000000000        0.425000011920928955078125000000000000         6.30000010132789611816406250000000000E-0002  0.870056494511586616800702331296776776        0.129943505488413383199297668703223248         0.00000000000000000000000000000000000        0.683022559859958444886526535977552353        0.167811590859605266884724425470909642        0.129098359310438402074632433326122454         2250.00000000000000000000000000000000        0.300000011920928955078125000000000000        -1.00000000000000000000000000000000000         4.50000000000000000000000000000000000         50.0000000000000000000000000000000000        0.514769319934791674501625216383157157        0.514706615111055922067874968319230124        0.514706615111055922067874968319230124        0.514706615111055922067874968319230124        0.514706615111055922067874968319230124         0.00000000000000000000000000000000000        -1.21826341249223884738026758351048523E-0002   96.0057587773140975564634961504167148         3850.28803871159900490778473224989530      
  0.176291411809597623536968597048402244         0.00000000000000000000000000000000000         0.00000000000000000000000000000000000         9.99999999999999999999999999999999807E-0002  0.900000000000000000000000000000000019        0.724999999999999999999999999999999981        0.275000000000000000000000000000000019        0.512000024318695068359375000000000000        0.425000011920928955078125000000000000         6.30000010132789611816406250000000000E-0002  0.870056494511586616800702331296776776        0.129943505488413383199297668703223248         0.00000000000000000000000000000000000        0.683022559859958444886526535977552353        0.167811590859605266884724425470909642        0.129098359310438402074632433326122454         2250.00000000000000000000000000000000        0.300000011920928955078125000000000000        -1.00000000000000000000000000000000000         4.50000000000000000000000000000000000         50.0000000000000000000000000000000000        0.522069198109601541530535842737257036        0.522035936721840864770567910057744046        0.522035936721840864770567910057744046        0.522035936721840864770567910057744046        0.522035936721840864770567910057744046         0.00000000000000000000000000000000000        -6.37147472443062841529447364625422237E-0003   99.8609210053090300802151647994934758         3894.66697883330213777768964155629935      
  0.184642494289557415975419190134436407         0.00000000000000000000000000000000000         0.00000000000000000000000000000000000         9.99999999999999999999999999999999807E-0002  0.900000000000000000000000000000000019        0.724999999999999999999999999999999981        0.275000000000000000000000000000000019        0.512000024318695068359375000000000000        0.425000011920928955078125000000000000         6.30000010132789611816406250000000000E-0002  0.870056494511586616800702331296776776        0.129943505488413383199297668703223248         0.00000000000000000000000000000000000        0.683022559859958444886526535977552353        0.167811590859605266884724425470909642        0.129098359310438402074632433326122454         2250.00000000000000000000000000000000        0.300000011920928955078125000000000000        -1.00000000000000000000000000000000000         4.50000000000000000000000000000000000         50.0000000000000000000000000000000000        0.529458027458344593419948371001123334        0.529449588356534983876303463764000218        0.529449588356534983876303463764000218        0.529449588356534983876303463764000218        0.529449588356534983876303463764000218         0.00000000000000000000000000000000000        -1.59393868560845770441414699672221358E-0003   103.572798828688942394377386111341696         3937.50393719428414647586793089035755      
  0.193389175045526332720793931968250954         0.00000000000000000000000000000000000         0.00000000000000000000000000000000000         9.99999999999999999999999999999999807E-0002  0.900000000000000000000000000000000019        0.724999999999999999999999999999999981        0.275000000000000000000000000000000019        0.512000024318695068359375000000000000        0.425000011920928955078125000000000000         6.30000010132789611816406250000000000E-0002  0.870056494511586616800702331296776776        0.129943505488413383199297668703223248         0.00000000000000000000000000000000000        0.683022559859958444886526535977552353        0.167811590859605266884724425470909642        0.129098359310438402074632433326122454         2250.00000000000000000000000000000000        0.300000011920928955078125000000000000        -1.00000000000000000000000000000000000         4.50000000000000000000000000000000000         50.0000000000000000000000000000000000        0.537026392858977405479592474461343995        0.536993898951765310856929773429980849        0.536993898951765310856929773429980849        0.536993898951765310856929773429980849        0.536993898951765310856929773429980849         0.00000000000000000000000000000000000        -6.05107567805222684770603919342169146E-0003   107.475624249657509678998378303135093         3978.32824177569372114260900250316840      
  0.202550193923070136258493621901443151         0.00000000000000000000000000000000000         0.00000000000000000000000000000000000         9.99999999999999999999999999999999807E-0002  0.900000000000000000000000000000000019        0.724999999999999999999999999999999981        0.275000000000000000000000000000000019        0.512000024318695068359375000000000000        0.425000011920928955078125000000000000         6.30000010132789611816406250000000000E-0002  0.870056494511586616800702331296776776        0.129943505488413383199297668703223248         0.00000000000000000000000000000000000        0.683022559859958444886526535977552353        0.167811590859605266884724425470909642        0.129098359310438402074632433326122454         2250.00000000000000000000000000000000        0.300000011920928955078125000000000000        -1.00000000000000000000000000000000000         4.50000000000000000000000000000000000         50.0000000000000000000000000000000000        0.544631291689111621922576884038787139        0.544655312244953281068383324960781127        0.544655312244953281068383324960781127        0.544655312244953281068383324960781127        0.544655312244953281068383324960781127         0.00000000000000000000000000000000000         4.41023070952003144711570594476004163E-0003   111.589084416145266600528937151534149         4017.65478579386582230372283173839666      
  0.212145178491066660656421546258877797         0.00000000000000000000000000000000000         0.00000000000000000000000000000000000         9.99999999999999999999999999999999807E-0002  0.900000000000000000000000000000000019        0.724999999999999999999999999999999981        0.275000000000000000000000000000000019        0.512000024318695068359375000000000000        0.425000011920928955078125000000000000         6.30000010132789611816406250000000000E-0002  0.870056494511586616800702331296776776        0.129943505488413383199297668703223248         0.00000000000000000000000000000000000        0.683022559859958444886526535977552353        0.167811590859605266884724425470909642        0.129098359310438402074632433326122454         2250.00000000000000000000000000000000        0.300000011920928955078125000000000000        -1.00000000000000000000000000000000000         4.50000000000000000000000000000000000         50.0000000000000000000000000000000000        0.552356709433766718093727977767794718        0.552380126154690653023172824747550194        0.552380126154690653023172824747550194        0.552380126154690653023172824747550194        0.552380126154690653023172824747550194         0.00000000000000000000000000000000000         4.23924030123003030338074239865874999E-0003   115.905122063912629891963103739983942         4057.56284977175690959962787602185845      
  0.222194686093956243932729053068759355         0.00000000000000000000000000000000000         0.00000000000000000000000000000000000         9.99999999999999999999999999999999807E-0002  0.900000000000000000000000000000000019        0.724999999999999999999999999999999981        0.275000000000000000000000000000000019        0.512000024318695068359375000000000000        0.425000011920928955078125000000000000         6.30000010132789611816406250000000000E-0002  0.870056494511586616800702331296776776        0.129943505488413383199297668703223248         0.00000000000000000000000000000000000        0.683022559859958444886526535977552353        0.167811590859605266884724425470909642        0.129098359310438402074632433326122454         2250.00000000000000000000000000000000        0.300000011920928955078125000000000000        -1.00000000000000000000000000000000000         4.50000000000000000000000000000000000         50.0000000000000000000000000000000000        0.560163716723358537902353985976634238        0.560128256732351406355436734695986098        0.560128256732351406355436734695986098        0.560128256732351406355436734695986098        0.560128256732351406355436734695986098         0.00000000000000000000000000000000000        -6.33069133380206405836632328348848788E-0003   120.431753534576317363313317457369170         4098.70483312412720986461889202588203      
  0.232720247896045024620482335420595173         0.00000000000000000000000000000000000         0.00000000000000000000000000000000000         9.99999999999999999999999999999999807E-0002  0.900000000000000000000000000000000019        0.724999999999999999999999999999999981        0.275000000000000000000000000000000019        0.512000024318695068359375000000000000        0.425000011920928955078125000000000000         6.30000010132789611816406250000000000E-0002  0.870056494511586616800702331296776776        0.129943505488413383199297668703223248         0.00000000000000000000000000000000000        0.683022559859958444886526535977552353        0.167811590859605266884724425470909642        0.129098359310438402074632433326122454         2250.00000000000000000000000000000000        0.300000011920928955078125000000000000        -1.00000000000000000000000000000000000         4.50000000000000000000000000000000000         50.0000000000000000000000000000000000        0.568062377649669180749607981772153135        0.568155039754094054826741934945942386        0.568155039754094054826741934945942386        0.568155039754094054826741934945942386        0.568155039754094054826741934945942386         0.00000000000000000000000000000000000         1.63092990365762861279870300495500590E-0002   125.181499026342522876265642547843441         4140.55897585466255872540546467554128      
  0.243744415012226435488952487885240485         0.00000000000000000000000000000000000         0.00000000000000000000000000000000000         9.99999999999999999999999999999999807E-0002  0.900000000000000000000000000000000019        0.724999999999999999999999999999999981        0.275000000000000000000000000000000019        0.512000024318695068359375000000000000        0.425000011920928955078125000000000000         6.30000010132789611816406250000000000E-0002  0.870056494511586616800702331296776776        0.129943505488413383199297668703223248         0.00000000000000000000000000000000000        0.683022559859958444886526535977552353        0.167811590859605266884724425470909642        0.129098359310438402074632433326122454         2250.00000000000000000000000000000000        0.300000011920928955078125000000000000        -1.00000000000000000000000000000000000         4.50000000000000000000000000000000000         50.0000000000000000000000000000000000        0.576092977647888506700172897023792386        0.576293744937497698879737613072049696        0.576293744937497698879737613072049696        0.576293744937497698879737613072049696        0.576293744937497698879737613072049696         0.00000000000000000000000000000000000         3.48376659252073822915708047122822995E-0002   130.153336710541169101032843110538098         4183.33412405343596508113407060392113      
  0.255290806823956397939774451911334331         0.00000000000000000000000000000000000         0.00000000000000000000000000000000000         9.99999999999999999999999999999999807E-0002  0.900000000000000000000000000000000019        0.724999999999999999999999999999999981        0.275000000000000000000000000000000019        0.512000024318695068359375000000000000        0.425000011920928955078125000000000000         6.30000010132789611816406250000000000E-0002  0.870056494511586616800702331296776776        0.129943505488413383199297668703223248         0.00000000000000000000000000000000000        0.683022559859958444886526535977552353        0.167811590859605266884724425470909642        0.129098359310438402074632433326122454         2250.00000000000000000000000000000000        0.300000011920928955078125000000000000        -1.00000000000000000000000000000000000         4.50000000000000000000000000000000000         50.0000000000000000000000000000000000        0.584153592011292683878769073941100005        0.584157239604836049817265093917168453        0.584157239604836049817265093917168453        0.584157239604836049817265093917168453        0.584157239604836049817265093917168453         0.00000000000000000000000000000000000         6.24419813034144795488514436614748872E-0004   135.372187637624406135395638288442441         4227.93115668141327292512704948312767      
  0.267384161583999647148154120888094587         0.00000000000000000000000000000000000         0.00000000000000000000000000000000000         9.99999999999999999999999999999999807E-0002  0.900000000000000000000000000000000019        0.724999999999999999999999999999999981        0.275000000000000000000000000000000019        0.512000024318695068359375000000000000        0.425000011920928955078125000000000000         6.30000010132789611816406250000000000E-0002  0.870056494511586616800702331296776776        0.129943505488413383199297668703223248         0.00000000000000000000000000000000000        0.683022559859958444886526535977552353        0.167811590859605266884724425470909642        0.129098359310438402074632433326122454         2250.00000000000000000000000000000000        0.300000011920928955078125000000000000        -1.00000000000000000000000000000000000         4.50000000000000000000000000000000000         50.0000000000000000000000000000000000        0.592343769739573915515199217480456385        0.592585356876229790484728398471270585        0.592585356876229790484728398471270585        0.592585356876229790484728398471270585        0.592585356876229790484728398471270585         0.00000000000000000000000000000000000         4.07683271030158130283423321043367848E-0002   140.854912738572222091344388554094332         4271.93578749444834663010580609572489      
  0.280050389418368331636181818145177102         0.00000000000000000000000000000000000         0.00000000000000000000000000000000000         9.99999999999999999999999999999999807E-0002  0.900000000000000000000000000000000019        0.724999999999999999999999999999999981        0.275000000000000000000000000000000019        0.512000024318695068359375000000000000        0.425000011920928955078125000000000000         6.30000010132789611816406250000000000E-0002  0.870056494511586616800702331296776776        0.129943505488413383199297668703223248         0.00000000000000000000000000000000000        0.683022559859958444886526535977552353        0.167811590859605266884724425470909642        0.129098359310438402074632433326122454         2250.00000000000000000000000000000000        0.300000011920928955078125000000000000        -1.00000000000000000000000000000000000         4.50000000000000000000000000000000000         50.0000000000000000000000000000000000        0.600674149738575914128187001890219110        0.600632498399114231425113963977109329        0.600632498399114231425113963977109329        0.600632498399114231425113963977109329        0.600632498399114231425113963977109329         0.00000000000000000000000000000000000        -6.93457972598842104229555899912014959E-0003   146.574439390028261898096397069054681         4318.04154956026294262070382574483050      
  0.293316627839010037899556840640473318         0.00000000000000000000000000000000000         0.00000000000000000000000000000000000         9.99999999999999999999999999999999807E-0002  0.900000000000000000000000000000000019        0.724999999999999999999999999999999981        0.275000000000000000000000000000000019        0.512000024318695068359375000000000000        0.425000011920928955078125000000000000         6.30000010132789611816406250000000000E-0002  0.870056494511586616800702331296776776        0.129943505488413383199297668703223248         0.00000000000000000000000000000000000        0.683022559859958444886526535977552353        0.167811590859605266884724425470909642        0.129098359310438402074632433326122454         2250.00000000000000000000000000000000        0.300000011920928955078125000000000000        -1.00000000000000000000000000000000000         4.50000000000000000000000000000000000         50.0000000000000000000000000000000000        0.609069085928427940675870963685356560        0.609087019322945509941489134003327757        0.609087019322945509941489134003327757        0.609087019322945509941489134003327757        0.609087019322945509941489134003327757         0.00000000000000000000000000000000000         2.94430745503390163257867813145958891E-0003   152.584915043857567713237497428661371         4364.66993481239786924829813468909935      
  0.307211299886181694903675457144820827         0.00000000000000000000000000000000000         0.00000000000000000000000000000000000         9.99999999999999999999999999999999807E-0002  0.900000000000000000000000000000000019        0.724999999999999999999999999999999981        0.275000000000000000000000000000000019        0.512000024318695068359375000000000000        0.425000011920928955078125000000000000         6.30000010132789611816406250000000000E-0002  0.870056494511586616800702331296776776        0.129943505488413383199297668703223248         0.00000000000000000000000000000000000        0.683022559859958444886526535977552353        0.167811590859605266884724425470909642        0.129098359310438402074632433326122454         2250.00000000000000000000000000000000        0.300000011920928955078125000000000000        -1.00000000000000000000000000000000000         4.50000000000000000000000000000000000         50.0000000000000000000000000000000000        0.617563676805482513121054288149906652        0.617755029431370857742163572182583231        0.617755029431370857742163572182583231        0.617755029431370857742163572182583231        0.617755029431370857742163572182583231         0.00000000000000000000000000000000000         3.09754865232712495172646440596279524E-0002   158.897956824830249519059931329587466         4411.52112615167499534973623366999289      
  0.321764175025079939929779942085648449         0.00000000000000000000000000000000000         0.00000000000000000000000000000000000         9.99999999999999999999999999999999807E-0002  0.900000000000000000000000000000000019        0.724999999999999999999999999999999981        0.275000000000000000000000000000000019        0.512000024318695068359375000000000000        0.425000011920928955078125000000000000         6.30000010132789611816406250000000000E-0002  0.870056494511586616800702331296776776        0.129943505488413383199297668703223248         0.00000000000000000000000000000000000        0.683022559859958444886526535977552353        0.167811590859605266884724425470909642        0.129098359310438402074632433326122454         2250.00000000000000000000000000000000        0.300000011920928955078125000000000000        -1.00000000000000000000000000000000000         4.50000000000000000000000000000000000         50.0000000000000000000000000000000000        0.626140187076068170008662173365826190        0.626165525702326729298219263439492134        0.626165525702326729298219263439492134        0.626165525702326729298219263439492134        0.626165525702326729298219263439492134         0.00000000000000000000000000000000000         4.04663387211212214795937883105123074E-0003   165.494982867493344715437078031086337         4460.94413113198881915684655241109930      
  0.337006432927199547555937678304493054         0.00000000000000000000000000000000000         0.00000000000000000000000000000000000         9.99999999999999999999999999999999807E-0002  0.900000000000000000000000000000000019        0.724999999999999999999999999999999981        0.275000000000000000000000000000000019        0.512000024318695068359375000000000000        0.425000011920928955078125000000000000         6.30000010132789611816406250000000000E-0002  0.870056494511586616800702331296776776        0.129943505488413383199297668703223248         0.00000000000000000000000000000000000        0.683022559859958444886526535977552353        0.167811590859605266884724425470909642        0.129098359310438402074632433326122454         2250.00000000000000000000000000000000        0.300000011920928955078125000000000000        -1.00000000000000000000000000000000000         4.50000000000000000000000000000000000         50.0000000000000000000000000000000000        0.634840836180735714818247930586956706        0.634990225708375521252273705092352005        0.634990225708375521252273705092352005        0.634990225708375521252273705092352005        0.634990225708375521252273705092352005         0.00000000000000000000000000000000000         2.35262719946833956620683902720767824E-0002   172.430896118297234436429815662958597         4509.64724381445359992303958970293876      
  0.352970730273072080492371624264509206         0.00000000000000000000000000000000000         0.00000000000000000000000000000000000         9.99999999999999999999999999999999807E-0002  0.900000000000000000000000000000000019        0.724999999999999999999999999999999981        0.275000000000000000000000000000000019        0.512000024318695068359375000000000000        0.425000011920928955078125000000000000         6.30000010132789611816406250000000000E-0002  0.870056494511586616800702331296776776        0.129943505488413383199297668703223248         0.00000000000000000000000000000000000        0.683022559859958444886526535977552353        0.167811590859605266884724425470909642        0.129098359310438402074632433326122454         2250.00000000000000000000000000000000        0.300000011920928955078125000000000000        -1.00000000000000000000000000000000000         4.50000000000000000000000000000000000         50.0000000000000000000000000000000000        0.643610894214291261101029643109103434        0.643676059383224441797413980527874304        0.643676059383224441797413980527874304        0.643676059383224441797413980527874304        0.643676059383224441797413980527874304         0.00000000000000000000000000000000000         1.01239075126737637962711503345158299E-0002   179.691302971654069059570671453776841         4560.66385638170643517896899016888540      
  0.369691270719510256457304422777255813         0.00000000000000000000000000000000000         0.00000000000000000000000000000000000         9.99999999999999999999999999999999807E-0002  0.900000000000000000000000000000000019        0.724999999999999999999999999999999981        0.275000000000000000000000000000000019        0.512000024318695068359375000000000000        0.425000011920928955078125000000000000         6.30000010132789611816406250000000000E-0002  0.870056494511586616800702331296776776        0.129943505488413383199297668703223248         0.00000000000000000000000000000000000        0.683022559859958444886526535977552353        0.167811590859605266884724425470909642        0.129098359310438402074632433326122454         2250.00000000000000000000000000000000        0.300000011920928955078125000000000000        -1.00000000000000000000000000000000000         4.50000000000000000000000000000000000         50.0000000000000000000000000000000000        0.652487898558724547724993101288651205        0.652504344886573868540536955728048888        0.652504344886573868540536955728048888        0.652504344886573868540536955728048888        0.652504344886573868540536955728048888         0.00000000000000000000000000000000000         2.52049323168563935160509331624347667E-0003   187.309670910850447020946160645515418         4612.21775226420210009928899811893054      
  0.387203878181263508459966947142191053         0.00000000000000000000000000000000000         0.00000000000000000000000000000000000         9.99999999999999999999999999999999807E-0002  0.900000000000000000000000000000000019        0.724999999999999999999999999999999981        0.275000000000000000000000000000000019        0.512000024318695068359375000000000000        0.425000011920928955078125000000000000         6.30000010132789611816406250000000000E-0002  0.870056494511586616800702331296776776        0.129943505488413383199297668703223248         0.00000000000000000000000000000000000        0.683022559859958444886526535977552353        0.167811590859605266884724425470909642        0.129098359310438402074632433326122454         2250.00000000000000000000000000000000        0.300000011920928955078125000000000000        -1.00000000000000000000000000000000000         4.50000000000000000000000000000000000         50.0000000000000000000000000000000000        0.661457870431616657128068666466374105        0.661769018183538757773591107077730750        0.661769018183538757773591107077730750        0.661769018183538757773591107077730750        0.661769018183538757773591107077730750         0.00000000000000000000000000000000000         4.70175761289273851076773714420892127E-0002   195.333698969451263873436336857086112         4663.13347293905894970339638975425656      
  0.405546073584091372929320306957881816         0.00000000000000000000000000000000000         0.00000000000000000000000000000000000         9.99999999999999999999999999999999807E-0002  0.900000000000000000000000000000000019        0.724999999999999999999999999999999981        0.275000000000000000000000000000000019        0.512000024318695068359375000000000000        0.425000011920928955078125000000000000         6.30000010132789611816406250000000000E-0002  0.870056494511586616800702331296776776        0.129943505488413383199297668703223248         0.00000000000000000000000000000000000        0.683022559859958444886526535977552353        0.167811590859605266884724425470909642        0.129098359310438402074632433326122454         2250.00000000000000000000000000000000        0.300000011920928955078125000000000000        -1.00000000000000000000000000000000000         4.50000000000000000000000000000000000         50.0000000000000000000000000000000000        0.670566798322477775883578879053358242        0.670629003845739024543821897213671841        0.670629003845739024543821897213671841        0.670629003845739024543821897213671841        0.670629003845739024543821897213671841         0.00000000000000000000000000000000000         9.27569832269846816168797379341390682E-0003   203.691929241205491153041783922348367         4717.02285694718395956039637466056193      
  0.424757155253698885385985478437553801         0.00000000000000000000000000000000000         0.00000000000000000000000000000000000         9.99999999999999999999999999999999807E-0002  0.900000000000000000000000000000000019        0.724999999999999999999999999999999981        0.275000000000000000000000000000000019        0.512000024318695068359375000000000000        0.425000011920928955078125000000000000         6.30000010132789611816406250000000000E-0002  0.870056494511586616800702331296776776        0.129943505488413383199297668703223248         0.00000000000000000000000000000000000        0.683022559859958444886526535977552353        0.167811590859605266884724425470909642        0.129098359310438402074632433326122454         2250.00000000000000000000000000000000        0.300000011920928955078125000000000000        -1.00000000000000000000000000000000000         4.50000000000000000000000000000000000         50.0000000000000000000000000000000000        0.679711264737934536513831223249277017        0.680006812086672005110232626870334519        0.680006812086672005110232626870334519        0.680006812086672005110232626870334519        0.680006812086672005110232626870334519         0.00000000000000000000000000000000000         4.34624100059454778197163560140357154E-0002   212.517834615783204937375692621637440         4770.64136806261920975860736251409176      
  0.444878283112768031811350146623921564         0.00000000000000000000000000000000000         0.00000000000000000000000000000000000         9.99999999999999999999999999999999807E-0002  0.900000000000000000000000000000000019        0.724999999999999999999999999999999981        0.275000000000000000000000000000000019        0.512000024318695068359375000000000000        0.425000011920928955078125000000000000         6.30000010132789611816406250000000000E-0002  0.870056494511586616800702331296776776        0.129943505488413383199297668703223248         0.00000000000000000000000000000000000        0.683022559859958444886526535977552353        0.167811590859605266884724425470909642        0.129098359310438402074632433326122454         2250.00000000000000000000000000000000        0.300000011920928955078125000000000000        -1.00000000000000000000000000000000000         4.50000000000000000000000000000000000         50.0000000000000000000000000000000000        0.688999921967725558844252113574643333        0.689043606329407102456893993175624405        0.689043606329407102456893993175624405        0.689043606329407102456893993175624405        0.689043606329407102456893993175624405         0.00000000000000000000000000000000000         6.33985444176078485013772955804695996E-0003   221.724029081572005189947384964472864         4826.59049437866399749687327021561320      
  0.465952566866478185388067003418371743         0.00000000000000000000000000000000000         0.00000000000000000000000000000000000         9.99999999999999999999999999999999807E-0002  0.900000000000000000000000000000000019        0.724999999999999999999999999999999981        0.275000000000000000000000000000000019        0.512000024318695068359375000000000000        0.425000011920928955078125000000000000         6.30000010132789611816406250000000000E-0002  0.870056494511586616800702331296776776        0.129943505488413383199297668703223248         0.00000000000000000000000000000000000        0.683022559859958444886526535977552353        0.167811590859605266884724425470909642        0.129098359310438402074632433326122454         2250.00000000000000000000000000000000        0.300000011920928955078125000000000000        -1.00000000000000000000000000000000000         4.50000000000000000000000000000000000         50.0000000000000000000000000000000000        0.698362168615662692732554283730503889        0.698171033519614181796615391469476818        0.698171033519614181796615391469476818        0.698171033519614181796615391469476818        0.698171033519614181796615391469476818         0.00000000000000000000000000000000000        -2.73765434072740359465744300341038930E-0002   231.430541395688203188935123858600117         4882.50493281240158293494062419228634      
  0.488025158365453833350361152141345848         0.00000000000000000000000000000000000         0.00000000000000000000000000000000000         9.99999999999999999999999999999999807E-0002  0.900000000000000000000000000000000019        0.724999999999999999999999999999999981        0.275000000000000000000000000000000019        0.512000024318695068359375000000000000        0.425000011920928955078125000000000000         6.30000010132789611816406250000000000E-0002  0.870056494511586616800702331296776776        0.129943505488413383199297668703223248         0.00000000000000000000000000000000000        0.683022559859958444886526535977552353        0.167811590859605266884724425470909642        0.129098359310438402074632433326122454         2250.00000000000000000000000000000000        0.300000011920928955078125000000000000        -1.00000000000000000000000000000000000         4.50000000000000000000000000000000000         50.0000000000000000000000000000000000        0.707827210570481092139640390329035196        0.707863674900705254159015016562887423        0.707863674900705254159015016562887423        0.707863674900705254159015016562887423        0.707863674900705254159015016562887423         0.00000000000000000000000000000000000         5.15132101237953910847618389302378391E-0003   241.615534041134044317767309018893325         4939.22673321589898814824513832655992      
  0.511143348344028075836959282509472174         0.00000000000000000000000000000000000         0.00000000000000000000000000000000000         9.99999999999999999999999999999999807E-0002  0.900000000000000000000000000000000019        0.724999999999999999999999999999999981        0.275000000000000000000000000000000019        0.512000024318695068359375000000000000        0.425000011920928955078125000000000000         6.30000010132789611816406250000000000E-0002  0.870056494511586616800702331296776776        0.129943505488413383199297668703223248         0.00000000000000000000000000000000000        0.683022559859958444886526535977552353        0.167811590859605266884724425470909642        0.129098359310438402074632433326122454         2250.00000000000000000000000000000000        0.300000011920928955078125000000000000        -1.00000000000000000000000000000000000         4.50000000000000000000000000000000000         50.0000000000000000000000000000000000        0.717399933120584311202859593781030582        0.717478162729082434772879997654693118        0.717478162729082434772879997654693118        0.717478162729082434772879997654693118        0.717478162729082434772879997654693118         0.00000000000000000000000000000000000         1.09034131715675410056302661766653562E-0002   252.278433080287133750347760053097741         4997.41245174632693872901165047003287      
  0.535356667741084533722548138030577650         0.00000000000000000000000000000000000         0.00000000000000000000000000000000000         9.99999999999999999999999999999999807E-0002  0.900000000000000000000000000000000019        0.724999999999999999999999999999999981        0.275000000000000000000000000000000019        0.512000024318695068359375000000000000        0.425000011920928955078125000000000000         6.30000010132789611816406250000000000E-0002  0.870056494511586616800702331296776776        0.129943505488413383199297668703223248         0.00000000000000000000000000000000000        0.683022559859958444886526535977552353        0.167811590859605266884724425470909642        0.129098359310438402074632433326122454         2250.00000000000000000000000000000000        0.300000011920928955078125000000000000        -1.00000000000000000000000000000000000         4.50000000000000000000000000000000000         50.0000000000000000000000000000000000        0.727073080551114391907576029487499279        0.727080181241563736979195238266004968        0.727080181241563736979195238266004968        0.727080181241563736979195238266004968        0.727080181241563736979195238266004968         0.00000000000000000000000000000000000         9.76603493334107497181461829692413158E-0004   263.499532238226278293350509389292963         5056.43363414160778686401298429350847      
  0.560716993820558519630662000117957924         0.00000000000000000000000000000000000         0.00000000000000000000000000000000000         9.99999999999999999999999999999999807E-0002  0.900000000000000000000000000000000019        0.724999999999999999999999999999999981        0.275000000000000000000000000000000019        0.512000024318695068359375000000000000        0.425000011920928955078125000000000000         6.30000010132789611816406250000000000E-0002  0.870056494511586616800702331296776776        0.129943505488413383199297668703223248         0.00000000000000000000000000000000000        0.683022559859958444886526535977552353        0.167811590859605266884724425470909642        0.129098359310438402074632433326122454         2250.00000000000000000000000000000000        0.300000011920928955078125000000000000        -1.00000000000000000000000000000000000         4.50000000000000000000000000000000000         50.0000000000000000000000000000000000        0.736801578582773322887372702815798441        0.736820318608334018544719011507309051        0.736820318608334018544719011507309051        0.736820318608334018544719011507309051        0.736820318608334018544719011507309051         0.00000000000000000000000000000000000         2.54336438442560789702561316120451463E-0003   276.417990215275561692227933545457170         5128.42308283649186965509242857776591      
  0.587278661318961641324294675315294360         0.00000000000000000000000000000000000         0.00000000000000000000000000000000000         9.99999999999999999999999999999999807E-0002  0.900000000000000000000000000000000019        0.724999999999999999999999999999999981        0.275000000000000000000000000000000019        0.512000024318695068359375000000000000        0.425000011920928955078125000000000000         6.30000010132789611816406250000000000E-0002  0.870056494511586616800702331296776776        0.129943505488413383199297668703223248         0.00000000000000000000000000000000000        0.683022559859958444886526535977552353        0.167811590859605266884724425470909642        0.129098359310438402074632433326122454         2250.00000000000000000000000000000000        0.300000011920928955078125000000000000        -1.00000000000000000000000000000000000         4.50000000000000000000000000000000000         50.0000000000000000000000000000000000        0.746285221569388925685473224178519753        0.746197392939426644632334028756453556        0.746197392939426644632334028756453556        0.746197392939426644632334028756453556        0.746197392939426644632334028756453556         0.00000000000000000000000000000000000        -1.17701603882996458309181494966262204E-0002   293.241977227077078572787139316612598         5237.68455722776053171715197143673418      
  0.615098578858064451529164264953569834         0.00000000000000000000000000000000000         0.00000000000000000000000000000000000         9.99999999999999999999999999999999807E-0002  0.900000000000000000000000000000000019        0.724999999999999999999999999999999981        0.275000000000000000000000000000000019        0.512000024318695068359375000000000000        0.425000011920928955078125000000000000         6.30000010132789611816406250000000000E-0002  0.870056494511586616800702331296776776        0.129943505488413383199297668703223248         0.00000000000000000000000000000000000        0.683022559859958444886526535977552353        0.167811590859605266884724425470909642        0.129098359310438402074632433326122454         2250.00000000000000000000000000000000        0.300000011920928955078125000000000000        -1.00000000000000000000000000000000000         4.50000000000000000000000000000000000         50.0000000000000000000000000000000000        0.755568448122137288254817575534708822        0.755614951839832053204530063832367144        0.755614951839832053204530063832367144        0.755614951839832053204530063832367144        0.755614951839832053204530063832367144         0.00000000000000000000000000000000000         6.15441999678989383716119177229244521E-0003   310.753781400954134433648638238268182         5349.88858766178883518245171361045799      
  0.644236350872152408747567964251532425         0.00000000000000000000000000000000000         0.00000000000000000000000000000000000         9.99999999999999999999999999999999807E-0002  0.900000000000000000000000000000000019        0.724999999999999999999999999999999981        0.275000000000000000000000000000000019        0.512000024318695068359375000000000000        0.425000011920928955078125000000000000         6.30000010132789611816406250000000000E-0002  0.870056494511586616800702331296776776        0.129943505488413383199297668703223248         0.00000000000000000000000000000000000        0.683022559859958444886526535977552353        0.167811590859605266884724425470909642        0.129098359310438402074632433326122454         2250.00000000000000000000000000000000        0.300000011920928955078125000000000000        -1.00000000000000000000000000000000000         4.50000000000000000000000000000000000         50.0000000000000000000000000000000000        0.764834337340378287136081965182568455        0.764852176614873885100471111830796799        0.764852176614873885100471111830796799        0.764852176614873885100471111830796799        0.764852176614873885100471111830796799         0.00000000000000000000000000000000000         2.33238200021238568968347603409943392E-0003   328.480127367024395701904105883842180         5462.85692576542751991393787424961204      
  0.674754405311085438667667359428963781         0.00000000000000000000000000000000000         0.00000000000000000000000000000000000         9.99999999999999999999999999999999807E-0002  0.900000000000000000000000000000000019        0.724999999999999999999999999999999981        0.275000000000000000000000000000000019        0.512000024318695068359375000000000000        0.425000011920928955078125000000000000         6.30000010132789611816406250000000000E-0002  0.870056494511586616800702331296776776        0.129943505488413383199297668703223248         0.00000000000000000000000000000000000        0.683022559859958444886526535977552353        0.167811590859605266884724425470909642        0.129098359310438402074632433326122454         2250.00000000000000000000000000000000        0.300000011920928955078125000000000000        -1.00000000000000000000000000000000000         4.50000000000000000000000000000000000         50.0000000000000000000000000000000000        0.774149595027569530244319071495014673        0.774127762693326919828826127240537727        0.774127762693326919828826127240537727        0.774127762693326919828826127240537727        0.774127762693326919828826127240537727         0.00000000000000000000000000000000000        -2.82024948525962651179345796987751649E-0003   346.543841787671065649360749250910918         5579.26041542148344938385380137910798      
  0.706718127392766099165833109055340844         0.00000000000000000000000000000000000         0.00000000000000000000000000000000000         9.99999999999999999999999999999999807E-0002  0.900000000000000000000000000000000019        0.724999999999999999999999999999999981        0.275000000000000000000000000000000019        0.512000024318695068359375000000000000        0.425000011920928955078125000000000000         6.30000010132789611816406250000000000E-0002  0.870056494511586616800702331296776776        0.129943505488413383199297668703223248         0.00000000000000000000000000000000000        0.683022559859958444886526535977552353        0.167811590859605266884724425470909642        0.129098359310438402074632433326122454         2250.00000000000000000000000000000000        0.300000011920928955078125000000000000        -1.00000000000000000000000000000000000         4.50000000000000000000000000000000000         50.0000000000000000000000000000000000        0.783658686347205588457690683512954680        0.783639000933746323752267262713962884        0.783639000933746323752267262713962884        0.783639000933746323752267262713962884        0.783639000933746323752267262713962884         0.00000000000000000000000000000000000        -2.51205126797013919138498827173311222E-0003   364.499130464941742914766782189800442         5700.05914565943060743088919668253756      
  0.740195999691582266577873530475029904         0.00000000000000000000000000000000000         0.00000000000000000000000000000000000         9.99999999999999999999999999999999807E-0002  0.900000000000000000000000000000000019        0.724999999999999999999999999999999981        0.275000000000000000000000000000000019        0.512000024318695068359375000000000000        0.425000011920928955078125000000000000         6.30000010132789611816406250000000000E-0002  0.870056494511586616800702331296776776        0.129943505488413383199297668703223248         0.00000000000000000000000000000000000        0.683022559859958444886526535977552353        0.167811590859605266884724425470909642        0.129098359310438402074632433326122454         2250.00000000000000000000000000000000        0.300000011920928955078125000000000000        -1.00000000000000000000000000000000000         4.50000000000000000000000000000000000         50.0000000000000000000000000000000000        0.793923445958712367332662080773645450        0.793896852769576507350593791090850610        0.793896852769576507350593791090850610        0.793896852769576507350593791090850610        0.793896852769576507350593791090850610         0.00000000000000000000000000000000000        -3.34970330756286363852971647253611868E-0003   381.195029932948271540299696250312048         5817.16807524230571853455114199735337      
  0.775259748862965145759849187317876307         0.00000000000000000000000000000000000         0.00000000000000000000000000000000000         9.99999999999999999999999999999999807E-0002  0.900000000000000000000000000000000019        0.724999999999999999999999999999999981        0.275000000000000000000000000000000019        0.512000024318695068359375000000000000        0.425000011920928955078125000000000000         6.30000010132789611816406250000000000E-0002  0.870056494511586616800702331296776776        0.129943505488413383199297668703223248         0.00000000000000000000000000000000000        0.683022559859958444886526535977552353        0.167811590859605266884724425470909642        0.129098359310438402074632433326122454         2250.00000000000000000000000000000000        0.300000011920928955078125000000000000        -1.00000000000000000000000000000000000         4.50000000000000000000000000000000000         50.0000000000000000000000000000000000        0.804226008006381505624316078310374015        0.804509163503897288804427429609266301        0.804509163503897288804427429609266301        0.804509163503897288804427429609266301        0.804509163503897288804427429609266301         0.00000000000000000000000000000000000         3.51960562242137206125838035971884587E-0002   398.828768750465573537301127789164242         5939.36545998986585108057089672871456      
  0.811984499318421345788851126412103227         0.00000000000000000000000000000000000         0.00000000000000000000000000000000000         9.99999999999999999999999999999999807E-0002  0.900000000000000000000000000000000019        0.724999999999999999999999999999999981        0.275000000000000000000000000000000019        0.512000024318695068359375000000000000        0.425000011920928955078125000000000000         6.30000010132789611816406250000000000E-0002  0.870056494511586616800702331296776776        0.129943505488413383199297668703223248         0.00000000000000000000000000000000000        0.683022559859958444886526535977552353        0.167811590859605266884724425470909642        0.129098359310438402074632433326122454         2250.00000000000000000000000000000000        0.300000011920928955078125000000000000        -1.00000000000000000000000000000000000         4.50000000000000000000000000000000000         50.0000000000000000000000000000000000        0.814635517355173250036817949553326661        0.814999722212385293113306649835242555        0.814999722212385293113306649835242555        0.814999722212385293113306649835242555        0.814999722212385293113306649835242555         0.00000000000000000000000000000000000         4.46877277728854139256480695791811927E-0002   417.293955617501038947262707741005991         6066.73264549045154145114349623796281      
  0.850448934180289219036975673402549010         0.00000000000000000000000000000000000         0.00000000000000000000000000000000000         9.99999999999999999999999999999999807E-0002  0.900000000000000000000000000000000019        0.724999999999999999999999999999999981        0.275000000000000000000000000000000019        0.512000024318695068359375000000000000        0.425000011920928955078125000000000000         6.30000010132789611816406250000000000E-0002  0.870056494511586616800702331296776776        0.129943505488413383199297668703223248         0.00000000000000000000000000000000000        0.683022559859958444886526535977552353        0.167811590859605266884724425470909642        0.129098359310438402074632433326122454         2250.00000000000000000000000000000000        0.300000011920928955078125000000000000        -1.00000000000000000000000000000000000         4.50000000000000000000000000000000000         50.0000000000000000000000000000000000        0.825094154475560732591198892366969129        0.825344194331508157401208736127454241        0.825344194331508157401208736127454241        0.825344194331508157401208736127454241        0.825344194331508157401208736127454241         0.00000000000000000000000000000000000         3.02952220012822526468014835358817818E-0002   436.591383148512232777695953300590338         6196.79324256741811794063330607191180      
  0.890735463861066538871678342365989236         0.00000000000000000000000000000000000         0.00000000000000000000000000000000000         9.99999999999999999999999999999999807E-0002  0.900000000000000000000000000000000019        0.724999999999999999999999999999999981        0.275000000000000000000000000000000019        0.512000024318695068359375000000000000        0.425000011920928955078125000000000000         6.30000010132789611816406250000000000E-0002  0.870056494511586616800702331296776776        0.129943505488413383199297668703223248         0.00000000000000000000000000000000000        0.683022559859958444886526535977552353        0.167811590859605266884724425470909642        0.129098359310438402074632433326122454         2250.00000000000000000000000000000000        0.300000011920928955078125000000000000        -1.00000000000000000000000000000000000         4.50000000000000000000000000000000000         50.0000000000000000000000000000000000        0.835501468719183496411162626689275317        0.835835910128652660445948210107080284        0.835835910128652660445948210107080284        0.835835910128652660445948210107080284        0.835835910128652660445948210107080284         0.00000000000000000000000000000000000         4.00128069895545040741811666814130201E-0002   456.980005808595248724693195495499676         6333.68359327671945618135734943109799      
  0.932930402628492306849122631846463221         0.00000000000000000000000000000000000         0.00000000000000000000000000000000000         9.99999999999999999999999999999999807E-0002  0.900000000000000000000000000000000019        0.724999999999999999999999999999999981        0.275000000000000000000000000000000019        0.512000024318695068359375000000000000        0.425000011920928955078125000000000000         6.30000010132789611816406250000000000E-0002  0.870056494511586616800702331296776776        0.129943505488413383199297668703223248         0.00000000000000000000000000000000000        0.683022559859958444886526535977552353        0.167811590859605266884724425470909642        0.129098359310438402074632433326122454         2250.00000000000000000000000000000000        0.300000011920928955078125000000000000        -1.00000000000000000000000000000000000         4.50000000000000000000000000000000000         50.0000000000000000000000000000000000        0.846076146651056453238760003305327097        0.846229248617722733784224914667188048        0.846229248617722733784224914667188048        0.846229248617722733784224914667188048        0.846229248617722733784224914667188048         0.00000000000000000000000000000000000         1.80922565506174236720759030635828789E-0002   478.270026391054080664518471611315969         6475.54221109167783064573125637189026      
  0.977124153534675033397991232687960264         0.00000000000000000000000000000000000         0.00000000000000000000000000000000000         9.99999999999999999999999999999999807E-0002  0.900000000000000000000000000000000019        0.724999999999999999999999999999999981        0.275000000000000000000000000000000019        0.512000024318695068359375000000000000        0.425000011920928955078125000000000000         6.30000010132789611816406250000000000E-0002  0.870056494511586616800702331296776776        0.129943505488413383199297668703223248         0.00000000000000000000000000000000000        0.683022559859958444886526535977552353        0.167811590859605266884724425470909642        0.129098359310438402074632433326122454         2250.00000000000000000000000000000000        0.300000011920928955078125000000000000        -1.00000000000000000000000000000000000         4.50000000000000000000000000000000000         50.0000000000000000000000000000000000        0.856597159600928511113360574039239079        0.856939834247922607678272405775257878        0.856939834247922607678272405775257878        0.856939834247922607678272405775257878        0.856939834247922607678272405775257878         0.00000000000000000000000000000000000         3.99881804181548672477804193768804586E-0002   500.918415169416830155884421748009205         6622.24832765331117108658518979151194      
   1.02341140210547988401757228923722065         0.00000000000000000000000000000000000         0.00000000000000000000000000000000000         9.99999999999999999999999999999999807E-0002  0.900000000000000000000000000000000019        0.724999999999999999999999999999999981        0.275000000000000000000000000000000019        0.512000024318695068359375000000000000        0.425000011920928955078125000000000000         6.30000010132789611816406250000000000E-0002  0.870056494511586616800702331296776776        0.129943505488413383199297668703223248         0.00000000000000000000000000000000000        0.683022559859958444886526535977552353        0.167811590859605266884724425470909642        0.129098359310438402074632433326122454         2250.00000000000000000000000000000000        0.300000011920928955078125000000000000        -1.00000000000000000000000000000000000         4.50000000000000000000000000000000000         50.0000000000000000000000000000000000        0.867270164120411063997853546669926362        0.867605266946332052753683568902228569        0.867605266946332052753683568902228569        0.867605266946332052753683568902228569        0.867605266946332052753683568902228569         0.00000000000000000000000000000000000         3.86238810075962113671284337929319915E-0002   524.647037689650057871987876611745466         6772.17057395381312923948834631943562      
   1.07189131920515601980676290596541418         0.00000000000000000000000000000000000         0.00000000000000000000000000000000000         9.99999999999999999999999999999999807E-0002  0.900000000000000000000000000000000019        0.724999999999999999999999999999999981        0.275000000000000000000000000000000019        0.512000024318695068359375000000000000        0.425000011920928955078125000000000000         6.30000010132789611816406250000000000E-0002  0.870056494511586616800702331296776776        0.129943505488413383199297668703223248         0.00000000000000000000000000000000000        0.683022559859958444886526535977552353        0.167811590859605266884724425470909642        0.129098359310438402074632433326122454         2250.00000000000000000000000000000000        0.300000011920928955078125000000000000        -1.00000000000000000000000000000000000         4.50000000000000000000000000000000000         50.0000000000000000000000000000000000        0.878038044752605510173272960975760711        0.878076825375862697055503336756962763        0.878076825375862697055503336756962763        0.878076825375862697055503336756962763        0.878076825375862697055503336756962763         0.00000000000000000000000000000000000         4.41654102880881203110355471322865812E-0003   549.473519748985168224115760064089765         6925.50983799983084611310158923151472      
   1.12266777351084349932308213365971722         0.00000000000000000000000000000000000         0.00000000000000000000000000000000000         9.99999999999999999999999999999999807E-0002  0.900000000000000000000000000000000019        0.724999999999999999999999999999999981        0.275000000000000000000000000000000019        0.512000024318695068359375000000000000        0.425000011920928955078125000000000000         6.30000010132789611816406250000000000E-0002  0.870056494511586616800702331296776776        0.129943505488413383199297668703223248         0.00000000000000000000000000000000000        0.683022559859958444886526535977552353        0.167811590859605266884724425470909642        0.129098359310438402074632433326122454         2250.00000000000000000000000000000000        0.300000011920928955078125000000000000        -1.00000000000000000000000000000000000         4.50000000000000000000000000000000000         50.0000000000000000000000000000000000        0.888854474156770133981086811795441146        0.889065437505511426394802365897864903        0.889065437505511426394802365897864903        0.889065437505511426394802365897864903        0.889065437505511426394802365897864903         0.00000000000000000000000000000000000         2.37286638127786432902519284837466941E-0002   575.928842743170437806055408951903014         7083.55041022957809996865949921543487      
   1.17584955405218836587405952039268318         0.00000000000000000000000000000000000         0.00000000000000000000000000000000000         9.99999999999999999999999999999999807E-0002  0.900000000000000000000000000000000019        0.724999999999999999999999999999999981        0.275000000000000000000000000000000019        0.512000024318695068359375000000000000        0.425000011920928955078125000000000000         6.30000010132789611816406250000000000E-0002  0.870056494511586616800702331296776776        0.129943505488413383199297668703223248         0.00000000000000000000000000000000000        0.683022559859958444886526535977552353        0.167811590859605266884724425470909642        0.129098359310438402074632433326122454         2250.00000000000000000000000000000000        0.300000011920928955078125000000000000        -1.00000000000000000000000000000000000         4.50000000000000000000000000000000000         50.0000000000000000000000000000000000        0.899796340586480573582832279983342609        0.899874014769094381853804969579288204        0.899874014769094381853804969579288204        0.899874014769094381853804969579288204        0.899874014769094381853804969579288204         0.00000000000000000000000000000000000         8.63167302744476835827616657429868394E-0003   603.630489784174454750010104389845625         7243.10218588315202340818293306736939      
   1.23155060329285913304393922610526752         0.00000000000000000000000000000000000         0.00000000000000000000000000000000000         9.99999999999999999999999999999999807E-0002  0.900000000000000000000000000000000019        0.724999999999999999999999999999999981        0.275000000000000000000000000000000019        0.512000024318695068359375000000000000        0.425000011920928955078125000000000000         6.30000010132789611816406250000000000E-0002  0.870056494511586616800702331296776776        0.129943505488413383199297668703223248         0.00000000000000000000000000000000000        0.683022559859958444886526535977552353        0.167811590859605266884724425470909642        0.129098359310438402074632433326122454         2250.00000000000000000000000000000000        0.300000011920928955078125000000000000        -1.00000000000000000000000000000000000         4.50000000000000000000000000000000000         50.0000000000000000000000000000000000        0.910773686700337591884841947841301290        0.911131302775332933520988430188636680        0.911131302775332933520988430188636680        0.911131302775332933520988430188636680        0.911131302775332933520988430188636680         0.00000000000000000000000000000000000         3.92496749816445203979880838468739072E-0002   633.120641514538548021975071265841063         7408.68845708418145489045568243189806      
   1.28989026125334400389008600428654072         0.00000000000000000000000000000000000         0.00000000000000000000000000000000000         9.99999999999999999999999999999999807E-0002  0.900000000000000000000000000000000019        0.724999999999999999999999999999999981        0.275000000000000000000000000000000019        0.512000024318695068359375000000000000        0.425000011920928955078125000000000000         6.30000010132789611816406250000000000E-0002  0.870056494511586616800702331296776776        0.129943505488413383199297668703223248         0.00000000000000000000000000000000000        0.683022559859958444886526535977552353        0.167811590859605266884724425470909642        0.129098359310438402074632433326122454         2250.00000000000000000000000000000000        0.300000011920928955078125000000000000        -1.00000000000000000000000000000000000         4.50000000000000000000000000000000000         50.0000000000000000000000000000000000        0.921920395720742675241422651628345189        0.922077544457918216131852431560623520        0.922077544457918216131852431560623520        0.922077544457918216131852431560623520        0.922077544457918216131852431560623520         0.00000000000000000000000000000000000         1.70428981944167545024541930258583288E-0002   663.819099898168029409349252781575614         7574.75567014115364877223012196345948      
   1.35099352119806420678539952158028216         0.00000000000000000000000000000000000         0.00000000000000000000000000000000000         9.99999999999999999999999999999999807E-0002  0.900000000000000000000000000000000019        0.724999999999999999999999999999999981        0.275000000000000000000000000000000019        0.512000024318695068359375000000000000        0.425000011920928955078125000000000000         6.30000010132789611816406250000000000E-0002  0.870056494511586616800702331296776776        0.129943505488413383199297668703223248         0.00000000000000000000000000000000000        0.683022559859958444886526535977552353        0.167811590859605266884724425470909642        0.129098359310438402074632433326122454         2250.00000000000000000000000000000000        0.300000011920928955078125000000000000        -1.00000000000000000000000000000000000         4.50000000000000000000000000000000000         50.0000000000000000000000000000000000        0.933134751109833226201911808411265077        0.933395611745011895053807692886987446        0.933395611745011895053807692886987446        0.933395611745011895053807692886987446        0.933395611745011895053807692886987446         0.00000000000000000000000000000000000         2.79474889206926788375351598884380535E-0002   696.401715185031706364332932662810593         7744.34139590632617584155213711662853      
   1.41499129743461548663919584700832116         0.00000000000000000000000000000000000         0.00000000000000000000000000000000000         9.99999999999999999999999999999999807E-0002  0.900000000000000000000000000000000019        0.724999999999999999999999999999999981        0.275000000000000000000000000000000019        0.512000024318695068359375000000000000        0.425000011920928955078125000000000000         6.30000010132789611816406250000000000E-0002  0.870056494511586616800702331296776776        0.129943505488413383199297668703223248         0.00000000000000000000000000000000000        0.683022559859958444886526535977552353        0.167811590859605266884724425470909642        0.129098359310438402074632433326122454         2250.00000000000000000000000000000000        0.300000011920928955078125000000000000        -1.00000000000000000000000000000000000         4.50000000000000000000000000000000000         50.0000000000000000000000000000000000        0.944461429059389930331703828871134071        0.944474301784639552246779864800263450        0.944474301784639552246779864800263450        0.944474301784639552246779864800263450        0.944474301784639552246779864800263450         0.00000000000000000000000000000000000         1.36295135032241175861541175500594842E-0003   730.532571741652100714578085081349423         7916.36404159201828055382037707525399      
   1.48202070579890013841676841137265918         0.00000000000000000000000000000000000         0.00000000000000000000000000000000000         9.99999999999999999999999999999999807E-0002  0.900000000000000000000000000000000019        0.724999999999999999999999999999999981        0.275000000000000000000000000000000019        0.512000024318695068359375000000000000        0.425000011920928955078125000000000000         6.30000010132789611816406250000000000E-0002  0.870056494511586616800702331296776776        0.129943505488413383199297668703223248         0.00000000000000000000000000000000000        0.683022559859958444886526535977552353        0.167811590859605266884724425470909642        0.129098359310438402074632433326122454         2250.00000000000000000000000000000000        0.300000011920928955078125000000000000        -1.00000000000000000000000000000000000         4.50000000000000000000000000000000000         50.0000000000000000000000000000000000        0.955869393773220821170273272756922063        0.955902190433103697666758097575358037        0.955902190433103697666758097575358037        0.955902190433103697666758097575358037        0.955902190433103697666758097575358037         0.00000000000000000000000000000000000         3.43096398471656023734004112741177128E-0003   766.668192771187582563940212777860920         8091.47264470244318890928712260892555      
   1.55222535742709160936160846888458776         0.00000000000000000000000000000000000         0.00000000000000000000000000000000000         9.99999999999999999999999999999999807E-0002  0.900000000000000000000000000000000019        0.724999999999999999999999999999999981        0.275000000000000000000000000000000019        0.512000024318695068359375000000000000        0.425000011920928955078125000000000000         6.30000010132789611816406250000000000E-0002  0.870056494511586616800702331296776776        0.129943505488413383199297668703223248         0.00000000000000000000000000000000000        0.683022559859958444886526535977552353        0.167811590859605266884724425470909642        0.129098359310438402074632433326122454         2250.00000000000000000000000000000000        0.300000011920928955078125000000000000        -1.00000000000000000000000000000000000         4.50000000000000000000000000000000000         50.0000000000000000000000000000000000        0.967371585737080490271963798619109588        0.967261109724938368544819690981329186        0.967261109724938368544819690981329186        0.967261109724938368544819690981329186        0.967261109724938368544819690981329186         0.00000000000000000000000000000000000        -1.14215294124187389569544350417581909E-0002   804.772862908774691369065069335435708         8269.06182027334321554450392301668708      
   1.62575566644384085973659301860212051         0.00000000000000000000000000000000000         0.00000000000000000000000000000000000         9.99999999999999999999999999999999807E-0002  0.900000000000000000000000000000000019        0.724999999999999999999999999999999981        0.275000000000000000000000000000000019        0.512000024318695068359375000000000000        0.425000011920928955078125000000000000         6.30000010132789611816406250000000000E-0002  0.870056494511586616800702331296776776        0.129943505488413383199297668703223248         0.00000000000000000000000000000000000        0.683022559859958444886526535977552353        0.167811590859605266884724425470909642        0.129098359310438402074632433326122454         2250.00000000000000000000000000000000        0.300000011920928955078125000000000000        -1.00000000000000000000000000000000000         4.50000000000000000000000000000000000         50.0000000000000000000000000000000000        0.978963718801713677272150505879142350        0.978706592089490334797051548824739133        0.978706592089490334797051548824739133        0.978706592089490334797051548824739133        0.978706592089490334797051548824739133         0.00000000000000000000000000000000000        -2.62720936286318065948512178689356943E-0002   844.961687883533486819017231154016598         8448.93660773457088381620516226556402      
   1.70276917222594935040597643772334275         0.00000000000000000000000000000000000         0.00000000000000000000000000000000000         9.99999999999999999999999999999999807E-0002  0.900000000000000000000000000000000019        0.724999999999999999999999999999999981        0.275000000000000000000000000000000019        0.512000024318695068359375000000000000        0.425000011920928955078125000000000000         6.30000010132789611816406250000000000E-0002  0.870056494511586616800702331296776776        0.129943505488413383199297668703223248         0.00000000000000000000000000000000000        0.683022559859958444886526535977552353        0.167811590859605266884724425470909642        0.129098359310438402074632433326122454         2250.00000000000000000000000000000000        0.300000011920928955078125000000000000        -1.00000000000000000000000000000000000         4.50000000000000000000000000000000000         50.0000000000000000000000000000000000        0.990606906526905989541274623962825124        0.990942951805608035973715656218654211        0.990942951805608035973715656218654211        0.990942951805608035973715656218654211        0.990942951805608035973715656218654211         0.00000000000000000000000000000000000         3.39116674768950764870500133990740249E-0002   887.632056674991924244876368328286461         8631.26356459905339387443052824758825      
   1.78343087693196159954962751479630605         0.00000000000000000000000000000000000         0.00000000000000000000000000000000000         9.99999999999999999999999999999999807E-0002  0.900000000000000000000000000000000019        0.724999999999999999999999999999999981        0.275000000000000000000000000000000019        0.512000024318695068359375000000000000        0.425000011920928955078125000000000000         6.30000010132789611816406250000000000E-0002  0.870056494511586616800702331296776776        0.129943505488413383199297668703223248         0.00000000000000000000000000000000000        0.683022559859958444886526535977552353        0.167811590859605266884724425470909642        0.129098359310438402074632433326122454         2250.00000000000000000000000000000000        0.300000011920928955078125000000000000        -1.00000000000000000000000000000000000         4.50000000000000000000000000000000000         50.0000000000000000000000000000000000         1.00246610470760054052267453754470612         1.00254535282526259533168548003477077         1.00254535282526259533168548003477077         1.00254535282526259533168548003477077         1.00254535282526259533168548003477077         0.00000000000000000000000000000000000         7.90469153726826579287939221328881607E-0003   932.091374413295253239814044416079598         8815.44315287199161656359608252018574      
   1.86791359902083762667604333648365787         0.00000000000000000000000000000000000         0.00000000000000000000000000000000000         9.99999999999999999999999999999999807E-0002  0.900000000000000000000000000000000019        0.724999999999999999999999999999999981        0.275000000000000000000000000000000019        0.512000024318695068359375000000000000        0.425000011920928955078125000000000000         6.30000010132789611816406250000000000E-0002  0.870056494511586616800702331296776776        0.129943505488413383199297668703223248         0.00000000000000000000000000000000000        0.683022559859958444886526535977552353        0.167811590859605266884724425470909642        0.129098359310438402074632433326122454         2250.00000000000000000000000000000000        0.300000011920928955078125000000000000        -1.00000000000000000000000000000000000         4.50000000000000000000000000000000000         50.0000000000000000000000000000000000         1.01437068197749869943097616731165655         1.01438950316439258029164011468133422         1.01438950316439258029164011468133422         1.01438950316439258029164011468133422         1.01438950316439258029164011468133422         0.00000000000000000000000000000000000         1.85542011576106457998290422231867196E-0003   979.240514582207954921287094677584587         9001.31561411179044978315178953501104      
   1.95639834351712235574086149449056598         0.00000000000000000000000000000000000         0.00000000000000000000000000000000000         9.99999999999999999999999999999999807E-0002  0.900000000000000000000000000000000019        0.724999999999999999999999999999999981        0.275000000000000000000000000000000019        0.512000024318695068359375000000000000        0.425000011920928955078125000000000000         6.30000010132789611816406250000000000E-0002  0.870056494511586616800702331296776776        0.129943505488413383199297668703223248         0.00000000000000000000000000000000000        0.683022559859958444886526535977552353        0.167811590859605266884724425470909642        0.129098359310438402074632433326122454         2250.00000000000000000000000000000000        0.300000011920928955078125000000000000        -1.00000000000000000000000000000000000         4.50000000000000000000000000000000000         50.0000000000000000000000000000000000         1.02628825005154843977063977298530846         1.02705939375974165637523057460811792         1.02705939375974165637523057460811792         1.02705939375974165637523057460811792         1.02705939375974165637523057460811792         0.00000000000000000000000000000000000         7.50826790425723914470702886632441749E-0002   1029.63599480973810288140595704578488         9186.19736225123508841357906066695832      
   2.04907468981590857599889354382844297         0.00000000000000000000000000000000000         0.00000000000000000000000000000000000         9.99999999999999999999999999999999807E-0002  0.900000000000000000000000000000000019        0.724999999999999999999999999999999981        0.275000000000000000000000000000000019        0.512000024318695068359375000000000000        0.425000011920928955078125000000000000         6.30000010132789611816406250000000000E-0002  0.870056494511586616800702331296776776        0.129943505488413383199297668703223248         0.00000000000000000000000000000000000        0.683022559859958444886526535977552353        0.167811590859605266884724425470909642        0.129098359310438402074632433326122454         2250.00000000000000000000000000000000        0.300000011920928955078125000000000000        -1.00000000000000000000000000000000000         4.50000000000000000000000000000000000         50.0000000000000000000000000000000000         1.03842990921623540060358750324037966         1.03872501239055203188375111631254124         1.03872501239055203188375111631254124         1.03872501239055203188375111631254124         1.03872501239055203188375111631254124         0.00000000000000000000000000000000000         2.84101346166173691942930696901570773E-0002   1081.79805848056760328302694590318594         9382.81036202610900473203327741464450      
   2.14614119785846923144288932206752821         0.00000000000000000000000000000000000         0.00000000000000000000000000000000000         9.99999999999999999999999999999999807E-0002  0.900000000000000000000000000000000019        0.724999999999999999999999999999999981        0.275000000000000000000000000000000019        0.512000024318695068359375000000000000        0.425000011920928955078125000000000000         6.30000010132789611816406250000000000E-0002  0.870056494511586616800702331296776776        0.129943505488413383199297668703223248         0.00000000000000000000000000000000000        0.683022559859958444886526535977552353        0.167811590859605266884724425470909642        0.129098359310438402074632433326122454         2250.00000000000000000000000000000000        0.300000011920928955078125000000000000        -1.00000000000000000000000000000000000         4.50000000000000000000000000000000000         50.0000000000000000000000000000000000         1.05066640780424390881921316739010921         1.05078243496611855479630177666947231         1.05078243496611855479630177666947231         1.05078243496611855479630177666947231         1.05078243496611855479630177666947231         0.00000000000000000000000000000000000         1.10419776743210556906329481338807808E-0002   1137.10981704607436603072462093998745         9566.82364943357520143008620870562295      
   2.24780583354879414104030832593962274         0.00000000000000000000000000000000000         0.00000000000000000000000000000000000         9.99999999999999999999999999999999807E-0002  0.900000000000000000000000000000000019        0.724999999999999999999999999999999981        0.275000000000000000000000000000000019        0.512000024318695068359375000000000000        0.425000011920928955078125000000000000         6.30000010132789611816406250000000000E-0002  0.870056494511586616800702331296776776        0.129943505488413383199297668703223248         0.00000000000000000000000000000000000        0.683022559859958444886526535977552353        0.167811590859605266884724425470909642        0.129098359310438402074632433326122454         2250.00000000000000000000000000000000        0.300000011920928955078125000000000000        -1.00000000000000000000000000000000000         4.50000000000000000000000000000000000         50.0000000000000000000000000000000000         1.06296007265587117286550560581432736         1.06298546463108539813425820712772141         1.06298546463108539813425820712772141         1.06298546463108539813425820712772141         1.06298546463108539813425820712772141         0.00000000000000000000000000000000000         2.38874152649280910390095532603914945E-0003   1195.67760847867668887816505068502737         9762.23786191700202117516555454587791      
   2.35428641432249007020695607335824657         0.00000000000000000000000000000000000         0.00000000000000000000000000000000000         9.99999999999999999999999999999999807E-0002  0.900000000000000000000000000000000019        0.724999999999999999999999999999999981        0.275000000000000000000000000000000019        0.512000024318695068359375000000000000        0.425000011920928955078125000000000000         6.30000010132789611816406250000000000E-0002  0.870056494511586616800702331296776776        0.129943505488413383199297668703223248         0.00000000000000000000000000000000000        0.683022559859958444886526535977552353        0.167811590859605266884724425470909642        0.129098359310438402074632433326122454         2250.00000000000000000000000000000000        0.300000011920928955078125000000000000        -1.00000000000000000000000000000000000         4.50000000000000000000000000000000000         50.0000000000000000000000000000000000         1.07533287689471046639458006627720586         1.07559882429806325975272935316892918         1.07559882429806325975272935316892918         1.07559882429806325975272935316892918         1.07559882429806325975272935316892918         0.00000000000000000000000000000000000         2.47255200865760398961185995384160883E-0002   1257.75802295927594845311480831660535         9950.24332868808745658785091139741843      
   2.46581107582267970147068279155487439         0.00000000000000000000000000000000000         0.00000000000000000000000000000000000         9.99999999999999999999999999999999807E-0002  0.900000000000000000000000000000000019        0.724999999999999999999999999999999981        0.275000000000000000000000000000000019        0.512000024318695068359375000000000000        0.425000011920928955078125000000000000         6.30000010132789611816406250000000000E-0002  0.870056494511586616800702331296776776        0.129943505488413383199297668703223248         0.00000000000000000000000000000000000        0.683022559859958444886526535977552353        0.167811590859605266884724425470909642        0.129098359310438402074632433326122454         2250.00000000000000000000000000000000        0.300000011920928955078125000000000000        -1.00000000000000000000000000000000000         4.50000000000000000000000000000000000         50.0000000000000000000000000000000000         1.08785315085781287891233964836635716         1.08791752443787652062179754453016279         1.08791752443787652062179754453016279         1.08791752443787652062179754453016279         1.08791752443787652062179754453016279         0.00000000000000000000000000000000000         5.91713789121131501687861897603493078E-0003   1322.99711901146059463691325234211434         10148.8742035131167757859170019040884      
   2.58261876068275699540889612963339913         0.00000000000000000000000000000000000         0.00000000000000000000000000000000000         9.99999999999999999999999999999999807E-0002  0.900000000000000000000000000000000019        0.724999999999999999999999999999999981        0.275000000000000000000000000000000019        0.512000024318695068359375000000000000        0.425000011920928955078125000000000000         6.30000010132789611816406250000000000E-0002  0.870056494511586616800702331296776776        0.129943505488413383199297668703223248         0.00000000000000000000000000000000000        0.683022559859958444886526535977552353        0.167811590859605266884724425470909642        0.129098359310438402074632433326122454         2250.00000000000000000000000000000000        0.300000011920928955078125000000000000        -1.00000000000000000000000000000000000         4.50000000000000000000000000000000000         50.0000000000000000000000000000000000         1.10044544415273746663991947793876549         1.10055428850646979435725874989330065         1.10055428850646979435725874989330065         1.10055428850646979435725874989330065         1.10055428850646979435725874989330065         0.00000000000000000000000000000000000         9.88995771213042321567195127552749455E-0003   1392.14678180657082137189830288859588         10344.0820054755544743623500969821043      
   2.70495973046322058012775948376762777         0.00000000000000000000000000000000000         0.00000000000000000000000000000000000         9.99999999999999999999999999999999807E-0002  0.900000000000000000000000000000000019        0.724999999999999999999999999999999981        0.275000000000000000000000000000000019        0.512000024318695068359375000000000000        0.425000011920928955078125000000000000         6.30000010132789611816406250000000000E-0002  0.870056494511586616800702331296776776        0.129943505488413383199297668703223248         0.00000000000000000000000000000000000        0.683022559859958444886526535977552353        0.167811590859605266884724425470909642        0.129098359310438402074632433326122454         2250.00000000000000000000000000000000        0.300000011920928955078125000000000000        -1.00000000000000000000000000000000000         4.50000000000000000000000000000000000         50.0000000000000000000000000000000000         1.11314776563597361156299516093840858         1.11320028097303958981916358261667438         1.11320028097303958981916358261667438         1.11320028097303958981916358261667438         1.11320028097303958981916358261667438         0.00000000000000000000000000000000000         4.71751022377348072867346883286379075E-0003   1465.14518110629031566271928742643002         10541.4438528547321088072103231483698      
   2.83309610183941463691826271807341983         0.00000000000000000000000000000000000         0.00000000000000000000000000000000000         9.99999999999999999999999999999999807E-0002  0.900000000000000000000000000000000019        0.724999999999999999999999999999999981        0.275000000000000000000000000000000019        0.512000024318695068359375000000000000        0.425000011920928955078125000000000000         6.30000010132789611816406250000000000E-0002  0.870056494511586616800702331296776776        0.129943505488413383199297668703223248         0.00000000000000000000000000000000000        0.683022559859958444886526535977552353        0.167811590859605266884724425470909642        0.129098359310438402074632433326122454         2250.00000000000000000000000000000000        0.300000011920928955078125000000000000        -1.00000000000000000000000000000000000         4.50000000000000000000000000000000000         50.0000000000000000000000000000000000         1.12593091027075908650470620499585430         1.12623071064252179124578739819193490         1.12623071064252179124578739819193490         1.12623071064252179124578739819193490         1.12623071064252179124578739819193490         0.00000000000000000000000000000000000         2.66198008036618642845784658363770602E-0002   1542.61121485155134539364953502054433         10730.8330487918556035257801148391429      
   2.96730240818896454651461614421851563         0.00000000000000000000000000000000000         0.00000000000000000000000000000000000         9.99999999999999999999999999999999807E-0002  0.900000000000000000000000000000000019        0.724999999999999999999999999999999981        0.275000000000000000000000000000000019        0.512000024318695068359375000000000000        0.425000011920928955078125000000000000         6.30000010132789611816406250000000000E-0002  0.870056494511586616800702331296776776        0.129943505488413383199297668703223248         0.00000000000000000000000000000000000        0.683022559859958444886526535977552353        0.167811590859605266884724425470909642        0.129098359310438402074632433326122454         2250.00000000000000000000000000000000        0.300000011920928955078125000000000000        -1.00000000000000000000000000000000000         4.50000000000000000000000000000000000         50.0000000000000000000000000000000000         1.13880863581118761377536669882694202         1.13911760271043388477088843510197189         1.13911760271043388477088843510197189         1.13911760271043388477088843510197189         1.13911760271043388477088843510197189         0.00000000000000000000000000000000000         2.71233539461694226722875955994552570E-0002   1624.32103341014994916098059218082465         10932.5128441083372274872372720159718      
   3.10786618778211364466063213094136699         0.00000000000000000000000000000000000         0.00000000000000000000000000000000000         9.99999999999999999999999999999999807E-0002  0.900000000000000000000000000000000019        0.724999999999999999999999999999999981        0.275000000000000000000000000000000019        0.512000024318695068359375000000000000        0.425000011920928955078125000000000000         6.30000010132789611816406250000000000E-0002  0.870056494511586616800702331296776776        0.129943505488413383199297668703223248         0.00000000000000000000000000000000000        0.683022559859958444886526535977552353        0.167811590859605266884724425470909642        0.129098359310438402074632433326122454         2250.00000000000000000000000000000000        0.300000011920928955078125000000000000        -1.00000000000000000000000000000000000         4.50000000000000000000000000000000000         50.0000000000000000000000000000000000         1.15183047168563437802431556733416073         1.15197947747706939724979074598574370         1.15197947747706939724979074598574370         1.15197947747706939724979074598574370         1.15197947747706939724979074598574370         0.00000000000000000000000000000000000         1.29347609352689396432354779760547408E-0002   1710.54133953471748554868624783717276         11126.7641545063216405813019804343324      
   3.25508859983516440085845691551799553         0.00000000000000000000000000000000000         0.00000000000000000000000000000000000         9.99999999999999999999999999999999807E-0002  0.900000000000000000000000000000000019        0.724999999999999999999999999999999981        0.275000000000000000000000000000000019        0.512000024318695068359375000000000000        0.425000011920928955078125000000000000         6.30000010132789611816406250000000000E-0002  0.870056494511586616800702331296776776        0.129943505488413383199297668703223248         0.00000000000000000000000000000000000        0.683022559859958444886526535977552353        0.167811590859605266884724425470909642        0.129098359310438402074632433326122454         2250.00000000000000000000000000000000        0.300000011920928955078125000000000000        -1.00000000000000000000000000000000000         4.50000000000000000000000000000000000         50.0000000000000000000000000000000000         1.16492698492699423501985714393535427         1.16500906333712406051272848296043098         1.16500906333712406051272848296043098         1.16500906333712406051272848296043098         1.16500906333712406051272848296043098         0.00000000000000000000000000000000000         7.04530228243160746479185559395556463E-0003   1801.94569928337317028239771996192829         11326.1642096720328915685241937710875      
   3.40928506974692429676371810701270237         0.00000000000000000000000000000000000         0.00000000000000000000000000000000000         9.99999999999999999999999999999999807E-0002  0.900000000000000000000000000000000019        0.724999999999999999999999999999999981        0.275000000000000000000000000000000019        0.512000024318695068359375000000000000        0.425000011920928955078125000000000000         6.30000010132789611816406250000000000E-0002  0.870056494511586616800702331296776776        0.129943505488413383199297668703223248         0.00000000000000000000000000000000000        0.683022559859958444886526535977552353        0.167811590859605266884724425470909642        0.129098359310438402074632433326122454         2250.00000000000000000000000000000000        0.300000011920928955078125000000000000        -1.00000000000000000000000000000000000         4.50000000000000000000000000000000000         50.0000000000000000000000000000000000         1.17813999250323799461167354048116401         1.17818362148997836692729858502067289         1.17818362148997836692729858502067289         1.17818362148997836692729858502067289         1.17818362148997836692729858502067289         0.00000000000000000000000000000000000         3.70307191040368947314580130266280742E-0003   1898.60584932149554970700393137825719         11517.4125282586533121586343766800801      
   3.57078596490058154200418219794212579         0.00000000000000000000000000000000000         0.00000000000000000000000000000000000         9.99999999999999999999999999999999807E-0002  0.900000000000000000000000000000000019        0.724999999999999999999999999999999981        0.275000000000000000000000000000000019        0.512000024318695068359375000000000000        0.425000011920928955078125000000000000         6.30000010132789611816406250000000000E-0002  0.870056494511586616800702331296776776        0.129943505488413383199297668703223248         0.00000000000000000000000000000000000        0.683022559859958444886526535977552353        0.167811590859605266884724425470909642        0.129098359310438402074632433326122454         2250.00000000000000000000000000000000        0.300000011920928955078125000000000000        -1.00000000000000000000000000000000000         4.50000000000000000000000000000000000         50.0000000000000000000000000000000000         1.19136208449168416167992987507805593         1.19191167557434120822374526358777968         1.19191167557434120822374526358777968         1.19191167557434120822374526358777968         1.19191167557434120822374526358777968         0.00000000000000000000000000000000000         4.61100510985612687469753488916294600E-0002   2001.72259500783245442810201515236269         11712.7696953998515636869814704563998      
   3.73993730247892248533723346676967991         0.00000000000000000000000000000000000         0.00000000000000000000000000000000000         9.99999999999999999999999999999999807E-0002  0.900000000000000000000000000000000019        0.724999999999999999999999999999999981        0.275000000000000000000000000000000019        0.512000024318695068359375000000000000        0.425000011920928955078125000000000000         6.30000010132789611816406250000000000E-0002  0.870056494511586616800702331296776776        0.129943505488413383199297668703223248         0.00000000000000000000000000000000000        0.683022559859958444886526535977552353        0.167811590859605266884724425470909642        0.129098359310438402074632433326122454         2250.00000000000000000000000000000000        0.300000011920928955078125000000000000        -1.00000000000000000000000000000000000         4.50000000000000000000000000000000000         50.0000000000000000000000000000000000         1.20482633419448491696951099339746738         1.20470838081092780655157496614087171         1.20470838081092780655157496614087171         1.20470838081092780655157496614087171         1.20470838081092780655157496614087171         0.00000000000000000000000000000000000        -9.79103204027784853401950947778219828E-0003   2109.43842154005011292723248935344258         11910.2965361244987451160149924471963      
   3.91710149080939146393706924636129076         0.00000000000000000000000000000000000         0.00000000000000000000000000000000000         9.99999999999999999999999999999999807E-0002  0.900000000000000000000000000000000019        0.724999999999999999999999999999999981        0.275000000000000000000000000000000019        0.512000024318695068359375000000000000        0.425000011920928955078125000000000000         6.30000010132789611816406250000000000E-0002  0.870056494511586616800702331296776776        0.129943505488413383199297668703223248         0.00000000000000000000000000000000000        0.683022559859958444886526535977552353        0.167811590859605266884724425470909642        0.129098359310438402074632433326122454         2250.00000000000000000000000000000000        0.300000011920928955078125000000000000        -1.00000000000000000000000000000000000         4.50000000000000000000000000000000000         50.0000000000000000000000000000000000         1.21822485385219472801171163156655688         1.21894411320238339163435175199450279         1.21894411320238339163435175199450279         1.21894411320238339163435175199450279         1.21894411320238339163435175199450279         0.00000000000000000000000000000000000         5.90067536647796873424017388363688010E-0002   2225.33286495093952116124101113554765         12096.8773801214121897010571868296948      
   4.10265810582733183554468384630866708         0.00000000000000000000000000000000000         0.00000000000000000000000000000000000         9.99999999999999999999999999999999807E-0002  0.900000000000000000000000000000000019        0.724999999999999999999999999999999981        0.275000000000000000000000000000000019        0.512000024318695068359375000000000000        0.425000011920928955078125000000000000         6.30000010132789611816406250000000000E-0002  0.870056494511586616800702331296776776        0.129943505488413383199297668703223248         0.00000000000000000000000000000000000        0.683022559859958444886526535977552353        0.167811590859605266884724425470909642        0.129098359310438402074632433326122454         2250.00000000000000000000000000000000        0.300000011920928955078125000000000000        -1.00000000000000000000000000000000000         4.50000000000000000000000000000000000         50.0000000000000000000000000000000000         1.23182147349788284002197732652705906         1.23232750811837663748922842513018431         1.23232750811837663748922842513018431         1.23232750811837663748922842513018431         1.23232750811837663748922842513018431         0.00000000000000000000000000000000000         4.10633226281262307651554353220600718E-0002   2346.74242567100952322165432340914948         12292.7206688919364772327566580061116      
   4.29700470432098797081550436783669861         0.00000000000000000000000000000000000         0.00000000000000000000000000000000000         9.99999999999999999999999999999999807E-0002  0.900000000000000000000000000000000019        0.724999999999999999999999999999999981        0.275000000000000000000000000000000019        0.512000024318695068359375000000000000        0.425000011920928955078125000000000000         6.30000010132789611816406250000000000E-0002  0.870056494511586616800702331296776776        0.129943505488413383199297668703223248         0.00000000000000000000000000000000000        0.683022559859958444886526535977552353        0.167811590859605266884724425470909642        0.129098359310438402074632433326122454         2250.00000000000000000000000000000000        0.300000011920928955078125000000000000        -1.00000000000000000000000000000000000         4.50000000000000000000000000000000000         50.0000000000000000000000000000000000         1.24539884983997079699182424512054913         1.24587248762323413394762883656926790         1.24587248762323413394762883656926790         1.24587248762323413394762883656926790         1.24587248762323413394762883656926790         0.00000000000000000000000000000000000         3.80165536977946617589449684087121021E-0002   2475.84951450704113349328554309243269         12474.6421453426674654302716985288049      
   4.50055767570065325107907567564988206         0.00000000000000000000000000000000000         0.00000000000000000000000000000000000         9.99999999999999999999999999999999807E-0002  0.900000000000000000000000000000000019        0.724999999999999999999999999999999981        0.275000000000000000000000000000000019        0.512000024318695068359375000000000000        0.425000011920928955078125000000000000         6.30000010132789611816406250000000000E-0002  0.870056494511586616800702331296776776        0.129943505488413383199297668703223248         0.00000000000000000000000000000000000        0.683022559859958444886526535977552353        0.167811590859605266884724425470909642        0.129098359310438402074632433326122454         2250.00000000000000000000000000000000        0.300000011920928955078125000000000000        -1.00000000000000000000000000000000000         4.50000000000000000000000000000000000         50.0000000000000000000000000000000000         1.25906169962975110308483798154308005         1.25980104055144333373790916064461518         1.25980104055144333373790916064461518         1.25980104055144333373790916064461518         1.25980104055144333373790916064461518         0.00000000000000000000000000000000000         5.86871178776455410587686170712577719E-0002   2613.33524926907175224149001424942561         12649.3487337555978484733598521299734      
   4.71375313411688746090811432995346639         0.00000000000000000000000000000000000         0.00000000000000000000000000000000000         9.99999999999999999999999999999999807E-0002  0.900000000000000000000000000000000019        0.724999999999999999999999999999999981        0.275000000000000000000000000000000019        0.512000024318695068359375000000000000        0.425000011920928955078125000000000000         6.30000010132789611816406250000000000E-0002  0.870056494511586616800702331296776776        0.129943505488413383199297668703223248         0.00000000000000000000000000000000000        0.683022559859958444886526535977552353        0.167811590859605266884724425470909642        0.129098359310438402074632433326122454         2250.00000000000000000000000000000000        0.300000011920928955078125000000000000        -1.00000000000000000000000000000000000         4.50000000000000000000000000000000000         50.0000000000000000000000000000000000         1.27281062206546342366511616764239226         1.27358269338433430536307138043210596         1.27358269338433430536307138043210596         1.27358269338433430536307138043210596         1.27358269338433430536307138043210596         0.00000000000000000000000000000000000         6.06220014516081799314293479124068482E-0002   2758.63320579852661043788425567105517         12841.6248041922154525398720465884174      
   4.93704785283917522455720499133271388         0.00000000000000000000000000000000000         0.00000000000000000000000000000000000         9.99999999999999999999999999999999807E-0002  0.900000000000000000000000000000000019        0.724999999999999999999999999999999981        0.275000000000000000000000000000000019        0.512000024318695068359375000000000000        0.425000011920928955078125000000000000         6.30000010132789611816406250000000000E-0002  0.870056494511586616800702331296776776        0.129943505488413383199297668703223248         0.00000000000000000000000000000000000        0.683022559859958444886526535977552353        0.167811590859605266884724425470909642        0.129098359310438402074632433326122454         2250.00000000000000000000000000000000        0.300000011920928955078125000000000000        -1.00000000000000000000000000000000000         4.50000000000000000000000000000000000         50.0000000000000000000000000000000000         1.28679171431254711367676879172251743         1.28656647823115046602124771706429128         1.28656647823115046602124771706429128         1.28656647823115046602124771706429128         1.28656647823115046602124771706429128         0.00000000000000000000000000000000000        -1.75067581199780570173951597315154496E-0002   2910.97711250551871859504540348719403         13020.8420524896597413754151376418528      
   5.17092024289694052668163232095138689         0.00000000000000000000000000000000000         0.00000000000000000000000000000000000         9.99999999999999999999999999999999807E-0002  0.900000000000000000000000000000000019        0.724999999999999999999999999999999981        0.275000000000000000000000000000000019        0.512000024318695068359375000000000000        0.425000011920928955078125000000000000         6.30000010132789611816406250000000000E-0002  0.870056494511586616800702331296776776        0.129943505488413383199297668703223248         0.00000000000000000000000000000000000        0.683022559859958444886526535977552353        0.167811590859605266884724425470909642        0.129098359310438402074632433326122454         2250.00000000000000000000000000000000        0.300000011920928955078125000000000000        -1.00000000000000000000000000000000000         4.50000000000000000000000000000000000         50.0000000000000000000000000000000000         1.30075475582490830667828565414981417         1.30060573063115764011921465163749959         1.30060573063115764011921465163749959         1.30060573063115764011921465163749959         1.30060573063115764011921465163749959         0.00000000000000000000000000000000000        -1.14581375616688731976569047444812886E-0002   3074.19082237176289127890912743117060         13195.9616880244514600702569907588204      
   5.41587137807966487084961468635563235         0.00000000000000000000000000000000000         0.00000000000000000000000000000000000         9.99999999999999999999999999999999807E-0002  0.900000000000000000000000000000000019        0.724999999999999999999999999999999981        0.275000000000000000000000000000000019        0.512000024318695068359375000000000000        0.425000011920928955078125000000000000         6.30000010132789611816406250000000000E-0002  0.870056494511586616800702331296776776        0.129943505488413383199297668703223248         0.00000000000000000000000000000000000        0.683022559859958444886526535977552353        0.167811590859605266884724425470909642        0.129098359310438402074632433326122454         2250.00000000000000000000000000000000        0.300000011920928955078125000000000000        -1.00000000000000000000000000000000000         4.50000000000000000000000000000000000         50.0000000000000000000000000000000000         1.31475504738056686339458573781624690         1.31423546100190581507394633637740421         1.31423546100190581507394633637740421         1.31423546100190581507394633637740421         1.31423546100190581507394633637740421         0.00000000000000000000000000000000000        -3.95352578802692078429008172576941446E-0002   3247.41644432468376465082764599578785         13368.2092186995624462529413645352065      
   5.67242606849218144376540893055636070         0.00000000000000000000000000000000000         0.00000000000000000000000000000000000         9.99999999999999999999999999999999807E-0002  0.900000000000000000000000000000000019        0.724999999999999999999999999999999981        0.275000000000000000000000000000000019        0.512000024318695068359375000000000000        0.425000011920928955078125000000000000         6.30000010132789611816406250000000000E-0002  0.870056494511586616800702331296776776        0.129943505488413383199297668703223248         0.00000000000000000000000000000000000        0.683022559859958444886526535977552353        0.167811590859605266884724425470909642        0.129098359310438402074632433326122454         2250.00000000000000000000000000000000        0.300000011920928955078125000000000000        -1.00000000000000000000000000000000000         4.50000000000000000000000000000000000         50.0000000000000000000000000000000000         1.32866481880972008794345779665841124         1.32750105721703469397219015683542416         1.32750105721703469397219015683542416         1.32750105721703469397219015683542416         1.32750105721703469397219015683542416         0.00000000000000000000000000000000000        -8.76655868828531737325400081492214085E-0002   3433.20245527741904001417074660399991         13529.7139760671292908111855875172318      
   5.94113398496524757317294119695305884         0.00000000000000000000000000000000000         0.00000000000000000000000000000000000         9.99999999999999999999999999999999807E-0002  0.900000000000000000000000000000000019        0.724999999999999999999999999999999981        0.275000000000000000000000000000000019        0.512000024318695068359375000000000000        0.425000011920928955078125000000000000         6.30000010132789611816406250000000000E-0002  0.870056494511586616800702331296776776        0.129943505488413383199297668703223248         0.00000000000000000000000000000000000        0.683022559859958444886526535977552353        0.167811590859605266884724425470909642        0.129098359310438402074632433326122454         2250.00000000000000000000000000000000        0.300000011920928955078125000000000000        -1.00000000000000000000000000000000000         4.50000000000000000000000000000000000         50.0000000000000000000000000000000000         1.34283488385494992878157121652584996         1.34198965493068750412425999329021141         1.34198965493068750412425999329021141         1.34198965493068750412425999329021141         1.34198965493068750412425999329021141         0.00000000000000000000000000000000000        -6.29832667604341504023706861338182176E-0002   3626.54340479425969044962591099510976         13702.8945133902642483390132586495867      
   6.22257083673045567818932634861224246         0.00000000000000000000000000000000000         0.00000000000000000000000000000000000         9.99999999999999999999999999999999807E-0002  0.900000000000000000000000000000000019        0.724999999999999999999999999999999981        0.275000000000000000000000000000000019        0.512000024318695068359375000000000000        0.425000011920928955078125000000000000         6.30000010132789611816406250000000000E-0002  0.870056494511586616800702331296776776        0.129943505488413383199297668703223248         0.00000000000000000000000000000000000        0.683022559859958444886526535977552353        0.167811590859605266884724425470909642        0.129098359310438402074632433326122454         2250.00000000000000000000000000000000        0.300000011920928955078125000000000000        -1.00000000000000000000000000000000000         4.50000000000000000000000000000000000         50.0000000000000000000000000000000000         1.35702847050170852482162957236214460         1.35608545810444416091644692327582563         1.35608545810444416091644692327582563         1.35608545810444416091644692327582563         1.35608545810444416091644692327582563         0.00000000000000000000000000000000000        -6.95393045938653640508586722037708583E-0002   3833.77194622452757871463664150173232         13865.1144007723199244301323858557767      
   6.51733960488266225567076642791935208         0.00000000000000000000000000000000000         0.00000000000000000000000000000000000         9.99999999999999999999999999999999807E-0002  0.900000000000000000000000000000000019        0.724999999999999999999999999999999981        0.275000000000000000000000000000000019        0.512000024318695068359375000000000000        0.425000011920928955078125000000000000         6.30000010132789611816406250000000000E-0002  0.870056494511586616800702331296776776        0.129943505488413383199297668703223248         0.00000000000000000000000000000000000        0.683022559859958444886526535977552353        0.167811590859605266884724425470909642        0.129098359310438402074632433326122454         2250.00000000000000000000000000000000        0.300000011920928955078125000000000000        -1.00000000000000000000000000000000000         4.50000000000000000000000000000000000         50.0000000000000000000000000000000000         1.37130875426188754061199201343932282         1.37012096678531284174783275424937553         1.37012096678531284174783275424937553         1.37012096678531284174783275424937553         1.37012096678531284174783275424937553         0.00000000000000000000000000000000000        -8.66921611572429722094117309577904180E-0002   4054.24727087706180609390090811198260         14025.0248433480411371002576307731776      
   6.82607183427263972690668329495824292         0.00000000000000000000000000000000000         0.00000000000000000000000000000000000         9.99999999999999999999999999999999807E-0002  0.900000000000000000000000000000000019        0.724999999999999999999999999999999981        0.275000000000000000000000000000000019        0.512000024318695068359375000000000000        0.425000011920928955078125000000000000         6.30000010132789611816406250000000000E-0002  0.870056494511586616800702331296776776        0.129943505488413383199297668703223248         0.00000000000000000000000000000000000        0.683022559859958444886526535977552353        0.167811590859605266884724425470909642        0.129098359310438402074632433326122454         2250.00000000000000000000000000000000        0.300000011920928955078125000000000000        -1.00000000000000000000000000000000000         4.50000000000000000000000000000000000         50.0000000000000000000000000000000000         1.38559203001085309839772006076387401         1.38541618393734483330978849103877829         1.38541618393734483330978849103877829         1.38541618393734483330978849103877829         1.38541618393734483330978849103877829         0.00000000000000000000000000000000000        -1.26926533374622171324055625118225708E-0002   4287.87186978582532490720008509882882         14178.5535345800082436336861760303061      
   7.14942898659784326950660524938800231         0.00000000000000000000000000000000000         0.00000000000000000000000000000000000         9.99999999999999999999999999999999807E-0002  0.900000000000000000000000000000000019        0.724999999999999999999999999999999981        0.275000000000000000000000000000000019        0.512000024318695068359375000000000000        0.425000011920928955078125000000000000         6.30000010132789611816406250000000000E-0002  0.870056494511586616800702331296776776        0.129943505488413383199297668703223248         0.00000000000000000000000000000000000        0.683022559859958444886526535977552353        0.167811590859605266884724425470909642        0.129098359310438402074632433326122454         2250.00000000000000000000000000000000        0.300000011920928955078125000000000000        -1.00000000000000000000000000000000000         4.50000000000000000000000000000000000         50.0000000000000000000000000000000000         1.39996188271649952532670793144210810         1.40050404183693765288442797900606588         1.40050404183693765288442797900606588         1.40050404183693765288442797900606588         1.40050404183693765288442797900606588         0.00000000000000000000000000000000000         3.87117140859527620925832105144185534E-0002   4537.35643328613444971626496789161583         14326.0440830860528762048200578718595      
   7.48810385759030229475404929283587874         0.00000000000000000000000000000000000         0.00000000000000000000000000000000000         9.99999999999999999999999999999999807E-0002  0.900000000000000000000000000000000019        0.724999999999999999999999999999999981        0.275000000000000000000000000000000019        0.512000024318695068359375000000000000        0.425000011920928955078125000000000000         6.30000010132789611816406250000000000E-0002  0.870056494511586616800702331296776776        0.129943505488413383199297668703223248         0.00000000000000000000000000000000000        0.683022559859958444886526535977552353        0.167811590859605266884724425470909642        0.129098359310438402074632433326122454         2250.00000000000000000000000000000000        0.300000011920928955078125000000000000        -1.00000000000000000000000000000000000         4.50000000000000000000000000000000000         50.0000000000000000000000000000000000         1.41454603807369834981914175188493336         1.41424703626779513140658440801905973         1.41424703626779513140658440801905973         1.41424703626779513140658440801905973         1.41424703626779513140658440801905973         0.00000000000000000000000000000000000        -2.11421200282155545875682656155179807E-0002   4799.87188993712224290042916142332347         14481.6525421161568073798590567476231      
   7.84282206133797492150195102086104320         0.00000000000000000000000000000000000         0.00000000000000000000000000000000000         9.99999999999999999999999999999999807E-0002  0.900000000000000000000000000000000019        0.724999999999999999999999999999999981        0.275000000000000000000000000000000019        0.512000024318695068359375000000000000        0.425000011920928955078125000000000000         6.30000010132789611816406250000000000E-0002  0.870056494511586616800702331296776776        0.129943505488413383199297668703223248         0.00000000000000000000000000000000000        0.683022559859958444886526535977552353        0.167811590859605266884724425470909642        0.129098359310438402074632433326122454         2250.00000000000000000000000000000000        0.300000011920928955078125000000000000        -1.00000000000000000000000000000000000         4.50000000000000000000000000000000000         50.0000000000000000000000000000000000         1.42944438029932493531966738125856191         1.42918871643574931244148055834072659         1.42918871643574931244148055834072659         1.42918871643574931244148055834072659         1.42918871643574931244148055834072659         0.00000000000000000000000000000000000        -1.78887406985147798765999673613985652E-0002   5078.53440191316227843416168127124485         14720.5491750220404932537406279302375      
   8.21434358491973787188331079880935809         0.00000000000000000000000000000000000         0.00000000000000000000000000000000000         9.99999999999999999999999999999999807E-0002  0.900000000000000000000000000000000019        0.724999999999999999999999999999999981        0.275000000000000000000000000000000019        0.512000024318695068359375000000000000        0.425000011920928955078125000000000000         6.30000010132789611816406250000000000E-0002  0.870056494511586616800702331296776776        0.129943505488413383199297668703223248         0.00000000000000000000000000000000000        0.683022559859958444886526535977552353        0.167811590859605266884724425470909642        0.129098359310438402074632433326122454         2250.00000000000000000000000000000000        0.300000011920928955078125000000000000        -1.00000000000000000000000000000000000         4.50000000000000000000000000000000000         50.0000000000000000000000000000000000         1.44444389839748486244994348929473466         1.44447541707330216562441007397667779         1.44447541707330216562441007397667779         1.44447541707330216562441007397667779         1.44447541707330216562441007397667779         0.00000000000000000000000000000000000         2.18201538390761758016977126472608354E-0003   5374.64740337863066784718657128314501         14970.9404833872809347318972851675672      
   8.60346441668483183756181982790961157         0.00000000000000000000000000000000000         0.00000000000000000000000000000000000         9.99999999999999999999999999999999807E-0002  0.900000000000000000000000000000000019        0.724999999999999999999999999999999981        0.275000000000000000000000000000000019        0.512000024318695068359375000000000000        0.425000011920928955078125000000000000         6.30000010132789611816406250000000000E-0002  0.870056494511586616800702331296776776        0.129943505488413383199297668703223248         0.00000000000000000000000000000000000        0.683022559859958444886526535977552353        0.167811590859605266884724425470909642        0.129098359310438402074632433326122454         2250.00000000000000000000000000000000        0.300000011920928955078125000000000000        -1.00000000000000000000000000000000000         4.50000000000000000000000000000000000         50.0000000000000000000000000000000000         1.45952656698701757926845849271244730         1.45913141488018093340765921618453690         1.45913141488018093340765921618453690         1.45913141488018093340765921618453690         1.45913141488018093340765921618453690         0.00000000000000000000000000000000000        -2.70813240539471525600429259080948824E-0002   5689.44340464917058825562883076188466         15220.4706575852853463558198942281934      
   9.01101825166536630189666009569239489         0.00000000000000000000000000000000000         0.00000000000000000000000000000000000         9.99999999999999999999999999999999807E-0002  0.900000000000000000000000000000000019        0.724999999999999999999999999999999981        0.275000000000000000000000000000000019        0.512000024318695068359375000000000000        0.425000011920928955078125000000000000         6.30000010132789611816406250000000000E-0002  0.870056494511586616800702331296776776        0.129943505488413383199297668703223248         0.00000000000000000000000000000000000        0.683022559859958444886526535977552353        0.167811590859605266884724425470909642        0.129098359310438402074632433326122454         2250.00000000000000000000000000000000        0.300000011920928955078125000000000000        -1.00000000000000000000000000000000000         4.50000000000000000000000000000000000         50.0000000000000000000000000000000000         1.47463903904512112618990048698886705         1.47472382806094852047480644084538447         1.47472382806094852047480644084538447         1.47472382806094852047480644084538447         1.47472382806094852047480644084538447         0.00000000000000000000000000000000000         5.74948435863274457476500368945912073E-0003   6024.63741907600314468939208411291735         15469.0743446917370152586031437783824      
   9.43787827777574610680776305101093867         0.00000000000000000000000000000000000         0.00000000000000000000000000000000000         9.99999999999999999999999999999999807E-0002  0.900000000000000000000000000000000019        0.724999999999999999999999999999999981        0.275000000000000000000000000000000019        0.512000024318695068359375000000000000        0.425000011920928955078125000000000000         6.30000010132789611816406250000000000E-0002  0.870056494511586616800702331296776776        0.129943505488413383199297668703223248         0.00000000000000000000000000000000000        0.683022559859958444886526535977552353        0.167811590859605266884724425470909642        0.129098359310438402074632433326122454         2250.00000000000000000000000000000000        0.300000011920928955078125000000000000        -1.00000000000000000000000000000000000         4.50000000000000000000000000000000000         50.0000000000000000000000000000000000         1.48984994500222409636130647988644802         1.48954847526712217993293089370281997         1.48954847526712217993293089370281997         1.48954847526712217993293089370281997         1.48954847526712217993293089370281997         0.00000000000000000000000000000000000        -2.02390012884846575360450753198812758E-0002   6380.55942318223139644584799139129789         15716.7604421370973033788164638302780      
   9.88495904662596879076778864032827051         0.00000000000000000000000000000000000         0.00000000000000000000000000000000000         9.99999999999999999999999999999999807E-0002  0.900000000000000000000000000000000019        0.724999999999999999999999999999999981        0.275000000000000000000000000000000019        0.512000024318695068359375000000000000        0.425000011920928955078125000000000000         6.30000010132789611816406250000000000E-0002  0.870056494511586616800702331296776776        0.129943505488413383199297668703223248         0.00000000000000000000000000000000000        0.683022559859958444886526535977552353        0.167811590859605266884724425470909642        0.129098359310438402074632433326122454         2250.00000000000000000000000000000000        0.300000011920928955078125000000000000        -1.00000000000000000000000000000000000         4.50000000000000000000000000000000000         50.0000000000000000000000000000000000         1.50512538213200556263026330385467217         1.50487313509562624317196910593259732         1.50487313509562624317196910593259732         1.50487313509562624317196910593259732         1.50487313509562624317196910593259732         0.00000000000000000000000000000000000        -1.67620133881445477868227609138016209E-0002   6759.60121983699812580127749226515823         15962.3265680794953867297587678790788      
   10.3532184329570277361739405380354267         0.00000000000000000000000000000000000         0.00000000000000000000000000000000000         9.99999999999999999999999999999999807E-0002  0.900000000000000000000000000000000019        0.724999999999999999999999999999999981        0.275000000000000000000000000000000019        0.512000024318695068359375000000000000        0.425000011920928955078125000000000000         6.30000010132789611816406250000000000E-0002  0.870056494511586616800702331296776776        0.129943505488413383199297668703223248         0.00000000000000000000000000000000000        0.683022559859958444886526535977552353        0.167811590859605266884724425470909642        0.129098359310438402074632433326122454         2250.00000000000000000000000000000000        0.300000011920928955078125000000000000        -1.00000000000000000000000000000000000         4.50000000000000000000000000000000000         50.0000000000000000000000000000000000         1.52044349530673182855267618081216708         1.52011082585229869656719695268530431         1.52011082585229869656719695268530431         1.52011082585229869656719695268530431         1.52011082585229869656719695268530431         0.00000000000000000000000000000000000        -2.18845526770464402332770513325640328E-0002   7162.99341251155088470311948663012902         16205.3662056470913395143396812614435      
   10.8436596868965298573473131194133672         0.00000000000000000000000000000000000         0.00000000000000000000000000000000000         9.99999999999999999999999999999999807E-0002  0.900000000000000000000000000000000019        0.724999999999999999999999999999999981        0.275000000000000000000000000000000019        0.512000024318695068359375000000000000        0.425000011920928955078125000000000000         6.30000010132789611816406250000000000E-0002  0.870056494511586616800702331296776776        0.129943505488413383199297668703223248         0.00000000000000000000000000000000000        0.683022559859958444886526535977552353        0.167811590859605266884724425470909642        0.129098359310438402074632433326122454         2250.00000000000000000000000000000000        0.300000011920928955078125000000000000        -1.00000000000000000000000000000000000         4.50000000000000000000000000000000000         50.0000000000000000000000000000000000         1.53583145129898971438362656917199626         1.53560982470139737776852216640414802         1.53560982470139737776852216640414802         1.53560982470139737776852216640414802         1.53560982470139737776852216640414802         0.00000000000000000000000000000000000        -1.44324810917012973720251536404645904E-0002   7592.34588508881675883855965514089216         16445.9435714502130149818329916302127      
   11.3573335834315047407380755747457535         0.00000000000000000000000000000000000         0.00000000000000000000000000000000000         9.99999999999999999999999999999999807E-0002  0.900000000000000000000000000000000019        0.724999999999999999999999999999999981        0.275000000000000000000000000000000019        0.512000024318695068359375000000000000        0.425000011920928955078125000000000000         6.30000010132789611816406250000000000E-0002  0.870056494511586616800702331296776776        0.129943505488413383199297668703223248         0.00000000000000000000000000000000000        0.683022559859958444886526535977552353        0.167811590859605266884724425470909642        0.129098359310438402074632433326122454         2250.00000000000000000000000000000000        0.300000011920928955078125000000000000        -1.00000000000000000000000000000000000         4.50000000000000000000000000000000000         50.0000000000000000000000000000000000         1.55129419055791763276785433564121884         1.55102201884488470795700098350993678         1.55102201884488470795700098350993678         1.55102201884488470795700098350993678         1.55102201884488470795700098350993678         0.00000000000000000000000000000000000        -1.75478948542344503752590694554329816E-0002   8049.35008743178951950846453108176624         16683.3574259874411984296593960373039      
   11.8953406737036708935232311939754483         0.00000000000000000000000000000000000         0.00000000000000000000000000000000000         9.99999999999999999999999999999999807E-0002  0.900000000000000000000000000000000019        0.724999999999999999999999999999999981        0.275000000000000000000000000000000019        0.512000024318695068359375000000000000        0.425000011920928955078125000000000000         6.30000010132789611816406250000000000E-0002  0.870056494511586616800702331296776776        0.129943505488413383199297668703223248         0.00000000000000000000000000000000000        0.683022559859958444886526535977552353        0.167811590859605266884724425470909642        0.129098359310438402074632433326122454         2250.00000000000000000000000000000000        0.300000011920928955078125000000000000        -1.00000000000000000000000000000000000         4.50000000000000000000000000000000000         50.0000000000000000000000000000000000         1.56677519806562539951303183499240457         1.56701178660826787319073599341018444         1.56701178660826787319073599341018444         1.56701178660826787319073599341018444         1.56701178660826787319073599341018444         0.00000000000000000000000000000000000         1.50980703951538093931551445109352892E-0002   8536.82313698381526141062690871369258         16916.3247154209472388628739601824184      
   12.4588336429505803262590704440291315         0.00000000000000000000000000000000000         0.00000000000000000000000000000000000         9.99999999999999999999999999999999807E-0002  0.900000000000000000000000000000000019        0.724999999999999999999999999999999981        0.275000000000000000000000000000000019        0.512000024318695068359375000000000000        0.425000011920928955078125000000000000         6.30000010132789611816406250000000000E-0002  0.870056494511586616800702331296776776        0.129943505488413383199297668703223248         0.00000000000000000000000000000000000        0.683022559859958444886526535977552353        0.167811590859605266884724425470909642        0.129098359310438402074632433326122454         2250.00000000000000000000000000000000        0.300000011920928955078125000000000000        -1.00000000000000000000000000000000000         4.50000000000000000000000000000000000         50.0000000000000000000000000000000000         1.58242167250078151215022001402976007         1.58218196631044870370650471643813834         1.58218196631044870370650471643813834         1.58218196631044870370650471643813834         1.58218196631044870370650471643813834         0.00000000000000000000000000000000000        -1.51503553596801874996369089829369544E-0002   9053.96459269020307090643377257835713         17144.7270468012847293642667075918442      
   13.0490197801445524899467209692621793         0.00000000000000000000000000000000000         0.00000000000000000000000000000000000         9.99999999999999999999999999999999807E-0002  0.900000000000000000000000000000000019        0.724999999999999999999999999999999981        0.275000000000000000000000000000000019        0.512000024318695068359375000000000000        0.425000011920928955078125000000000000         6.30000010132789611816406250000000000E-0002  0.870056494511586616800702331296776776        0.129943505488413383199297668703223248         0.00000000000000000000000000000000000        0.683022559859958444886526535977552353        0.167811590859605266884724425470909642        0.129098359310438402074632433326122454         2250.00000000000000000000000000000000        0.300000011920928955078125000000000000        -1.00000000000000000000000000000000000         4.50000000000000000000000000000000000         50.0000000000000000000000000000000000         1.59802342742032730512167398880669983         1.59815823188772487977143878570042002         1.59815823188772487977143878570042002         1.59815823188772487977143878570042002         1.59815823188772487977143878570042002         0.00000000000000000000000000000000000         8.43498877068919941266202669399456534E-0003   9608.67389448174223047182272329864348         17205.2035021861912549414449320315247      
   13.6671635646206221493148154813537214         0.00000000000000000000000000000000000         0.00000000000000000000000000000000000         9.99999999999999999999999999999999807E-0002  0.900000000000000000000000000000000019        0.724999999999999999999999999999999981        0.275000000000000000000000000000000019        0.512000024318695068359375000000000000        0.425000011920928955078125000000000000         6.30000010132789611816406250000000000E-0002  0.870056494511586616800702331296776776        0.129943505488413383199297668703223248         0.00000000000000000000000000000000000        0.683022559859958444886526535977552353        0.167811590859605266884724425470909642        0.129098359310438402074632433326122454         2250.00000000000000000000000000000000        0.300000011920928955078125000000000000        -1.00000000000000000000000000000000000         4.50000000000000000000000000000000000         50.0000000000000000000000000000000000         1.61378131246690745794957844486926080         1.61334432039453250285836315933763960         1.61334432039453250285836315933763960         1.61334432039453250285836315933763960         1.61334432039453250285836315933763960         0.00000000000000000000000000000000000        -2.70861010170532982659250689194330577E-0002   10197.6467385711832834529530944233784         17258.0907055790589340996553049438711      
   14.3145893752353758338684692231306029         0.00000000000000000000000000000000000         0.00000000000000000000000000000000000         9.99999999999999999999999999999999807E-0002  0.900000000000000000000000000000000019        0.724999999999999999999999999999999981        0.275000000000000000000000000000000019        0.512000024318695068359375000000000000        0.425000011920928955078125000000000000         6.30000010132789611816406250000000000E-0002  0.870056494511586616800702331296776776        0.129943505488413383199297668703223248         0.00000000000000000000000000000000000        0.683022559859958444886526535977552353        0.167811590859605266884724425470909642        0.129098359310438402074632433326122454         2250.00000000000000000000000000000000        0.300000011920928955078125000000000000        -1.00000000000000000000000000000000000         4.50000000000000000000000000000000000         50.0000000000000000000000000000000000         1.62954020822176287924436678421554509         1.62960131269316966136006907377541965         1.62960131269316966136006907377541965         1.62960131269316966136006907377541965         1.62960131269316966136006907377541965         0.00000000000000000000000000000000000         3.74965771878260650239599679686380666E-0003   10826.4138677916968840186637733839058         17310.0562562290867635570829749172245      
   14.9926843278610750864026478869771275         0.00000000000000000000000000000000000         0.00000000000000000000000000000000000         9.99999999999999999999999999999999807E-0002  0.900000000000000000000000000000000019        0.724999999999999999999999999999999981        0.275000000000000000000000000000000019        0.512000024318695068359375000000000000        0.425000011920928955078125000000000000         6.30000010132789611816406250000000000E-0002  0.870056494511586616800702331296776776        0.129943505488413383199297668703223248         0.00000000000000000000000000000000000        0.683022559859958444886526535977552353        0.167811590859605266884724425470909642        0.129098359310438402074632433326122454         2250.00000000000000000000000000000000        0.300000011920928955078125000000000000        -1.00000000000000000000000000000000000         4.50000000000000000000000000000000000         50.0000000000000000000000000000000000         1.64530914762155605316437020815940710         1.64559815187578259710042327352048411         1.64559815187578259710042327352048411         1.64559815187578259710042327352048411         1.64559815187578259710042327352048411         0.00000000000000000000000000000000000         1.75622617160279432209244428454416830E-0002   11496.8341655514504244423454412905449         17357.2210158203611980316532483316185      
   15.7029012472944242844593367399923914         0.00000000000000000000000000000000000         0.00000000000000000000000000000000000         9.99999999999999999999999999999999807E-0002  0.900000000000000000000000000000000019        0.724999999999999999999999999999999981        0.275000000000000000000000000000000019        0.512000024318695068359375000000000000        0.425000011920928955078125000000000000         6.30000010132789611816406250000000000E-0002  0.870056494511586616800702331296776776        0.129943505488413383199297668703223248         0.00000000000000000000000000000000000        0.683022559859958444886526535977552353        0.167811590859605266884724425470909642        0.129098359310438402074632433326122454         2250.00000000000000000000000000000000        0.300000011920928955078125000000000000        -1.00000000000000000000000000000000000         4.50000000000000000000000000000000000         50.0000000000000000000000000000000000         1.66119276815876927247934077135292241         1.66135496372663753544357347526902279         1.66135496372663753544357347526902279         1.66135496372663753544357347526902279         1.66135496372663753544357347526902279         0.00000000000000000000000000000000000         9.76284848268891243737193414862291134E-0003   12208.5716150510845748675391749840098         17404.3716450338105185493941746000898      
   16.4467617799473254470491446022305387         0.00000000000000000000000000000000000         0.00000000000000000000000000000000000         9.99999999999999999999999999999999807E-0002  0.900000000000000000000000000000000019        0.724999999999999999999999999999999981        0.275000000000000000000000000000000019        0.512000024318695068359375000000000000        0.425000011920928955078125000000000000         6.30000010132789611816406250000000000E-0002  0.870056494511586616800702331296776776        0.129943505488413383199297668703223248         0.00000000000000000000000000000000000        0.683022559859958444886526535977552353        0.167811590859605266884724425470909642        0.129098359310438402074632433326122454         2250.00000000000000000000000000000000        0.300000011920928955078125000000000000        -1.00000000000000000000000000000000000         4.50000000000000000000000000000000000         50.0000000000000000000000000000000000         1.67704411761019240579744877948543423         1.67742197492434233623446778867691498         1.67742197492434233623446778867691498         1.67742197492434233623446778867691498         1.67742197492434233623446778867691498         0.00000000000000000000000000000000000         2.25260739276396530032795126501709922E-0002   12970.8559559124137808356189036143311         17456.3300841912228131539457230957235      
   17.2258596539885891666448939958271182         0.00000000000000000000000000000000000         0.00000000000000000000000000000000000         9.99999999999999999999999999999999807E-0002  0.900000000000000000000000000000000019        0.724999999999999999999999999999999981        0.275000000000000000000000000000000019        0.512000024318695068359375000000000000        0.425000011920928955078125000000000000         6.30000010132789611816406250000000000E-0002  0.870056494511586616800702331296776776        0.129943505488413383199297668703223248         0.00000000000000000000000000000000000        0.683022559859958444886526535977552353        0.167811590859605266884724425470909642        0.129098359310438402074632433326122454         2250.00000000000000000000000000000000        0.300000011920928955078125000000000000        -1.00000000000000000000000000000000000         4.50000000000000000000000000000000000         50.0000000000000000000000000000000000         1.69309794530977667068661053497390433         1.69340266408592215448588448085241390         1.69340266408592215448588448085241390         1.69340266408592215448588448085241390         1.69340266408592215448588448085241390         0.00000000000000000000000000000000000         1.79944665617948127850476627021798229E-0002   13777.7896101635955364961049407757823         17495.1852121601927524489228196733222      
   18.0418640939214858630807661830989717         0.00000000000000000000000000000000000         0.00000000000000000000000000000000000         9.99999999999999999999999999999999807E-0002  0.900000000000000000000000000000000019        0.724999999999999999999999999999999981        0.275000000000000000000000000000000019        0.512000024318695068359375000000000000        0.425000011920928955078125000000000000         6.30000010132789611816406250000000000E-0002  0.870056494511586616800702331296776776        0.129943505488413383199297668703223248         0.00000000000000000000000000000000000        0.683022559859958444886526535977552353        0.167811590859605266884724425470909642        0.129098359310438402074632433326122454         2250.00000000000000000000000000000000        0.300000011920928955078125000000000000        -1.00000000000000000000000000000000000         4.50000000000000000000000000000000000         50.0000000000000000000000000000000000         1.70917809384153178548920491864727572         1.70888784512485874630351759996560320         1.70888784512485874630351759996560320         1.70888784512485874630351759996560320         1.70888784512485874630351759996560320         0.00000000000000000000000000000000000        -1.69846556929446916117036873143028877E-0002   14638.1031902111174704072285297189316         17542.8079886333142811093760689749580      
   18.8965233969129017925278720876753030         0.00000000000000000000000000000000000         0.00000000000000000000000000000000000         9.99999999999999999999999999999999807E-0002  0.900000000000000000000000000000000019        0.724999999999999999999999999999999981        0.275000000000000000000000000000000019        0.512000024318695068359375000000000000        0.425000011920928955078125000000000000         6.30000010132789611816406250000000000E-0002  0.870056494511586616800702331296776776        0.129943505488413383199297668703223248         0.00000000000000000000000000000000000        0.683022559859958444886526535977552353        0.167811590859605266884724425470909642        0.129098359310438402074632433326122454         2250.00000000000000000000000000000000        0.300000011920928955078125000000000000        -1.00000000000000000000000000000000000         4.50000000000000000000000000000000000         50.0000000000000000000000000000000000         1.72525206303093361107558505430087725         1.72554071068514030364552324360207920         1.72554071068514030364552324360207920         1.72554071068514030364552324360207920         1.72554071068514030364552324360207920         0.00000000000000000000000000000000000         1.67279538766768716777387596845039676E-0002   15558.7994488154376391835981720079834         17588.5187691796821323724713743290160      
   19.7916686785364185751762295282302534         0.00000000000000000000000000000000000         0.00000000000000000000000000000000000         9.99999999999999999999999999999999807E-0002  0.900000000000000000000000000000000019        0.724999999999999999999999999999999981        0.275000000000000000000000000000000019        0.512000024318695068359375000000000000        0.425000011920928955078125000000000000         6.30000010132789611816406250000000000E-0002  0.870056494511586616800702331296776776        0.129943505488413383199297668703223248         0.00000000000000000000000000000000000        0.683022559859958444886526535977552353        0.167811590859605266884724425470909642        0.129098359310438402074632433326122454         2250.00000000000000000000000000000000        0.300000011920928955078125000000000000        -1.00000000000000000000000000000000000         4.50000000000000000000000000000000000         50.0000000000000000000000000000000000         1.74146757466383791507595131257538165         1.74097981036770629899540585398188192         1.74097981036770629899540585398188192         1.74097981036770629899540585398188192         1.74097981036770629899540585398188192         0.00000000000000000000000000000000000        -2.80166543705407518572664305951819255E-0002   16535.5574075975349844536802544330998         17632.7112479024383316116685417325369      
   20.7292177959546059255378205487295255         0.00000000000000000000000000000000000         0.00000000000000000000000000000000000         9.99999999999999999999999999999999807E-0002  0.900000000000000000000000000000000019        0.724999999999999999999999999999999981        0.275000000000000000000000000000000019        0.512000024318695068359375000000000000        0.425000011920928955078125000000000000         6.30000010132789611816406250000000000E-0002  0.870056494511586616800702331296776776        0.129943505488413383199297668703223248         0.00000000000000000000000000000000000        0.683022559859958444886526535977552353        0.167811590859605266884724425470909642        0.129098359310438402074632433326122454         2250.00000000000000000000000000000000        0.300000011920928955078125000000000000        -1.00000000000000000000000000000000000         4.50000000000000000000000000000000000         50.0000000000000000000000000000000000         1.75766640890500109455551703004092794         1.75795339497067386622466950877476209         1.75795339497067386622466950877476209         1.75795339497067386622466950877476209         1.75795339497067386622466950877476209         0.00000000000000000000000000000000000         1.63250098946769384289068500662443936E-0002   17581.5734499202448588036840996428806         17678.6804529687691028342841754086407      
   21.7111794569459824479971497798839502         0.00000000000000000000000000000000000         0.00000000000000000000000000000000000         9.99999999999999999999999999999999807E-0002  0.900000000000000000000000000000000019        0.724999999999999999999999999999999981        0.275000000000000000000000000000000019        0.512000024318695068359375000000000000        0.425000011920928955078125000000000000         6.30000010132789611816406250000000000E-0002  0.870056494511586616800702331296776776        0.129943505488413383199297668703223248         0.00000000000000000000000000000000000        0.683022559859958444886526535977552353        0.167811590859605266884724425470909642        0.129098359310438402074632433326122454         2250.00000000000000000000000000000000        0.300000011920928955078125000000000000        -1.00000000000000000000000000000000000         4.50000000000000000000000000000000000         50.0000000000000000000000000000000000         1.77403764817976994892276788214135730         1.77351597052574746586477903631726082         1.77351597052574746586477903631726082         1.77351597052574746586477903631726082         1.77351597052574746586477903631726082         0.00000000000000000000000000000000000        -2.94148833555660090368330232948252998E-0002   18690.7261874044520888198877208300293         17722.3000309511990233376630730968577      
   22.7396575235802733048359620889347810         0.00000000000000000000000000000000000         0.00000000000000000000000000000000000         9.99999999999999999999999999999999807E-0002  0.900000000000000000000000000000000019        0.724999999999999999999999999999999981        0.275000000000000000000000000000000019        0.512000024318695068359375000000000000        0.425000011920928955078125000000000000         6.30000010132789611816406250000000000E-0002  0.870056494511586616800702331296776776        0.129943505488413383199297668703223248         0.00000000000000000000000000000000000        0.683022559859958444886526535977552353        0.167811590859605266884724425470909642        0.129098359310438402074632433326122454         2250.00000000000000000000000000000000        0.300000011920928955078125000000000000        -1.00000000000000000000000000000000000         4.50000000000000000000000000000000000         50.0000000000000000000000000000000000         1.79039426482568555060696684835903778         1.79057867301050744677993140343873194         1.79057867301050744677993140343873194         1.79057867301050744677993140343873194         1.79057867301050744677993140343873194         0.00000000000000000000000000000000000         1.02988038225569791333000180384605707E-0002   19877.2086385506247955822672165693286         17767.3051495727300537135602158854863      
   23.8168555197626293658587845572158158         0.00000000000000000000000000000000000         0.00000000000000000000000000000000000         9.99999999999999999999999999999999807E-0002  0.900000000000000000000000000000000019        0.724999999999999999999999999999999981        0.275000000000000000000000000000000019        0.512000024318695068359375000000000000        0.425000011920928955078125000000000000         6.30000010132789611816406250000000000E-0002  0.870056494511586616800702331296776776        0.129943505488413383199297668703223248         0.00000000000000000000000000000000000        0.683022559859958444886526535977552353        0.167811590859605266884724425470909642        0.129098359310438402074632433326122454         2250.00000000000000000000000000000000        0.300000011920928955078125000000000000        -1.00000000000000000000000000000000000         4.50000000000000000000000000000000000         50.0000000000000000000000000000000000         1.80678875094070062176155630990479988         1.80716687996215094315357575200083260         1.80716687996215094315357575200083260         1.80716687996215094315357575200083260         1.80716687996215094315357575200083260         0.00000000000000000000000000000000000         2.09238574280556134755995322233924534E-0002   21143.7608510904132454766434174433851         17812.4341063701191520260457915565467      
   24.9450813523042636110632071495682141         0.00000000000000000000000000000000000         0.00000000000000000000000000000000000         9.99999999999999999999999999999999807E-0002  0.900000000000000000000000000000000019        0.724999999999999999999999999999999981        0.275000000000000000000000000000000019        0.512000024318695068359375000000000000        0.425000011920928955078125000000000000         6.30000010132789611816406250000000000E-0002  0.870056494511586616800702331296776776        0.129943505488413383199297668703223248         0.00000000000000000000000000000000000        0.683022559859958444886526535977552353        0.167811590859605266884724425470909642        0.129098359310438402074632433326122454         2250.00000000000000000000000000000000        0.300000011920928955078125000000000000        -1.00000000000000000000000000000000000         4.50000000000000000000000000000000000         50.0000000000000000000000000000000000         1.82335715602911400992629943737227861         1.82291489036748135461742590092215942         1.82291489036748135461742590092215942         1.82291489036748135461742590092215942         1.82291489036748135461742590092215942         0.00000000000000000000000000000000000        -2.42614542220069851011320947072809598E-0002   22486.3148793516003923141065825576194         17859.8654602055449118050511190038074      
   26.1267522556344429096957856567219458         0.00000000000000000000000000000000000         0.00000000000000000000000000000000000         9.99999999999999999999999999999999807E-0002  0.900000000000000000000000000000000019        0.724999999999999999999999999999999981        0.275000000000000000000000000000000019        0.512000024318695068359375000000000000        0.425000011920928955078125000000000000         6.30000010132789611816406250000000000E-0002  0.870056494511586616800702331296776776        0.129943505488413383199297668703223248         0.00000000000000000000000000000000000        0.683022559859958444886526535977552353        0.167811590859605266884724425470909642        0.129098359310438402074632433326122454         2250.00000000000000000000000000000000        0.300000011920928955078125000000000000        -1.00000000000000000000000000000000000         4.50000000000000000000000000000000000         50.0000000000000000000000000000000000         1.83987703647249212324114861117116757         1.84007045220192478890270140576513822         1.84007045220192478890270140576513822         1.84007045220192478890270140576513822         1.84007045220192478890270140576513822         0.00000000000000000000000000000000000         1.05113219551574374655498045163112064E-0002   23924.7171738670879943525681884992627         17907.3100106137864363903981170276972      
   27.3643999707479270007413801432196356         0.00000000000000000000000000000000000         0.00000000000000000000000000000000000         9.99999999999999999999999999999999807E-0002  0.900000000000000000000000000000000019        0.724999999999999999999999999999999981        0.275000000000000000000000000000000019        0.512000024318695068359375000000000000        0.425000011920928955078125000000000000         6.30000010132789611816406250000000000E-0002  0.870056494511586616800702331296776776        0.129943505488413383199297668703223248         0.00000000000000000000000000000000000        0.683022559859958444886526535977552353        0.167811590859605266884724425470909642        0.129098359310438402074632433326122454         2250.00000000000000000000000000000000        0.300000011920928955078125000000000000        -1.00000000000000000000000000000000000         4.50000000000000000000000000000000000         50.0000000000000000000000000000000000         1.85649259030808284584154439990165266         1.85570881220977674475229697826921485         1.85570881220977674475229697826921485         1.85570881220977674475229697826921485         1.85570881220977674475229697826921485         0.00000000000000000000000000000000000        -4.22360498128355969049575487328874306E-0002   25453.8178623758396635982259059886245         17957.2739853541829499604990540799094      
   28.6606761694837981427111233968978527         0.00000000000000000000000000000000000         0.00000000000000000000000000000000000         9.99999999999999999999999999999999807E-0002  0.900000000000000000000000000000000019        0.724999999999999999999999999999999981        0.275000000000000000000000000000000019        0.512000024318695068359375000000000000        0.425000011920928955078125000000000000         6.30000010132789611816406250000000000E-0002  0.870056494511586616800702331296776776        0.129943505488413383199297668703223248         0.00000000000000000000000000000000000        0.683022559859958444886526535977552353        0.167811590859605266884724425470909642        0.129098359310438402074632433326122454         2250.00000000000000000000000000000000        0.300000011920928955078125000000000000        -1.00000000000000000000000000000000000         4.50000000000000000000000000000000000         50.0000000000000000000000000000000000         1.87317088770079909692126603483000867         1.87330835877516191490636733997994664         1.87330835877516191490636733997994664         1.87330835877516191490636733997994664         1.87330835877516191490636733997994664         0.00000000000000000000000000000000000         7.33841141095968006589135838727862177E-0003   27087.8558701582582150190546136825742         18008.1601117266379454303428571999373      
   30.0183581357572497063742795553511495         0.00000000000000000000000000000000000         0.00000000000000000000000000000000000         9.99999999999999999999999999999999807E-0002  0.900000000000000000000000000000000019        0.724999999999999999999999999999999981        0.275000000000000000000000000000000019        0.512000024318695068359375000000000000        0.425000011920928955078125000000000000         6.30000010132789611816406250000000000E-0002  0.870056494511586616800702331296776776        0.129943505488413383199297668703223248         0.00000000000000000000000000000000000        0.683022559859958444886526535977552353        0.167811590859605266884724425470909642        0.129098359310438402074632433326122454         2250.00000000000000000000000000000000        0.300000011920928955078125000000000000        -1.00000000000000000000000000000000000         4.50000000000000000000000000000000000         50.0000000000000000000000000000000000         1.88992226038596284668139020202391472         1.88931254714842099650379289565184839         1.88931254714842099650379289565184839         1.88931254714842099650379289565184839         1.88931254714842099650379289565184839         0.00000000000000000000000000000000000        -3.22716978967880745244529378832137074E-0002   28827.7805832223875521368711050128537         18060.2201829540299331721204983597855      
   31.4403547159164261088988818749477531         0.00000000000000000000000000000000000         0.00000000000000000000000000000000000         9.99999999999999999999999999999999807E-0002  0.900000000000000000000000000000000019        0.724999999999999999999999999999999981        0.275000000000000000000000000000000019        0.512000024318695068359375000000000000        0.425000011920928955078125000000000000         6.30000010132789611816406250000000000E-0002  0.870056494511586616800702331296776776        0.129943505488413383199297668703223248         0.00000000000000000000000000000000000        0.683022559859958444886526535977552353        0.167811590859605266884724425470909642        0.129098359310438402074632433326122454         2250.00000000000000000000000000000000        0.300000011920928955078125000000000000        -1.00000000000000000000000000000000000         4.50000000000000000000000000000000000         50.0000000000000000000000000000000000         1.90672853853153214190408356732390096         1.90617530923721981157362550423991599         1.90617530923721981157362550423991599         1.90617530923721981157362550423991599         1.90617530923721981157362550423991599         0.00000000000000000000000000000000000        -2.90230018000659151479407176485683503E-0002   30684.1953393795987548897739385525619         18114.1104035496764426592290272950671      
   32.9297125509730094348267134385588767         0.00000000000000000000000000000000000         0.00000000000000000000000000000000000         9.99999999999999999999999999999999807E-0002  0.900000000000000000000000000000000019        0.724999999999999999999999999999999981        0.275000000000000000000000000000000019        0.512000024318695068359375000000000000        0.425000011920928955078125000000000000         6.30000010132789611816406250000000000E-0002  0.870056494511586616800702331296776776        0.129943505488413383199297668703223248         0.00000000000000000000000000000000000        0.683022559859958444886526535977552353        0.167811590859605266884724425470909642        0.129098359310438402074632433326122454         2250.00000000000000000000000000000000        0.300000011920928955078125000000000000        -1.00000000000000000000000000000000000         4.50000000000000000000000000000000000         50.0000000000000000000000000000000000         1.92357352798747923195178601191891659         1.92370980889688800827179908154811530         1.92370980889688800827179908154811530         1.92370980889688800827179908154811530         1.92370980889688800827179908154811530         0.00000000000000000000000000000000000         7.08427584963679196695046084609765875E-0003   32665.7699093937850796036844958311822         18168.3911794036117792696014072207528      
   34.4896226040591652356324616013479640         0.00000000000000000000000000000000000         0.00000000000000000000000000000000000         9.99999999999999999999999999999999807E-0002  0.900000000000000000000000000000000019        0.724999999999999999999999999999999981        0.275000000000000000000000000000000019        0.512000024318695068359375000000000000        0.425000011920928955078125000000000000         6.30000010132789611816406250000000000E-0002  0.870056494511586616800702331296776776        0.129943505488413383199297668703223248         0.00000000000000000000000000000000000        0.683022559859958444886526535977552353        0.167811590859605266884724425470909642        0.129098359310438402074632433326122454         2250.00000000000000000000000000000000        0.300000011920928955078125000000000000        -1.00000000000000000000000000000000000         4.50000000000000000000000000000000000         50.0000000000000000000000000000000000         1.94049062216770363855659250307807232         1.94079882684298944994078505597854486         1.94079882684298944994078505597854486         1.94079882684298944994078505597854486         1.94079882684298944994078505597854486         0.00000000000000000000000000000000000         1.58802999580927266557858225063426420E-0002   34778.8955179798871424069183755748797         18226.3079116261891199265891608649045      
   36.1234269970959852434556329432163891         0.00000000000000000000000000000000000         0.00000000000000000000000000000000000         9.99999999999999999999999999999999807E-0002  0.900000000000000000000000000000000019        0.724999999999999999999999999999999981        0.275000000000000000000000000000000019        0.512000024318695068359375000000000000        0.425000011920928955078125000000000000         6.30000010132789611816406250000000000E-0002  0.870056494511586616800702331296776776        0.129943505488413383199297668703223248         0.00000000000000000000000000000000000        0.683022559859958444886526535977552353        0.167811590859605266884724425470909642        0.129098359310438402074632433326122454         2250.00000000000000000000000000000000        0.300000011920928955078125000000000000        -1.00000000000000000000000000000000000         4.50000000000000000000000000000000000         50.0000000000000000000000000000000000         1.95745637294374823066794810773454390         1.95760349510067812105414726133400742         1.95760349510067812105414726133400742         1.95760349510067812105414726133400742         1.95760349510067812105414726133400742         0.00000000000000000000000000000000000         7.51542165193794777581789710457393444E-0003   37030.5702140998365056602385941735895         18290.4613967395190760309216587224556      
   37.8346261713210532672152332780757538         0.00000000000000000000000000000000000         0.00000000000000000000000000000000000         9.99999999999999999999999999999999807E-0002  0.900000000000000000000000000000000019        0.724999999999999999999999999999999981        0.275000000000000000000000000000000019        0.512000024318695068359375000000000000        0.425000011920928955078125000000000000         6.30000010132789611816406250000000000E-0002  0.870056494511586616800702331296776776        0.129943505488413383199297668703223248         0.00000000000000000000000000000000000        0.683022559859958444886526535977552353        0.167811590859605266884724425470909642        0.129098359310438402074632433326122454         2250.00000000000000000000000000000000        0.300000011920928955078125000000000000        -1.00000000000000000000000000000000000         4.50000000000000000000000000000000000         50.0000000000000000000000000000000000         1.97450175861679613142340416429129120         1.97392181578838155111082014431474063         1.97392181578838155111082014431474063         1.97392181578838155111082014431474063         1.97392181578838155111082014431474063         0.00000000000000000000000000000000000        -2.93802329847067410853461874216482096E-0002   39431.3615514048353950432230096803748         18355.6570045326404019361591182152386      
   39.6268863870166317486167498635414547         0.00000000000000000000000000000000000         0.00000000000000000000000000000000000         9.99999999999999999999999999999999807E-0002  0.900000000000000000000000000000000019        0.724999999999999999999999999999999981        0.275000000000000000000000000000000019        0.512000024318695068359375000000000000        0.425000011920928955078125000000000000         6.30000010132789611816406250000000000E-0002  0.870056494511586616800702331296776776        0.129943505488413383199297668703223248         0.00000000000000000000000000000000000        0.683022559859958444886526535977552353        0.167811590859605266884724425470909642        0.129098359310438402074632433326122454         2250.00000000000000000000000000000000        0.300000011920928955078125000000000000        -1.00000000000000000000000000000000000         4.50000000000000000000000000000000000         50.0000000000000000000000000000000000         1.99155265862159447065430824720135288         1.99194215239759342165760376451428398         1.99194215239759342165760376451428398         1.99194215239759342165760376451428398         1.99194215239759342165760376451428398         0.00000000000000000000000000000000000         1.95534682335096094644606850561261088E-0002   42000.6506576554529320472588173168147         18421.0683279577845574797961131421006      
   41.5040475785067069671132337416860269         0.00000000000000000000000000000000000         0.00000000000000000000000000000000000         9.99999999999999999999999999999999807E-0002  0.900000000000000000000000000000000019        0.724999999999999999999999999999999981        0.275000000000000000000000000000000019        0.512000024318695068359375000000000000        0.425000011920928955078125000000000000         6.30000010132789611816406250000000000E-0002  0.870056494511586616800702331296776776        0.129943505488413383199297668703223248         0.00000000000000000000000000000000000        0.683022559859958444886526535977552353        0.167811590859605266884724425470909642        0.129098359310438402074632433326122454         2250.00000000000000000000000000000000        0.300000011920928955078125000000000000        -1.00000000000000000000000000000000000         4.50000000000000000000000000000000000         50.0000000000000000000000000000000000         2.00871484898778824559612981230335566         2.00902992881988391615777829983941788         2.00902992881988391615777829983941788         2.00902992881988391615777829983941788         2.00902992881988391615777829983941788         0.00000000000000000000000000000000000         1.56831825935390779316655516775855785E-0002   44732.3931534729245219351486211618843         18491.8975205835303652024947456760506      
   43.4701315812522977450502814228557596         0.00000000000000000000000000000000000         0.00000000000000000000000000000000000         9.99999999999999999999999999999999807E-0002  0.900000000000000000000000000000000019        0.724999999999999999999999999999999981        0.275000000000000000000000000000000019        0.512000024318695068359375000000000000        0.425000011920928955078125000000000000         6.30000010132789611816406250000000000E-0002  0.870056494511586616800702331296776776        0.129943505488413383199297668703223248         0.00000000000000000000000000000000000        0.683022559859958444886526535977552353        0.167811590859605266884724425470909642        0.129098359310438402074632433326122454         2250.00000000000000000000000000000000        0.300000011920928955078125000000000000        -1.00000000000000000000000000000000000         4.50000000000000000000000000000000000         50.0000000000000000000000000000000000         2.02595484666620819254425555173511626         2.02621874828411344833984506220815587         2.02621874828411344833984506220815587         2.02621874828411344833984506220815587         2.02621874828411344833984506220815587         0.00000000000000000000000000000000000         1.30243399499061339370416341119856292E-0002   47646.3753954470050583621127433010153         18565.8356889075769641157216778481261      
   45.5293507486716565241505913849878156         0.00000000000000000000000000000000000         0.00000000000000000000000000000000000         9.99999999999999999999999999999999807E-0002  0.900000000000000000000000000000000019        0.724999999999999999999999999999999981        0.275000000000000000000000000000000019        0.512000024318695068359375000000000000        0.425000011920928955078125000000000000         6.30000010132789611816406250000000000E-0002  0.870056494511586616800702331296776776        0.129943505488413383199297668703223248         0.00000000000000000000000000000000000        0.683022559859958444886526535977552353        0.167811590859605266884724425470909642        0.129098359310438402074632433326122454         2250.00000000000000000000000000000000        0.300000011920928955078125000000000000        -1.00000000000000000000000000000000000         4.50000000000000000000000000000000000         50.0000000000000000000000000000000000         2.04316678912980066434734696623424089         2.04363486068419245669474343144412358         2.04363486068419245669474343144412358         2.04363486068419245669474343144412358         2.04363486068419245669474343144412358         0.00000000000000000000000000000000000         2.29038740430903477983721466035992696E-0002   50765.3180500998731537284168688475084         18644.9289443551229363494728531513346      
   47.6861169771469809221183781797401387         0.00000000000000000000000000000000000         0.00000000000000000000000000000000000         9.99999999999999999999999999999999807E-0002  0.900000000000000000000000000000000019        0.724999999999999999999999999999999981        0.275000000000000000000000000000000019        0.512000024318695068359375000000000000        0.425000011920928955078125000000000000         6.30000010132789611816406250000000000E-0002  0.870056494511586616800702331296776776        0.129943505488413383199297668703223248         0.00000000000000000000000000000000000        0.683022559859958444886526535977552353        0.167811590859605266884724425470909642        0.129098359310438402074632433326122454         2250.00000000000000000000000000000000        0.300000011920928955078125000000000000        -1.00000000000000000000000000000000000         4.50000000000000000000000000000000000         50.0000000000000000000000000000000000         2.06055237981185058918491720336622065         2.06006017838355569654579557499635240         2.06006017838355569654579557499635240         2.06006017838355569654579557499635240         2.06006017838355569654579557499635240         0.00000000000000000000000000000000000        -2.38925752489960177125764207970046498E-0002   54075.2003018340919275019158369216330         18728.7078618167684062971329082034786      
   49.9450511585537973057412883106299450         0.00000000000000000000000000000000000         0.00000000000000000000000000000000000         9.99999999999999999999999999999999807E-0002  0.900000000000000000000000000000000019        0.724999999999999999999999999999999981        0.275000000000000000000000000000000019        0.512000024318695068359375000000000000        0.425000011920928955078125000000000000         6.30000010132789611816406250000000000E-0002  0.870056494511586616800702331296776776        0.129943505488413383199297668703223248         0.00000000000000000000000000000000000        0.683022559859958444886526535977552353        0.167811590859605266884724425470909642        0.129098359310438402074632433326122454         2250.00000000000000000000000000000000        0.300000011920928955078125000000000000        -1.00000000000000000000000000000000000         4.50000000000000000000000000000000000         50.0000000000000000000000000000000000         2.07795110962236800239758974371994954         2.07757667272478902909656768720078185         2.07757667272478902909656768720078185         2.07757667272478902909656768720078185         2.07757667272478902909656768720078185         0.00000000000000000000000000000000000        -1.80227715537396171755539793139221820E-0002   57616.8131142678882642082348495773045         18815.1196368109858709246814722620784      
   52.3109930805651492519346455020741169         0.00000000000000000000000000000000000         0.00000000000000000000000000000000000         9.99999999999999999999999999999999807E-0002  0.900000000000000000000000000000000019        0.724999999999999999999999999999999981        0.275000000000000000000000000000000019        0.512000024318695068359375000000000000        0.425000011920928955078125000000000000         6.30000010132789611816406250000000000E-0002  0.870056494511586616800702331296776776        0.129943505488413383199297668703223248         0.00000000000000000000000000000000000        0.683022559859958444886526535977552353        0.167811590859605266884724425470909642        0.129098359310438402074632433326122454         2250.00000000000000000000000000000000        0.300000011920928955078125000000000000        -1.00000000000000000000000000000000000         4.50000000000000000000000000000000000         50.0000000000000000000000000000000000         2.09539321104856973414068170194716637         2.09451510844107999096302515559593522         2.09451510844107999096302515559593522         2.09451510844107999096302515559593522         2.09451510844107999096302515559593522         0.00000000000000000000000000000000000        -4.19239089730559825470995901309264020E-0002   61396.1994077277504981576814576858058         18905.9735447518528050121871576049871      
   54.7890117959420854878872849816232285         0.00000000000000000000000000000000000         0.00000000000000000000000000000000000         9.99999999999999999999999999999999807E-0002  0.900000000000000000000000000000000019        0.724999999999999999999999999999999981        0.275000000000000000000000000000000019        0.512000024318695068359375000000000000        0.425000011920928955078125000000000000         6.30000010132789611816406250000000000E-0002  0.870056494511586616800702331296776776        0.129943505488413383199297668703223248         0.00000000000000000000000000000000000        0.683022559859958444886526535977552353        0.167811590859605266884724425470909642        0.129098359310438402074632433326122454         2250.00000000000000000000000000000000        0.300000011920928955078125000000000000        -1.00000000000000000000000000000000000         4.50000000000000000000000000000000000         50.0000000000000000000000000000000000         2.11287894645469198606444757711550871         2.11319098838993204808624035466036997         2.11319098838993204808624035466036997         2.11319098838993204808624035466036997         2.11319098838993204808624035466036997         0.00000000000000000000000000000000000         1.47663858569551665621827519316477917E-0002   65434.9013181882219458024279854532723         19000.2039639149203457018972862916998      
   57.3844164830267494473134630390337038         0.00000000000000000000000000000000000         0.00000000000000000000000000000000000         9.99999999999999999999999999999999807E-0002  0.900000000000000000000000000000000019        0.724999999999999999999999999999999981        0.275000000000000000000000000000000019        0.512000024318695068359375000000000000        0.425000011920928955078125000000000000         6.30000010132789611816406250000000000E-0002  0.870056494511586616800702331296776776        0.129943505488413383199297668703223248         0.00000000000000000000000000000000000        0.683022559859958444886526535977552353        0.167811590859605266884724425470909642        0.129098359310438402074632433326122454         2250.00000000000000000000000000000000        0.300000011920928955078125000000000000        -1.00000000000000000000000000000000000         4.50000000000000000000000000000000000         50.0000000000000000000000000000000000         2.13036263116753431542860726917219916         2.13097292806680077733533015773688410         2.13097292806680077733533015773688410         2.13097292806680077733533015773688410         2.13097292806680077733533015773688410         0.00000000000000000000000000000000000         2.86393548800320843418618652954210352E-0002   69746.9394507403748296112083349685914         19098.2014936603402048349072790046831      
   60.1027678207067787613836741752440859         0.00000000000000000000000000000000000         0.00000000000000000000000000000000000         9.99999999999999999999999999999999807E-0002  0.900000000000000000000000000000000019        0.724999999999999999999999999999999981        0.275000000000000000000000000000000019        0.512000024318695068359375000000000000        0.425000011920928955078125000000000000         6.30000010132789611816406250000000000E-0002  0.870056494511586616800702331296776776        0.129943505488413383199297668703223248         0.00000000000000000000000000000000000        0.683022559859958444886526535977552353        0.167811590859605266884724425470909642        0.129098359310438402074632433326122454         2250.00000000000000000000000000000000        0.300000011920928955078125000000000000        -1.00000000000000000000000000000000000         4.50000000000000000000000000000000000         50.0000000000000000000000000000000000         2.14758860687167419360297819681065497         2.14799306900733766111078057459029828         2.14799306900733766111078057459029828         2.14799306900733766111078057459029828         2.14799306900733766111078057459029828         0.00000000000000000000000000000000000         1.88297691225970079308584217027175336E-0002   74347.9749546649274142008886424473799         19208.0365544570407319706308553492441      
   62.9498899022219826103145225233349426         0.00000000000000000000000000000000000         0.00000000000000000000000000000000000         9.99999999999999999999999999999999807E-0002  0.900000000000000000000000000000000019        0.724999999999999999999999999999999981        0.275000000000000000000000000000000019        0.512000024318695068359375000000000000        0.425000011920928955078125000000000000         6.30000010132789611816406250000000000E-0002  0.870056494511586616800702331296776776        0.129943505488413383199297668703223248         0.00000000000000000000000000000000000        0.683022559859958444886526535977552353        0.167811590859605266884724425470909642        0.129098359310438402074632433326122454         2250.00000000000000000000000000000000        0.300000011920928955078125000000000000        -1.00000000000000000000000000000000000         4.50000000000000000000000000000000000         50.0000000000000000000000000000000000         2.16490153704940790183393105014601329         2.16539110652371511187741147416142566         2.16539110652371511187741147416142566         2.16539110652371511187741147416142566         2.16539110652371511187741147416142566         0.00000000000000000000000000000000000         2.26088244674264498954062852999022971E-0002   79257.2622603821280761058081164230734         19319.3690721289649708515937099539246      
   65.9318827133387394963924236784617628         0.00000000000000000000000000000000000         0.00000000000000000000000000000000000         9.99999999999999999999999999999999807E-0002  0.900000000000000000000000000000000019        0.724999999999999999999999999999999981        0.275000000000000000000000000000000019        0.512000024318695068359375000000000000        0.425000011920928955078125000000000000         6.30000010132789611816406250000000000E-0002  0.870056494511586616800702331296776776        0.129943505488413383199297668703223248         0.00000000000000000000000000000000000        0.683022559859958444886526535977552353        0.167811590859605266884724425470909642        0.129098359310438402074632433326122454         2250.00000000000000000000000000000000        0.300000011920928955078125000000000000        -1.00000000000000000000000000000000000         4.50000000000000000000000000000000000         50.0000000000000000000000000000000000         2.18230327864886656150677282568403653         2.18277891037085782599078628333990607         2.18277891037085782599078628333990607         2.18277891037085782599078628333990607         2.18277891037085782599078628333990607         0.00000000000000000000000000000000000         2.17901922971417132934029550610060415E-0002   84489.3119243114011360528087790720379         19434.7266826578203488500546529313791      
   69.0551352016267211341221719941803480         0.00000000000000000000000000000000000         0.00000000000000000000000000000000000         9.99999999999999999999999999999999807E-0002  0.900000000000000000000000000000000019        0.724999999999999999999999999999999981        0.275000000000000000000000000000000019        0.512000024318695068359375000000000000        0.425000011920928955078125000000000000         6.30000010132789611816406250000000000E-0002  0.870056494511586616800702331296776776        0.129943505488413383199297668703223248         0.00000000000000000000000000000000000        0.683022559859958444886526535977552353        0.167811590859605266884724425470909642        0.129098359310438402074632433326122454         2250.00000000000000000000000000000000        0.300000011920928955078125000000000000        -1.00000000000000000000000000000000000         4.50000000000000000000000000000000000         50.0000000000000000000000000000000000         2.19972888851609493270213741819266029         2.20003183760962115359238767454087874         2.20003183760962115359238767454087874         2.20003183760962115359238767454087874         2.20003183760962115359238767454087874         0.00000000000000000000000000000000000         1.37702140645101379238835274513768050E-0002   90083.6409304457366425681049204388259         19558.6818060541662645601798222113298      
   72.3263389648389904315881138559222429         0.00000000000000000000000000000000000         0.00000000000000000000000000000000000         9.99999999999999999999999999999999807E-0002  0.900000000000000000000000000000000019        0.724999999999999999999999999999999981        0.275000000000000000000000000000000019        0.512000024318695068359375000000000000        0.425000011920928955078125000000000000         6.30000010132789611816406250000000000E-0002  0.870056494511586616800702331296776776        0.129943505488413383199297668703223248         0.00000000000000000000000000000000000        0.683022559859958444886526535977552353        0.167811590859605266884724425470909642        0.129098359310438402074632433326122454         2250.00000000000000000000000000000000        0.300000011920928955078125000000000000        -1.00000000000000000000000000000000000         4.50000000000000000000000000000000000         50.0000000000000000000000000000000000         2.21714418754298117667968789355719538         2.21766206345343483408898881567829837         2.21766206345343483408898881567829837         2.21766206345343483408898881567829837         2.21766206345343483408898881567829837         0.00000000000000000000000000000000000         2.33523366336167414715061522613961077E-0002   96069.1482796323740054857525846233495         19690.2925475483605755426474757929154      
   75.7525025877229563234538363456045364         0.00000000000000000000000000000000000         0.00000000000000000000000000000000000         9.99999999999999999999999999999999807E-0002  0.900000000000000000000000000000000019        0.724999999999999999999999999999999981        0.275000000000000000000000000000000019        0.512000024318695068359375000000000000        0.425000011920928955078125000000000000         6.30000010132789611816406250000000000E-0002  0.870056494511586616800702331296776776        0.129943505488413383199297668703223248         0.00000000000000000000000000000000000        0.683022559859958444886526535977552353        0.167811590859605266884724425470909642        0.129098359310438402074632433326122454         2250.00000000000000000000000000000000        0.300000011920928955078125000000000000        -1.00000000000000000000000000000000000         4.50000000000000000000000000000000000         50.0000000000000000000000000000000000         2.23472146099019709759883138436614924         2.23527906540940843787881499854398694         2.23527906540940843787881499854398694         2.23527906540940843787881499854398694         2.23527906540940843787881499854398694         0.00000000000000000000000000000000000         2.49456288407197501591496496849027413E-0002   102425.666489726827156267658147834277         19819.4780882459883406275600265085640      
   79.3409666579789374092779396113335383         0.00000000000000000000000000000000000         0.00000000000000000000000000000000000         9.99999999999999999999999999999999807E-0002  0.900000000000000000000000000000000019        0.724999999999999999999999999999999981        0.275000000000000000000000000000000019        0.512000024318695068359375000000000000        0.425000011920928955078125000000000000         6.30000010132789611816406250000000000E-0002  0.870056494511586616800702331296776776        0.129943505488413383199297668703223248         0.00000000000000000000000000000000000        0.683022559859958444886526535977552353        0.167811590859605266884724425470909642        0.129098359310438402074632433326122454         2250.00000000000000000000000000000000        0.300000011920928955078125000000000000        -1.00000000000000000000000000000000000         4.50000000000000000000000000000000000         50.0000000000000000000000000000000000         2.25234914025672151034369115793312299         2.25261814056126468032032151625117367         2.25261814056126468032032151625117367         2.25261814056126468032032151625117367         2.25261814056126468032032151625117367         0.00000000000000000000000000000000000         1.19416735441962471627627416281953489E-0002   109216.133205477928393856860834349629         19962.0700745741955839370847420476081      
   83.0994194935381664732668516345784739         0.00000000000000000000000000000000000         0.00000000000000000000000000000000000         9.99999999999999999999999999999999807E-0002  0.900000000000000000000000000000000019        0.724999999999999999999999999999999981        0.275000000000000000000000000000000019        0.512000024318695068359375000000000000        0.425000011920928955078125000000000000         6.30000010132789611816406250000000000E-0002  0.870056494511586616800702331296776776        0.129943505488413383199297668703223248         0.00000000000000000000000000000000000        0.683022559859958444886526535977552353        0.167811590859605266884724425470909642        0.129098359310438402074632433326122454         2250.00000000000000000000000000000000        0.300000011920928955078125000000000000        -1.00000000000000000000000000000000000         4.50000000000000000000000000000000000         50.0000000000000000000000000000000000         2.26995962448544880187896406995437424         2.26915485321657642936358025234512762         2.26915485321657642936358025234512762         2.26915485321657642936358025234512762         2.26915485321657642936358025234512762         0.00000000000000000000000000000000000        -3.54656830815927662613469341623419760E-0002   116478.755309426170014716379144924529         20112.1309450174388460096328737714070      
   87.0359136148560765360321240320169501         0.00000000000000000000000000000000000         0.00000000000000000000000000000000000         9.99999999999999999999999999999999807E-0002  0.900000000000000000000000000000000019        0.724999999999999999999999999999999981        0.275000000000000000000000000000000019        0.512000024318695068359375000000000000        0.425000011920928955078125000000000000         6.30000010132789611816406250000000000E-0002  0.870056494511586616800702331296776776        0.129943505488413383199297668703223248         0.00000000000000000000000000000000000        0.683022559859958444886526535977552353        0.167811590859605266884724425470909642        0.129098359310438402074632433326122454         2250.00000000000000000000000000000000        0.300000011920928955078125000000000000        -1.00000000000000000000000000000000000         4.50000000000000000000000000000000000         50.0000000000000000000000000000000000         2.28763415236923355304138214600162933         2.28667969363882310367899731513691786         2.28667969363882310367899731513691786         2.28667969363882310367899731513691786         2.28667969363882310367899731513691786         0.00000000000000000000000000000000000        -4.17399399253686809506223966558625030E-0002   124234.183831800411353952996985136789         20267.0382381006282372230423541191537      
   91.1588829975129113180355582295095585         0.00000000000000000000000000000000000         0.00000000000000000000000000000000000         9.99999999999999999999999999999999807E-0002  0.900000000000000000000000000000000019        0.724999999999999999999999999999999981        0.275000000000000000000000000000000019        0.512000024318695068359375000000000000        0.425000011920928955078125000000000000         6.30000010132789611816406250000000000E-0002  0.870056494511586616800702331296776776        0.129943505488413383199297668703223248         0.00000000000000000000000000000000000        0.683022559859958444886526535977552353        0.167811590859605266884724425470909642        0.129098359310438402074632433326122454         2250.00000000000000000000000000000000        0.300000011920928955078125000000000000        -1.00000000000000000000000000000000000         4.50000000000000000000000000000000000         50.0000000000000000000000000000000000         2.30526443088286570825388675272459080         2.30345073230154582767190893157102924         2.30345073230154582767190893157102924         2.30345073230154582767190893157102924         2.30345073230154582767190893157102924         0.00000000000000000000000000000000000        -7.87383274964896640399909862341301934E-0002   132518.043685312644117444021586644982         20428.2042341493688657086483485051094      
   95.4771611420855187564395181622441053         0.00000000000000000000000000000000000         0.00000000000000000000000000000000000         9.99999999999999999999999999999999807E-0002  0.900000000000000000000000000000000019        0.724999999999999999999999999999999981        0.275000000000000000000000000000000019        0.512000024318695068359375000000000000        0.425000011920928955078125000000000000         6.30000010132789611816406250000000000E-0002  0.870056494511586616800702331296776776        0.129943505488413383199297668703223248         0.00000000000000000000000000000000000        0.683022559859958444886526535977552353        0.167811590859605266884724425470909642        0.129098359310438402074632433326122454         2250.00000000000000000000000000000000        0.300000011920928955078125000000000000        -1.00000000000000000000000000000000000         4.50000000000000000000000000000000000         50.0000000000000000000000000000000000         2.32305087832155874867409039813334519         2.32216240486557152247070183964376787         2.32216240486557152247070183964376787         2.32216240486557152247070183964376787         2.32216240486557152247070183964376787         0.00000000000000000000000000000000000        -3.82606080490162511386581139664115378E-0002   141363.449576258039270009634640882409         20597.7605912261681036153012793620981      
   100.000000000005197392984105217599543         0.00000000000000000000000000000000000         0.00000000000000000000000000000000000         9.99999999999999999999999999999999807E-0002  0.900000000000000000000000000000000019        0.724999999999999999999999999999999981        0.275000000000000000000000000000000019        0.512000024318695068359375000000000000        0.425000011920928955078125000000000000         6.30000010132789611816406250000000000E-0002  0.870056494511586616800702331296776776        0.129943505488413383199297668703223248         0.00000000000000000000000000000000000        0.683022559859958444886526535977552353        0.167811590859605266884724425470909642        0.129098359310438402074632433326122454         2250.00000000000000000000000000000000        0.300000011920928955078125000000000000        -1.00000000000000000000000000000000000         4.50000000000000000000000000000000000         50.0000000000000000000000000000000000         2.34053026580988369069980973333035964         2.33958663283881250432081340594323990         2.33958663283881250432081340594323990         2.33958663283881250432081340594323990         2.33958663283881250432081340594323990         0.00000000000000000000000000000000000        -4.03333203321562424042108219025368494E-0002   150929.960315862666632251856529975928         20772.7575886401058658544557057430732      
