 mass envelope_frac water_frac mantle_frac core_frac H_frac_envelope He_frac_envelope MgO_frac_mantle SiO2_frac_mantle FeO_frac_mantle Fe_frac_solid_core FeS_frac_solid_core FeO_frac_solid_core Fe_frac_liquid_core FeS_frac_liquid_core FeO_frac_liquid_core T_eq albedo rotation_period age atmospheric_Z 100pa_radius 2000pa_radius transit_radius twothirdsopt_radius condensed_radius diff_v_2000pa diff_v_100pa inner_pressure inner_temperature
   1.00000000000000000000000000000000002E-0002   0.00000000000000000000000000000000000         0.00000000000000000000000000000000000        0.849999999999999999999999999999999981        0.150000000000000000000000000000000019        0.724999999999999999999999999999999981        0.275000000000000000000000000000000019        0.512000024318695068359375000000000000        0.425000011920928955078125000000000000         6.30000010132789611816406250000000000E-0002  0.870056494511586616800702331296776776        0.129943505488413383199297668703223248         0.00000000000000000000000000000000000        0.683022559859958444886526535977552353        0.167811590859605266884724425470909642        0.129098359310438402074632433326122454         2250.00000000000000000000000000000000        0.300000011920928955078125000000000000        -1.00000000000000000000000000000000000         4.50000000000000000000000000000000000         50.0000000000000000000000000000000000        0.260683720506924286588729484956069812        0.260692121672360648341253578914611532        0.260692121672360648341253578914611532        0.260692121672360648341253578914611532        0.260692121672360648341253578914611532         0.00000000000000000000000000000000000         3.22263879033536171187098859621092636E-0003   6.58664967745008589543152099809199617         2226.01652109177351009358424695231052      
   1.04737089795944979999999999999999994E-0002   0.00000000000000000000000000000000000         0.00000000000000000000000000000000000        0.849999999999999999999999999999999981        0.150000000000000000000000000000000019        0.724999999999999999999999999999999981        0.275000000000000000000000000000000019        0.512000024318695068359375000000000000        0.425000011920928955078125000000000000         6.30000010132789611816406250000000000E-0002  0.870056494511586616800702331296776776        0.129943505488413383199297668703223248         0.00000000000000000000000000000000000        0.683022559859958444886526535977552353        0.167811590859605266884724425470909642        0.129098359310438402074632433326122454         2250.00000000000000000000000000000000        0.300000011920928955078125000000000000        -1.00000000000000000000000000000000000         4.50000000000000000000000000000000000         50.0000000000000000000000000000000000        0.264668263762059307945684331275867842        0.264667562331950521750275721701915098        0.264667562331950521750275721701915098        0.264667562331950521750275721701915098        0.264667562331950521750275721701915098         0.00000000000000000000000000000000000        -2.65023073702719161592904205529438902E-0004   6.80458731174373978469723499976030610         2230.73589854270777399546645918515862      
   1.09698579789238420522548511872003990E-0002   0.00000000000000000000000000000000000         0.00000000000000000000000000000000000        0.849999999999999999999999999999999981        0.150000000000000000000000000000000019        0.724999999999999999999999999999999981        0.275000000000000000000000000000000019        0.512000024318695068359375000000000000        0.425000011920928955078125000000000000         6.30000010132789611816406250000000000E-0002  0.870056494511586616800702331296776776        0.129943505488413383199297668703223248         0.00000000000000000000000000000000000        0.683022559859958444886526535977552353        0.167811590859605266884724425470909642        0.129098359310438402074632433326122454         2250.00000000000000000000000000000000        0.300000011920928955078125000000000000        -1.00000000000000000000000000000000000         4.50000000000000000000000000000000000         50.0000000000000000000000000000000000        0.268713564612031806186892839157877877        0.268707635319670381428396138992803864        0.268707635319670381428396138992803864        0.268707635319670381428396138992803864        0.268707635319670381428396138992803864         0.00000000000000000000000000000000000        -2.20659615956611137485201570264067600E-0003   7.03014259292076222968970428965987142         2235.56049276287689140473225486358458      
   1.14895100018730995888633688328071024E-0002   0.00000000000000000000000000000000000         0.00000000000000000000000000000000000        0.849999999999999999999999999999999981        0.150000000000000000000000000000000019        0.724999999999999999999999999999999981        0.275000000000000000000000000000000019        0.512000024318695068359375000000000000        0.425000011920928955078125000000000000         6.30000010132789611816406250000000000E-0002  0.870056494511586616800702331296776776        0.129943505488413383199297668703223248         0.00000000000000000000000000000000000        0.683022559859958444886526535977552353        0.167811590859605266884724425470909642        0.129098359310438402074632433326122454         2250.00000000000000000000000000000000        0.300000011920928955078125000000000000        -1.00000000000000000000000000000000000         4.50000000000000000000000000000000000         50.0000000000000000000000000000000000        0.272817135069559636849327917430484682        0.272849498549194221505478346930176808        0.272849498549194221505478346930176808        0.272849498549194221505478346930176808        0.272849498549194221505478346930176808         0.00000000000000000000000000000000000         1.18612934261081609387583717204623986E-0002   7.26337926496259614012070113299838787         2240.49443862592226813643224186814402      
   1.20337784077759080699533028507740594E-0002   0.00000000000000000000000000000000000         0.00000000000000000000000000000000000        0.849999999999999999999999999999999981        0.150000000000000000000000000000000019        0.724999999999999999999999999999999981        0.275000000000000000000000000000000019        0.512000024318695068359375000000000000        0.425000011920928955078125000000000000         6.30000010132789611816406250000000000E-0002  0.870056494511586616800702331296776776        0.129943505488413383199297668703223248         0.00000000000000000000000000000000000        0.683022559859958444886526535977552353        0.167811590859605266884724425470909642        0.129098359310438402074632433326122454         2250.00000000000000000000000000000000        0.300000011920928955078125000000000000        -1.00000000000000000000000000000000000         4.50000000000000000000000000000000000         50.0000000000000000000000000000000000        0.276982301811070816004947959382336404        0.276987986411412952469811035111891963        0.276987986411412952469811035111891963        0.276987986411412952469811035111891963        0.276987986411412952469811035111891963         0.00000000000000000000000000000000000         2.05229129818398428296308361702574025E-0003   7.50462389738354418201047937972695752         2245.56250477384574136026793429811428      
   1.26038292967972908968014429974629652E-0002   0.00000000000000000000000000000000000         0.00000000000000000000000000000000000        0.849999999999999999999999999999999981        0.150000000000000000000000000000000019        0.724999999999999999999999999999999981        0.275000000000000000000000000000000019        0.512000024318695068359375000000000000        0.425000011920928955078125000000000000         6.30000010132789611816406250000000000E-0002  0.870056494511586616800702331296776776        0.129943505488413383199297668703223248         0.00000000000000000000000000000000000        0.683022559859958444886526535977552353        0.167811590859605266884724425470909642        0.129098359310438402074632433326122454         2250.00000000000000000000000000000000        0.300000011920928955078125000000000000        -1.00000000000000000000000000000000000         4.50000000000000000000000000000000000         50.0000000000000000000000000000000000        0.281207939315539050697618966517127481        0.281266206695168823818816662466446132        0.281266206695168823818816662466446132        0.281266206695168823818816662466446132        0.281266206695168823818816662466446132         0.00000000000000000000000000000000000         2.07160967947074575922428938063360488E-0002   7.75430356070240194566300537897236111         2250.75805305010615405207303499518390      
   1.32008840083141992917991631746251185E-0002   0.00000000000000000000000000000000000         0.00000000000000000000000000000000000        0.849999999999999999999999999999999981        0.150000000000000000000000000000000019        0.724999999999999999999999999999999981        0.275000000000000000000000000000000019        0.512000024318695068359375000000000000        0.425000011920928955078125000000000000         6.30000010132789611816406250000000000E-0002  0.870056494511586616800702331296776776        0.129943505488413383199297668703223248         0.00000000000000000000000000000000000        0.683022559859958444886526535977552353        0.167811590859605266884724425470909642        0.129098359310438402074632433326122454         2250.00000000000000000000000000000000        0.300000011920928955078125000000000000        -1.00000000000000000000000000000000000         4.50000000000000000000000000000000000         50.0000000000000000000000000000000000        0.285497115351796027705214843967678062        0.285524515067683002339234328234862507        0.285524515067683002339234328234862507        0.285524515067683002339234328234862507        0.285524515067683002339234328234862507         0.00000000000000000000000000000000000         9.59627437962011332254487547756325415E-0003   8.01309612425986585746070776622918937         2256.08366496876197014421138383320017      
   1.38262217376465838916887111257333255E-0002   0.00000000000000000000000000000000000         0.00000000000000000000000000000000000        0.849999999999999999999999999999999981        0.150000000000000000000000000000000019        0.724999999999999999999999999999999981        0.275000000000000000000000000000000019        0.512000024318695068359375000000000000        0.425000011920928955078125000000000000         6.30000010132789611816406250000000000E-0002  0.870056494511586616800702331296776776        0.129943505488413383199297668703223248         0.00000000000000000000000000000000000        0.683022559859958444886526535977552353        0.167811590859605266884724425470909642        0.129098359310438402074632433326122454         2250.00000000000000000000000000000000        0.300000011920928955078125000000000000        -1.00000000000000000000000000000000000         4.50000000000000000000000000000000000         50.0000000000000000000000000000000000        0.289850084273061902983143898658110576        0.289870698150524858040697132266623442        0.289870698150524858040697132266623442        0.289870698150524858040697132266623442        0.289870698150524858040697132266623442         0.00000000000000000000000000000000000         7.11140435872915524478317547576709261E-0003   8.28072586501680263013600074137521577         2261.52902010076629516790729235481873      
   1.44811822767453669205644236020971476E-0002   0.00000000000000000000000000000000000         0.00000000000000000000000000000000000        0.849999999999999999999999999999999981        0.150000000000000000000000000000000019        0.724999999999999999999999999999999981        0.275000000000000000000000000000000019        0.512000024318695068359375000000000000        0.425000011920928955078125000000000000         6.30000010132789611816406250000000000E-0002  0.870056494511586616800702331296776776        0.129943505488413383199297668703223248         0.00000000000000000000000000000000000        0.683022559859958444886526535977552353        0.167811590859605266884724425470909642        0.129098359310438402074632433326122454         2250.00000000000000000000000000000000        0.300000011920928955078125000000000000        -1.00000000000000000000000000000000000         4.50000000000000000000000000000000000         50.0000000000000000000000000000000000        0.294265550169040345284322851398590377        0.294302340362674115197927359483310593        0.294302340362674115197927359483310593        0.294302340362674115197927359483310593        0.294302340362674115197927359483310593         0.00000000000000000000000000000000000         1.25008158577443489915545942691041583E-0002   8.55764491245017504804941242670707312         2267.10712587327159960009331668028332      
   1.51671688847092646313725750372786121E-0002   0.00000000000000000000000000000000000         0.00000000000000000000000000000000000        0.849999999999999999999999999999999981        0.150000000000000000000000000000000019        0.724999999999999999999999999999999981        0.275000000000000000000000000000000019        0.512000024318695068359375000000000000        0.425000011920928955078125000000000000         6.30000010132789611816406250000000000E-0002  0.870056494511586616800702331296776776        0.129943505488413383199297668703223248         0.00000000000000000000000000000000000        0.683022559859958444886526535977552353        0.167811590859605266884724425470909642        0.129098359310438402074632433326122454         2250.00000000000000000000000000000000        0.300000011920928955078125000000000000        -1.00000000000000000000000000000000000         4.50000000000000000000000000000000000         50.0000000000000000000000000000000000        0.298747379025029657577932527054641188        0.298748766682306731303957683257258656        0.298748766682306731303957683257258656        0.298748766682306731303957683257258656        0.298748766682306731303957683257258656         0.00000000000000000000000000000000000         4.64489709023427890669576052401905886E-0004   8.84439223315913318458030165333732995         2272.84164419241637702990360857335896      
   1.58856512942805692341715952667117983E-0002   0.00000000000000000000000000000000000         0.00000000000000000000000000000000000        0.849999999999999999999999999999999981        0.150000000000000000000000000000000019        0.724999999999999999999999999999999981        0.275000000000000000000000000000000019        0.512000024318695068359375000000000000        0.425000011920928955078125000000000000         6.30000010132789611816406250000000000E-0002  0.870056494511586616800702331296776776        0.129943505488413383199297668703223248         0.00000000000000000000000000000000000        0.683022559859958444886526535977552353        0.167811590859605266884724425470909642        0.129098359310438402074632433326122454         2250.00000000000000000000000000000000        0.300000011920928955078125000000000000        -1.00000000000000000000000000000000000         4.50000000000000000000000000000000000         50.0000000000000000000000000000000000        0.303293985078506179184338281295197526        0.303298042518256585000133845721424190        0.303298042518256585000133845721424190        0.303298042518256585000133845721424190        0.303298042518256585000133845721424190         0.00000000000000000000000000000000000         1.33777314113775861410106225993009808E-0003   9.14110279705939543678334215510687731         2278.68143815919855661217816053848319      
   1.66381688607613357256321400820289791E-0002   0.00000000000000000000000000000000000         0.00000000000000000000000000000000000        0.849999999999999999999999999999999981        0.150000000000000000000000000000000019        0.724999999999999999999999999999999981        0.275000000000000000000000000000000019        0.512000024318695068359375000000000000        0.425000011920928955078125000000000000         6.30000010132789611816406250000000000E-0002  0.870056494511586616800702331296776776        0.129943505488413383199297668703223248         0.00000000000000000000000000000000000        0.683022559859958444886526535977552353        0.167811590859605266884724425470909642        0.129098359310438402074632433326122454         2250.00000000000000000000000000000000        0.300000011920928955078125000000000000        -1.00000000000000000000000000000000000         4.50000000000000000000000000000000000         50.0000000000000000000000000000000000        0.307907418698951132352106549331134722        0.307944544249461213614089091419365323        0.307944544249461213614089091419365323        0.307944544249461213614089091419365323        0.307944544249461213614089091419365323         0.00000000000000000000000000000000000         1.20559208478804597762464379579371097E-0002   9.44848544011519285290024086965249749         2284.65835285988015096628748639056039      
   1.74263338600965560876971718594349557E-0002   0.00000000000000000000000000000000000         0.00000000000000000000000000000000000        0.849999999999999999999999999999999981        0.150000000000000000000000000000000019        0.724999999999999999999999999999999981        0.275000000000000000000000000000000019        0.512000024318695068359375000000000000        0.425000011920928955078125000000000000         6.30000010132789611816406250000000000E-0002  0.870056494511586616800702331296776776        0.129943505488413383199297668703223248         0.00000000000000000000000000000000000        0.683022559859958444886526535977552353        0.167811590859605266884724425470909642        0.129098359310438402074632433326122454         2250.00000000000000000000000000000000        0.300000011920928955078125000000000000        -1.00000000000000000000000000000000000         4.50000000000000000000000000000000000         50.0000000000000000000000000000000000        0.312588434365071911065460329006903844        0.312588283427680533431695451150351751        0.312588283427680533431695451150351751        0.312588283427680533431695451150351751        0.312588283427680533431695451150351751         0.00000000000000000000000000000000000        -4.82863240178207692909218246970343364E-0005   9.76649442879341462822460846185914782         2290.80105743145596459844982765367574      
   1.82518349431904949929850662738093818E-0002   0.00000000000000000000000000000000000         0.00000000000000000000000000000000000        0.849999999999999999999999999999999981        0.150000000000000000000000000000000019        0.724999999999999999999999999999999981        0.275000000000000000000000000000000019        0.512000024318695068359375000000000000        0.425000011920928955078125000000000000         6.30000010132789611816406250000000000E-0002  0.870056494511586616800702331296776776        0.129943505488413383199297668703223248         0.00000000000000000000000000000000000        0.683022559859958444886526535977552353        0.167811590859605266884724425470909642        0.129098359310438402074632433326122454         2250.00000000000000000000000000000000        0.300000011920928955078125000000000000        -1.00000000000000000000000000000000000         4.50000000000000000000000000000000000         50.0000000000000000000000000000000000        0.317337349630533767104455101517427049        0.317346890854157815205289592058321448        0.317346890854157815205289592058321448        0.317346890854157815205289592058321448        0.317346890854157815205289592058321448         0.00000000000000000000000000000000000         3.00655966673167538282534498974978968E-0003   10.0959713798255359532878529895439273         2297.07637450823561106611447155576314      
   1.91164407538570921685539093537247029E-0002   0.00000000000000000000000000000000000         0.00000000000000000000000000000000000        0.849999999999999999999999999999999981        0.150000000000000000000000000000000019        0.724999999999999999999999999999999981        0.275000000000000000000000000000000019        0.512000024318695068359375000000000000        0.425000011920928955078125000000000000         6.30000010132789611816406250000000000E-0002  0.870056494511586616800702331296776776        0.129943505488413383199297668703223248         0.00000000000000000000000000000000000        0.683022559859958444886526535977552353        0.167811590859605266884724425470909642        0.129098359310438402074632433326122454         2250.00000000000000000000000000000000        0.300000011920928955078125000000000000        -1.00000000000000000000000000000000000         4.50000000000000000000000000000000000         50.0000000000000000000000000000000000        0.322155562164177531255922019989548138        0.322257422458139384628587811044695675        0.322257422458139384628587811044695675        0.322257422458139384628587811044695675        0.322257422458139384628587811044695675         0.00000000000000000000000000000000000         3.16083624032227923862967676269269971E-0002   10.4370822649277552192774589081738125         2303.47519990383393740091739288360014      
   2.00220037181559240923900195423679447E-0002   0.00000000000000000000000000000000000         0.00000000000000000000000000000000000        0.849999999999999999999999999999999981        0.150000000000000000000000000000000019        0.724999999999999999999999999999999981        0.275000000000000000000000000000000019        0.512000024318695068359375000000000000        0.425000011920928955078125000000000000         6.30000010132789611816406250000000000E-0002  0.870056494511586616800702331296776776        0.129943505488413383199297668703223248         0.00000000000000000000000000000000000        0.683022559859958444886526535977552353        0.167811590859605266884724425470909642        0.129098359310438402074632433326122454         2250.00000000000000000000000000000000        0.300000011920928955078125000000000000        -1.00000000000000000000000000000000000         4.50000000000000000000000000000000000         50.0000000000000000000000000000000000        0.327044235051055333390637378679297886        0.327152876562394314321719298370615441        0.327152876562394314321719298370615441        0.327152876562394314321719298370615441        0.327152876562394314321719298370615441         0.00000000000000000000000000000000000         3.32081785373697962227134672096052839E-0002   10.7905330038491663521079887698273512         2310.04508336896255958388867752932545      
   2.09704640132324128654944033811962271E-0002   0.00000000000000000000000000000000000         0.00000000000000000000000000000000000        0.849999999999999999999999999999999981        0.150000000000000000000000000000000019        0.724999999999999999999999999999999981        0.275000000000000000000000000000000019        0.512000024318695068359375000000000000        0.425000011920928955078125000000000000         6.30000010132789611816406250000000000E-0002  0.870056494511586616800702331296776776        0.129943505488413383199297668703223248         0.00000000000000000000000000000000000        0.683022559859958444886526535977552353        0.167811590859605266884724425470909642        0.129098359310438402074632433326122454         2250.00000000000000000000000000000000        0.300000011920928955078125000000000000        -1.00000000000000000000000000000000000         4.50000000000000000000000000000000000         50.0000000000000000000000000000000000        0.332004150160854916395532554162050269        0.332010236693605126539941813461067537        0.332010236693605126539941813461067537        0.332010236693605126539941813461067537        0.332010236693605126539941813461067537         0.00000000000000000000000000000000000         1.83323647211127618881470771735019553E-0003   11.1583406006521117619253561738285509         2314.26741304665570441048870716093485      
   2.19638537241655596358102494951593575E-0002   0.00000000000000000000000000000000000         0.00000000000000000000000000000000000        0.849999999999999999999999999999999981        0.150000000000000000000000000000000019        0.724999999999999999999999999999999981        0.275000000000000000000000000000000019        0.512000024318695068359375000000000000        0.425000011920928955078125000000000000         6.30000010132789611816406250000000000E-0002  0.870056494511586616800702331296776776        0.129943505488413383199297668703223248         0.00000000000000000000000000000000000        0.683022559859958444886526535977552353        0.167811590859605266884724425470909642        0.129098359310438402074632433326122454         2250.00000000000000000000000000000000        0.300000011920928955078125000000000000        -1.00000000000000000000000000000000000         4.50000000000000000000000000000000000         50.0000000000000000000000000000000000        0.337031055329185371808170655688142687        0.337053366471376920237279858645717850        0.337053366471376920237279858645717850        0.337053366471376920237279858645717850        0.337053366471376920237279858645717850         0.00000000000000000000000000000000000         6.61946872838700008154272070630352322E-0003   11.5391722485969940572765478319621589         2318.19905711751970098186706817548733      
   2.30043011977292878351454756950050690E-0002   0.00000000000000000000000000000000000         0.00000000000000000000000000000000000        0.849999999999999999999999999999999981        0.150000000000000000000000000000000019        0.724999999999999999999999999999999981        0.275000000000000000000000000000000019        0.512000024318695068359375000000000000        0.425000011920928955078125000000000000         6.30000010132789611816406250000000000E-0002  0.870056494511586616800702331296776776        0.129943505488413383199297668703223248         0.00000000000000000000000000000000000        0.683022559859958444886526535977552353        0.167811590859605266884724425470909642        0.129098359310438402074632433326122454         2250.00000000000000000000000000000000        0.300000011920928955078125000000000000        -1.00000000000000000000000000000000000         4.50000000000000000000000000000000000         50.0000000000000000000000000000000000        0.342138226038638278418572675980414853        0.342138333416185762288770850970246033        0.342138333416185762288770850970246033        0.342138333416185762288770850970246033        0.342138333416185762288770850970246033         0.00000000000000000000000000000000000         3.13842492923040637540038497635124050E-0005   11.9347532641346998463380408555831312         2321.98470843658003421552266256846813      
   2.40940356023953707463686306717419161E-0002   0.00000000000000000000000000000000000         0.00000000000000000000000000000000000        0.849999999999999999999999999999999981        0.150000000000000000000000000000000019        0.724999999999999999999999999999999981        0.275000000000000000000000000000000019        0.512000024318695068359375000000000000        0.425000011920928955078125000000000000         6.30000010132789611816406250000000000E-0002  0.870056494511586616800702331296776776        0.129943505488413383199297668703223248         0.00000000000000000000000000000000000        0.683022559859958444886526535977552353        0.167811590859605266884724425470909642        0.129098359310438402074632433326122454         2250.00000000000000000000000000000000        0.300000011920928955078125000000000000        -1.00000000000000000000000000000000000         4.50000000000000000000000000000000000         50.0000000000000000000000000000000000        0.347313539962770441413473336380243323        0.347356013661401733185033490417160489        0.347356013661401733185033490417160489        0.347356013661401733185033490417160489        0.347356013661401733185033490417160489         0.00000000000000000000000000000000000         1.22277136312067992542422671421378682E-0002   12.3444897921005012330360001341300110         2325.92044174732241999011800036059424      
   2.52353917043477924471827901828532746E-0002   0.00000000000000000000000000000000000         0.00000000000000000000000000000000000        0.849999999999999999999999999999999981        0.150000000000000000000000000000000019        0.724999999999999999999999999999999981        0.275000000000000000000000000000000019        0.512000024318695068359375000000000000        0.425000011920928955078125000000000000         6.30000010132789611816406250000000000E-0002  0.870056494511586616800702331296776776        0.129943505488413383199297668703223248         0.00000000000000000000000000000000000        0.683022559859958444886526535977552353        0.167811590859605266884724425470909642        0.129098359310438402074632433326122454         2250.00000000000000000000000000000000        0.300000011920928955078125000000000000        -1.00000000000000000000000000000000000         4.50000000000000000000000000000000000         50.0000000000000000000000000000000000        0.352564816333457353269170536903991287        0.352570658188863994930547671226451597        0.352570658188863994930547671226451597        0.352570658188863994930547671226451597        0.352570658188863994930547671226451597         0.00000000000000000000000000000000000         1.65693181521427507947794182769893844E-0003   12.7690346347853658283479415761339826         2329.94678115835191079254087211084660      
   2.64308148697411976990338126706688651E-0002   0.00000000000000000000000000000000000         0.00000000000000000000000000000000000        0.849999999999999999999999999999999981        0.150000000000000000000000000000000019        0.724999999999999999999999999999999981        0.275000000000000000000000000000000019        0.512000024318695068359375000000000000        0.425000011920928955078125000000000000         6.30000010132789611816406250000000000E-0002  0.870056494511586616800702331296776776        0.129943505488413383199297668703223248         0.00000000000000000000000000000000000        0.683022559859958444886526535977552353        0.167811590859605266884724425470909642        0.129098359310438402074632433326122454         2250.00000000000000000000000000000000        0.300000011920928955078125000000000000        -1.00000000000000000000000000000000000         4.50000000000000000000000000000000000         50.0000000000000000000000000000000000        0.357887745160198884442967455418133024        0.357892082703377856386076267883714328        0.357892082703377856386076267883714328        0.357892082703377856386076267883714328        0.357892082703377856386076267883714328         0.00000000000000000000000000000000000         1.21196958206167227875574726432067055E-0003   13.2091774230552154008651534329923580         2333.99591476260471334712830813138704      
   2.76828663039208164325015985943068658E-0002   0.00000000000000000000000000000000000         0.00000000000000000000000000000000000        0.849999999999999999999999999999999981        0.150000000000000000000000000000000019        0.724999999999999999999999999999999981        0.275000000000000000000000000000000019        0.512000024318695068359375000000000000        0.425000011920928955078125000000000000         6.30000010132789611816406250000000000E-0002  0.870056494511586616800702331296776776        0.129943505488413383199297668703223248         0.00000000000000000000000000000000000        0.683022559859958444886526535977552353        0.167811590859605266884724425470909642        0.129098359310438402074632433326122454         2250.00000000000000000000000000000000        0.300000011920928955078125000000000000        -1.00000000000000000000000000000000000         4.50000000000000000000000000000000000         50.0000000000000000000000000000000000        0.363290242456897715731525114466096072        0.363369645932559023925910665964738192        0.363369645932559023925910665964738192        0.363369645932559023925910665964738192        0.363369645932559023925910665964738192         0.00000000000000000000000000000000000         2.18519836618508815837232210682085449E-0002   13.6659291067845347741939342606493524         2338.11506422120115268175248545852334      
   2.89942285388289406626051058156534930E-0002   0.00000000000000000000000000000000000         0.00000000000000000000000000000000000        0.849999999999999999999999999999999981        0.150000000000000000000000000000000019        0.724999999999999999999999999999999981        0.275000000000000000000000000000000019        0.512000024318695068359375000000000000        0.425000011920928955078125000000000000         6.30000010132789611816406250000000000E-0002  0.870056494511586616800702331296776776        0.129943505488413383199297668703223248         0.00000000000000000000000000000000000        0.683022559859958444886526535977552353        0.167811590859605266884724425470909642        0.129098359310438402074632433326122454         2250.00000000000000000000000000000000        0.300000011920928955078125000000000000        -1.00000000000000000000000000000000000         4.50000000000000000000000000000000000         50.0000000000000000000000000000000000        0.368769858703049855097928818846489305        0.368816209361661840828128188066473921        0.368816209361661840828128188066473921        0.368816209361661840828128188066473921        0.368816209361661840828128188066473921         0.00000000000000000000000000000000000         1.25674136427486002044230412401811725E-0002   14.1397416302832364199745333401225204         2342.30874906496676679840439289654511      
   3.03677111803547736840862033878692513E-0002   0.00000000000000000000000000000000000         0.00000000000000000000000000000000000        0.849999999999999999999999999999999981        0.150000000000000000000000000000000019        0.724999999999999999999999999999999981        0.275000000000000000000000000000000019        0.512000024318695068359375000000000000        0.425000011920928955078125000000000000         6.30000010132789611816406250000000000E-0002  0.870056494511586616800702331296776776        0.129943505488413383199297668703223248         0.00000000000000000000000000000000000        0.683022559859958444886526535977552353        0.167811590859605266884724425470909642        0.129098359310438402074632433326122454         2250.00000000000000000000000000000000        0.300000011920928955078125000000000000        -1.00000000000000000000000000000000000         4.50000000000000000000000000000000000         50.0000000000000000000000000000000000        0.374323932089238257100930499748295408        0.374369834000788169643911381779926769        0.374369834000788169643911381779926769        0.374369834000788169643911381779926769        0.374369834000788169643911381779926769         0.00000000000000000000000000000000000         1.22611138454643502616043220332245771E-0002   14.6306765825019847568094621623837172         2346.55094636213017339822556543963971      
   3.18062569279414025101825130079188269E-0002   0.00000000000000000000000000000000000         0.00000000000000000000000000000000000        0.849999999999999999999999999999999981        0.150000000000000000000000000000000019        0.724999999999999999999999999999999981        0.275000000000000000000000000000000019        0.512000024318695068359375000000000000        0.425000011920928955078125000000000000         6.30000010132789611816406250000000000E-0002  0.870056494511586616800702331296776776        0.129943505488413383199297668703223248         0.00000000000000000000000000000000000        0.683022559859958444886526535977552353        0.167811590859605266884724425470909642        0.129098359310438402074632433326122454         2250.00000000000000000000000000000000        0.300000011920928955078125000000000000        -1.00000000000000000000000000000000000         4.50000000000000000000000000000000000         50.0000000000000000000000000000000000        0.379962175864740094511058678247840272        0.379967405501383940896877092983948163        0.379967405501383940896877092983948163        0.379967405501383940896877092983948163        0.379967405501383940896877092983948163         0.00000000000000000000000000000000000         1.37633822483948247788370634689054949E-0003   15.1401703654892829676221168375231520         2350.89940582524591736252819952476116      
   3.33129478793469579587899033329322212E-0002   0.00000000000000000000000000000000000         0.00000000000000000000000000000000000        0.849999999999999999999999999999999981        0.150000000000000000000000000000000019        0.724999999999999999999999999999999981        0.275000000000000000000000000000000019        0.512000024318695068359375000000000000        0.425000011920928955078125000000000000         6.30000010132789611816406250000000000E-0002  0.870056494511586616800702331296776776        0.129943505488413383199297668703223248         0.00000000000000000000000000000000000        0.683022559859958444886526535977552353        0.167811590859605266884724425470909642        0.129098359310438402074632433326122454         2250.00000000000000000000000000000000        0.300000011920928955078125000000000000        -1.00000000000000000000000000000000000         4.50000000000000000000000000000000000         50.0000000000000000000000000000000000        0.385674787465765441883362177675828256        0.385741771687899130604158632837088508        0.385741771687899130604158632837088508        0.385741771687899130604158632837088508        0.385741771687899130604158632837088508         0.00000000000000000000000000000000000         1.73650423807057040837137993979807231E-0002   15.6692300166150476748094444980672364         2355.26281352816664955726741577793589      
   3.48910121340679723117689330325258897E-0002   0.00000000000000000000000000000000000         0.00000000000000000000000000000000000        0.849999999999999999999999999999999981        0.150000000000000000000000000000000019        0.724999999999999999999999999999999981        0.275000000000000000000000000000000019        0.512000024318695068359375000000000000        0.425000011920928955078125000000000000         6.30000010132789611816406250000000000E-0002  0.870056494511586616800702331296776776        0.129943505488413383199297668703223248         0.00000000000000000000000000000000000        0.683022559859958444886526535977552353        0.167811590859605266884724425470909642        0.129098359310438402074632433326122454         2250.00000000000000000000000000000000        0.300000011920928955078125000000000000        -1.00000000000000000000000000000000000         4.50000000000000000000000000000000000         50.0000000000000000000000000000000000        0.391470757812711566596393571381453233        0.391499975668978232491514746058512346        0.391499975668978232491514746058512346        0.391499975668978232491514746058512346        0.391499975668978232491514746058512346         0.00000000000000000000000000000000000         7.46305442720390608560990229350076973E-0003   16.2173354118991878379569426982206878         2359.71504948093657662990987396595436      
   3.65438307095728310329776802679418081E-0002   0.00000000000000000000000000000000000         0.00000000000000000000000000000000000        0.849999999999999999999999999999999981        0.150000000000000000000000000000000019        0.724999999999999999999999999999999981        0.275000000000000000000000000000000019        0.512000024318695068359375000000000000        0.425000011920928955078125000000000000         6.30000010132789611816406250000000000E-0002  0.870056494511586616800702331296776776        0.129943505488413383199297668703223248         0.00000000000000000000000000000000000        0.683022559859958444886526535977552353        0.167811590859605266884724425470909642        0.129098359310438402074632433326122454         2250.00000000000000000000000000000000        0.300000011920928955078125000000000000        -1.00000000000000000000000000000000000         4.50000000000000000000000000000000000         50.0000000000000000000000000000000000        0.397348094156267785702584789856069488        0.397357405014296312854380222266139594        0.397357405014296312854380222266139594        0.397357405014296312854380222266139594        0.397357405014296312854380222266139594         0.00000000000000000000000000000000000         2.34319479416576151056526104423744205E-0003   16.7865266192367866262108093668219366         2364.24356320854127750918331908945233      
   3.82749447851634135913727803832376407E-0002   0.00000000000000000000000000000000000         0.00000000000000000000000000000000000        0.849999999999999999999999999999999981        0.150000000000000000000000000000000019        0.724999999999999999999999999999999981        0.275000000000000000000000000000000019        0.512000024318695068359375000000000000        0.425000011920928955078125000000000000         6.30000010132789611816406250000000000E-0002  0.870056494511586616800702331296776776        0.129943505488413383199297668703223248         0.00000000000000000000000000000000000        0.683022559859958444886526535977552353        0.167811590859605266884724425470909642        0.129098359310438402074632433326122454         2250.00000000000000000000000000000000        0.300000011920928955078125000000000000        -1.00000000000000000000000000000000000         4.50000000000000000000000000000000000         50.0000000000000000000000000000000000        0.403307005162033652496555937410100753        0.403307267103856656099411234990219943        0.403307267103856656099411234990219943        0.403307267103856656099411234990219943        0.403307267103856656099411234990219943         0.00000000000000000000000000000000000         6.49484510617929346253112335653842295E-0005   17.3589483826031456733467958739998103         2368.58242440201900774619492755228178      
   4.00880632889849649039141805889355062E-0002   0.00000000000000000000000000000000000         0.00000000000000000000000000000000000        0.849999999999999999999999999999999981        0.150000000000000000000000000000000019        0.724999999999999999999999999999999981        0.275000000000000000000000000000000019        0.512000024318695068359375000000000000        0.425000011920928955078125000000000000         6.30000010132789611816406250000000000E-0002  0.870056494511586616800702331296776776        0.129943505488413383199297668703223248         0.00000000000000000000000000000000000        0.683022559859958444886526535977552353        0.167811590859605266884724425470909642        0.129098359310438402074632433326122454         2250.00000000000000000000000000000000        0.300000011920928955078125000000000000        -1.00000000000000000000000000000000000         4.50000000000000000000000000000000000         50.0000000000000000000000000000000000        0.409351159809967385805404289615807039        0.409351091062015408625120169737837641        0.409351091062015408625120169737837641        0.409351091062015408625120169737837641        0.409351091062015408625120169737837641         0.00000000000000000000000000000000000        -1.67943736998041088997402326905722037E-0005   17.9917279692284853895794599106273206         2373.50586890605129110107617545049442      
   4.19870708444394372159300809145208468E-0002   0.00000000000000000000000000000000000         0.00000000000000000000000000000000000        0.849999999999999999999999999999999981        0.150000000000000000000000000000000019        0.724999999999999999999999999999999981        0.275000000000000000000000000000000019        0.512000024318695068359375000000000000        0.425000011920928955078125000000000000         6.30000010132789611816406250000000000E-0002  0.870056494511586616800702331296776776        0.129943505488413383199297668703223248         0.00000000000000000000000000000000000        0.683022559859958444886526535977552353        0.167811590859605266884724425470909642        0.129098359310438402074632433326122454         2250.00000000000000000000000000000000        0.300000011920928955078125000000000000        -1.00000000000000000000000000000000000         4.50000000000000000000000000000000000         50.0000000000000000000000000000000000        0.415474053165547580583894064286812169        0.415479540725137971883283349431228542        0.415479540725137971883283349431228542        0.415479540725137971883283349431228542        0.415479540725137971883283349431228542         0.00000000000000000000000000000000000         1.32077733137324678742809573104672641E-0003   18.6275440770809591524347150856129646         2378.18807539637545950282896854644611      
   4.39760360930275675433071206856609502E-0002   0.00000000000000000000000000000000000         0.00000000000000000000000000000000000        0.849999999999999999999999999999999981        0.150000000000000000000000000000000019        0.724999999999999999999999999999999981        0.275000000000000000000000000000000019        0.512000024318695068359375000000000000        0.425000011920928955078125000000000000         6.30000010132789611816406250000000000E-0002  0.870056494511586616800702331296776776        0.129943505488413383199297668703223248         0.00000000000000000000000000000000000        0.683022559859958444886526535977552353        0.167811590859605266884724425470909642        0.129098359310438402074632433326122454         2250.00000000000000000000000000000000        0.300000011920928955078125000000000000        -1.00000000000000000000000000000000000         4.50000000000000000000000000000000000         50.0000000000000000000000000000000000        0.421689497977093609002608317084605776        0.421705850655919742672912996801376139        0.421705850655919742672912996801376139        0.421705850655919742672912996801376139        0.421705850655919742672912996801376139         0.00000000000000000000000000000000000         3.87774530533516982902046686099669066E-0003   19.2898217743989345358702452685223142         2382.99684946288529609568000613410852      
   4.60592204114514578978097464129404699E-0002   0.00000000000000000000000000000000000         0.00000000000000000000000000000000000        0.849999999999999999999999999999999981        0.150000000000000000000000000000000019        0.724999999999999999999999999999999981        0.275000000000000000000000000000000019        0.512000024318695068359375000000000000        0.425000011920928955078125000000000000         6.30000010132789611816406250000000000E-0002  0.870056494511586616800702331296776776        0.129943505488413383199297668703223248         0.00000000000000000000000000000000000        0.683022559859958444886526535977552353        0.167811590859605266884724425470909642        0.129098359310438402074632433326122454         2250.00000000000000000000000000000000        0.300000011920928955078125000000000000        -1.00000000000000000000000000000000000         4.50000000000000000000000000000000000         50.0000000000000000000000000000000000        0.427984135143538359629556989968492474        0.427988524869536150150913793121359701        0.427988524869536150150913793121359701        0.427988524869536150150913793121359701        0.427988524869536150150913793121359701         0.00000000000000000000000000000000000         1.02566441451406731956430252686879300E-0003   19.9760730071762408262622653456054381         2387.83386232399070941045503813564110      
   4.82410870416541323423097474256259733E-0002   0.00000000000000000000000000000000000         0.00000000000000000000000000000000000        0.849999999999999999999999999999999981        0.150000000000000000000000000000000019        0.724999999999999999999999999999999981        0.275000000000000000000000000000000019        0.512000024318695068359375000000000000        0.425000011920928955078125000000000000         6.30000010132789611816406250000000000E-0002  0.870056494511586616800702331296776776        0.129943505488413383199297668703223248         0.00000000000000000000000000000000000        0.683022559859958444886526535977552353        0.167811590859605266884724425470909642        0.129098359310438402074632433326122454         2250.00000000000000000000000000000000        0.300000011920928955078125000000000000        -1.00000000000000000000000000000000000         4.50000000000000000000000000000000000         50.0000000000000000000000000000000000        0.434372002569952377932532696628314130        0.434413854918019067033878580519544133        0.434413854918019067033878580519544133        0.434413854918019067033878580519544133        0.434413854918019067033878580519544133         0.00000000000000000000000000000000000         9.63421115438118738965444024458203449E-0003   20.6899809052592674153099957661878630         2392.71310250584634157808564276427202      
   5.05263106533572662690193201580239323E-0002   0.00000000000000000000000000000000000         0.00000000000000000000000000000000000        0.849999999999999999999999999999999981        0.150000000000000000000000000000000019        0.724999999999999999999999999999999981        0.275000000000000000000000000000000019        0.512000024318695068359375000000000000        0.425000011920928955078125000000000000         6.30000010132789611816406250000000000E-0002  0.870056494511586616800702331296776776        0.129943505488413383199297668703223248         0.00000000000000000000000000000000000        0.683022559859958444886526535977552353        0.167811590859605266884724425470909642        0.129098359310438402074632433326122454         2250.00000000000000000000000000000000        0.300000011920928955078125000000000000        -1.00000000000000000000000000000000000         4.50000000000000000000000000000000000         50.0000000000000000000000000000000000        0.440841708866744562117643797910596789        0.440843450412805070292666241918961472        0.440843450412805070292666241918961472        0.440843450412805070292666241918961472        0.440843450412805070292666241918961472         0.00000000000000000000000000000000000         3.95048641162161806329281629274765784E-0004   21.4300387053793979481605521820233022         2397.71904894175057422628691407095793      
   5.29197873595849146847521071145970371E-0002   0.00000000000000000000000000000000000         0.00000000000000000000000000000000000        0.849999999999999999999999999999999981        0.150000000000000000000000000000000019        0.724999999999999999999999999999999981        0.275000000000000000000000000000000019        0.512000024318695068359375000000000000        0.425000011920928955078125000000000000         6.30000010132789611816406250000000000E-0002  0.870056494511586616800702331296776776        0.129943505488413383199297668703223248         0.00000000000000000000000000000000000        0.683022559859958444886526535977552353        0.167811590859605266884724425470909642        0.129098359310438402074632433326122454         2250.00000000000000000000000000000000        0.300000011920928955078125000000000000        -1.00000000000000000000000000000000000         4.50000000000000000000000000000000000         50.0000000000000000000000000000000000        0.447404073052073513012164769812142809        0.447435794015404028471901820296665653        0.447435794015404028471901820296665653        0.447435794015404028471901820296665653        0.447435794015404028471901820296665653         0.00000000000000000000000000000000000         7.08950060652129924256937998783297462E-0003   22.1998953241896446359962212308792823         2402.73424529099193635499411775261231      
   5.54266452066315930392335611285580509E-0002   0.00000000000000000000000000000000000         0.00000000000000000000000000000000000        0.849999999999999999999999999999999981        0.150000000000000000000000000000000019        0.724999999999999999999999999999999981        0.275000000000000000000000000000000019        0.512000024318695068359375000000000000        0.425000011920928955078125000000000000         6.30000010132789611816406250000000000E-0002  0.870056494511586616800702331296776776        0.129943505488413383199297668703223248         0.00000000000000000000000000000000000        0.683022559859958444886526535977552353        0.167811590859605266884724425470909642        0.129098359310438402074632433326122454         2250.00000000000000000000000000000000        0.300000011920928955078125000000000000        -1.00000000000000000000000000000000000         4.50000000000000000000000000000000000         50.0000000000000000000000000000000000        0.454053819225371030559779978868792170        0.454078964409863974089632948764313592        0.454078964409863974089632948764313592        0.454078964409863974089632948764313592        0.454078964409863974089632948764313592         0.00000000000000000000000000000000000         5.53762373150736953251222736902213973E-0003   22.9992343264979919794987766122880891         2407.83748968093248744001219064942383      
   5.80522551609495656082146517268962107E-0002   0.00000000000000000000000000000000000         0.00000000000000000000000000000000000        0.849999999999999999999999999999999981        0.150000000000000000000000000000000019        0.724999999999999999999999999999999981        0.275000000000000000000000000000000019        0.512000024318695068359375000000000000        0.425000011920928955078125000000000000         6.30000010132789611816406250000000000E-0002  0.870056494511586616800702331296776776        0.129943505488413383199297668703223248         0.00000000000000000000000000000000000        0.683022559859958444886526535977552353        0.167811590859605266884724425470909642        0.129098359310438402074632433326122454         2250.00000000000000000000000000000000        0.300000011920928955078125000000000000        -1.00000000000000000000000000000000000         4.50000000000000000000000000000000000         50.0000000000000000000000000000000000        0.460798186561054045975342578676220921        0.460806992780952293646933742728284265        0.460806992780952293646933742728284265        0.460806992780952293646933742728284265        0.460806992780952293646933742728284265         0.00000000000000000000000000000000000         1.91104302586696367838017395256187184E-0003   23.8299626848171327571037711327991273         2412.99095479874151950102903584620059      
   6.08022426164948505065581588806303073E-0002   0.00000000000000000000000000000000000         0.00000000000000000000000000000000000        0.849999999999999999999999999999999981        0.150000000000000000000000000000000019        0.724999999999999999999999999999999981        0.275000000000000000000000000000000019        0.512000024318695068359375000000000000        0.425000011920928955078125000000000000         6.30000010132789611816406250000000000E-0002  0.870056494511586616800702331296776776        0.129943505488413383199297668703223248         0.00000000000000000000000000000000000        0.683022559859958444886526535977552353        0.167811590859605266884724425470909642        0.129098359310438402074632433326122454         2250.00000000000000000000000000000000        0.300000011920928955078125000000000000        -1.00000000000000000000000000000000000         4.50000000000000000000000000000000000         50.0000000000000000000000000000000000        0.467632531579979014311573035016017107        0.467642927143522128747396129011748279        0.467642927143522128747396129011748279        0.467642927143522128747396129011748279        0.467642927143522128747396129011748279         0.00000000000000000000000000000000000         2.22297033478365459747226674625990064E-0003   24.6942638859664908713311628003194771         2418.21070899303226262828661467489921      
   6.36824994471865380888821842690214039E-0002   0.00000000000000000000000000000000000         0.00000000000000000000000000000000000        0.849999999999999999999999999999999981        0.150000000000000000000000000000000019        0.724999999999999999999999999999999981        0.275000000000000000000000000000000019        0.512000024318695068359375000000000000        0.425000011920928955078125000000000000         6.30000010132789611816406250000000000E-0002  0.870056494511586616800702331296776776        0.129943505488413383199297668703223248         0.00000000000000000000000000000000000        0.683022559859958444886526535977552353        0.167811590859605266884724425470909642        0.129098359310438402074632433326122454         2250.00000000000000000000000000000000        0.300000011920928955078125000000000000        -1.00000000000000000000000000000000000         4.50000000000000000000000000000000000         50.0000000000000000000000000000000000        0.474558459223673155518350821514282312        0.474576229745724817457565019883567356        0.474576229745724817457565019883567356        0.474576229745724817457565019883567356        0.474576229745724817457565019883567356         0.00000000000000000000000000000000000         3.74450318786157526904385557426855752E-0003   25.5920429135623054173385637554103892         2423.47867991252699931258855052949507      
   6.66991966303019298825804335972346273E-0002   0.00000000000000000000000000000000000         0.00000000000000000000000000000000000        0.849999999999999999999999999999999981        0.150000000000000000000000000000000019        0.724999999999999999999999999999999981        0.275000000000000000000000000000000019        0.512000024318695068359375000000000000        0.425000011920928955078125000000000000         6.30000010132789611816406250000000000E-0002  0.870056494511586616800702331296776776        0.129943505488413383199297668703223248         0.00000000000000000000000000000000000        0.683022559859958444886526535977552353        0.167811590859605266884724425470909642        0.129098359310438402074632433326122454         2250.00000000000000000000000000000000        0.300000011920928955078125000000000000        -1.00000000000000000000000000000000000         4.50000000000000000000000000000000000         50.0000000000000000000000000000000000        0.481569921207170129316641101469789791        0.481604541330982616651286758561846073        0.481604541330982616651286758561846073        0.481604541330982616651286758561846073        0.481604541330982616651286758561846073         0.00000000000000000000000000000000000         7.18849612937820327960002496681052911E-0003   26.5240387462190040716877057859348209         2428.77472911195286320349290021919154      
   6.98587974678532405490532339768403819E-0002   0.00000000000000000000000000000000000         0.00000000000000000000000000000000000        0.849999999999999999999999999999999981        0.150000000000000000000000000000000019        0.724999999999999999999999999999999981        0.275000000000000000000000000000000019        0.512000024318695068359375000000000000        0.425000011920928955078125000000000000         6.30000010132789611816406250000000000E-0002  0.870056494511586616800702331296776776        0.129943505488413383199297668703223248         0.00000000000000000000000000000000000        0.683022559859958444886526535977552353        0.167811590859605266884724425470909642        0.129098359310438402074632433326122454         2250.00000000000000000000000000000000        0.300000011920928955078125000000000000        -1.00000000000000000000000000000000000         4.50000000000000000000000000000000000         50.0000000000000000000000000000000000        0.488689074607572469926150992722653909        0.488723839101396775742791995764307195        0.488723839101396775742791995764307195        0.488723839101396775742791995764307195        0.488723839101396775742791995764307195         0.00000000000000000000000000000000000         7.11332066146524496465813672061540972E-0003   27.4958558412148863868701551087063213         2434.16783923477644316949456740460376      
   7.31680714342727864769909562452151975E-0002   0.00000000000000000000000000000000000         0.00000000000000000000000000000000000        0.849999999999999999999999999999999981        0.150000000000000000000000000000000019        0.724999999999999999999999999999999981        0.275000000000000000000000000000000019        0.512000024318695068359375000000000000        0.425000011920928955078125000000000000         6.30000010132789611816406250000000000E-0002  0.870056494511586616800702331296776776        0.129943505488413383199297668703223248         0.00000000000000000000000000000000000        0.683022559859958444886526535977552353        0.167811590859605266884724425470909642        0.129098359310438402074632433326122454         2250.00000000000000000000000000000000        0.300000011920928955078125000000000000        -1.00000000000000000000000000000000000         4.50000000000000000000000000000000000         50.0000000000000000000000000000000000        0.495899066322318101132011944012673303        0.495930597879879261405077537677878511        0.495930597879879261405077537677878511        0.495930597879879261405077537677878511        0.495930597879879261405077537677878511         0.00000000000000000000000000000000000         6.35805850575842467034227552032127655E-0003   28.5051657251014308004437550477666761         2439.60687822902035627476009261834854      
   7.66341086800754564190942258342304675E-0002   0.00000000000000000000000000000000000         0.00000000000000000000000000000000000        0.849999999999999999999999999999999981        0.150000000000000000000000000000000019        0.724999999999999999999999999999999981        0.275000000000000000000000000000000019        0.512000024318695068359375000000000000        0.425000011920928955078125000000000000         6.30000010132789611816406250000000000E-0002  0.870056494511586616800702331296776776        0.129943505488413383199297668703223248         0.00000000000000000000000000000000000        0.683022559859958444886526535977552353        0.167811590859605266884724425470909642        0.129098359310438402074632433326122454         2250.00000000000000000000000000000000        0.300000011920928955078125000000000000        -1.00000000000000000000000000000000000         4.50000000000000000000000000000000000         50.0000000000000000000000000000000000        0.503202643768903830676218025505622117        0.503233858241742675999687175306734771        0.503233858241742675999687175306734771        0.503233858241742675999687175306734771        0.503233858241742675999687175306734771         0.00000000000000000000000000000000000         6.20277676623470850170163951035922559E-0003   29.5544768038813544675488392167070887         2445.11623028355393544159303721472269      
   8.02643352225726970636277878857272017E-0002   0.00000000000000000000000000000000000         0.00000000000000000000000000000000000        0.849999999999999999999999999999999981        0.150000000000000000000000000000000019        0.724999999999999999999999999999999981        0.275000000000000000000000000000000019        0.512000024318695068359375000000000000        0.425000011920928955078125000000000000         6.30000010132789611816406250000000000E-0002  0.870056494511586616800702331296776776        0.129943505488413383199297668703223248         0.00000000000000000000000000000000000        0.683022559859958444886526535977552353        0.167811590859605266884724425470909642        0.129098359310438402074632433326122454         2250.00000000000000000000000000000000        0.300000011920928955078125000000000000        -1.00000000000000000000000000000000000         4.50000000000000000000000000000000000         50.0000000000000000000000000000000000        0.510604089841591240065381487732612743        0.510666114036165798690728002374746451        0.510666114036165798690728002374746451        0.510666114036165798690728002374746451        0.510666114036165798690728002374746451         0.00000000000000000000000000000000000         1.21457431518876970812106901171562763E-0002   30.6478333364837663997409898174019366         2450.61900081404107455490563342442901      
   8.40665288561842607476714319551580939E-0002   0.00000000000000000000000000000000000         0.00000000000000000000000000000000000        0.849999999999999999999999999999999981        0.150000000000000000000000000000000019        0.724999999999999999999999999999999981        0.275000000000000000000000000000000019        0.512000024318695068359375000000000000        0.425000011920928955078125000000000000         6.30000010132789611816406250000000000E-0002  0.870056494511586616800702331296776776        0.129943505488413383199297668703223248         0.00000000000000000000000000000000000        0.683022559859958444886526535977552353        0.167811590859605266884724425470909642        0.129098359310438402074632433326122454         2250.00000000000000000000000000000000        0.300000011920928955078125000000000000        -1.00000000000000000000000000000000000         4.50000000000000000000000000000000000         50.0000000000000000000000000000000000        0.518102691344609261827559526029125062        0.518137584757147168875549983600599774        0.518137584757147168875549983600599774        0.518137584757147168875549983600599774        0.518137584757147168875549983600599774         0.00000000000000000000000000000000000         6.73439132084226392727758855204177492E-0003   31.7854752609828078676931537047023493         2456.53626145797682143369484025111586      
   8.80488358164357074743307360856496004E-0002   0.00000000000000000000000000000000000         0.00000000000000000000000000000000000        0.849999999999999999999999999999999981        0.150000000000000000000000000000000019        0.724999999999999999999999999999999981        0.275000000000000000000000000000000019        0.512000024318695068359375000000000000        0.425000011920928955078125000000000000         6.30000010132789611816406250000000000E-0002  0.870056494511586616800702331296776776        0.129943505488413383199297668703223248         0.00000000000000000000000000000000000        0.683022559859958444886526535977552353        0.167811590859605266884724425470909642        0.129098359310438402074632433326122454         2250.00000000000000000000000000000000        0.300000011920928955078125000000000000        -1.00000000000000000000000000000000000         4.50000000000000000000000000000000000         50.0000000000000000000000000000000000        0.525677944435981386720313784719641537        0.525722800592904312595106579149262189        0.525722800592904312595106579149262189        0.525722800592904312595106579149262189        0.525722800592904312595106579149262189         0.00000000000000000000000000000000000         8.53228295830761024063846366245344345E-0003   32.9791464341621305257330729506314693         2463.66323192063013542894341600291176      
   9.22197882333444321945314637778022181E-0002   0.00000000000000000000000000000000000         0.00000000000000000000000000000000000        0.849999999999999999999999999999999981        0.150000000000000000000000000000000019        0.724999999999999999999999999999999981        0.275000000000000000000000000000000019        0.512000024318695068359375000000000000        0.425000011920928955078125000000000000         6.30000010132789611816406250000000000E-0002  0.870056494511586616800702331296776776        0.129943505488413383199297668703223248         0.00000000000000000000000000000000000        0.683022559859958444886526535977552353        0.167811590859605266884724425470909642        0.129098359310438402074632433326122454         2250.00000000000000000000000000000000        0.300000011920928955078125000000000000        -1.00000000000000000000000000000000000         4.50000000000000000000000000000000000         50.0000000000000000000000000000000000        0.533269854853074437938970431279466408        0.533348657087457965332156680015442546        0.533348657087457965332156680015442546        0.533348657087457965332156680015442546        0.533348657087457965332156680015442546         0.00000000000000000000000000000000000         1.47749944311954053872841716513019360E-0002   34.2497151903304212620888895034834865         2486.80710569235185605022900524683823      
   9.65883224115882606340667665118364882E-0002   0.00000000000000000000000000000000000         0.00000000000000000000000000000000000        0.849999999999999999999999999999999981        0.150000000000000000000000000000000019        0.724999999999999999999999999999999981        0.275000000000000000000000000000000019        0.512000024318695068359375000000000000        0.425000011920928955078125000000000000         6.30000010132789611816406250000000000E-0002  0.870056494511586616800702331296776776        0.129943505488413383199297668703223248         0.00000000000000000000000000000000000        0.683022559859958444886526535977552353        0.167811590859605266884724425470909642        0.129098359310438402074632433326122454         2250.00000000000000000000000000000000        0.300000011920928955078125000000000000        -1.00000000000000000000000000000000000         4.50000000000000000000000000000000000         50.0000000000000000000000000000000000        0.540887178834209770927502598801510115        0.540912973754152345814201019641385109        0.540912973754152345814201019641385109        0.540912973754152345814201019641385109        0.540912973754152345814201019641385109         0.00000000000000000000000000000000000         4.76877449685627376583365646372426472E-0003   35.6054239607036071275091978335570965         2519.41561280849900120522715623676268      
  0.101163797976622046355106172347094973         0.00000000000000000000000000000000000         0.00000000000000000000000000000000000        0.849999999999999999999999999999999981        0.150000000000000000000000000000000019        0.724999999999999999999999999999999981        0.275000000000000000000000000000000019        0.512000024318695068359375000000000000        0.425000011920928955078125000000000000         6.30000010132789611816406250000000000E-0002  0.870056494511586616800702331296776776        0.129943505488413383199297668703223248         0.00000000000000000000000000000000000        0.683022559859958444886526535977552353        0.167811590859605266884724425470909642        0.129098359310438402074632433326122454         2250.00000000000000000000000000000000        0.300000011920928955078125000000000000        -1.00000000000000000000000000000000000         4.50000000000000000000000000000000000         50.0000000000000000000000000000000000        0.548557905615536110992402097818964604        0.548536635993545832061636511289646884        0.548536635993545832061636511289646884        0.548536635993545832061636511289646884        0.548536635993545832061636511289646884         0.00000000000000000000000000000000000        -3.87752076973928728944741396532445214E-0003   37.0288391603819103463356844300937391         2552.99962862347941716533797831700073      
  0.105956017927763003456833559312410793         0.00000000000000000000000000000000000         0.00000000000000000000000000000000000        0.849999999999999999999999999999999981        0.150000000000000000000000000000000019        0.724999999999999999999999999999999981        0.275000000000000000000000000000000019        0.512000024318695068359375000000000000        0.425000011920928955078125000000000000         6.30000010132789611816406250000000000E-0002  0.870056494511586616800702331296776776        0.129943505488413383199297668703223248         0.00000000000000000000000000000000000        0.683022559859958444886526535977552353        0.167811590859605266884724425470909642        0.129098359310438402074632433326122454         2250.00000000000000000000000000000000        0.300000011920928955078125000000000000        -1.00000000000000000000000000000000000         4.50000000000000000000000000000000000         50.0000000000000000000000000000000000        0.556290844947712097684927898108554248        0.556291112713976481781938467797202060        0.556291112713976481781938467797202060        0.556291112713976481781938467797202060        0.556291112713976481781938467797202060         0.00000000000000000000000000000000000         4.81341977724120386054740664646444992E-0005   38.4810220782752844241770243659499447         2586.80982005317074732306843900247755      
  0.110975249641208698343586493910800654         0.00000000000000000000000000000000000         0.00000000000000000000000000000000000        0.849999999999999999999999999999999981        0.150000000000000000000000000000000019        0.724999999999999999999999999999999981        0.275000000000000000000000000000000019        0.512000024318695068359375000000000000        0.425000011920928955078125000000000000         6.30000010132789611816406250000000000E-0002  0.870056494511586616800702331296776776        0.129943505488413383199297668703223248         0.00000000000000000000000000000000000        0.683022559859958444886526535977552353        0.167811590859605266884724425470909642        0.129098359310438402074632433326122454         2250.00000000000000000000000000000000        0.300000011920928955078125000000000000        -1.00000000000000000000000000000000000         4.50000000000000000000000000000000000         50.0000000000000000000000000000000000        0.563980792809215333750431227187520193        0.564007397849764039423671866970496220        0.564007397849764039423671866970496220        0.564007397849764039423671866970496220        0.564007397849764039423671866970496220         0.00000000000000000000000000000000000         4.71714389742677093159450630795866636E-0003   40.1425831252931244015937987304271534         2624.37441532249396265591090904906600      
  0.116232246867986863621532357708454707         0.00000000000000000000000000000000000         0.00000000000000000000000000000000000        0.849999999999999999999999999999999981        0.150000000000000000000000000000000019        0.724999999999999999999999999999999981        0.275000000000000000000000000000000019        0.512000024318695068359375000000000000        0.425000011920928955078125000000000000         6.30000010132789611816406250000000000E-0002  0.870056494511586616800702331296776776        0.129943505488413383199297668703223248         0.00000000000000000000000000000000000        0.683022559859958444886526535977552353        0.167811590859605266884724425470909642        0.129098359310438402074632433326122454         2250.00000000000000000000000000000000        0.300000011920928955078125000000000000        -1.00000000000000000000000000000000000         4.50000000000000000000000000000000000         50.0000000000000000000000000000000000        0.571646858103192332998627737446550225        0.571625977401345007128107460717679967        0.571625977401345007128107460717679967        0.571625977401345007128107460717679967        0.571625977401345007128107460717679967         0.00000000000000000000000000000000000        -3.65286090430164192197434957532477779E-0003   41.8745865349622693511763482253983591         2663.12274461698742834968718766643598      
  0.121738272773967847946541636711935559         0.00000000000000000000000000000000000         0.00000000000000000000000000000000000        0.849999999999999999999999999999999981        0.150000000000000000000000000000000019        0.724999999999999999999999999999999981        0.275000000000000000000000000000000019        0.512000024318695068359375000000000000        0.425000011920928955078125000000000000         6.30000010132789611816406250000000000E-0002  0.870056494511586616800702331296776776        0.129943505488413383199297668703223248         0.00000000000000000000000000000000000        0.683022559859958444886526535977552353        0.167811590859605266884724425470909642        0.129098359310438402074632433326122454         2250.00000000000000000000000000000000        0.300000011920928955078125000000000000        -1.00000000000000000000000000000000000         4.50000000000000000000000000000000000         50.0000000000000000000000000000000000        0.579350165977990556084927119419018901        0.579480356012567740293850821592620633        0.579480356012567740293850821592620633        0.579480356012567740293850821592620633        0.579480356012567740293850821592620633         0.00000000000000000000000000000000000         2.24666864418024645030525669545771698E-0002   43.7112848118469840491993041468300650         2703.00682925004044546910900914123591      
  0.127505124071303144618257819009567858         0.00000000000000000000000000000000000         0.00000000000000000000000000000000000        0.849999999999999999999999999999999981        0.150000000000000000000000000000000019        0.724999999999999999999999999999999981        0.275000000000000000000000000000000019        0.512000024318695068359375000000000000        0.425000011920928955078125000000000000         6.30000010132789611816406250000000000E-0002  0.870056494511586616800702331296776776        0.129943505488413383199297668703223248         0.00000000000000000000000000000000000        0.683022559859958444886526535977552353        0.167811590859605266884724425470909642        0.129098359310438402074632433326122454         2250.00000000000000000000000000000000        0.300000011920928955078125000000000000        -1.00000000000000000000000000000000000         4.50000000000000000000000000000000000         50.0000000000000000000000000000000000        0.587063383501346925080764623886833809        0.587035542719236638244666427524458499        0.587035542719236638244666427524458499        0.587035542719236638244666427524458499        0.587035542719236638244666427524458499         0.00000000000000000000000000000000000        -4.74260587039145188091501997556688831E-0003   45.6449258286503580528915233412231278         2744.14163286314478603138468318986818      
  0.133545156292991832326932402316673282         0.00000000000000000000000000000000000         0.00000000000000000000000000000000000        0.849999999999999999999999999999999981        0.150000000000000000000000000000000019        0.724999999999999999999999999999999981        0.275000000000000000000000000000000019        0.512000024318695068359375000000000000        0.425000011920928955078125000000000000         6.30000010132789611816406250000000000E-0002  0.870056494511586616800702331296776776        0.129943505488413383199297668703223248         0.00000000000000000000000000000000000        0.683022559859958444886526535977552353        0.167811590859605266884724425470909642        0.129098359310438402074632433326122454         2250.00000000000000000000000000000000        0.300000011920928955078125000000000000        -1.00000000000000000000000000000000000         4.50000000000000000000000000000000000         50.0000000000000000000000000000000000        0.594865835935859110533912267967700482        0.594870241320464707905289937720457996        0.594870241320464707905289937720457996        0.594870241320464707905289937720457996        0.594870241320464707905289937720457996         0.00000000000000000000000000000000000         7.40562277215028922439548759184123129E-0004   47.6534586744272616510076142592178896         2785.56526623959961581374831450906159      
  0.139871310264725923734212542400487802         0.00000000000000000000000000000000000         0.00000000000000000000000000000000000        0.849999999999999999999999999999999981        0.150000000000000000000000000000000019        0.724999999999999999999999999999999981        0.275000000000000000000000000000000019        0.512000024318695068359375000000000000        0.425000011920928955078125000000000000         6.30000010132789611816406250000000000E-0002  0.870056494511586616800702331296776776        0.129943505488413383199297668703223248         0.00000000000000000000000000000000000        0.683022559859958444886526535977552353        0.167811590859605266884724425470909642        0.129098359310438402074632433326122454         2250.00000000000000000000000000000000        0.300000011920928955078125000000000000        -1.00000000000000000000000000000000000         4.50000000000000000000000000000000000         50.0000000000000000000000000000000000        0.602719976425917988711248306307175514        0.602730836263463355898278436075988397        0.602730836263463355898278436075988397        0.602730836263463355898278436075988397        0.602730836263463355898278436075988397         0.00000000000000000000000000000000000         1.80177234878027331164885459611202104E-0003   49.7140515102564787269792532974891111         2827.15454619927231048828059753441245      
  0.146497139830730798859885014704254904         0.00000000000000000000000000000000000         0.00000000000000000000000000000000000        0.849999999999999999999999999999999981        0.150000000000000000000000000000000019        0.724999999999999999999999999999999981        0.275000000000000000000000000000000019        0.512000024318695068359375000000000000        0.425000011920928955078125000000000000         6.30000010132789611816406250000000000E-0002  0.870056494511586616800702331296776776        0.129943505488413383199297668703223248         0.00000000000000000000000000000000000        0.683022559859958444886526535977552353        0.167811590859605266884724425470909642        0.129098359310438402074632433326122454         2250.00000000000000000000000000000000        0.300000011920928955078125000000000000        -1.00000000000000000000000000000000000         4.50000000000000000000000000000000000         50.0000000000000000000000000000000000        0.610665593100420339828435990161380499        0.610634727618700813931238141800406396        0.610634727618700813931238141800406396        0.610634727618700813931238141800406396        0.610634727618700813931238141800406396         0.00000000000000000000000000000000000        -5.05465547953559192262279006651282834E-0003   51.8563792119627198327575491939315150         2869.15000513527830469610231029703334      
  0.153436840893003596478571043987610540         0.00000000000000000000000000000000000         0.00000000000000000000000000000000000        0.849999999999999999999999999999999981        0.150000000000000000000000000000000019        0.724999999999999999999999999999999981        0.275000000000000000000000000000000019        0.512000024318695068359375000000000000        0.425000011920928955078125000000000000         6.30000010132789611816406250000000000E-0002  0.870056494511586616800702331296776776        0.129943505488413383199297668703223248         0.00000000000000000000000000000000000        0.683022559859958444886526535977552353        0.167811590859605266884724425470909642        0.129098359310438402074632433326122454         2250.00000000000000000000000000000000        0.300000011920928955078125000000000000        -1.00000000000000000000000000000000000         4.50000000000000000000000000000000000         50.0000000000000000000000000000000000        0.618708467400484253988998410394471347        0.618799652322437038278436414984150574        0.618799652322437038278436414984150574        0.618799652322437038278436414984150574        0.618799652322437038278436414984150574         0.00000000000000000000000000000000000         1.47357745936920297865192903331942846E-0002   54.0802432499515328294572701890333368         2911.44218144944326759934813956813280      
  0.160705281826166404175411117660175785         0.00000000000000000000000000000000000         0.00000000000000000000000000000000000        0.849999999999999999999999999999999981        0.150000000000000000000000000000000019        0.724999999999999999999999999999999981        0.275000000000000000000000000000000019        0.512000024318695068359375000000000000        0.425000011920928955078125000000000000         6.30000010132789611816406250000000000E-0002  0.870056494511586616800702331296776776        0.129943505488413383199297668703223248         0.00000000000000000000000000000000000        0.683022559859958444886526535977552353        0.167811590859605266884724425470909642        0.129098359310438402074632433326122454         2250.00000000000000000000000000000000        0.300000011920928955078125000000000000        -1.00000000000000000000000000000000000         4.50000000000000000000000000000000000         50.0000000000000000000000000000000000        0.626842600471533900627420831900813644        0.626930332987490658188860583941110376        0.626930332987490658188860583941110376        0.626930332987490658188860583941110376        0.626930332987490658188860583941110376         0.00000000000000000000000000000000000         1.39939816819340461616065092872787107E-0002   56.3776545872859103917862512340430761         2954.17049860607720558860437849899514      
  0.168318035333098355319523878900328206         0.00000000000000000000000000000000000         0.00000000000000000000000000000000000        0.849999999999999999999999999999999981        0.150000000000000000000000000000000019        0.724999999999999999999999999999999981        0.275000000000000000000000000000000019        0.512000024318695068359375000000000000        0.425000011920928955078125000000000000         6.30000010132789611816406250000000000E-0002  0.870056494511586616800702331296776776        0.129943505488413383199297668703223248         0.00000000000000000000000000000000000        0.683022559859958444886526535977552353        0.167811590859605266884724425470909642        0.129098359310438402074632433326122454         2250.00000000000000000000000000000000        0.300000011920928955078125000000000000        -1.00000000000000000000000000000000000         4.50000000000000000000000000000000000         50.0000000000000000000000000000000000        0.635078168440742599827932595014633567        0.635119482853369194841251187935779659        0.635119482853369194841251187935779659        0.635119482853369194841251187935779659        0.635119482853369194841251187935779659         0.00000000000000000000000000000000000         6.50498272246095178597676767497639456E-0003   58.7583770667814029718354668189396687         2997.35355722031709127219601275567262      
  0.176291411809597623536968597048402244         0.00000000000000000000000000000000000         0.00000000000000000000000000000000000        0.849999999999999999999999999999999981        0.150000000000000000000000000000000019        0.724999999999999999999999999999999981        0.275000000000000000000000000000000019        0.512000024318695068359375000000000000        0.425000011920928955078125000000000000         6.30000010132789611816406250000000000E-0002  0.870056494511586616800702331296776776        0.129943505488413383199297668703223248         0.00000000000000000000000000000000000        0.683022559859958444886526535977552353        0.167811590859605266884724425470909642        0.129098359310438402074632433326122454         2250.00000000000000000000000000000000        0.300000011920928955078125000000000000        -1.00000000000000000000000000000000000         4.50000000000000000000000000000000000         50.0000000000000000000000000000000000        0.643413640367017067132214207440347024        0.643461095045241748263848193391536128        0.643461095045241748263848193391536128        0.643461095045241748263848193391536128        0.643461095045241748263848193391536128         0.00000000000000000000000000000000000         7.37491024555953818870823204698157906E-0003   61.2278936318192235871327240515520578         3040.88495550940444957405959603435705      
  0.184642494289557415975419190134436407         0.00000000000000000000000000000000000         0.00000000000000000000000000000000000        0.849999999999999999999999999999999981        0.150000000000000000000000000000000019        0.724999999999999999999999999999999981        0.275000000000000000000000000000000019        0.512000024318695068359375000000000000        0.425000011920928955078125000000000000         6.30000010132789611816406250000000000E-0002  0.870056494511586616800702331296776776        0.129943505488413383199297668703223248         0.00000000000000000000000000000000000        0.683022559859958444886526535977552353        0.167811590859605266884724425470909642        0.129098359310438402074632433326122454         2250.00000000000000000000000000000000        0.300000011920928955078125000000000000        -1.00000000000000000000000000000000000         4.50000000000000000000000000000000000         50.0000000000000000000000000000000000        0.651857031247829860916310132912930667        0.651853779109458102700118109837633366        0.651853779109458102700118109837633366        0.651853779109458102700118109837633366        0.651853779109458102700118109837633366         0.00000000000000000000000000000000000        -4.98906116061976994863258446402286236E-0004   63.7861800754214907666858210725828592         3084.90601846236118764677160133505879      
  0.193389175045526332720793931968250954         0.00000000000000000000000000000000000         0.00000000000000000000000000000000000        0.849999999999999999999999999999999981        0.150000000000000000000000000000000019        0.724999999999999999999999999999999981        0.275000000000000000000000000000000019        0.512000024318695068359375000000000000        0.425000011920928955078125000000000000         6.30000010132789611816406250000000000E-0002  0.870056494511586616800702331296776776        0.129943505488413383199297668703223248         0.00000000000000000000000000000000000        0.683022559859958444886526535977552353        0.167811590859605266884724425470909642        0.129098359310438402074632433326122454         2250.00000000000000000000000000000000        0.300000011920928955078125000000000000        -1.00000000000000000000000000000000000         4.50000000000000000000000000000000000         50.0000000000000000000000000000000000        0.660409965492004437013933945750538630        0.660407083355774040081235480941039025        0.660407083355774040081235480941039025        0.660407083355774040081235480941039025        0.660407083355774040081235480941039025         0.00000000000000000000000000000000000        -4.36418128005491166546555011636642717E-0004   66.4411893288116524960589665981169084         3129.36252645143093392467968648325488      
  0.202550193923070136258493621901443151         0.00000000000000000000000000000000000         0.00000000000000000000000000000000000        0.849999999999999999999999999999999981        0.150000000000000000000000000000000019        0.724999999999999999999999999999999981        0.275000000000000000000000000000000019        0.512000024318695068359375000000000000        0.425000011920928955078125000000000000         6.30000010132789611816406250000000000E-0002  0.870056494511586616800702331296776776        0.129943505488413383199297668703223248         0.00000000000000000000000000000000000        0.683022559859958444886526535977552353        0.167811590859605266884724425470909642        0.129098359310438402074632433326122454         2250.00000000000000000000000000000000        0.300000011920928955078125000000000000        -1.00000000000000000000000000000000000         4.50000000000000000000000000000000000         50.0000000000000000000000000000000000        0.669074147728646211965728344998621465        0.669058163604286080995458326523286960        0.669058163604286080995458326523286960        0.669058163604286080995458326523286960        0.669058163604286080995458326523286960         0.00000000000000000000000000000000000        -2.38904855058083827767821850097401233E-0003   69.1943083915361686336573447634822598         3174.30026633848616349735386968860250      
  0.212145178491066660656421546258877797         0.00000000000000000000000000000000000         0.00000000000000000000000000000000000        0.849999999999999999999999999999999981        0.150000000000000000000000000000000019        0.724999999999999999999999999999999981        0.275000000000000000000000000000000019        0.512000024318695068359375000000000000        0.425000011920928955078125000000000000         6.30000010132789611816406250000000000E-0002  0.870056494511586616800702331296776776        0.129943505488413383199297668703223248         0.00000000000000000000000000000000000        0.683022559859958444886526535977552353        0.167811590859605266884724425470909642        0.129098359310438402074632433326122454         2250.00000000000000000000000000000000        0.300000011920928955078125000000000000        -1.00000000000000000000000000000000000         4.50000000000000000000000000000000000         50.0000000000000000000000000000000000        0.677856332003006938501947654825367478        0.677921640776316002662912925659195699        0.677921640776316002662912925659195699        0.677921640776316002662912925659195699        0.677921640776316002662912925659195699         0.00000000000000000000000000000000000         9.63367583815090985870207909859776340E-0003   72.0583640939357362486840156745733294         3219.70122762971330424536726439634333      
  0.222194686093956243932729053068759355         0.00000000000000000000000000000000000         0.00000000000000000000000000000000000        0.849999999999999999999999999999999981        0.150000000000000000000000000000000019        0.724999999999999999999999999999999981        0.275000000000000000000000000000000019        0.512000024318695068359375000000000000        0.425000011920928955078125000000000000         6.30000010132789611816406250000000000E-0002  0.870056494511586616800702331296776776        0.129943505488413383199297668703223248         0.00000000000000000000000000000000000        0.683022559859958444886526535977552353        0.167811590859605266884724425470909642        0.129098359310438402074632433326122454         2250.00000000000000000000000000000000        0.300000011920928955078125000000000000        -1.00000000000000000000000000000000000         4.50000000000000000000000000000000000         50.0000000000000000000000000000000000        0.686763722620200338409387002811969186        0.686838571997217257749449833378935005        0.686838571997217257749449833378935005        0.686838571997217257749449833378935005        0.686838571997217257749449833378935005         0.00000000000000000000000000000000000         1.08976665068866566266522603571800939E-0002   75.0279761275616504879328460327968545         3265.71289978314349751141768189810262      
  0.232720247896045024620482335420595173         0.00000000000000000000000000000000000         0.00000000000000000000000000000000000        0.849999999999999999999999999999999981        0.150000000000000000000000000000000019        0.724999999999999999999999999999999981        0.275000000000000000000000000000000019        0.512000024318695068359375000000000000        0.425000011920928955078125000000000000         6.30000010132789611816406250000000000E-0002  0.870056494511586616800702331296776776        0.129943505488413383199297668703223248         0.00000000000000000000000000000000000        0.683022559859958444886526535977552353        0.167811590859605266884724425470909642        0.129098359310438402074632433326122454         2250.00000000000000000000000000000000        0.300000011920928955078125000000000000        -1.00000000000000000000000000000000000         4.50000000000000000000000000000000000         50.0000000000000000000000000000000000        0.695800832564288405574629599252223309        0.695911523614467815931108040996951805        0.695911523614467815931108040996951805        0.695911523614467815931108040996951805        0.695911523614467815931108040996951805         0.00000000000000000000000000000000000         1.59059084988988848689113134268744687E-0002   78.1314814372024389915460327894105670         3312.60426399126054503362826529698924      
  0.243744415012226435488952487885240485         0.00000000000000000000000000000000000         0.00000000000000000000000000000000000        0.849999999999999999999999999999999981        0.150000000000000000000000000000000019        0.724999999999999999999999999999999981        0.275000000000000000000000000000000019        0.512000024318695068359375000000000000        0.425000011920928955078125000000000000         6.30000010132789611816406250000000000E-0002  0.870056494511586616800702331296776776        0.129943505488413383199297668703223248         0.00000000000000000000000000000000000        0.683022559859958444886526535977552353        0.167811590859605266884724425470909642        0.129098359310438402074632433326122454         2250.00000000000000000000000000000000        0.300000011920928955078125000000000000        -1.00000000000000000000000000000000000         4.50000000000000000000000000000000000         50.0000000000000000000000000000000000        0.704934041950665571650076991088772515        0.704962764935375588265635832526493461        0.704962764935375588265635832526493461        0.704962764935375588265635832526493461        0.704962764935375588265635832526493461         0.00000000000000000000000000000000000         4.07439742050059493901923389505596709E-0003   81.3154386486802081014585192305327329         3359.54990932274110865963659176277089      
  0.255290806823956397939774451911334331         0.00000000000000000000000000000000000         0.00000000000000000000000000000000000        0.849999999999999999999999999999999981        0.150000000000000000000000000000000019        0.724999999999999999999999999999999981        0.275000000000000000000000000000000019        0.512000024318695068359375000000000000        0.425000011920928955078125000000000000         6.30000010132789611816406250000000000E-0002  0.870056494511586616800702331296776776        0.129943505488413383199297668703223248         0.00000000000000000000000000000000000        0.683022559859958444886526535977552353        0.167811590859605266884724425470909642        0.129098359310438402074632433326122454         2250.00000000000000000000000000000000        0.300000011920928955078125000000000000        -1.00000000000000000000000000000000000         4.50000000000000000000000000000000000         50.0000000000000000000000000000000000        0.714201058549078259482682332426110318        0.714194172855591209444471792411459343        0.714194172855591209444471792411459343        0.714194172855591209444471792411459343        0.714194172855591209444471792411459343         0.00000000000000000000000000000000000        -9.64120647963101370439163628001247239E-0004   84.6258627064746301902512470639430514         3407.17804067071440563875042178227647      
  0.267384161583999647148154120888094587         0.00000000000000000000000000000000000         0.00000000000000000000000000000000000        0.849999999999999999999999999999999981        0.150000000000000000000000000000000019        0.724999999999999999999999999999999981        0.275000000000000000000000000000000019        0.512000024318695068359375000000000000        0.425000011920928955078125000000000000         6.30000010132789611816406250000000000E-0002  0.870056494511586616800702331296776776        0.129943505488413383199297668703223248         0.00000000000000000000000000000000000        0.683022559859958444886526535977552353        0.167811590859605266884724425470909642        0.129098359310438402074632433326122454         2250.00000000000000000000000000000000        0.300000011920928955078125000000000000        -1.00000000000000000000000000000000000         4.50000000000000000000000000000000000         50.0000000000000000000000000000000000        0.723619078966420105781239448562790162        0.723544375752636726234750790072266173        0.723544375752636726234750790072266173        0.723544375752636726234750790072266173        0.723544375752636726234750790072266173         0.00000000000000000000000000000000000        -1.03246208922117123513491678485957719E-0002   88.1128158273599682018707001057754170         3455.83597398396780148382871517226798      
  0.280050389418368331636181818145177102         0.00000000000000000000000000000000000         0.00000000000000000000000000000000000        0.849999999999999999999999999999999981        0.150000000000000000000000000000000019        0.724999999999999999999999999999999981        0.275000000000000000000000000000000019        0.512000024318695068359375000000000000        0.425000011920928955078125000000000000         6.30000010132789611816406250000000000E-0002  0.870056494511586616800702331296776776        0.129943505488413383199297668703223248         0.00000000000000000000000000000000000        0.683022559859958444886526535977552353        0.167811590859605266884724425470909642        0.129098359310438402074632433326122454         2250.00000000000000000000000000000000        0.300000011920928955078125000000000000        -1.00000000000000000000000000000000000         4.50000000000000000000000000000000000         50.0000000000000000000000000000000000        0.733151756762273583908088134024461323        0.733121622997195607940547797274181289        0.733121622997195607940547797274181289        0.733121622997195607940547797274181289        0.733121622997195607940547797274181289         0.00000000000000000000000000000000000        -4.11033642068571717581643781623859995E-0003   91.7164107237200859081337828550078693         3504.93743713401206650964237689134914      
  0.293316627839010037899556840640473318         0.00000000000000000000000000000000000         0.00000000000000000000000000000000000        0.849999999999999999999999999999999981        0.150000000000000000000000000000000019        0.724999999999999999999999999999999981        0.275000000000000000000000000000000019        0.512000024318695068359375000000000000        0.425000011920928955078125000000000000         6.30000010132789611816406250000000000E-0002  0.870056494511586616800702331296776776        0.129943505488413383199297668703223248         0.00000000000000000000000000000000000        0.683022559859958444886526535977552353        0.167811590859605266884724425470909642        0.129098359310438402074632433326122454         2250.00000000000000000000000000000000        0.300000011920928955078125000000000000        -1.00000000000000000000000000000000000         4.50000000000000000000000000000000000         50.0000000000000000000000000000000000        0.742823435557606199461680724814783365        0.742838757367615356799288730545580883        0.742838757367615356799288730545580883        0.742838757367615356799288730545580883        0.742838757367615356799288730545580883         0.00000000000000000000000000000000000         2.06260239617181073522905185236527104E-0003   95.4686964498471192327436706501666186         3554.73816619456663533099485124325162      
  0.307211299886181694903675457144820827         0.00000000000000000000000000000000000         0.00000000000000000000000000000000000        0.849999999999999999999999999999999981        0.150000000000000000000000000000000019        0.724999999999999999999999999999999981        0.275000000000000000000000000000000019        0.512000024318695068359375000000000000        0.425000011920928955078125000000000000         6.30000010132789611816406250000000000E-0002  0.870056494511586616800702331296776776        0.129943505488413383199297668703223248         0.00000000000000000000000000000000000        0.683022559859958444886526535977552353        0.167811590859605266884724425470909642        0.129098359310438402074632433326122454         2250.00000000000000000000000000000000        0.300000011920928955078125000000000000        -1.00000000000000000000000000000000000         4.50000000000000000000000000000000000         50.0000000000000000000000000000000000        0.752622675300925126734406170756907958        0.752718790811848303802671123424546150        0.752718790811848303802671123424546150        0.752718790811848303802671123424546150        0.752718790811848303802671123424546150         0.00000000000000000000000000000000000         1.27691127279433589232565219786535457E-0002   99.3792071938430464222895399924517708         3605.15311918880293206778176694120603      
  0.321764175025079939929779942085648449         0.00000000000000000000000000000000000         0.00000000000000000000000000000000000        0.849999999999999999999999999999999981        0.150000000000000000000000000000000019        0.724999999999999999999999999999999981        0.275000000000000000000000000000000019        0.512000024318695068359375000000000000        0.425000011920928955078125000000000000         6.30000010132789611816406250000000000E-0002  0.870056494511586616800702331296776776        0.129943505488413383199297668703223248         0.00000000000000000000000000000000000        0.683022559859958444886526535977552353        0.167811590859605266884724425470909642        0.129098359310438402074632433326122454         2250.00000000000000000000000000000000        0.300000011920928955078125000000000000        -1.00000000000000000000000000000000000         4.50000000000000000000000000000000000         50.0000000000000000000000000000000000        0.762576431111223301559836166647505702        0.762594423640953529862627092014392842        0.762594423640953529862627092014392842        0.762594423640953529862627092014392842        0.762594423640953529862627092014392842         0.00000000000000000000000000000000000         2.35938385758503621691514241755102073E-0003   103.130017219970367298899168185328771         3653.94078858341247319007689837211418      
  0.337006432927199547555937678304493054         0.00000000000000000000000000000000000         0.00000000000000000000000000000000000        0.849999999999999999999999999999999981        0.150000000000000000000000000000000019        0.724999999999999999999999999999999981        0.275000000000000000000000000000000019        0.512000024318695068359375000000000000        0.425000011920928955078125000000000000         6.30000010132789611816406250000000000E-0002  0.870056494511586616800702331296776776        0.129943505488413383199297668703223248         0.00000000000000000000000000000000000        0.683022559859958444886526535977552353        0.167811590859605266884724425470909642        0.129098359310438402074632433326122454         2250.00000000000000000000000000000000        0.300000011920928955078125000000000000        -1.00000000000000000000000000000000000         4.50000000000000000000000000000000000         50.0000000000000000000000000000000000        0.772677378849335800207466906983597581        0.772867529700421429232144892365524682        0.772867529700421429232144892365524682        0.772867529700421429232144892365524682        0.772867529700421429232144892365524682         0.00000000000000000000000000000000000         2.46032914798911546530222030245798089E-0002   107.021778118743858259111827747145829         3702.96757776555326016871428175405812      
  0.352970730273072080492371624264509206         0.00000000000000000000000000000000000         0.00000000000000000000000000000000000        0.849999999999999999999999999999999981        0.150000000000000000000000000000000019        0.724999999999999999999999999999999981        0.275000000000000000000000000000000019        0.512000024318695068359375000000000000        0.425000011920928955078125000000000000         6.30000010132789611816406250000000000E-0002  0.870056494511586616800702331296776776        0.129943505488413383199297668703223248         0.00000000000000000000000000000000000        0.683022559859958444886526535977552353        0.167811590859605266884724425470909642        0.129098359310438402074632433326122454         2250.00000000000000000000000000000000        0.300000011920928955078125000000000000        -1.00000000000000000000000000000000000         4.50000000000000000000000000000000000         50.0000000000000000000000000000000000        0.782943527965005731658535180399882195        0.782937158573215991068239711791789250        0.782937158573215991068239711791789250        0.782937158573215991068239711791789250        0.782937158573215991068239711791789250         0.00000000000000000000000000000000000        -8.13525289992346134355806122246055760E-0004   111.132322197889938671497817647157357         3754.57525506964944332182533883380695      
  0.369691270719510256457304422777255813         0.00000000000000000000000000000000000         0.00000000000000000000000000000000000        0.849999999999999999999999999999999981        0.150000000000000000000000000000000019        0.724999999999999999999999999999999981        0.275000000000000000000000000000000019        0.512000024318695068359375000000000000        0.425000011920928955078125000000000000         6.30000010132789611816406250000000000E-0002  0.870056494511586616800702331296776776        0.129943505488413383199297668703223248         0.00000000000000000000000000000000000        0.683022559859958444886526535977552353        0.167811590859605266884724425470909642        0.129098359310438402074632433326122454         2250.00000000000000000000000000000000        0.300000011920928955078125000000000000        -1.00000000000000000000000000000000000         4.50000000000000000000000000000000000         50.0000000000000000000000000000000000        0.793347479071421229632443984228880115        0.793404497659341824867353848551565836        0.793404497659341824867353848551565836        0.793404497659341824867353848551565836        0.793404497659341824867353848551565836         0.00000000000000000000000000000000000         7.18657230817424493470401183535580489E-0003   115.429788005537063195114681493134837         3806.61032239878684022212260338245772      
  0.387203878181263508459966947142191053         0.00000000000000000000000000000000000         0.00000000000000000000000000000000000        0.849999999999999999999999999999999981        0.150000000000000000000000000000000019        0.724999999999999999999999999999999981        0.275000000000000000000000000000000019        0.512000024318695068359375000000000000        0.425000011920928955078125000000000000         6.30000010132789611816406250000000000E-0002  0.870056494511586616800702331296776776        0.129943505488413383199297668703223248         0.00000000000000000000000000000000000        0.683022559859958444886526535977552353        0.167811590859605266884724425470909642        0.129098359310438402074632433326122454         2250.00000000000000000000000000000000        0.300000011920928955078125000000000000        -1.00000000000000000000000000000000000         4.50000000000000000000000000000000000         50.0000000000000000000000000000000000        0.803900401693689214892072944864756725        0.803914425673483989908868768445614906        0.803914425673483989908868768445614906        0.803914425673483989908868768445614906        0.803914425673483989908868768445614906         0.00000000000000000000000000000000000         1.74446176693823426360501111748473969E-0003   119.936643860327424384206167947594696         3860.22253993181537354533222794205614      
  0.405546073584091372929320306957881816         0.00000000000000000000000000000000000         0.00000000000000000000000000000000000        0.849999999999999999999999999999999981        0.150000000000000000000000000000000019        0.724999999999999999999999999999999981        0.275000000000000000000000000000000019        0.512000024318695068359375000000000000        0.425000011920928955078125000000000000         6.30000010132789611816406250000000000E-0002  0.870056494511586616800702331296776776        0.129943505488413383199297668703223248         0.00000000000000000000000000000000000        0.683022559859958444886526535977552353        0.167811590859605266884724425470909642        0.129098359310438402074632433326122454         2250.00000000000000000000000000000000        0.300000011920928955078125000000000000        -1.00000000000000000000000000000000000         4.50000000000000000000000000000000000         50.0000000000000000000000000000000000        0.814589437486290574371753098583717126        0.814648235303806040394894666489898367        0.814648235303806040394894666489898367        0.814648235303806040394894666489898367        0.814648235303806040394894666489898367         0.00000000000000000000000000000000000         7.21757133537993922676002478646445870E-0003   124.654874133580882619579762689500116         3914.86534618330612035161601953155446      
  0.424757155253698885385985478437553801         0.00000000000000000000000000000000000         0.00000000000000000000000000000000000        0.849999999999999999999999999999999981        0.150000000000000000000000000000000019        0.724999999999999999999999999999999981        0.275000000000000000000000000000000019        0.512000024318695068359375000000000000        0.425000011920928955078125000000000000         6.30000010132789611816406250000000000E-0002  0.870056494511586616800702331296776776        0.129943505488413383199297668703223248         0.00000000000000000000000000000000000        0.683022559859958444886526535977552353        0.167811590859605266884724425470909642        0.129098359310438402074632433326122454         2250.00000000000000000000000000000000        0.300000011920928955078125000000000000        -1.00000000000000000000000000000000000         4.50000000000000000000000000000000000         50.0000000000000000000000000000000000        0.825448041335578681070593205441685202        0.825471685537777700346709648157028780        0.825471685537777700346709648157028780        0.825471685537777700346709648157028780        0.825471685537777700346709648157028780         0.00000000000000000000000000000000000         2.86432625288844017263077688047764619E-0003   129.599936151408090033545827488177949         3971.04758255176553348770193012521860      
  0.444878283112768031811350146623921564         0.00000000000000000000000000000000000         0.00000000000000000000000000000000000        0.849999999999999999999999999999999981        0.150000000000000000000000000000000019        0.724999999999999999999999999999999981        0.275000000000000000000000000000000019        0.512000024318695068359375000000000000        0.425000011920928955078125000000000000         6.30000010132789611816406250000000000E-0002  0.870056494511586616800702331296776776        0.129943505488413383199297668703223248         0.00000000000000000000000000000000000        0.683022559859958444886526535977552353        0.167811590859605266884724425470909642        0.129098359310438402074632433326122454         2250.00000000000000000000000000000000        0.300000011920928955078125000000000000        -1.00000000000000000000000000000000000         4.50000000000000000000000000000000000         50.0000000000000000000000000000000000        0.836450287622813087402929010626654632        0.836449418834349453201701353121507916        0.836449418834349453201701353121507916        0.836449418834349453201701353121507916        0.836449418834349453201701353121507916         0.00000000000000000000000000000000000        -1.03866228378150885284395388957714732E-0004   134.777466102159827564079871172149026         4028.42234074602518649242829795518552      
  0.465952566866478185388067003418371743         0.00000000000000000000000000000000000         0.00000000000000000000000000000000000        0.849999999999999999999999999999999981        0.150000000000000000000000000000000019        0.724999999999999999999999999999999981        0.275000000000000000000000000000000019        0.512000024318695068359375000000000000        0.425000011920928955078125000000000000         6.30000010132789611816406250000000000E-0002  0.870056494511586616800702331296776776        0.129943505488413383199297668703223248         0.00000000000000000000000000000000000        0.683022559859958444886526535977552353        0.167811590859605266884724425470909642        0.129098359310438402074632433326122454         2250.00000000000000000000000000000000        0.300000011920928955078125000000000000        -1.00000000000000000000000000000000000         4.50000000000000000000000000000000000         50.0000000000000000000000000000000000        0.847616486105139756120980992198721106        0.848401547310524973637557460464024282        0.848401547310524973637557460464024282        0.848401547310524973637557460464024282        0.848401547310524973637557460464024282         0.00000000000000000000000000000000000         9.25341553034527711928706642108743797E-0002   140.219968521462677979065652471563758         4087.34557261391464744139754376905599      
  0.488025158365453833350361152141345848         0.00000000000000000000000000000000000         0.00000000000000000000000000000000000        0.849999999999999999999999999999999981        0.150000000000000000000000000000000019        0.724999999999999999999999999999999981        0.275000000000000000000000000000000019        0.512000024318695068359375000000000000        0.425000011920928955078125000000000000         6.30000010132789611816406250000000000E-0002  0.870056494511586616800702331296776776        0.129943505488413383199297668703223248         0.00000000000000000000000000000000000        0.683022559859958444886526535977552353        0.167811590859605266884724425470909642        0.129098359310438402074632433326122454         2250.00000000000000000000000000000000        0.300000011920928955078125000000000000        -1.00000000000000000000000000000000000         4.50000000000000000000000000000000000         50.0000000000000000000000000000000000        0.858901055892491355672657546889960880        0.858914377603158375722383096547766107        0.858914377603158375722383096547766107        0.858914377603158375722383096547766107        0.858914377603158375722383096547766107         0.00000000000000000000000000000000000         1.55099402389734353735927861876073087E-0003   145.870456682197342949889644820705537         4147.16296876298338468403557781534042      
  0.511143348344028075836959282509472174         0.00000000000000000000000000000000000         0.00000000000000000000000000000000000        0.849999999999999999999999999999999981        0.150000000000000000000000000000000019        0.724999999999999999999999999999999981        0.275000000000000000000000000000000019        0.512000024318695068359375000000000000        0.425000011920928955078125000000000000         6.30000010132789611816406250000000000E-0002  0.870056494511586616800702331296776776        0.129943505488413383199297668703223248         0.00000000000000000000000000000000000        0.683022559859958444886526535977552353        0.167811590859605266884724425470909642        0.129098359310438402074632433326122454         2250.00000000000000000000000000000000        0.300000011920928955078125000000000000        -1.00000000000000000000000000000000000         4.50000000000000000000000000000000000         50.0000000000000000000000000000000000        0.870354383105650402858016124868216296        0.870382028030933448167804764993418763        0.870382028030933448167804764993418763        0.870382028030933448167804764993418763        0.870382028030933448167804764993418763         0.00000000000000000000000000000000000         3.17618291655061688525975291113286630E-0003   151.810409081645225792479009650250268         4208.60803552754038458954593405020003      
  0.535356667741084533722548138030577650         0.00000000000000000000000000000000000         0.00000000000000000000000000000000000        0.849999999999999999999999999999999981        0.150000000000000000000000000000000019        0.724999999999999999999999999999999981        0.275000000000000000000000000000000019        0.512000024318695068359375000000000000        0.425000011920928955078125000000000000         6.30000010132789611816406250000000000E-0002  0.870056494511586616800702331296776776        0.129943505488413383199297668703223248         0.00000000000000000000000000000000000        0.683022559859958444886526535977552353        0.167811590859605266884724425470909642        0.129098359310438402074632433326122454         2250.00000000000000000000000000000000        0.300000011920928955078125000000000000        -1.00000000000000000000000000000000000         4.50000000000000000000000000000000000         50.0000000000000000000000000000000000        0.881972172491969741705381730257839726        0.882081339721827049749227375789807456        0.882081339721827049749227375789807456        0.882081339721827049749227375789807456        0.882081339721827049749227375789807456         0.00000000000000000000000000000000000         1.23760955981378082543772525513902615E-0002   158.048480977611320486528748755255705         4271.74609570061297688194187941523148      
  0.560716993820558519630662000117957924         0.00000000000000000000000000000000000         0.00000000000000000000000000000000000        0.849999999999999999999999999999999981        0.150000000000000000000000000000000019        0.724999999999999999999999999999999981        0.275000000000000000000000000000000019        0.512000024318695068359375000000000000        0.425000011920928955078125000000000000         6.30000010132789611816406250000000000E-0002  0.870056494511586616800702331296776776        0.129943505488413383199297668703223248         0.00000000000000000000000000000000000        0.683022559859958444886526535977552353        0.167811590859605266884724425470909642        0.129098359310438402074632433326122454         2250.00000000000000000000000000000000        0.300000011920928955078125000000000000        -1.00000000000000000000000000000000000         4.50000000000000000000000000000000000         50.0000000000000000000000000000000000        0.893738230087270077261787880162044352        0.893746593806013234364431740052726330        0.893746593806013234364431740052726330        0.893746593806013234364431740052726330        0.893746593806013234364431740052726330         0.00000000000000000000000000000000000         9.35804265003155812890204387722239357E-0004   164.581741744772087531958416481950687         4336.31739650992478566391619555140685      
  0.587278661318961641324294675315294360         0.00000000000000000000000000000000000         0.00000000000000000000000000000000000        0.849999999999999999999999999999999981        0.150000000000000000000000000000000019        0.724999999999999999999999999999999981        0.275000000000000000000000000000000019        0.512000024318695068359375000000000000        0.425000011920928955078125000000000000         6.30000010132789611816406250000000000E-0002  0.870056494511586616800702331296776776        0.129943505488413383199297668703223248         0.00000000000000000000000000000000000        0.683022559859958444886526535977552353        0.167811590859605266884724425470909642        0.129098359310438402074632433326122454         2250.00000000000000000000000000000000        0.300000011920928955078125000000000000        -1.00000000000000000000000000000000000         4.50000000000000000000000000000000000         50.0000000000000000000000000000000000        0.905645302432843195036269277348355288        0.905709046171208229081538614141711343        0.905709046171208229081538614141711343        0.905709046171208229081538614141711343        0.905709046171208229081538614141711343         0.00000000000000000000000000000000000         7.03799290009348347197608966855219812E-0003   171.374786167148817681211807693180581         4401.96722446787851341807298234223956      
  0.615098578858064451529164264953569834         0.00000000000000000000000000000000000         0.00000000000000000000000000000000000        0.849999999999999999999999999999999981        0.150000000000000000000000000000000019        0.724999999999999999999999999999999981        0.275000000000000000000000000000000019        0.512000024318695068359375000000000000        0.425000011920928955078125000000000000         6.30000010132789611816406250000000000E-0002  0.870056494511586616800702331296776776        0.129943505488413383199297668703223248         0.00000000000000000000000000000000000        0.683022559859958444886526535977552353        0.167811590859605266884724425470909642        0.129098359310438402074632433326122454         2250.00000000000000000000000000000000        0.300000011920928955078125000000000000        -1.00000000000000000000000000000000000         4.50000000000000000000000000000000000         50.0000000000000000000000000000000000        0.917704940719781723317741523865657799        0.917777200441967858821464356932930707        0.917777200441967858821464356932930707        0.917777200441967858821464356932930707        0.917777200441967858821464356932930707         0.00000000000000000000000000000000000         7.87334029994838291705478627325355753E-0003   178.494158249752676094020996645309846         4468.97254769785425688560368734043851      
  0.644236350872152408747567964251532425         0.00000000000000000000000000000000000         0.00000000000000000000000000000000000        0.849999999999999999999999999999999981        0.150000000000000000000000000000000019        0.724999999999999999999999999999999981        0.275000000000000000000000000000000019        0.512000024318695068359375000000000000        0.425000011920928955078125000000000000         6.30000010132789611816406250000000000E-0002  0.870056494511586616800702331296776776        0.129943505488413383199297668703223248         0.00000000000000000000000000000000000        0.683022559859958444886526535977552353        0.167811590859605266884724425470909642        0.129098359310438402074632433326122454         2250.00000000000000000000000000000000        0.300000011920928955078125000000000000        -1.00000000000000000000000000000000000         4.50000000000000000000000000000000000         50.0000000000000000000000000000000000        0.929878254104521310462377682056567179        0.929883541081337795153729198635422393        0.929883541081337795153729198635422393        0.929883541081337795153729198635422393        0.929883541081337795153729198635422393         0.00000000000000000000000000000000000         5.68563328945106522290836482313836327E-0004   186.064277869998827119013441041818796         4537.59146422395416915678165616256071      
  0.674754405311085438667667359428963781         0.00000000000000000000000000000000000         0.00000000000000000000000000000000000        0.849999999999999999999999999999999981        0.150000000000000000000000000000000019        0.724999999999999999999999999999999981        0.275000000000000000000000000000000019        0.512000024318695068359375000000000000        0.425000011920928955078125000000000000         6.30000010132789611816406250000000000E-0002  0.870056494511586616800702331296776776        0.129943505488413383199297668703223248         0.00000000000000000000000000000000000        0.683022559859958444886526535977552353        0.167811590859605266884724425470909642        0.129098359310438402074632433326122454         2250.00000000000000000000000000000000        0.300000011920928955078125000000000000        -1.00000000000000000000000000000000000         4.50000000000000000000000000000000000         50.0000000000000000000000000000000000        0.942186359623998154542430379752165885        0.942319226066317476711485470629443788        0.942319226066317476711485470629443788        0.942319226066317476711485470629443788        0.942319226066317476711485470629443788         0.00000000000000000000000000000000000         1.40999396641803681984903658246059916E-0002   194.035350575461201737714328508475830         4607.02176446206513689107453564321432      
  0.706718127392766099165833109055340844         0.00000000000000000000000000000000000         0.00000000000000000000000000000000000        0.849999999999999999999999999999999981        0.150000000000000000000000000000000019        0.724999999999999999999999999999999981        0.275000000000000000000000000000000019        0.512000024318695068359375000000000000        0.425000011920928955078125000000000000         6.30000010132789611816406250000000000E-0002  0.870056494511586616800702331296776776        0.129943505488413383199297668703223248         0.00000000000000000000000000000000000        0.683022559859958444886526535977552353        0.167811590859605266884724425470909642        0.129098359310438402074632433326122454         2250.00000000000000000000000000000000        0.300000011920928955078125000000000000        -1.00000000000000000000000000000000000         4.50000000000000000000000000000000000         50.0000000000000000000000000000000000        0.954659011872823717327205974556441453        0.954836639786421215000794734066798596        0.954836639786421215000794734066798596        0.954836639786421215000794734066798596        0.954836639786421215000794734066798596         0.00000000000000000000000000000000000         1.86029637108636360515307763171697440E-0002   202.357609544630542041885479731851751         4677.78308062323345296733660389401954      
  0.740195999691582266577873530475029904         0.00000000000000000000000000000000000         0.00000000000000000000000000000000000        0.849999999999999999999999999999999981        0.150000000000000000000000000000000019        0.724999999999999999999999999999999981        0.275000000000000000000000000000000019        0.512000024318695068359375000000000000        0.425000011920928955078125000000000000         6.30000010132789611816406250000000000E-0002  0.870056494511586616800702331296776776        0.129943505488413383199297668703223248         0.00000000000000000000000000000000000        0.683022559859958444886526535977552353        0.167811590859605266884724425470909642        0.129098359310438402074632433326122454         2250.00000000000000000000000000000000        0.300000011920928955078125000000000000        -1.00000000000000000000000000000000000         4.50000000000000000000000000000000000         50.0000000000000000000000000000000000        0.967284297072670954966776361983309080        0.967240596875409840458290804425970442        0.967240596875409840458290804425970442        0.967240596875409840458290804425970442        0.967240596875409840458290804425970442         0.00000000000000000000000000000000000        -4.51802761404808221651169386891580521E-0003   211.016383914513011374669997980023072         4750.35021071631216112657795908718487      
  0.775259748862965145759849187317876307         0.00000000000000000000000000000000000         0.00000000000000000000000000000000000        0.849999999999999999999999999999999981        0.150000000000000000000000000000000019        0.724999999999999999999999999999999981        0.275000000000000000000000000000000019        0.512000024318695068359375000000000000        0.425000011920928955078125000000000000         6.30000010132789611816406250000000000E-0002  0.870056494511586616800702331296776776        0.129943505488413383199297668703223248         0.00000000000000000000000000000000000        0.683022559859958444886526535977552353        0.167811590859605266884724425470909642        0.129098359310438402074632433326122454         2250.00000000000000000000000000000000        0.300000011920928955078125000000000000        -1.00000000000000000000000000000000000         4.50000000000000000000000000000000000         50.0000000000000000000000000000000000        0.980064308974724548950952957823058290        0.980089847519735294034944899501872373        0.980089847519735294034944899501872373        0.980089847519735294034944899501872373        0.980089847519735294034944899501872373         0.00000000000000000000000000000000000         2.60573508391850110572221230912350486E-0003   220.096966370515428103299404710550419         4823.82550054001214950326841787047389      
  0.811984499318421345788851126412103227         0.00000000000000000000000000000000000         0.00000000000000000000000000000000000        0.849999999999999999999999999999999981        0.150000000000000000000000000000000019        0.724999999999999999999999999999999981        0.275000000000000000000000000000000019        0.512000024318695068359375000000000000        0.425000011920928955078125000000000000         6.30000010132789611816406250000000000E-0002  0.870056494511586616800702331296776776        0.129943505488413383199297668703223248         0.00000000000000000000000000000000000        0.683022559859958444886526535977552353        0.167811590859605266884724425470909642        0.129098359310438402074632433326122454         2250.00000000000000000000000000000000        0.300000011920928955078125000000000000        -1.00000000000000000000000000000000000         4.50000000000000000000000000000000000         50.0000000000000000000000000000000000        0.993031817247820214061966382266755391        0.993031817247820214061966382266755391        0.993031817247820214061966382266755391        0.993031817247820214061966382266755391        0.993031817247820214061966382266755391         0.00000000000000000000000000000000000         0.00000000000000000000000000000000000         229.456748235597260023124749234051684         4897.30160502070185345284068256407821      
  0.850448934180289219036975673402549010         0.00000000000000000000000000000000000         0.00000000000000000000000000000000000        0.849999999999999999999999999999999981        0.150000000000000000000000000000000019        0.724999999999999999999999999999999981        0.275000000000000000000000000000000019        0.512000024318695068359375000000000000        0.425000011920928955078125000000000000         6.30000010132789611816406250000000000E-0002  0.870056494511586616800702331296776776        0.129943505488413383199297668703223248         0.00000000000000000000000000000000000        0.683022559859958444886526535977552353        0.167811590859605266884724425470909642        0.129098359310438402074632433326122454         2250.00000000000000000000000000000000        0.300000011920928955078125000000000000        -1.00000000000000000000000000000000000         4.50000000000000000000000000000000000         50.0000000000000000000000000000000000         1.00613884776182336623004029343449491         1.00614427455550987316624342796189962         1.00614427455550987316624342796189962         1.00614427455550987316624342796189962         1.00614427455550987316624342796189962         0.00000000000000000000000000000000000         5.39365359794385549227712815638012712E-0004   239.666325790472491005783546901848142         4976.07238793030612643591795425042168      
  0.890735463861066538871678342365989236         0.00000000000000000000000000000000000         0.00000000000000000000000000000000000        0.849999999999999999999999999999999981        0.150000000000000000000000000000000019        0.724999999999999999999999999999999981        0.275000000000000000000000000000000019        0.512000024318695068359375000000000000        0.425000011920928955078125000000000000         6.30000010132789611816406250000000000E-0002  0.870056494511586616800702331296776776        0.129943505488413383199297668703223248         0.00000000000000000000000000000000000        0.683022559859958444886526535977552353        0.167811590859605266884724425470909642        0.129098359310438402074632433326122454         2250.00000000000000000000000000000000        0.300000011920928955078125000000000000        -1.00000000000000000000000000000000000         4.50000000000000000000000000000000000         50.0000000000000000000000000000000000         1.01932076918509346446112072018520973         1.01926989798504133312994231339539215         1.01926989798504133312994231339539215         1.01926989798504133312994231339539215         1.01926989798504133312994231339539215         0.00000000000000000000000000000000000        -4.99094500413450942659380468784577745E-0003   250.250379040599162547176023885055697         5055.04504261228959216516459913055257      
  0.932930402628492306849122631846463221         0.00000000000000000000000000000000000         0.00000000000000000000000000000000000        0.849999999999999999999999999999999981        0.150000000000000000000000000000000019        0.724999999999999999999999999999999981        0.275000000000000000000000000000000019        0.512000024318695068359375000000000000        0.425000011920928955078125000000000000         6.30000010132789611816406250000000000E-0002  0.870056494511586616800702331296776776        0.129943505488413383199297668703223248         0.00000000000000000000000000000000000        0.683022559859958444886526535977552353        0.167811590859605266884724425470909642        0.129098359310438402074632433326122454         2250.00000000000000000000000000000000        0.300000011920928955078125000000000000        -1.00000000000000000000000000000000000         4.50000000000000000000000000000000000         50.0000000000000000000000000000000000         1.03261101720740806093147323796711843         1.03263324472150135512632641422918171         1.03263324472150135512632641422918171         1.03263324472150135512632641422918171         1.03263324472150135512632641422918171         0.00000000000000000000000000000000000         2.15250808618784113463300762670156834E-0003   261.677233207223521487308546685383929         5137.97941309841152736055280484945590      
  0.977124153534675033397991232687960264         0.00000000000000000000000000000000000         0.00000000000000000000000000000000000        0.849999999999999999999999999999999981        0.150000000000000000000000000000000019        0.724999999999999999999999999999999981        0.275000000000000000000000000000000019        0.512000024318695068359375000000000000        0.425000011920928955078125000000000000         6.30000010132789611816406250000000000E-0002  0.870056494511586616800702331296776776        0.129943505488413383199297668703223248         0.00000000000000000000000000000000000        0.683022559859958444886526535977552353        0.167811590859605266884724425470909642        0.129098359310438402074632433326122454         2250.00000000000000000000000000000000        0.300000011920928955078125000000000000        -1.00000000000000000000000000000000000         4.50000000000000000000000000000000000         50.0000000000000000000000000000000000         1.04599700403287019295678335470536605         1.04606169420190439964798875697353421         1.04606169420190439964798875697353421         1.04606169420190439964798875697353421         1.04606169420190439964798875697353421         0.00000000000000000000000000000000000         6.18416383974008633677461066588638725E-0003   273.489400630029278831850075908657658         5221.18864322617903523566776976809466      
   1.02341140210547988401757228923722065         0.00000000000000000000000000000000000         0.00000000000000000000000000000000000        0.849999999999999999999999999999999981        0.150000000000000000000000000000000019        0.724999999999999999999999999999999981        0.275000000000000000000000000000000019        0.512000024318695068359375000000000000        0.425000011920928955078125000000000000         6.30000010132789611816406250000000000E-0002  0.870056494511586616800702331296776776        0.129943505488413383199297668703223248         0.00000000000000000000000000000000000        0.683022559859958444886526535977552353        0.167811590859605266884724425470909642        0.129098359310438402074632433326122454         2250.00000000000000000000000000000000        0.300000011920928955078125000000000000        -1.00000000000000000000000000000000000         4.50000000000000000000000000000000000         50.0000000000000000000000000000000000         1.05954224835315859196549572688224216         1.05956566687845077504027959023553107         1.05956566687845077504027959023553107         1.05956566687845077504027959023553107         1.05956566687845077504027959023553107         0.00000000000000000000000000000000000         2.21020046460882129721286214219872611E-0003   285.958122643856418068514960220555160         5306.63356142010370828380208305718944      
   1.07189131920515601980676290596541418         0.00000000000000000000000000000000000         0.00000000000000000000000000000000000        0.849999999999999999999999999999999981        0.150000000000000000000000000000000019        0.724999999999999999999999999999999981        0.275000000000000000000000000000000019        0.512000024318695068359375000000000000        0.425000011920928955078125000000000000         6.30000010132789611816406250000000000E-0002  0.870056494511586616800702331296776776        0.129943505488413383199297668703223248         0.00000000000000000000000000000000000        0.683022559859958444886526535977552353        0.167811590859605266884724425470909642        0.129098359310438402074632433326122454         2250.00000000000000000000000000000000        0.300000011920928955078125000000000000        -1.00000000000000000000000000000000000         4.50000000000000000000000000000000000         50.0000000000000000000000000000000000         1.07323701455875454946369293505422055         1.07332203376182986803715245133556346         1.07332203376182986803715245133556346         1.07332203376182986803715245133556346         1.07332203376182986803715245133556346         0.00000000000000000000000000000000000         7.92112715485204810927904195229141869E-0003   299.136463234114440023388917651135714         5394.66119488216779016470803786931907      
   1.12266777351084349932308213365971722         0.00000000000000000000000000000000000         0.00000000000000000000000000000000000        0.849999999999999999999999999999999981        0.150000000000000000000000000000000019        0.724999999999999999999999999999999981        0.275000000000000000000000000000000019        0.512000024318695068359375000000000000        0.425000011920928955078125000000000000         6.30000010132789611816406250000000000E-0002  0.870056494511586616800702331296776776        0.129943505488413383199297668703223248         0.00000000000000000000000000000000000        0.683022559859958444886526535977552353        0.167811590859605266884724425470909642        0.129098359310438402074632433326122454         2250.00000000000000000000000000000000        0.300000011920928955078125000000000000        -1.00000000000000000000000000000000000         4.50000000000000000000000000000000000         50.0000000000000000000000000000000000         1.08701032449241160506808493293709259         1.08699828672830522511045389625032675         1.08699828672830522511045389625032675         1.08699828672830522511045389625032675         1.08699828672830522511045389625032675         0.00000000000000000000000000000000000        -1.10743174606206088902101213217366030E-0003   314.589149207983929027653046442752647         5501.46973116946647497295046033382780      
   1.17584955405218836587405952039268318         0.00000000000000000000000000000000000         0.00000000000000000000000000000000000        0.849999999999999999999999999999999981        0.150000000000000000000000000000000019        0.724999999999999999999999999999999981        0.275000000000000000000000000000000019        0.512000024318695068359375000000000000        0.425000011920928955078125000000000000         6.30000010132789611816406250000000000E-0002  0.870056494511586616800702331296776776        0.129943505488413383199297668703223248         0.00000000000000000000000000000000000        0.683022559859958444886526535977552353        0.167811590859605266884724425470909642        0.129098359310438402074632433326122454         2250.00000000000000000000000000000000        0.300000011920928955078125000000000000        -1.00000000000000000000000000000000000         4.50000000000000000000000000000000000         50.0000000000000000000000000000000000         1.10086487684630352692462609760803029         1.10111217932851914621452899566308422         1.10111217932851914621452899566308422         1.10111217932851914621452899566308422         1.10111217932851914621452899566308422         0.00000000000000000000000000000000000         2.24593358295636535312685645409464188E-0002   332.492526853524329341235856034486929         5625.11279368665958474742068318990063      
   1.23155060329285913304393922610526752         0.00000000000000000000000000000000000         0.00000000000000000000000000000000000        0.849999999999999999999999999999999981        0.150000000000000000000000000000000019        0.724999999999999999999999999999999981        0.275000000000000000000000000000000019        0.512000024318695068359375000000000000        0.425000011920928955078125000000000000         6.30000010132789611816406250000000000E-0002  0.870056494511586616800702331296776776        0.129943505488413383199297668703223248         0.00000000000000000000000000000000000        0.683022559859958444886526535977552353        0.167811590859605266884724425470909642        0.129098359310438402074632433326122454         2250.00000000000000000000000000000000        0.300000011920928955078125000000000000        -1.00000000000000000000000000000000000         4.50000000000000000000000000000000000         50.0000000000000000000000000000000000         1.11479337347569442332746045073232060         1.11479322687836543438669219985511646         1.11479322687836543438669219985511646         1.11479322687836543438669219985511646         1.11479322687836543438669219985511646         0.00000000000000000000000000000000000        -1.31501811685240830757733403726266906E-0005   350.329440874204312759545385758254795         5742.44842417571951744194804872090162      
   1.28989026125334400389008600428654072         0.00000000000000000000000000000000000         0.00000000000000000000000000000000000        0.849999999999999999999999999999999981        0.150000000000000000000000000000000019        0.724999999999999999999999999999999981        0.275000000000000000000000000000000019        0.512000024318695068359375000000000000        0.425000011920928955078125000000000000         6.30000010132789611816406250000000000E-0002  0.870056494511586616800702331296776776        0.129943505488413383199297668703223248         0.00000000000000000000000000000000000        0.683022559859958444886526535977552353        0.167811590859605266884724425470909642        0.129098359310438402074632433326122454         2250.00000000000000000000000000000000        0.300000011920928955078125000000000000        -1.00000000000000000000000000000000000         4.50000000000000000000000000000000000         50.0000000000000000000000000000000000         1.12882957675740309573958351113055306         1.12865811758854328300379149700759170         1.12865811758854328300379149700759170         1.12865811758854328300379149700759170         1.12865811758854328300379149700759170         0.00000000000000000000000000000000000        -1.51914176833412759147913744593648492E-0002   368.885529236170697710008686689183665         5859.42988577528692044944026815461377      
   1.35099352119806420678539952158028216         0.00000000000000000000000000000000000         0.00000000000000000000000000000000000        0.849999999999999999999999999999999981        0.150000000000000000000000000000000019        0.724999999999999999999999999999999981        0.275000000000000000000000000000000019        0.512000024318695068359375000000000000        0.425000011920928955078125000000000000         6.30000010132789611816406250000000000E-0002  0.870056494511586616800702331296776776        0.129943505488413383199297668703223248         0.00000000000000000000000000000000000        0.683022559859958444886526535977552353        0.167811590859605266884724425470909642        0.129098359310438402074632433326122454         2250.00000000000000000000000000000000        0.300000011920928955078125000000000000        -1.00000000000000000000000000000000000         4.50000000000000000000000000000000000         50.0000000000000000000000000000000000         1.14314807255063136455948284066101785         1.14314730457175129921125078857942088         1.14314730457175129921125078857942088         1.14314730457175129921125078857942088         1.14314730457175129921125078857942088         0.00000000000000000000000000000000000        -6.71810952966424917421823052691600455E-0005   386.632898739076322811191693420826346         5992.12968230289248842894658324655142      
   1.41499129743461548663919584700832116         0.00000000000000000000000000000000000         0.00000000000000000000000000000000000        0.849999999999999999999999999999999981        0.150000000000000000000000000000000019        0.724999999999999999999999999999999981        0.275000000000000000000000000000000019        0.512000024318695068359375000000000000        0.425000011920928955078125000000000000         6.30000010132789611816406250000000000E-0002  0.870056494511586616800702331296776776        0.129943505488413383199297668703223248         0.00000000000000000000000000000000000        0.683022559859958444886526535977552353        0.167811590859605266884724425470909642        0.129098359310438402074632433326122454         2250.00000000000000000000000000000000        0.300000011920928955078125000000000000        -1.00000000000000000000000000000000000         4.50000000000000000000000000000000000         50.0000000000000000000000000000000000         1.15770998462531718973258279196751008         1.15790362039420903050692963891018301         1.15790362039420903050692963891018301         1.15790362039420903050692963891018301         1.15790362039420903050692963891018301         0.00000000000000000000000000000000000         1.67229608303597282635174996190311444E-0002   405.419918089608316023436006733988150         6137.06163633166669998892132735448736      
   1.48202070579890013841676841137265918         0.00000000000000000000000000000000000         0.00000000000000000000000000000000000        0.849999999999999999999999999999999981        0.150000000000000000000000000000000019        0.724999999999999999999999999999999981        0.275000000000000000000000000000000019        0.512000024318695068359375000000000000        0.425000011920928955078125000000000000         6.30000010132789611816406250000000000E-0002  0.870056494511586616800702331296776776        0.129943505488413383199297668703223248         0.00000000000000000000000000000000000        0.683022559859958444886526535977552353        0.167811590859605266884724425470909642        0.129098359310438402074632433326122454         2250.00000000000000000000000000000000        0.300000011920928955078125000000000000        -1.00000000000000000000000000000000000         4.50000000000000000000000000000000000         50.0000000000000000000000000000000000         1.17235973519443089935431892949174662         1.17235270658215516970796834619595478         1.17235270658215516970796834619595478         1.17235270658215516970796834619595478         1.17235270658215516970796834619595478         0.00000000000000000000000000000000000        -5.99530519805824411647379599289390266E-0004   424.466276502502353960614932361387877         6280.75084387656246600037198444133558      
   1.55222535742709160936160846888458776         0.00000000000000000000000000000000000         0.00000000000000000000000000000000000        0.849999999999999999999999999999999981        0.150000000000000000000000000000000019        0.724999999999999999999999999999999981        0.275000000000000000000000000000000019        0.512000024318695068359375000000000000        0.425000011920928955078125000000000000         6.30000010132789611816406250000000000E-0002  0.870056494511586616800702331296776776        0.129943505488413383199297668703223248         0.00000000000000000000000000000000000        0.683022559859958444886526535977552353        0.167811590859605266884724425470909642        0.129098359310438402074632433326122454         2250.00000000000000000000000000000000        0.300000011920928955078125000000000000        -1.00000000000000000000000000000000000         4.50000000000000000000000000000000000         50.0000000000000000000000000000000000         1.18720994927523005116194791342649709         1.18733388892277819453236437453205761         1.18733388892277819453236437453205761         1.18733388892277819453236437453205761         1.18733388892277819453236437453205761         0.00000000000000000000000000000000000         1.04384831178859879694318241707572478E-0002   444.967832455122082541749657800831302         6430.33438640760944380327576121431602      
   1.62575566644384085973659301860212051         0.00000000000000000000000000000000000         0.00000000000000000000000000000000000        0.849999999999999999999999999999999981        0.150000000000000000000000000000000019        0.724999999999999999999999999999999981        0.275000000000000000000000000000000019        0.512000024318695068359375000000000000        0.425000011920928955078125000000000000         6.30000010132789611816406250000000000E-0002  0.870056494511586616800702331296776776        0.129943505488413383199297668703223248         0.00000000000000000000000000000000000        0.683022559859958444886526535977552353        0.167811590859605266884724425470909642        0.129098359310438402074632433326122454         2250.00000000000000000000000000000000        0.300000011920928955078125000000000000        -1.00000000000000000000000000000000000         4.50000000000000000000000000000000000         50.0000000000000000000000000000000000         1.20218769812402961838788849796890750         1.20224205514816679282627072229877626         1.20224205514816679282627072229877626         1.20224205514816679282627072229877626         1.20224205514816679282627072229877626         0.00000000000000000000000000000000000         4.52130449973947771366644481884625432E-0003   466.202850999122055985179454917420219         6580.65958015805409023219280842191990      
   1.70276917222594935040597643772334275         0.00000000000000000000000000000000000         0.00000000000000000000000000000000000        0.849999999999999999999999999999999981        0.150000000000000000000000000000000019        0.724999999999999999999999999999999981        0.275000000000000000000000000000000019        0.512000024318695068359375000000000000        0.425000011920928955078125000000000000         6.30000010132789611816406250000000000E-0002  0.870056494511586616800702331296776776        0.129943505488413383199297668703223248         0.00000000000000000000000000000000000        0.683022559859958444886526535977552353        0.167811590859605266884724425470909642        0.129098359310438402074632433326122454         2250.00000000000000000000000000000000        0.300000011920928955078125000000000000        -1.00000000000000000000000000000000000         4.50000000000000000000000000000000000         50.0000000000000000000000000000000000         1.21730851331071726273423128377349537         1.21728182903753228612413725598954285         1.21728182903753228612413725598954285         1.21728182903753228612413725598954285         1.21728182903753228612413725598954285         0.00000000000000000000000000000000000        -2.19211956906274146849060959933916566E-0003   488.548520982455904128343931888208724         6734.24975056453254588079011262038331      
   1.78343087693196159954962751479630605         0.00000000000000000000000000000000000         0.00000000000000000000000000000000000        0.849999999999999999999999999999999981        0.150000000000000000000000000000000019        0.724999999999999999999999999999999981        0.275000000000000000000000000000000019        0.512000024318695068359375000000000000        0.425000011920928955078125000000000000         6.30000010132789611816406250000000000E-0002  0.870056494511586616800702331296776776        0.129943505488413383199297668703223248         0.00000000000000000000000000000000000        0.683022559859958444886526535977552353        0.167811590859605266884724425470909642        0.129098359310438402074632433326122454         2250.00000000000000000000000000000000        0.300000011920928955078125000000000000        -1.00000000000000000000000000000000000         4.50000000000000000000000000000000000         50.0000000000000000000000000000000000         1.23258165967292230918744464295742207         1.23315318401161948331301947938331254         1.23315318401161948331301947938331254         1.23315318401161948331301947938331254         1.23315318401161948331301947938331254         0.00000000000000000000000000000000000         4.63465809525727902053486621869863328E-0002   512.191710347353595238024493259295633         6891.21861571688241933541041687335484      
   1.86791359902083762667604333648365787         0.00000000000000000000000000000000000         0.00000000000000000000000000000000000        0.849999999999999999999999999999999981        0.150000000000000000000000000000000019        0.724999999999999999999999999999999981        0.275000000000000000000000000000000019        0.512000024318695068359375000000000000        0.425000011920928955078125000000000000         6.30000010132789611816406250000000000E-0002  0.870056494511586616800702331296776776        0.129943505488413383199297668703223248         0.00000000000000000000000000000000000        0.683022559859958444886526535977552353        0.167811590859605266884724425470909642        0.129098359310438402074632433326122454         2250.00000000000000000000000000000000        0.300000011920928955078125000000000000        -1.00000000000000000000000000000000000         4.50000000000000000000000000000000000         50.0000000000000000000000000000000000         1.24799899503462717559729940387188612         1.24860192104580880331796625402769409         1.24860192104580880331796625402769409         1.24860192104580880331796625402769409         1.24860192104580880331796625402769409         0.00000000000000000000000000000000000         4.82880893436898312118963542159569823E-0002   536.866588864731459322276498769545965         7050.02001103639966963453577942442531      
   1.95639834351712235574086149449056598         0.00000000000000000000000000000000000         0.00000000000000000000000000000000000        0.849999999999999999999999999999999981        0.150000000000000000000000000000000019        0.724999999999999999999999999999999981        0.275000000000000000000000000000000019        0.512000024318695068359375000000000000        0.425000011920928955078125000000000000         6.30000010132789611816406250000000000E-0002  0.870056494511586616800702331296776776        0.129943505488413383199297668703223248         0.00000000000000000000000000000000000        0.683022559859958444886526535977552353        0.167811590859605266884724425470909642        0.129098359310438402074632433326122454         2250.00000000000000000000000000000000        0.300000011920928955078125000000000000        -1.00000000000000000000000000000000000         4.50000000000000000000000000000000000         50.0000000000000000000000000000000000         1.26362305517492861273009409863689321         1.26343998500750503883563439342458012         1.26343998500750503883563439342458012         1.26343998500750503883563439342458012         1.26343998500750503883563439342458012         0.00000000000000000000000000000000000        -1.44898190334293106857808682107419237E-0002   563.229708525488542231529870065923829         7213.07668412898371551573509756414164      
   2.04907468981590857599889354382844297         0.00000000000000000000000000000000000         0.00000000000000000000000000000000000        0.849999999999999999999999999999999981        0.150000000000000000000000000000000019        0.724999999999999999999999999999999981        0.275000000000000000000000000000000019        0.512000024318695068359375000000000000        0.425000011920928955078125000000000000         6.30000010132789611816406250000000000E-0002  0.870056494511586616800702331296776776        0.129943505488413383199297668703223248         0.00000000000000000000000000000000000        0.683022559859958444886526535977552353        0.167811590859605266884724425470909642        0.129098359310438402074632433326122454         2250.00000000000000000000000000000000        0.300000011920928955078125000000000000        -1.00000000000000000000000000000000000         4.50000000000000000000000000000000000         50.0000000000000000000000000000000000         1.27932587546629133638021346068707270         1.27922256120926558287908018895790302         1.27922256120926558287908018895790302         1.27922256120926558287908018895790302         1.27922256120926558287908018895790302         0.00000000000000000000000000000000000        -8.07633168446382009662904003710580748E-0003   590.418746768519226277458831897631744         7376.50107029434579323083980981655065      
   2.14614119785846923144288932206752821         0.00000000000000000000000000000000000         0.00000000000000000000000000000000000        0.849999999999999999999999999999999981        0.150000000000000000000000000000000019        0.724999999999999999999999999999999981        0.275000000000000000000000000000000019        0.512000024318695068359375000000000000        0.425000011920928955078125000000000000         6.30000010132789611816406250000000000E-0002  0.870056494511586616800702331296776776        0.129943505488413383199297668703223248         0.00000000000000000000000000000000000        0.683022559859958444886526535977552353        0.167811590859605266884724425470909642        0.129098359310438402074632433326122454         2250.00000000000000000000000000000000        0.300000011920928955078125000000000000        -1.00000000000000000000000000000000000         4.50000000000000000000000000000000000         50.0000000000000000000000000000000000         1.29520677610698994099618784736018111         1.29511477008482907008848516198055510         1.29511477008482907008848516198055510         1.29511477008482907008848516198055510         1.29511477008482907008848516198055510         0.00000000000000000000000000000000000        -7.10408253276615635785092196705864601E-0003   619.198170194109158473255816309687383         7543.01547452397986534237108905487563      
   2.24780583354879414104030832593962274         0.00000000000000000000000000000000000         0.00000000000000000000000000000000000        0.849999999999999999999999999999999981        0.150000000000000000000000000000000019        0.724999999999999999999999999999999981        0.275000000000000000000000000000000019        0.512000024318695068359375000000000000        0.425000011920928955078125000000000000         6.30000010132789611816406250000000000E-0002  0.870056494511586616800702331296776776        0.129943505488413383199297668703223248         0.00000000000000000000000000000000000        0.683022559859958444886526535977552353        0.167811590859605266884724425470909642        0.129098359310438402074632433326122454         2250.00000000000000000000000000000000        0.300000011920928955078125000000000000        -1.00000000000000000000000000000000000         4.50000000000000000000000000000000000         50.0000000000000000000000000000000000         1.31124939039002715529674162457329804         1.31115455081554574255191478078777828         1.31115455081554574255191478078777828         1.31115455081554574255191478078777828         1.31115455081554574255191478078777828         0.00000000000000000000000000000000000        -7.23328721411384942420298829278819240E-0003   649.433036573382086019532627214918131         7711.43517279693837907295552972404753      
   2.35428641432249007020695607335824657         0.00000000000000000000000000000000000         0.00000000000000000000000000000000000        0.849999999999999999999999999999999981        0.150000000000000000000000000000000019        0.724999999999999999999999999999999981        0.275000000000000000000000000000000019        0.512000024318695068359375000000000000        0.425000011920928955078125000000000000         6.30000010132789611816406250000000000E-0002  0.870056494511586616800702331296776776        0.129943505488413383199297668703223248         0.00000000000000000000000000000000000        0.683022559859958444886526535977552353        0.167811590859605266884724425470909642        0.129098359310438402074632433326122454         2250.00000000000000000000000000000000        0.300000011920928955078125000000000000        -1.00000000000000000000000000000000000         4.50000000000000000000000000000000000         50.0000000000000000000000000000000000         1.32748317328458894852952214303374900         1.32723761598355538510049411997830299         1.32723761598355538510049411997830299         1.32723761598355538510049411997830299         1.32723761598355538510049411997830299         0.00000000000000000000000000000000000        -1.85013819738368468638028056494198920E-0002   681.032836253111758993196497403346200         7877.25876135788698555343192044343107      
   2.46581107582267970147068279155487439         0.00000000000000000000000000000000000         0.00000000000000000000000000000000000        0.849999999999999999999999999999999981        0.150000000000000000000000000000000019        0.724999999999999999999999999999999981        0.275000000000000000000000000000000019        0.512000024318695068359375000000000000        0.425000011920928955078125000000000000         6.30000010132789611816406250000000000E-0002  0.870056494511586616800702331296776776        0.129943505488413383199297668703223248         0.00000000000000000000000000000000000        0.683022559859958444886526535977552353        0.167811590859605266884724425470909642        0.129098359310438402074632433326122454         2250.00000000000000000000000000000000        0.300000011920928955078125000000000000        -1.00000000000000000000000000000000000         4.50000000000000000000000000000000000         50.0000000000000000000000000000000000         1.34393428213942920442560189429729101         1.34388347416340200344895140832386899         1.34388347416340200344895140832386899         1.34388347416340200344895140832386899         1.34388347416340200344895140832386899         0.00000000000000000000000000000000000        -3.78068314731157000921063466713185660E-0003   714.127656596024794884124230298492588         7983.91645709680643545282343322429746      
   2.58261876068275699540889612963339913         0.00000000000000000000000000000000000         0.00000000000000000000000000000000000        0.849999999999999999999999999999999981        0.150000000000000000000000000000000019        0.724999999999999999999999999999999981        0.275000000000000000000000000000000019        0.512000024318695068359375000000000000        0.425000011920928955078125000000000000         6.30000010132789611816406250000000000E-0002  0.870056494511586616800702331296776776        0.129943505488413383199297668703223248         0.00000000000000000000000000000000000        0.683022559859958444886526535977552353        0.167811590859605266884724425470909642        0.129098359310438402074632433326122454         2250.00000000000000000000000000000000        0.300000011920928955078125000000000000        -1.00000000000000000000000000000000000         4.50000000000000000000000000000000000         50.0000000000000000000000000000000000         1.36055677878910014084956450947613861         1.36052989074191125706158791896878664         1.36052989074191125706158791896878664         1.36052989074191125706158791896878664         1.36052989074191125706158791896878664         0.00000000000000000000000000000000000        -1.97629227934282671905922133130579416E-0003   748.763774903842161474885442550264321         8090.92876668234221527286283339069035      
   2.70495973046322058012775948376762777         0.00000000000000000000000000000000000         0.00000000000000000000000000000000000        0.849999999999999999999999999999999981        0.150000000000000000000000000000000019        0.724999999999999999999999999999999981        0.275000000000000000000000000000000019        0.512000024318695068359375000000000000        0.425000011920928955078125000000000000         6.30000010132789611816406250000000000E-0002  0.870056494511586616800702331296776776        0.129943505488413383199297668703223248         0.00000000000000000000000000000000000        0.683022559859958444886526535977552353        0.167811590859605266884724425470909642        0.129098359310438402074632433326122454         2250.00000000000000000000000000000000        0.300000011920928955078125000000000000        -1.00000000000000000000000000000000000         4.50000000000000000000000000000000000         50.0000000000000000000000000000000000         1.37734588910844065591693012693705386         1.37779934711308963387674426708058869         1.37779934711308963387674426708058869         1.37779934711308963387674426708058869         1.37779934711308963387674426708058869         0.00000000000000000000000000000000000         3.29117592920268797114179198561943004E-0002   785.778305349590861587719838688282361         8197.00744373032696024128902145991998      
   2.83309610183941463691826271807341983         0.00000000000000000000000000000000000         0.00000000000000000000000000000000000        0.849999999999999999999999999999999981        0.150000000000000000000000000000000019        0.724999999999999999999999999999999981        0.275000000000000000000000000000000019        0.512000024318695068359375000000000000        0.425000011920928955078125000000000000         6.30000010132789611816406250000000000E-0002  0.870056494511586616800702331296776776        0.129943505488413383199297668703223248         0.00000000000000000000000000000000000        0.683022559859958444886526535977552353        0.167811590859605266884724425470909642        0.129098359310438402074632433326122454         2250.00000000000000000000000000000000        0.300000011920928955078125000000000000        -1.00000000000000000000000000000000000         4.50000000000000000000000000000000000         50.0000000000000000000000000000000000         1.39427751098672574701994287478292594         1.39400537067770974213684453110048037         1.39400537067770974213684453110048037         1.39400537067770974213684453110048037         1.39400537067770974213684453110048037         0.00000000000000000000000000000000000        -1.95221851178163777573477260010454388E-0002   824.156826186964574151407312719404622         8311.11857418835391312254451444228511      
   2.96730240818896454651461614421851563         0.00000000000000000000000000000000000         0.00000000000000000000000000000000000        0.849999999999999999999999999999999981        0.150000000000000000000000000000000019        0.724999999999999999999999999999999981        0.275000000000000000000000000000000019        0.512000024318695068359375000000000000        0.425000011920928955078125000000000000         6.30000010132789611816406250000000000E-0002  0.870056494511586616800702331296776776        0.129943505488413383199297668703223248         0.00000000000000000000000000000000000        0.683022559859958444886526535977552353        0.167811590859605266884724425470909642        0.129098359310438402074632433326122454         2250.00000000000000000000000000000000        0.300000011920928955078125000000000000        -1.00000000000000000000000000000000000         4.50000000000000000000000000000000000         50.0000000000000000000000000000000000         1.41128751074062924377105409229434715         1.41120538942764739762071627148370095         1.41120538942764739762071627148370095         1.41120538942764739762071627148370095         1.41120538942764739762071627148370095         0.00000000000000000000000000000000000        -5.81923181395676748821697512897706851E-0003   865.223145346981497541699017614206143         8423.92912467309337748257667275035347      
   3.10786618778211364466063213094136699         0.00000000000000000000000000000000000         0.00000000000000000000000000000000000        0.849999999999999999999999999999999981        0.150000000000000000000000000000000019        0.724999999999999999999999999999999981        0.275000000000000000000000000000000019        0.512000024318695068359375000000000000        0.425000011920928955078125000000000000         6.30000010132789611816406250000000000E-0002  0.870056494511586616800702331296776776        0.129943505488413383199297668703223248         0.00000000000000000000000000000000000        0.683022559859958444886526535977552353        0.167811590859605266884724425470909642        0.129098359310438402074632433326122454         2250.00000000000000000000000000000000        0.300000011920928955078125000000000000        -1.00000000000000000000000000000000000         4.50000000000000000000000000000000000         50.0000000000000000000000000000000000         1.42841142535167828558928695488108445         1.42897872108527463979860700139717898         1.42897872108527463979860700139717898         1.42897872108527463979860700139717898         1.42897872108527463979860700139717898         0.00000000000000000000000000000000000         3.96993828687320742529423112940078188E-0002   908.936481832020901950899559668490999         8531.85288643934159280486690565338006      
   3.25508859983516440085845691551799553         0.00000000000000000000000000000000000         0.00000000000000000000000000000000000        0.849999999999999999999999999999999981        0.150000000000000000000000000000000019        0.724999999999999999999999999999999981        0.275000000000000000000000000000000019        0.512000024318695068359375000000000000        0.425000011920928955078125000000000000         6.30000010132789611816406250000000000E-0002  0.870056494511586616800702331296776776        0.129943505488413383199297668703223248         0.00000000000000000000000000000000000        0.683022559859958444886526535977552353        0.167811590859605266884724425470909642        0.129098359310438402074632433326122454         2250.00000000000000000000000000000000        0.300000011920928955078125000000000000        -1.00000000000000000000000000000000000         4.50000000000000000000000000000000000         50.0000000000000000000000000000000000         1.44577286772139505158502889479159530         1.44567632192035533809153360730583535         1.44567632192035533809153360730583535         1.44567632192035533809153360730583535         1.44567632192035533809153360730583535         0.00000000000000000000000000000000000        -6.67824460951725809866019840701956824E-0003   954.131616923784915727818389474642369         8654.20992797467856911411736146797624      
   3.40928506974692429676371810701270237         0.00000000000000000000000000000000000         0.00000000000000000000000000000000000        0.849999999999999999999999999999999981        0.150000000000000000000000000000000019        0.724999999999999999999999999999999981        0.275000000000000000000000000000000019        0.512000024318695068359375000000000000        0.425000011920928955078125000000000000         6.30000010132789611816406250000000000E-0002  0.870056494511586616800702331296776776        0.129943505488413383199297668703223248         0.00000000000000000000000000000000000        0.683022559859958444886526535977552353        0.167811590859605266884724425470909642        0.129098359310438402074632433326122454         2250.00000000000000000000000000000000        0.300000011920928955078125000000000000        -1.00000000000000000000000000000000000         4.50000000000000000000000000000000000         50.0000000000000000000000000000000000         1.46322872191099205126051292583992537         1.46312959890315443761148087719055139         1.46312959890315443761148087719055139         1.46312959890315443761148087719055139         1.46312959890315443761148087719055139         0.00000000000000000000000000000000000        -6.77472507643355177811536806930302894E-0003   1002.23147485077092506864483693757853         8771.58743498362251087714084007220670      
   3.57078596490058154200418219794212579         0.00000000000000000000000000000000000         0.00000000000000000000000000000000000        0.849999999999999999999999999999999981        0.150000000000000000000000000000000019        0.724999999999999999999999999999999981        0.275000000000000000000000000000000019        0.512000024318695068359375000000000000        0.425000011920928955078125000000000000         6.30000010132789611816406250000000000E-0002  0.870056494511586616800702331296776776        0.129943505488413383199297668703223248         0.00000000000000000000000000000000000        0.683022559859958444886526535977552353        0.167811590859605266884724425470909642        0.129098359310438402074632433326122454         2250.00000000000000000000000000000000        0.300000011920928955078125000000000000        -1.00000000000000000000000000000000000         4.50000000000000000000000000000000000         50.0000000000000000000000000000000000         1.48084626298746632498008790204300577         1.48075304561980913471779029990654411         1.48075304561980913471779029990654411         1.48075304561980913471779029990654411         1.48075304561980913471779029990654411         0.00000000000000000000000000000000000        -6.29526766349966332598667851911759412E-0003   1052.99258095680982953678244519756699         8890.60034878295252456395362612346413      
   3.73993730247892248533723346676967991         0.00000000000000000000000000000000000         0.00000000000000000000000000000000000        0.849999999999999999999999999999999981        0.150000000000000000000000000000000019        0.724999999999999999999999999999999981        0.275000000000000000000000000000000019        0.512000024318695068359375000000000000        0.425000011920928955078125000000000000         6.30000010132789611816406250000000000E-0002  0.870056494511586616800702331296776776        0.129943505488413383199297668703223248         0.00000000000000000000000000000000000        0.683022559859958444886526535977552353        0.167811590859605266884724425470909642        0.129098359310438402074632433326122454         2250.00000000000000000000000000000000        0.300000011920928955078125000000000000        -1.00000000000000000000000000000000000         4.50000000000000000000000000000000000         50.0000000000000000000000000000000000         1.49859411028445604637666898773381025         1.49850642609287094012941313598612967         1.49850642609287094012941313598612967         1.49850642609287094012941313598612967         1.49850642609287094012941313598612967         0.00000000000000000000000000000000000        -5.85143914355639611465573003040102472E-0003   1106.55618313311695726342524511212048         9011.30625764294437914238097341587984      
   3.91710149080939146393706924636129076         0.00000000000000000000000000000000000         0.00000000000000000000000000000000000        0.849999999999999999999999999999999981        0.150000000000000000000000000000000019        0.724999999999999999999999999999999981        0.275000000000000000000000000000000019        0.512000024318695068359375000000000000        0.425000011920928955078125000000000000         6.30000010132789611816406250000000000E-0002  0.870056494511586616800702331296776776        0.129943505488413383199297668703223248         0.00000000000000000000000000000000000        0.683022559859958444886526535977552353        0.167811590859605266884724425470909642        0.129098359310438402074632433326122454         2250.00000000000000000000000000000000        0.300000011920928955078125000000000000        -1.00000000000000000000000000000000000         4.50000000000000000000000000000000000         50.0000000000000000000000000000000000         1.51647462383059637484487659062812766         1.51627202027978993211969169999949987         1.51627202027978993211969169999949987         1.51627202027978993211969169999949987         1.51627202027978993211969169999949987         0.00000000000000000000000000000000000        -1.33619527430874393286727667136024169E-0002   1162.99640888938990993002943846525539         9133.30577820857545493291542943184869      
   4.10265810582733183554468384630866708         0.00000000000000000000000000000000000         0.00000000000000000000000000000000000        0.849999999999999999999999999999999981        0.150000000000000000000000000000000019        0.724999999999999999999999999999999981        0.275000000000000000000000000000000019        0.512000024318695068359375000000000000        0.425000011920928955078125000000000000         6.30000010132789611816406250000000000E-0002  0.870056494511586616800702331296776776        0.129943505488413383199297668703223248         0.00000000000000000000000000000000000        0.683022559859958444886526535977552353        0.167811590859605266884724425470909642        0.129098359310438402074632433326122454         2250.00000000000000000000000000000000        0.300000011920928955078125000000000000        -1.00000000000000000000000000000000000         4.50000000000000000000000000000000000         50.0000000000000000000000000000000000         1.53452826806305081223983032030527659         1.53444354994087255510388891273598014         1.53444354994087255510388891273598014         1.53444354994087255510388891273598014         1.53444354994087255510388891273598014         0.00000000000000000000000000000000000        -5.52109735034055959470720398773506537E-0003   1222.79442187507261446370062340824498         9257.67299575610510190751729596430714      
   4.29700470432098797081550436783669861         0.00000000000000000000000000000000000         0.00000000000000000000000000000000000        0.849999999999999999999999999999999981        0.150000000000000000000000000000000019        0.724999999999999999999999999999999981        0.275000000000000000000000000000000019        0.512000024318695068359375000000000000        0.425000011920928955078125000000000000         6.30000010132789611816406250000000000E-0002  0.870056494511586616800702331296776776        0.129943505488413383199297668703223248         0.00000000000000000000000000000000000        0.683022559859958444886526535977552353        0.167811590859605266884724425470909642        0.129098359310438402074632433326122454         2250.00000000000000000000000000000000        0.300000011920928955078125000000000000        -1.00000000000000000000000000000000000         4.50000000000000000000000000000000000         50.0000000000000000000000000000000000         1.55271875170948783046906981390246241         1.55262048609413931601917065777893290         1.55262048609413931601917065777893290         1.55262048609413931601917065777893290         1.55262048609413931601917065777893290         0.00000000000000000000000000000000000        -6.32901705398188057489027078264306901E-0003   1285.79319745278993576314699784310451         9383.30240288689699615698007520865800      
   4.50055767570065325107907567564988206         0.00000000000000000000000000000000000         0.00000000000000000000000000000000000        0.849999999999999999999999999999999981        0.150000000000000000000000000000000019        0.724999999999999999999999999999999981        0.275000000000000000000000000000000019        0.512000024318695068359375000000000000        0.425000011920928955078125000000000000         6.30000010132789611816406250000000000E-0002  0.870056494511586616800702331296776776        0.129943505488413383199297668703223248         0.00000000000000000000000000000000000        0.683022559859958444886526535977552353        0.167811590859605266884724425470909642        0.129098359310438402074632433326122454         2250.00000000000000000000000000000000        0.300000011920928955078125000000000000        -1.00000000000000000000000000000000000         4.50000000000000000000000000000000000         50.0000000000000000000000000000000000         1.57105845384999025485844226198243679         1.57098986417619294592317262728716690         1.57098986417619294592317262728716690         1.57098986417619294592317262728716690         1.57098986417619294592317262728716690         0.00000000000000000000000000000000000        -4.36601631629727195378417472239750815E-0003   1352.32548977285922249860374836572153         9510.75459383557813382666059652295734      
   4.71375313411688746090811432995346639         0.00000000000000000000000000000000000         0.00000000000000000000000000000000000        0.849999999999999999999999999999999981        0.150000000000000000000000000000000019        0.724999999999999999999999999999999981        0.275000000000000000000000000000000019        0.512000024318695068359375000000000000        0.425000011920928955078125000000000000         6.30000010132789611816406250000000000E-0002  0.870056494511586616800702331296776776        0.129943505488413383199297668703223248         0.00000000000000000000000000000000000        0.683022559859958444886526535977552353        0.167811590859605266884724425470909642        0.129098359310438402074632433326122454         2250.00000000000000000000000000000000        0.300000011920928955078125000000000000        -1.00000000000000000000000000000000000         4.50000000000000000000000000000000000         50.0000000000000000000000000000000000         1.58953194834563826966312130138973828         1.58938064491682839500535030977893043         1.58938064491682839500535030977893043         1.58938064491682839500535030977893043         1.58938064491682839500535030977893043         0.00000000000000000000000000000000000        -9.51964712127171405636314774606382554E-0003   1422.59641074195088624600302194378791         9639.99059533086673990825622874702688      
   4.93704785283917522455720499133271388         0.00000000000000000000000000000000000         0.00000000000000000000000000000000000        0.849999999999999999999999999999999981        0.150000000000000000000000000000000019        0.724999999999999999999999999999999981        0.275000000000000000000000000000000019        0.512000024318695068359375000000000000        0.425000011920928955078125000000000000         6.30000010132789611816406250000000000E-0002  0.870056494511586616800702331296776776        0.129943505488413383199297668703223248         0.00000000000000000000000000000000000        0.683022559859958444886526535977552353        0.167811590859605266884724425470909642        0.129098359310438402074632433326122454         2250.00000000000000000000000000000000        0.300000011920928955078125000000000000        -1.00000000000000000000000000000000000         4.50000000000000000000000000000000000         50.0000000000000000000000000000000000         1.60816261954967497275603299599139674         1.60804217593694375210570798370139428         1.60804217593694375210570798370139428         1.60804217593694375210570798370139428         1.60804217593694375210570798370139428         0.00000000000000000000000000000000000        -7.49007796770273346709798456946239453E-0003   1496.88962208980929184653189523026635         9771.03456712984436020809100010924683      
   5.17092024289694052668163232095138689         0.00000000000000000000000000000000000         0.00000000000000000000000000000000000        0.849999999999999999999999999999999981        0.150000000000000000000000000000000019        0.724999999999999999999999999999999981        0.275000000000000000000000000000000019        0.512000024318695068359375000000000000        0.425000011920928955078125000000000000         6.30000010132789611816406250000000000E-0002  0.870056494511586616800702331296776776        0.129943505488413383199297668703223248         0.00000000000000000000000000000000000        0.683022559859958444886526535977552353        0.167811590859605266884724425470909642        0.129098359310438402074632433326122454         2250.00000000000000000000000000000000        0.300000011920928955078125000000000000        -1.00000000000000000000000000000000000         4.50000000000000000000000000000000000         50.0000000000000000000000000000000000         1.62691888350442541179524991239888476         1.62703180437059618628693767509195415         1.62703180437059618628693767509195415         1.62703180437059618628693767509195415         1.62703180437059618628693767509195415         0.00000000000000000000000000000000000         6.94029863875076467869881353381464793E-0003   1575.52861852459829152263961004544843         9903.52510200507519033990831971315560      
   5.41587137807966487084961468635563235         0.00000000000000000000000000000000000         0.00000000000000000000000000000000000        0.849999999999999999999999999999999981        0.150000000000000000000000000000000019        0.724999999999999999999999999999999981        0.275000000000000000000000000000000019        0.512000024318695068359375000000000000        0.425000011920928955078125000000000000         6.30000010132789611816406250000000000E-0002  0.870056494511586616800702331296776776        0.129943505488413383199297668703223248         0.00000000000000000000000000000000000        0.683022559859958444886526535977552353        0.167811590859605266884724425470909642        0.129098359310438402074632433326122454         2250.00000000000000000000000000000000        0.300000011920928955078125000000000000        -1.00000000000000000000000000000000000         4.50000000000000000000000000000000000         50.0000000000000000000000000000000000         1.64583901657132084030185665273713357         1.64561527637161440235736216510882286         1.64561527637161440235736216510882286         1.64561527637161440235736216510882286         1.64561527637161440235736216510882286         0.00000000000000000000000000000000000        -1.35961426050782917263689306743625277E-0002   1658.47547660728285424647018024492207         10038.8534430836569105211546865277450      
   5.67242606849218144376540893055636070         0.00000000000000000000000000000000000         0.00000000000000000000000000000000000        0.849999999999999999999999999999999981        0.150000000000000000000000000000000019        0.724999999999999999999999999999999981        0.275000000000000000000000000000000019        0.512000024318695068359375000000000000        0.425000011920928955078125000000000000         6.30000010132789611816406250000000000E-0002  0.870056494511586616800702331296776776        0.129943505488413383199297668703223248         0.00000000000000000000000000000000000        0.683022559859958444886526535977552353        0.167811590859605266884724425470909642        0.129098359310438402074632433326122454         2250.00000000000000000000000000000000        0.300000011920928955078125000000000000        -1.00000000000000000000000000000000000         4.50000000000000000000000000000000000         50.0000000000000000000000000000000000         1.66486865959723791946912530841209184         1.66504424325004926494884699961678421         1.66504424325004926494884699961678421         1.66504424325004926494884699961678421         1.66504424325004926494884699961678421         0.00000000000000000000000000000000000         1.05452845186034539081108795113705537E-0002   1746.40800230564910238824982971052048         10174.2693729783112650125374599892458      
   5.94113398496524757317294119695305884         0.00000000000000000000000000000000000         0.00000000000000000000000000000000000        0.849999999999999999999999999999999981        0.150000000000000000000000000000000019        0.724999999999999999999999999999999981        0.275000000000000000000000000000000019        0.512000024318695068359375000000000000        0.425000011920928955078125000000000000         6.30000010132789611816406250000000000E-0002  0.870056494511586616800702331296776776        0.129943505488413383199297668703223248         0.00000000000000000000000000000000000        0.683022559859958444886526535977552353        0.167811590859605266884724425470909642        0.129098359310438402074632433326122454         2250.00000000000000000000000000000000        0.300000011920928955078125000000000000        -1.00000000000000000000000000000000000         4.50000000000000000000000000000000000         50.0000000000000000000000000000000000         1.68408532545714192936959271046191803         1.68384384313903036841928510677765892         1.68384384313903036841928510677765892         1.68384384313903036841928510677765892         1.68384384313903036841928510677765892         0.00000000000000000000000000000000000        -1.43411349630490894358408523843660062E-0002   1839.14225881279017386695752331237631         10314.4821792517755096829713096572613      
   6.22257083673045567818932634861224246         0.00000000000000000000000000000000000         0.00000000000000000000000000000000000        0.849999999999999999999999999999999981        0.150000000000000000000000000000000019        0.724999999999999999999999999999999981        0.275000000000000000000000000000000019        0.512000024318695068359375000000000000        0.425000011920928955078125000000000000         6.30000010132789611816406250000000000E-0002  0.870056494511586616800702331296776776        0.129943505488413383199297668703223248         0.00000000000000000000000000000000000        0.683022559859958444886526535977552353        0.167811590859605266884724425470909642        0.129098359310438402074632433326122454         2250.00000000000000000000000000000000        0.300000011920928955078125000000000000        -1.00000000000000000000000000000000000         4.50000000000000000000000000000000000         50.0000000000000000000000000000000000         1.70335729735792930458741720635579271         1.70345010194849224874281011512285811         1.70345010194849224874281011512285811         1.70345010194849224874281011512285811         1.70345010194849224874281011512285811         0.00000000000000000000000000000000000         5.44803692557766019617375111629943410E-0003   1936.83590937884301256902583039374421         10454.1900032116882627607240950484605      
   6.51733960488266225567076642791935208         0.00000000000000000000000000000000000         0.00000000000000000000000000000000000        0.849999999999999999999999999999999981        0.150000000000000000000000000000000019        0.724999999999999999999999999999999981        0.275000000000000000000000000000000019        0.512000024318695068359375000000000000        0.425000011920928955078125000000000000         6.30000010132789611816406250000000000E-0002  0.870056494511586616800702331296776776        0.129943505488413383199297668703223248         0.00000000000000000000000000000000000        0.683022559859958444886526535977552353        0.167811590859605266884724425470909642        0.129098359310438402074632433326122454         2250.00000000000000000000000000000000        0.300000011920928955078125000000000000        -1.00000000000000000000000000000000000         4.50000000000000000000000000000000000         50.0000000000000000000000000000000000         1.72282620526347741430218037111472512         1.72277327760214921930136331077946881         1.72277327760214921930136331077946881         1.72277327760214921930136331077946881         1.72277327760214921930136331077946881         0.00000000000000000000000000000000000        -3.07223602875142319466326577034842396E-0003   2040.87308413086787667008373228231200         10597.2718296984909758359445020511693      
   6.82607183427263972690668329495824292         0.00000000000000000000000000000000000         0.00000000000000000000000000000000000        0.849999999999999999999999999999999981        0.150000000000000000000000000000000019        0.724999999999999999999999999999999981        0.275000000000000000000000000000000019        0.512000024318695068359375000000000000        0.425000011920928955078125000000000000         6.30000010132789611816406250000000000E-0002  0.870056494511586616800702331296776776        0.129943505488413383199297668703223248         0.00000000000000000000000000000000000        0.683022559859958444886526535977552353        0.167811590859605266884724425470909642        0.129098359310438402074632433326122454         2250.00000000000000000000000000000000        0.300000011920928955078125000000000000        -1.00000000000000000000000000000000000         4.50000000000000000000000000000000000         50.0000000000000000000000000000000000         1.74243826788426362353553084164384461         1.74270539404890907679220111854389490         1.74270539404890907679220111854389490         1.74270539404890907679220111854389490         1.74270539404890907679220111854389490         0.00000000000000000000000000000000000         1.53282457010606092844541858319591200E-0002   2151.20324364583501300332608958102226         10742.8626589867144134711586110289489      
   7.14942898659784326950660524938800231         0.00000000000000000000000000000000000         0.00000000000000000000000000000000000        0.849999999999999999999999999999999981        0.150000000000000000000000000000000019        0.724999999999999999999999999999999981        0.275000000000000000000000000000000019        0.512000024318695068359375000000000000        0.425000011920928955078125000000000000         6.30000010132789611816406250000000000E-0002  0.870056494511586616800702331296776776        0.129943505488413383199297668703223248         0.00000000000000000000000000000000000        0.683022559859958444886526535977552353        0.167811590859605266884724425470909642        0.129098359310438402074632433326122454         2250.00000000000000000000000000000000        0.300000011920928955078125000000000000        -1.00000000000000000000000000000000000         4.50000000000000000000000000000000000         50.0000000000000000000000000000000000         1.76218243731524352955926789531656459         1.76196400139312341538061611291041871         1.76196400139312341538061611291041871         1.76196400139312341538061611291041871         1.76196400139312341538061611291041871         0.00000000000000000000000000000000000        -1.23972976716552961305404960124015392E-0002   2268.15970545869847694617177474816706         10890.9012155387436570688262262545371      
   7.48810385759030229475404929283587874         0.00000000000000000000000000000000000         0.00000000000000000000000000000000000        0.849999999999999999999999999999999981        0.150000000000000000000000000000000019        0.724999999999999999999999999999999981        0.275000000000000000000000000000000019        0.512000024318695068359375000000000000        0.425000011920928955078125000000000000         6.30000010132789611816406250000000000E-0002  0.870056494511586616800702331296776776        0.129943505488413383199297668703223248         0.00000000000000000000000000000000000        0.683022559859958444886526535977552353        0.167811590859605266884724425470909642        0.129098359310438402074632433326122454         2250.00000000000000000000000000000000        0.300000011920928955078125000000000000        -1.00000000000000000000000000000000000         4.50000000000000000000000000000000000         50.0000000000000000000000000000000000         1.78206132649840085489992895047562960         1.78190147871013634562151331104990944         1.78190147871013634562151331104990944         1.78190147871013634562151331104990944         1.78190147871013634562151331104990944         0.00000000000000000000000000000000000        -8.97062998007152303938611044865241458E-0003   2390.65325634989864816038469054424166         11039.6004499994710712023023985862752      
   7.84282206133797492150195102086104320         0.00000000000000000000000000000000000         0.00000000000000000000000000000000000        0.849999999999999999999999999999999981        0.150000000000000000000000000000000019        0.724999999999999999999999999999999981        0.275000000000000000000000000000000019        0.512000024318695068359375000000000000        0.425000011920928955078125000000000000         6.30000010132789611816406250000000000E-0002  0.870056494511586616800702331296776776        0.129943505488413383199297668703223248         0.00000000000000000000000000000000000        0.683022559859958444886526535977552353        0.167811590859605266884724425470909642        0.129098359310438402074632433326122454         2250.00000000000000000000000000000000        0.300000011920928955078125000000000000        -1.00000000000000000000000000000000000         4.50000000000000000000000000000000000         50.0000000000000000000000000000000000         1.80204986791597948270929649796441376         1.80178680175226376733920735739067389         1.80178680175226376733920735739067389         1.80178680175226376733920735739067389         1.80178680175226376733920735739067389         0.00000000000000000000000000000000000        -1.46002936340681214233688493962337369E-0002   2522.61478297485637101342970767793698         11192.6890108419988455443220470210736      
   8.21434358491973787188331079880935809         0.00000000000000000000000000000000000         0.00000000000000000000000000000000000        0.849999999999999999999999999999999981        0.150000000000000000000000000000000019        0.724999999999999999999999999999999981        0.275000000000000000000000000000000019        0.512000024318695068359375000000000000        0.425000011920928955078125000000000000         6.30000010132789611816406250000000000E-0002  0.870056494511586616800702331296776776        0.129943505488413383199297668703223248         0.00000000000000000000000000000000000        0.683022559859958444886526535977552353        0.167811590859605266884724425470909642        0.129098359310438402074632433326122454         2250.00000000000000000000000000000000        0.300000011920928955078125000000000000        -1.00000000000000000000000000000000000         4.50000000000000000000000000000000000         50.0000000000000000000000000000000000         1.82217786312461578927839334445742756         1.82205417978996166142795023906598770         1.82205417978996166142795023906598770         1.82205417978996166142795023906598770         1.82205417978996166142795023906598770         0.00000000000000000000000000000000000        -6.78812606266107397779439295867286864E-0003   2661.34534632610721228780200636534415         11347.1612010934025686889679005393523      
   8.60346441668483183756181982790961157         0.00000000000000000000000000000000000         0.00000000000000000000000000000000000        0.849999999999999999999999999999999981        0.150000000000000000000000000000000019        0.724999999999999999999999999999999981        0.275000000000000000000000000000000019        0.512000024318695068359375000000000000        0.425000011920928955078125000000000000         6.30000010132789611816406250000000000E-0002  0.870056494511586616800702331296776776        0.129943505488413383199297668703223248         0.00000000000000000000000000000000000        0.683022559859958444886526535977552353        0.167811590859605266884724425470909642        0.129098359310438402074632433326122454         2250.00000000000000000000000000000000        0.300000011920928955078125000000000000        -1.00000000000000000000000000000000000         4.50000000000000000000000000000000000         50.0000000000000000000000000000000000         1.84241361320142026634849298482090891         1.84297736280352613897699236742029901         1.84297736280352613897699236742029901         1.84297736280352613897699236742029901         1.84297736280352613897699236742029901         0.00000000000000000000000000000000000         3.05890681830350919947545775706960909E-0002   2808.13348751782091206571898393532962         11503.7975406001143571825117024516937      
   9.01101825166536630189666009569239489         0.00000000000000000000000000000000000         0.00000000000000000000000000000000000        0.849999999999999999999999999999999981        0.150000000000000000000000000000000019        0.724999999999999999999999999999999981        0.275000000000000000000000000000000019        0.512000024318695068359375000000000000        0.425000011920928955078125000000000000         6.30000010132789611816406250000000000E-0002  0.870056494511586616800702331296776776        0.129943505488413383199297668703223248         0.00000000000000000000000000000000000        0.683022559859958444886526535977552353        0.167811590859605266884724425470909642        0.129098359310438402074632433326122454         2250.00000000000000000000000000000000        0.300000011920928955078125000000000000        -1.00000000000000000000000000000000000         4.50000000000000000000000000000000000         50.0000000000000000000000000000000000         1.86281392069313358381114737056229008         1.86266422779377146827631140860292153         1.86266422779377146827631140860292153         1.86266422779377146827631140860292153         1.86266422779377146827631140860292153         0.00000000000000000000000000000000000        -8.03649402444470407602825579657014948E-0003   2964.41385872988864928952141767346690         11663.8387494639845171651065164797989      
   9.43787827777574610680776305101093867         0.00000000000000000000000000000000000         0.00000000000000000000000000000000000        0.849999999999999999999999999999999981        0.150000000000000000000000000000000019        0.724999999999999999999999999999999981        0.275000000000000000000000000000000019        0.512000024318695068359375000000000000        0.425000011920928955078125000000000000         6.30000010132789611816406250000000000E-0002  0.870056494511586616800702331296776776        0.129943505488413383199297668703223248         0.00000000000000000000000000000000000        0.683022559859958444886526535977552353        0.167811590859605266884724425470909642        0.129098359310438402074632433326122454         2250.00000000000000000000000000000000        0.300000011920928955078125000000000000        -1.00000000000000000000000000000000000         4.50000000000000000000000000000000000         50.0000000000000000000000000000000000         1.88331163822987903567558535689232506         1.88314548199338304117556972910346464         1.88314548199338304117556972910346464         1.88314548199338304117556972910346464         1.88314548199338304117556972910346464         0.00000000000000000000000000000000000        -8.82333511057847927156783874784610646E-0003   3129.74092684107039688444147401106888         11825.9758727766435073250718996522068      
   9.88495904662596879076778864032827051         0.00000000000000000000000000000000000         0.00000000000000000000000000000000000        0.849999999999999999999999999999999981        0.150000000000000000000000000000000019        0.724999999999999999999999999999999981        0.275000000000000000000000000000000019        0.512000024318695068359375000000000000        0.425000011920928955078125000000000000         6.30000010132789611816406250000000000E-0002  0.870056494511586616800702331296776776        0.129943505488413383199297668703223248         0.00000000000000000000000000000000000        0.683022559859958444886526535977552353        0.167811590859605266884724425470909642        0.129098359310438402074632433326122454         2250.00000000000000000000000000000000        0.300000011920928955078125000000000000        -1.00000000000000000000000000000000000         4.50000000000000000000000000000000000         50.0000000000000000000000000000000000         1.90397693254975203869833457785538535         1.90398339672017621951920233523812449         1.90398339672017621951920233523812449         1.90398339672017621951920233523812449         1.90398339672017621951920233523812449         0.00000000000000000000000000000000000         3.39507709747683486559159542598459395E-0004   3306.06781668954660485807727160272479         11992.1806316362490175005059155646846      
   10.3532184329570277361739405380354267         0.00000000000000000000000000000000000         0.00000000000000000000000000000000000        0.849999999999999999999999999999999981        0.150000000000000000000000000000000019        0.724999999999999999999999999999999981        0.275000000000000000000000000000000019        0.512000024318695068359375000000000000        0.425000011920928955078125000000000000         6.30000010132789611816406250000000000E-0002  0.870056494511586616800702331296776776        0.129943505488413383199297668703223248         0.00000000000000000000000000000000000        0.683022559859958444886526535977552353        0.167811590859605266884724425470909642        0.129098359310438402074632433326122454         2250.00000000000000000000000000000000        0.300000011920928955078125000000000000        -1.00000000000000000000000000000000000         4.50000000000000000000000000000000000         50.0000000000000000000000000000000000         1.92464207888760554156865973456620114         1.92462878692244945193519859244240230         1.92462878692244945193519859244240230         1.92462878692244945193519859244240230         1.92462878692244945193519859244240230         0.00000000000000000000000000000000000        -6.90624875113915504209114561925508196E-0004   3490.56776234698422066844940919962615         12157.8282879551325332410732183003097      
   10.8436596868965298573473131194133672         0.00000000000000000000000000000000000         0.00000000000000000000000000000000000        0.849999999999999999999999999999999981        0.150000000000000000000000000000000019        0.724999999999999999999999999999999981        0.275000000000000000000000000000000019        0.512000024318695068359375000000000000        0.425000011920928955078125000000000000         6.30000010132789611816406250000000000E-0002  0.870056494511586616800702331296776776        0.129943505488413383199297668703223248         0.00000000000000000000000000000000000        0.683022559859958444886526535977552353        0.167811590859605266884724425470909642        0.129098359310438402074632433326122454         2250.00000000000000000000000000000000        0.300000011920928955078125000000000000        -1.00000000000000000000000000000000000         4.50000000000000000000000000000000000         50.0000000000000000000000000000000000         1.94554349423149322372910742486419408         1.94547578498890862494873999364924639         1.94547578498890862494873999364924639         1.94547578498890862494873999364924639         1.94547578498890862494873999364924639         0.00000000000000000000000000000000000        -3.48034363146724020174169831299801028E-0003   3688.09497085317987249539531019385177         12331.5616062205739868437738419914615      
   11.3573335834315047407380755747457535         0.00000000000000000000000000000000000         0.00000000000000000000000000000000000        0.849999999999999999999999999999999981        0.150000000000000000000000000000000019        0.724999999999999999999999999999999981        0.275000000000000000000000000000000019        0.512000024318695068359375000000000000        0.425000011920928955078125000000000000         6.30000010132789611816406250000000000E-0002  0.870056494511586616800702331296776776        0.129943505488413383199297668703223248         0.00000000000000000000000000000000000        0.683022559859958444886526535977552353        0.167811590859605266884724425470909642        0.129098359310438402074632433326122454         2250.00000000000000000000000000000000        0.300000011920928955078125000000000000        -1.00000000000000000000000000000000000         4.50000000000000000000000000000000000         50.0000000000000000000000000000000000         1.96649010988011347973951786795252360         1.96663752163929639041611673076655405         1.96663752163929639041611673076655405         1.96663752163929639041611673076655405         1.96663752163929639041611673076655405         0.00000000000000000000000000000000000         7.49562426023658791283762735767826248E-0003   3899.45602238250616681578739062883673         12503.1340979947126061006428531493371      
   11.8953406737036708935232311939754483         0.00000000000000000000000000000000000         0.00000000000000000000000000000000000        0.849999999999999999999999999999999981        0.150000000000000000000000000000000019        0.724999999999999999999999999999999981        0.275000000000000000000000000000000019        0.512000024318695068359375000000000000        0.425000011920928955078125000000000000         6.30000010132789611816406250000000000E-0002  0.870056494511586616800702331296776776        0.129943505488413383199297668703223248         0.00000000000000000000000000000000000        0.683022559859958444886526535977552353        0.167811590859605266884724425470909642        0.129098359310438402074632433326122454         2250.00000000000000000000000000000000        0.300000011920928955078125000000000000        -1.00000000000000000000000000000000000         4.50000000000000000000000000000000000         50.0000000000000000000000000000000000         1.98765573357593387348351000671685906         1.98767679781690342618403316368939980         1.98767679781690342618403316368939980         1.98767679781690342618403316368939980         1.98767679781690342618403316368939980         0.00000000000000000000000000000000000         1.05974175442848085037679943680706227E-0003   4120.66422778380130055651825085139073         12681.2275170331160655234554780541394      
   12.4588336429505803262590704440291315         0.00000000000000000000000000000000000         0.00000000000000000000000000000000000        0.849999999999999999999999999999999981        0.150000000000000000000000000000000019        0.724999999999999999999999999999999981        0.275000000000000000000000000000000019        0.512000024318695068359375000000000000        0.425000011920928955078125000000000000         6.30000010132789611816406250000000000E-0002  0.870056494511586616800702331296776776        0.129943505488413383199297668703223248         0.00000000000000000000000000000000000        0.683022559859958444886526535977552353        0.167811590859605266884724425470909642        0.129098359310438402074632433326122454         2250.00000000000000000000000000000000        0.300000011920928955078125000000000000        -1.00000000000000000000000000000000000         4.50000000000000000000000000000000000         50.0000000000000000000000000000000000         2.00879467291635824965400791403192488         2.00853850223248357977559404126228796         2.00853850223248357977559404126228796         2.00853850223248357977559404126228796         2.00853850223248357977559404126228796         0.00000000000000000000000000000000000        -1.27540838072029513831698494590985897E-0002   4358.94722461364269655770233396247394         12860.6994195066092282281621619895490      
   13.0490197801445524899467209692621793         0.00000000000000000000000000000000000         0.00000000000000000000000000000000000        0.849999999999999999999999999999999981        0.150000000000000000000000000000000019        0.724999999999999999999999999999999981        0.275000000000000000000000000000000019        0.512000024318695068359375000000000000        0.425000011920928955078125000000000000         6.30000010132789611816406250000000000E-0002  0.870056494511586616800702331296776776        0.129943505488413383199297668703223248         0.00000000000000000000000000000000000        0.683022559859958444886526535977552353        0.167811590859605266884724425470909642        0.129098359310438402074632433326122454         2250.00000000000000000000000000000000        0.300000011920928955078125000000000000        -1.00000000000000000000000000000000000         4.50000000000000000000000000000000000         50.0000000000000000000000000000000000         2.03007912677217875183583926630410597         2.03001585635621726306794182930706150         2.03001585635621726306794182930706150         2.03001585635621726306794182930706150         2.03001585635621726306794182930706150         0.00000000000000000000000000000000000        -3.11674491425186111783157160396065048E-0003   4609.92687994599171210176938425175195         13043.7315646944124611906349592654704      
   13.6671635646206221493148154813537214         0.00000000000000000000000000000000000         0.00000000000000000000000000000000000        0.849999999999999999999999999999999981        0.150000000000000000000000000000000019        0.724999999999999999999999999999999981        0.275000000000000000000000000000000019        0.512000024318695068359375000000000000        0.425000011920928955078125000000000000         6.30000010132789611816406250000000000E-0002  0.870056494511586616800702331296776776        0.129943505488413383199297668703223248         0.00000000000000000000000000000000000        0.683022559859958444886526535977552353        0.167811590859605266884724425470909642        0.129098359310438402074632433326122454         2250.00000000000000000000000000000000        0.300000011920928955078125000000000000        -1.00000000000000000000000000000000000         4.50000000000000000000000000000000000         50.0000000000000000000000000000000000         2.05148201198895113984365879171507457         2.05170171528050715567791290210924714         2.05170171528050715567791290210924714         2.05170171528050715567791290210924714         2.05170171528050715567791290210924714         0.00000000000000000000000000000000000         1.07083446838166804944815883281620284E-0002   4878.70294369833607261004139595205521         13229.4076309594030229828906643652057      
   14.3145893752353758338684692231306029         0.00000000000000000000000000000000000         0.00000000000000000000000000000000000        0.849999999999999999999999999999999981        0.150000000000000000000000000000000019        0.724999999999999999999999999999999981        0.275000000000000000000000000000000019        0.512000024318695068359375000000000000        0.425000011920928955078125000000000000         6.30000010132789611816406250000000000E-0002  0.870056494511586616800702331296776776        0.129943505488413383199297668703223248         0.00000000000000000000000000000000000        0.683022559859958444886526535977552353        0.167811590859605266884724425470909642        0.129098359310438402074632433326122454         2250.00000000000000000000000000000000        0.300000011920928955078125000000000000        -1.00000000000000000000000000000000000         4.50000000000000000000000000000000000         50.0000000000000000000000000000000000         2.07233186730847872490582480010186470         2.07277505952158742316036249667217408         2.07277505952158742316036249667217408         2.07277505952158742316036249667217408         2.07277505952158742316036249667217408         0.00000000000000000000000000000000000         2.13815875038071163536617485747378045E-0002   5177.41680576348993102927073795612812         13427.2390273261716965451425243795557      
   14.9926843278610750864026478869771275         0.00000000000000000000000000000000000         0.00000000000000000000000000000000000        0.849999999999999999999999999999999981        0.150000000000000000000000000000000019        0.724999999999999999999999999999999981        0.275000000000000000000000000000000019        0.512000024318695068359375000000000000        0.425000011920928955078125000000000000         6.30000010132789611816406250000000000E-0002  0.870056494511586616800702331296776776        0.129943505488413383199297668703223248         0.00000000000000000000000000000000000        0.683022559859958444886526535977552353        0.167811590859605266884724425470909642        0.129098359310438402074632433326122454         2250.00000000000000000000000000000000        0.300000011920928955078125000000000000        -1.00000000000000000000000000000000000         4.50000000000000000000000000000000000         50.0000000000000000000000000000000000         2.09333054294875134001669762831977028         2.09367762207496884670308882827391087         2.09367762207496884670308882827391087         2.09367762207496884670308882827391087         2.09367762207496884670308882827391087         0.00000000000000000000000000000000000         1.65774865508439166911854498766962974E-0002   5492.91530283974549621149029505936293         13631.6264599373885694329540418447413      
   15.7029012472944242844593367399923914         0.00000000000000000000000000000000000         0.00000000000000000000000000000000000        0.849999999999999999999999999999999981        0.150000000000000000000000000000000019        0.724999999999999999999999999999999981        0.275000000000000000000000000000000019        0.512000024318695068359375000000000000        0.425000011920928955078125000000000000         6.30000010132789611816406250000000000E-0002  0.870056494511586616800702331296776776        0.129943505488413383199297668703223248         0.00000000000000000000000000000000000        0.683022559859958444886526535977552353        0.167811590859605266884724425470909642        0.129098359310438402074632433326122454         2250.00000000000000000000000000000000        0.300000011920928955078125000000000000        -1.00000000000000000000000000000000000         4.50000000000000000000000000000000000         50.0000000000000000000000000000000000         2.11432197486397896678662670215859694         2.11468286110650585268016224162540783         2.11468286110650585268016224162540783         2.11468286110650585268016224162540783         2.11468286110650585268016224162540783         0.00000000000000000000000000000000000         1.70657382799259318092302588597875334E-0002   5829.51314149786795643588991846780201         13839.5366628671475782225397446200575      
   16.4467617799473254470491446022305387         0.00000000000000000000000000000000000         0.00000000000000000000000000000000000        0.849999999999999999999999999999999981        0.150000000000000000000000000000000019        0.724999999999999999999999999999999981        0.275000000000000000000000000000000019        0.512000024318695068359375000000000000        0.425000011920928955078125000000000000         6.30000010132789611816406250000000000E-0002  0.870056494511586616800702331296776776        0.129943505488413383199297668703223248         0.00000000000000000000000000000000000        0.683022559859958444886526535977552353        0.167811590859605266884724425470909642        0.129098359310438402074632433326122454         2250.00000000000000000000000000000000        0.300000011920928955078125000000000000        -1.00000000000000000000000000000000000         4.50000000000000000000000000000000000         50.0000000000000000000000000000000000         2.13534307464130617516942526160687005         2.13567818976745815866440380652760920         2.13567818976745815866440380652760920         2.13567818976745815866440380652760920         2.13567818976745815866440380652760920         0.00000000000000000000000000000000000         1.56912744512539257385267752817198231E-0002   6188.20338640964519559900081969656191         14051.3402702438030281335503373458212      
   17.2258596539885891666448939958271182         0.00000000000000000000000000000000000         0.00000000000000000000000000000000000        0.849999999999999999999999999999999981        0.150000000000000000000000000000000019        0.724999999999999999999999999999999981        0.275000000000000000000000000000000019        0.512000024318695068359375000000000000        0.425000011920928955078125000000000000         6.30000010132789611816406250000000000E-0002  0.870056494511586616800702331296776776        0.129943505488413383199297668703223248         0.00000000000000000000000000000000000        0.683022559859958444886526535977552353        0.167811590859605266884724425470909642        0.129098359310438402074632433326122454         2250.00000000000000000000000000000000        0.300000011920928955078125000000000000        -1.00000000000000000000000000000000000         4.50000000000000000000000000000000000         50.0000000000000000000000000000000000         2.15639283859186933854387667520333596         2.15667955655420556343046256033403814         2.15667955655420556343046256033403814         2.15667955655420556343046256033403814         2.15667955655420556343046256033403814         0.00000000000000000000000000000000000         1.32944164776302303317814850229266158E-0002   6570.30673520237046682525219572811408         14267.3311591821289268635306770506719      
   18.0418640939214858630807661830989717         0.00000000000000000000000000000000000         0.00000000000000000000000000000000000        0.849999999999999999999999999999999981        0.150000000000000000000000000000000019        0.724999999999999999999999999999999981        0.275000000000000000000000000000000019        0.512000024318695068359375000000000000        0.425000011920928955078125000000000000         6.30000010132789611816406250000000000E-0002  0.870056494511586616800702331296776776        0.129943505488413383199297668703223248         0.00000000000000000000000000000000000        0.683022559859958444886526535977552353        0.167811590859605266884724425470909642        0.129098359310438402074632433326122454         2250.00000000000000000000000000000000        0.300000011920928955078125000000000000        -1.00000000000000000000000000000000000         4.50000000000000000000000000000000000         50.0000000000000000000000000000000000         2.17742573184777015535830661334788117         2.17781847035750391111492146200970265         2.17781847035750391111492146200970265         2.17781847035750391111492146200970265         2.17781847035750391111492146200970265         0.00000000000000000000000000000000000         1.80335741972692987375481123783641892E-0002   6978.23955000543305704765154499709086         14486.2409667467853750878659943857501      
   18.8965233969129017925278720876753030         0.00000000000000000000000000000000000         0.00000000000000000000000000000000000        0.849999999999999999999999999999999981        0.150000000000000000000000000000000019        0.724999999999999999999999999999999981        0.275000000000000000000000000000000019        0.512000024318695068359375000000000000        0.425000011920928955078125000000000000         6.30000010132789611816406250000000000E-0002  0.870056494511586616800702331296776776        0.129943505488413383199297668703223248         0.00000000000000000000000000000000000        0.683022559859958444886526535977552353        0.167811590859605266884724425470909642        0.129098359310438402074632433326122454         2250.00000000000000000000000000000000        0.300000011920928955078125000000000000        -1.00000000000000000000000000000000000         4.50000000000000000000000000000000000         50.0000000000000000000000000000000000         2.19848119560106154065975939554062768         2.19896514033414820310999912154980721         2.19896514033414820310999912154980721         2.19896514033414820310999912154980721         2.19896514033414820310999912154980721         0.00000000000000000000000000000000000         2.20078401521691993638394710134558918E-0002   7413.76374398224005355064371569963947         14710.5170481476467305022257820404919      
   19.7916686785364185751762295282302534         0.00000000000000000000000000000000000         0.00000000000000000000000000000000000        0.849999999999999999999999999999999981        0.150000000000000000000000000000000019        0.724999999999999999999999999999999981        0.275000000000000000000000000000000019        0.512000024318695068359375000000000000        0.425000011920928955078125000000000000         6.30000010132789611816406250000000000E-0002  0.870056494511586616800702331296776776        0.129943505488413383199297668703223248         0.00000000000000000000000000000000000        0.683022559859958444886526535977552353        0.167811590859605266884724425470909642        0.129098359310438402074632433326122454         2250.00000000000000000000000000000000        0.300000011920928955078125000000000000        -1.00000000000000000000000000000000000         4.50000000000000000000000000000000000         50.0000000000000000000000000000000000         2.21954960306162086813472473311794288         2.22009338463850062099845025926619171         2.22009338463850062099845025926619171         2.22009338463850062099845025926619171         2.22009338463850062099845025926619171         0.00000000000000000000000000000000000         2.44936352967106022532488817205709050E-0002   7878.50951070563277508768713495538381         14942.9145352559234004086123280064623      
   20.7292177959546059255378205487295255         0.00000000000000000000000000000000000         0.00000000000000000000000000000000000        0.849999999999999999999999999999999981        0.150000000000000000000000000000000019        0.724999999999999999999999999999999981        0.275000000000000000000000000000000019        0.512000024318695068359375000000000000        0.425000011920928955078125000000000000         6.30000010132789611816406250000000000E-0002  0.870056494511586616800702331296776776        0.129943505488413383199297668703223248         0.00000000000000000000000000000000000        0.683022559859958444886526535977552353        0.167811590859605266884724425470909642        0.129098359310438402074632433326122454         2250.00000000000000000000000000000000        0.300000011920928955078125000000000000        -1.00000000000000000000000000000000000         4.50000000000000000000000000000000000         50.0000000000000000000000000000000000         2.24059483820468728060561294854553366         2.24126348183342130249626469804212280         2.24126348183342130249626469804212280         2.24126348183342130249626469804212280         2.24126348183342130249626469804212280         0.00000000000000000000000000000000000         2.98333343738350291147793766627856897E-0002   8374.32027690921608694960152167993687         15176.8321264259098091171152400136307      
   21.7111794569459824479971497798839502         0.00000000000000000000000000000000000         0.00000000000000000000000000000000000        0.849999999999999999999999999999999981        0.150000000000000000000000000000000019        0.724999999999999999999999999999999981        0.275000000000000000000000000000000019        0.512000024318695068359375000000000000        0.425000011920928955078125000000000000         6.30000010132789611816406250000000000E-0002  0.870056494511586616800702331296776776        0.129943505488413383199297668703223248         0.00000000000000000000000000000000000        0.683022559859958444886526535977552353        0.167811590859605266884724425470909642        0.129098359310438402074632433326122454         2250.00000000000000000000000000000000        0.300000011920928955078125000000000000        -1.00000000000000000000000000000000000         4.50000000000000000000000000000000000         50.0000000000000000000000000000000000         2.26177441781701710605115428100170143         2.26144913525694982267283496604099649         2.26144913525694982267283496604099649         2.26144913525694982267283496604099649         2.26144913525694982267283496604099649         0.00000000000000000000000000000000000        -1.43838105839300339837318636274086673E-0002   8901.85745257080403900106331219701740         15422.8099693701207545948045699815473      
   22.7396575235802733048359620889347810         0.00000000000000000000000000000000000         0.00000000000000000000000000000000000        0.849999999999999999999999999999999981        0.150000000000000000000000000000000019        0.724999999999999999999999999999999981        0.275000000000000000000000000000000019        0.512000024318695068359375000000000000        0.425000011920928955078125000000000000         6.30000010132789611816406250000000000E-0002  0.870056494511586616800702331296776776        0.129943505488413383199297668703223248         0.00000000000000000000000000000000000        0.683022559859958444886526535977552353        0.167811590859605266884724425470909642        0.129098359310438402074632433326122454         2250.00000000000000000000000000000000        0.300000011920928955078125000000000000        -1.00000000000000000000000000000000000         4.50000000000000000000000000000000000         50.0000000000000000000000000000000000         2.28270884471384362270638654218190777         2.28323970560649994689390890230421642         2.28323970560649994689390890230421642         2.28323970560649994689390890230421642         2.28323970560649994689390890230421642         0.00000000000000000000000000000000000         2.32503355365095542975753413517551134E-0002   9466.46794048144198171030184729638548         15666.7449321236660250653381579370849      
   23.8168555197626293658587845572158158         0.00000000000000000000000000000000000         0.00000000000000000000000000000000000        0.849999999999999999999999999999999981        0.150000000000000000000000000000000019        0.724999999999999999999999999999999981        0.275000000000000000000000000000000019        0.512000024318695068359375000000000000        0.425000011920928955078125000000000000         6.30000010132789611816406250000000000E-0002  0.870056494511586616800702331296776776        0.129943505488413383199297668703223248         0.00000000000000000000000000000000000        0.683022559859958444886526535977552353        0.167811590859605266884724425470909642        0.129098359310438402074632433326122454         2250.00000000000000000000000000000000        0.300000011920928955078125000000000000        -1.00000000000000000000000000000000000         4.50000000000000000000000000000000000         50.0000000000000000000000000000000000         2.30378456804198973221526044922048080         2.30429872988367710754778029747831062         2.30429872988367710754778029747831062         2.30429872988367710754778029747831062         2.30429872988367710754778029747831062         0.00000000000000000000000000000000000         2.23131590977933075795197371429352699E-0002   10070.1950328836636148995059424500628         15919.4287048445510149140390571283933      
   24.9450813523042636110632071495682141         0.00000000000000000000000000000000000         0.00000000000000000000000000000000000        0.849999999999999999999999999999999981        0.150000000000000000000000000000000019        0.724999999999999999999999999999999981        0.275000000000000000000000000000000019        0.512000024318695068359375000000000000        0.425000011920928955078125000000000000         6.30000010132789611816406250000000000E-0002  0.870056494511586616800702331296776776        0.129943505488413383199297668703223248         0.00000000000000000000000000000000000        0.683022559859958444886526535977552353        0.167811590859605266884724425470909642        0.129098359310438402074632433326122454         2250.00000000000000000000000000000000        0.300000011920928955078125000000000000        -1.00000000000000000000000000000000000         4.50000000000000000000000000000000000         50.0000000000000000000000000000000000         2.32481013876336594477312622898882147         2.32531882230669579015336926351919168         2.32531882230669579015336926351919168         2.32531882230669579015336926351919168         2.32531882230669579015336926351919168         0.00000000000000000000000000000000000         2.18758622882188596306523498745011140E-0002   10715.1361222740864885163558101530350         16178.0835850900324215350598450559461      
   26.1267522556344429096957856567219458         0.00000000000000000000000000000000000         0.00000000000000000000000000000000000        0.849999999999999999999999999999999981        0.150000000000000000000000000000000019        0.724999999999999999999999999999999981        0.275000000000000000000000000000000019        0.512000024318695068359375000000000000        0.425000011920928955078125000000000000         6.30000010132789611816406250000000000E-0002  0.870056494511586616800702331296776776        0.129943505488413383199297668703223248         0.00000000000000000000000000000000000        0.683022559859958444886526535977552353        0.167811590859605266884724425470909642        0.129098359310438402074632433326122454         2250.00000000000000000000000000000000        0.300000011920928955078125000000000000        -1.00000000000000000000000000000000000         4.50000000000000000000000000000000000         50.0000000000000000000000000000000000         2.34582062790860881475218433440858288         2.34614666957704741051514298228409934         2.34614666957704741051514298228409934         2.34614666957704741051514298228409934         2.34614666957704741051514298228409934         0.00000000000000000000000000000000000         1.38969005078174871102409033106663289E-0002   11403.8874738104031544933842437190090         16445.8217526012262620926123658799853      
   27.3643999707479270007413801432196356         0.00000000000000000000000000000000000         0.00000000000000000000000000000000000        0.849999999999999999999999999999999981        0.150000000000000000000000000000000019        0.724999999999999999999999999999999981        0.275000000000000000000000000000000019        0.512000024318695068359375000000000000        0.425000011920928955078125000000000000         6.30000010132789611816406250000000000E-0002  0.870056494511586616800702331296776776        0.129943505488413383199297668703223248         0.00000000000000000000000000000000000        0.683022559859958444886526535977552353        0.167811590859605266884724425470909642        0.129098359310438402074632433326122454         2250.00000000000000000000000000000000        0.300000011920928955078125000000000000        -1.00000000000000000000000000000000000         4.50000000000000000000000000000000000         50.0000000000000000000000000000000000         2.36673911486323347764455739433150643         2.36668064672548764009523593993025721         2.36668064672548764009523593993025721         2.36668064672548764009523593993025721         2.36668064672548764009523593993025721         0.00000000000000000000000000000000000        -2.47047010025342447879499085396039904E-0003   12137.1962943521128201563051258544729         16719.5864546455139181295274345423767      
   28.6606761694837981427111233968978527         0.00000000000000000000000000000000000         0.00000000000000000000000000000000000        0.849999999999999999999999999999999981        0.150000000000000000000000000000000019        0.724999999999999999999999999999999981        0.275000000000000000000000000000000019        0.512000024318695068359375000000000000        0.425000011920928955078125000000000000         6.30000010132789611816406250000000000E-0002  0.870056494511586616800702331296776776        0.129943505488413383199297668703223248         0.00000000000000000000000000000000000        0.683022559859958444886526535977552353        0.167811590859605266884724425470909642        0.129098359310438402074632433326122454         2250.00000000000000000000000000000000        0.300000011920928955078125000000000000        -1.00000000000000000000000000000000000         4.50000000000000000000000000000000000         50.0000000000000000000000000000000000         2.38761865035116157331005877873510946         2.38829349604211599734443682162522768         2.38829349604211599734443682162522768         2.38829349604211599734443682162522768         2.38829349604211599734443682162522768         0.00000000000000000000000000000000000         2.82563969659834291564898932529997702E-0002   12936.7584841712190989725253356815619         17000.5302518622388995847436108230518      
   30.0183581357572497063742795553511495         0.00000000000000000000000000000000000         0.00000000000000000000000000000000000        0.849999999999999999999999999999999981        0.150000000000000000000000000000000019        0.724999999999999999999999999999999981        0.275000000000000000000000000000000019        0.512000024318695068359375000000000000        0.425000011920928955078125000000000000         6.30000010132789611816406250000000000E-0002  0.870056494511586616800702331296776776        0.129943505488413383199297668703223248         0.00000000000000000000000000000000000        0.683022559859958444886526535977552353        0.167811590859605266884724425470909642        0.129098359310438402074632433326122454         2250.00000000000000000000000000000000        0.300000011920928955078125000000000000        -1.00000000000000000000000000000000000         4.50000000000000000000000000000000000         50.0000000000000000000000000000000000         2.40847143785707561282079032949751795         2.40909443202441078655902956220019112         2.40909443202441078655902956220019112         2.40909443202441078655902956220019112         2.40909443202441078655902956220019112         0.00000000000000000000000000000000000         2.58600974313679823843162814701031728E-0002   13782.1454005565571120055230366629576         17286.1909471449933548828022293434406      
   31.4403547159164261088988818749477531         0.00000000000000000000000000000000000         0.00000000000000000000000000000000000        0.849999999999999999999999999999999981        0.150000000000000000000000000000000019        0.724999999999999999999999999999999981        0.275000000000000000000000000000000019        0.512000024318695068359375000000000000        0.425000011920928955078125000000000000         6.30000010132789611816406250000000000E-0002  0.870056494511586616800702331296776776        0.129943505488413383199297668703223248         0.00000000000000000000000000000000000        0.683022559859958444886526535977552353        0.167811590859605266884724425470909642        0.129098359310438402074632433326122454         2250.00000000000000000000000000000000        0.300000011920928955078125000000000000        -1.00000000000000000000000000000000000         4.50000000000000000000000000000000000         50.0000000000000000000000000000000000         2.42923538417562971868829428795767152         2.43005479176939139469745719860975027         2.43005479176939139469745719860975027         2.43005479176939139469745719860975027         2.43005479176939139469745719860975027         0.00000000000000000000000000000000000         3.37197167955641955655594337383205140E-0002   14691.0967378388215948655326706157540         17579.4524600540486900233125924228444      
   32.9297125509730094348267134385588767         0.00000000000000000000000000000000000         0.00000000000000000000000000000000000        0.849999999999999999999999999999999981        0.150000000000000000000000000000000019        0.724999999999999999999999999999999981        0.275000000000000000000000000000000019        0.512000024318695068359375000000000000        0.425000011920928955078125000000000000         6.30000010132789611816406250000000000E-0002  0.870056494511586616800702331296776776        0.129943505488413383199297668703223248         0.00000000000000000000000000000000000        0.683022559859958444886526535977552353        0.167811590859605266884724425470909642        0.129098359310438402074632433326122454         2250.00000000000000000000000000000000        0.300000011920928955078125000000000000        -1.00000000000000000000000000000000000         4.50000000000000000000000000000000000         50.0000000000000000000000000000000000         2.45002139416077281629103059760178381         2.45010394936301846027894938284815071         2.45010394936301846027894938284815071         2.45010394936301846027894938284815071         2.45010394936301846027894938284815071         0.00000000000000000000000000000000000         3.36945713128240162356656867985669496E-0003   15657.5799217594468420012604208967662         17886.9777265262856744362702150658595      
   34.4896226040591652356324616013479640         0.00000000000000000000000000000000000         0.00000000000000000000000000000000000        0.849999999999999999999999999999999981        0.150000000000000000000000000000000019        0.724999999999999999999999999999999981        0.275000000000000000000000000000000019        0.512000024318695068359375000000000000        0.425000011920928955078125000000000000         6.30000010132789611816406250000000000E-0002  0.870056494511586616800702331296776776        0.129943505488413383199297668703223248         0.00000000000000000000000000000000000        0.683022559859958444886526535977552353        0.167811590859605266884724425470909642        0.129098359310438402074632433326122454         2250.00000000000000000000000000000000        0.300000011920928955078125000000000000        -1.00000000000000000000000000000000000         4.50000000000000000000000000000000000         50.0000000000000000000000000000000000         2.47055340749888001795860944683390783         2.47112020384830011935159336272957332         2.47112020384830011935159336272957332         2.47112020384830011935159336272957332         2.47112020384830011935159336272957332         0.00000000000000000000000000000000000         2.29368182307531535549903344358511437E-0002   16704.2315810267557664010895556910284         18196.6789399557388072536370151703274      
   36.1234269970959852434556329432163891         0.00000000000000000000000000000000000         0.00000000000000000000000000000000000        0.849999999999999999999999999999999981        0.150000000000000000000000000000000019        0.724999999999999999999999999999999981        0.275000000000000000000000000000000019        0.512000024318695068359375000000000000        0.425000011920928955078125000000000000         6.30000010132789611816406250000000000E-0002  0.870056494511586616800702331296776776        0.129943505488413383199297668703223248         0.00000000000000000000000000000000000        0.683022559859958444886526535977552353        0.167811590859605266884724425470909642        0.129098359310438402074632433326122454         2250.00000000000000000000000000000000        0.300000011920928955078125000000000000        -1.00000000000000000000000000000000000         4.50000000000000000000000000000000000         50.0000000000000000000000000000000000         2.49103113943158870310391620130537254         2.49101617140372897468429253877031660         2.49101617140372897468429253877031660         2.49101617140372897468429253877031660         2.49101617140372897468429253877031660         0.00000000000000000000000000000000000        -6.00880396986491155052002577847945454E-0004   17811.5158932321218509195357722485710         18519.9175352036584811582732582165614      
   37.8346261713210532672152332780757538         0.00000000000000000000000000000000000         0.00000000000000000000000000000000000        0.849999999999999999999999999999999981        0.150000000000000000000000000000000019        0.724999999999999999999999999999999981        0.275000000000000000000000000000000019        0.512000024318695068359375000000000000        0.425000011920928955078125000000000000         6.30000010132789611816406250000000000E-0002  0.870056494511586616800702331296776776        0.129943505488413383199297668703223248         0.00000000000000000000000000000000000        0.683022559859958444886526535977552353        0.167811590859605266884724425470909642        0.129098359310438402074632433326122454         2250.00000000000000000000000000000000        0.300000011920928955078125000000000000        -1.00000000000000000000000000000000000         4.50000000000000000000000000000000000         50.0000000000000000000000000000000000         2.51142912822031162326102689006980661         2.51206949380551987819771952935101342         2.51206949380551987819771952935101342         2.51206949380551987819771952935101342         2.51206949380551987819771952935101342         0.00000000000000000000000000000000000         2.54915553406195276446588571519130891E-0002   19027.6169576674718854404792422817866         18849.2894704098365295729888109679644      
   39.6268863870166317486167498635414547         0.00000000000000000000000000000000000         0.00000000000000000000000000000000000        0.849999999999999999999999999999999981        0.150000000000000000000000000000000019        0.724999999999999999999999999999999981        0.275000000000000000000000000000000019        0.512000024318695068359375000000000000        0.425000011920928955078125000000000000         6.30000010132789611816406250000000000E-0002  0.870056494511586616800702331296776776        0.129943505488413383199297668703223248         0.00000000000000000000000000000000000        0.683022559859958444886526535977552353        0.167811590859605266884724425470909642        0.129098359310438402074632433326122454         2250.00000000000000000000000000000000        0.300000011920928955078125000000000000        -1.00000000000000000000000000000000000         4.50000000000000000000000000000000000         50.0000000000000000000000000000000000         2.53163697209477194065915481004433016         2.53231901609909790402670982779294791         2.53231901609909790402670982779294791         2.53231901609909790402670982779294791         2.53231901609909790402670982779294791         0.00000000000000000000000000000000000         2.69335735343730783998093784118130486E-0002   20320.7104576133883949384584880719959         19191.4083135996716412089466970880081      
   41.5040475785067069671132337416860269         0.00000000000000000000000000000000000         0.00000000000000000000000000000000000        0.849999999999999999999999999999999981        0.150000000000000000000000000000000019        0.724999999999999999999999999999999981        0.275000000000000000000000000000000019        0.512000024318695068359375000000000000        0.425000011920928955078125000000000000         6.30000010132789611816406250000000000E-0002  0.870056494511586616800702331296776776        0.129943505488413383199297668703223248         0.00000000000000000000000000000000000        0.683022559859958444886526535977552353        0.167811590859605266884724425470909642        0.129098359310438402074632433326122454         2250.00000000000000000000000000000000        0.300000011920928955078125000000000000        -1.00000000000000000000000000000000000         4.50000000000000000000000000000000000         50.0000000000000000000000000000000000         2.55185507728963201982931605837843330         2.55187371247511849347538562746941711         2.55187371247511849347538562746941711         2.55187371247511849347538562746941711         2.55187371247511849347538562746941711         0.00000000000000000000000000000000000         7.30255004210179719702252695688453497E-0004   21707.7685742184985254670070702598746         19543.6093021729240759403493282427047      
   43.4701315812522977450502814228557596         0.00000000000000000000000000000000000         0.00000000000000000000000000000000000        0.849999999999999999999999999999999981        0.150000000000000000000000000000000019        0.724999999999999999999999999999999981        0.275000000000000000000000000000000019        0.512000024318695068359375000000000000        0.425000011920928955078125000000000000         6.30000010132789611816406250000000000E-0002  0.870056494511586616800702331296776776        0.129943505488413383199297668703223248         0.00000000000000000000000000000000000        0.683022559859958444886526535977552353        0.167811590859605266884724425470909642        0.129098359310438402074632433326122454         2250.00000000000000000000000000000000        0.300000011920928955078125000000000000        -1.00000000000000000000000000000000000         4.50000000000000000000000000000000000         50.0000000000000000000000000000000000         2.57168408236458269009202848654497696         2.57217662129468275037455818419027588         2.57217662129468275037455818419027588         2.57217662129468275037455818419027588         2.57217662129468275037455818419027588         0.00000000000000000000000000000000000         1.91487212045394103682199933794001469E-0002   23193.6008694657049042782045252126563         19905.9996175504598250836444608893046      
   45.5293507486716565241505913849878156         0.00000000000000000000000000000000000         0.00000000000000000000000000000000000        0.849999999999999999999999999999999981        0.150000000000000000000000000000000019        0.724999999999999999999999999999999981        0.275000000000000000000000000000000019        0.512000024318695068359375000000000000        0.425000011920928955078125000000000000         6.30000010132789611816406250000000000E-0002  0.870056494511586616800702331296776776        0.129943505488413383199297668703223248         0.00000000000000000000000000000000000        0.683022559859958444886526535977552353        0.167811590859605266884724425470909642        0.129098359310438402074632433326122454         2250.00000000000000000000000000000000        0.300000011920928955078125000000000000        -1.00000000000000000000000000000000000         4.50000000000000000000000000000000000         50.0000000000000000000000000000000000         2.59132116586927716569890577793520145         2.59218417966734869838952050102077408         2.59218417966734869838952050102077408         2.59218417966734869838952050102077408         2.59218417966734869838952050102077408         0.00000000000000000000000000000000000         3.32929197254140337136632376906556162E-0002   24812.4485428667113249715423713533402         20279.2043026457630115354992142318772      
   47.6861169771469809221183781797401387         0.00000000000000000000000000000000000         0.00000000000000000000000000000000000        0.849999999999999999999999999999999981        0.150000000000000000000000000000000019        0.724999999999999999999999999999999981        0.275000000000000000000000000000000019        0.512000024318695068359375000000000000        0.425000011920928955078125000000000000         6.30000010132789611816406250000000000E-0002  0.870056494511586616800702331296776776        0.129943505488413383199297668703223248         0.00000000000000000000000000000000000        0.683022559859958444886526535977552353        0.167811590859605266884724425470909642        0.129098359310438402074632433326122454         2250.00000000000000000000000000000000        0.300000011920928955078125000000000000        -1.00000000000000000000000000000000000         4.50000000000000000000000000000000000         50.0000000000000000000000000000000000         2.61104018085353008009027906570507466         2.61107104237993395097501067593848466         2.61107104237993395097501067593848466         2.61107104237993395097501067593848466         2.61107104237993395097501067593848466         0.00000000000000000000000000000000000         1.18194893600984830808448436056920032E-0003   26538.8519641066737783780603011087396         20664.9582479599295980702868333354014      
   49.9450511585537973057412883106299450         0.00000000000000000000000000000000000         0.00000000000000000000000000000000000        0.849999999999999999999999999999999981        0.150000000000000000000000000000000019        0.724999999999999999999999999999999981        0.275000000000000000000000000000000019        0.512000024318695068359375000000000000        0.425000011920928955078125000000000000         6.30000010132789611816406250000000000E-0002  0.870056494511586616800702331296776776        0.129943505488413383199297668703223248         0.00000000000000000000000000000000000        0.683022559859958444886526535977552353        0.167811590859605266884724425470909642        0.129098359310438402074632433326122454         2250.00000000000000000000000000000000        0.300000011920928955078125000000000000        -1.00000000000000000000000000000000000         4.50000000000000000000000000000000000         50.0000000000000000000000000000000000         2.63019751205875878687378777066114001         2.63052636728615472344833515591212636         2.63052636728615472344833515591212636         2.63052636728615472344833515591212636         2.63052636728615472344833515591212636         0.00000000000000000000000000000000000         1.25014989960054236045781302366471966E-0002   28389.8562175100057955936879033954760         21063.3357897720120760089372553113539      
   52.3109930805651492519346455020741169         0.00000000000000000000000000000000000         0.00000000000000000000000000000000000        0.849999999999999999999999999999999981        0.150000000000000000000000000000000019        0.724999999999999999999999999999999981        0.275000000000000000000000000000000019        0.512000024318695068359375000000000000        0.425000011920928955078125000000000000         6.30000010132789611816406250000000000E-0002  0.870056494511586616800702331296776776        0.129943505488413383199297668703223248         0.00000000000000000000000000000000000        0.683022559859958444886526535977552353        0.167811590859605266884724425470909642        0.129098359310438402074632433326122454         2250.00000000000000000000000000000000        0.300000011920928955078125000000000000        -1.00000000000000000000000000000000000         4.50000000000000000000000000000000000         50.0000000000000000000000000000000000         2.64932921464942613132867960363886950         2.64918183416587745493886900459101615         2.64918183416587745493886900459101615         2.64918183416587745493886900459101615         2.64918183416587745493886900459101615         0.00000000000000000000000000000000000        -5.56324528758067197721670868618019264E-0003   30407.5847717784539239061825795938762         21474.5225879447478546093465691404640      
   54.7890117959420854878872849816232285         0.00000000000000000000000000000000000         0.00000000000000000000000000000000000        0.849999999999999999999999999999999981        0.150000000000000000000000000000000019        0.724999999999999999999999999999999981        0.275000000000000000000000000000000019        0.512000024318695068359375000000000000        0.425000011920928955078125000000000000         6.30000010132789611816406250000000000E-0002  0.870056494511586616800702331296776776        0.129943505488413383199297668703223248         0.00000000000000000000000000000000000        0.683022559859958444886526535977552353        0.167811590859605266884724425470909642        0.129098359310438402074632433326122454         2250.00000000000000000000000000000000        0.300000011920928955078125000000000000        -1.00000000000000000000000000000000000         4.50000000000000000000000000000000000         50.0000000000000000000000000000000000         2.66803547452802758701337377863316152         2.66902328201709322029089567197452596         2.66902328201709322029089567197452596         2.66902328201709322029089567197452596         2.66902328201709322029089567197452596         0.00000000000000000000000000000000000         3.70100738993593786140848119068405861E-0002   32592.7140084814190797258673350693571         21898.3471311221997203644534009572408      
   57.3844164830267494473134630390337038         0.00000000000000000000000000000000000         0.00000000000000000000000000000000000        0.849999999999999999999999999999999981        0.150000000000000000000000000000000019        0.724999999999999999999999999999999981        0.275000000000000000000000000000000019        0.512000024318695068359375000000000000        0.425000011920928955078125000000000000         6.30000010132789611816406250000000000E-0002  0.870056494511586616800702331296776776        0.129943505488413383199297668703223248         0.00000000000000000000000000000000000        0.683022559859958444886526535977552353        0.167811590859605266884724425470909642        0.129098359310438402074632433326122454         2250.00000000000000000000000000000000        0.300000011920928955078125000000000000        -1.00000000000000000000000000000000000         4.50000000000000000000000000000000000         50.0000000000000000000000000000000000         2.68667122857865136961384843145119114         2.68650018070045895907938299494984700         2.68650018070045895907938299494984700         2.68650018070045895907938299494984700         2.68650018070045895907938299494984700         0.00000000000000000000000000000000000        -6.36694087799438474879377471319000429E-0003   34918.9591294830107575080237437325943         22339.0315965897328175849494222470304      
   60.1027678207067787613836741752440859         0.00000000000000000000000000000000000         0.00000000000000000000000000000000000        0.849999999999999999999999999999999981        0.150000000000000000000000000000000019        0.724999999999999999999999999999999981        0.275000000000000000000000000000000019        0.512000024318695068359375000000000000        0.425000011920928955078125000000000000         6.30000010132789611816406250000000000E-0002  0.870056494511586616800702331296776776        0.129943505488413383199297668703223248         0.00000000000000000000000000000000000        0.683022559859958444886526535977552353        0.167811590859605266884724425470909642        0.129098359310438402074632433326122454         2250.00000000000000000000000000000000        0.300000011920928955078125000000000000        -1.00000000000000000000000000000000000         4.50000000000000000000000000000000000         50.0000000000000000000000000000000000         2.70496893771909644156378886136769283         2.70499998292359809524748392640457595         2.70499998292359809524748392640457595         2.70499998292359809524748392640457595         2.70499998292359809524748392640457595         0.00000000000000000000000000000000000         1.14769703133600892476581686456278968E-0003   37457.5832548484410137820420287986864         22793.1326561586400203707992803578205      
   62.9498899022219826103145225233349426         0.00000000000000000000000000000000000         0.00000000000000000000000000000000000        0.849999999999999999999999999999999981        0.150000000000000000000000000000000019        0.724999999999999999999999999999999981        0.275000000000000000000000000000000019        0.512000024318695068359375000000000000        0.425000011920928955078125000000000000         6.30000010132789611816406250000000000E-0002  0.870056494511586616800702331296776776        0.129943505488413383199297668703223248         0.00000000000000000000000000000000000        0.683022559859958444886526535977552353        0.167811590859605266884724425470909642        0.129098359310438402074632433326122454         2250.00000000000000000000000000000000        0.300000011920928955078125000000000000        -1.00000000000000000000000000000000000         4.50000000000000000000000000000000000         50.0000000000000000000000000000000000         2.72278668294771712369445966246995045         2.72261795664810876077861039978923489         2.72261795664810876077861039978923489         2.72261795664810876077861039978923489         2.72261795664810876077861039978923489         0.00000000000000000000000000000000000        -6.19720806572827390298747714779137292E-0003   40184.6177288200422114226622198410842         23264.0970811861399848002555989718012      
   65.9318827133387394963924236784617628         0.00000000000000000000000000000000000         0.00000000000000000000000000000000000        0.849999999999999999999999999999999981        0.150000000000000000000000000000000019        0.724999999999999999999999999999999981        0.275000000000000000000000000000000019        0.512000024318695068359375000000000000        0.425000011920928955078125000000000000         6.30000010132789611816406250000000000E-0002  0.870056494511586616800702331296776776        0.129943505488413383199297668703223248         0.00000000000000000000000000000000000        0.683022559859958444886526535977552353        0.167811590859605266884724425470909642        0.129098359310438402074632433326122454         2250.00000000000000000000000000000000        0.300000011920928955078125000000000000        -1.00000000000000000000000000000000000         4.50000000000000000000000000000000000         50.0000000000000000000000000000000000         2.74022410919521696952673006222320206         2.74139143104852873656303985267623119         2.74139143104852873656303985267623119         2.74139143104852873656303985267623119         2.74139143104852873656303985267623119         0.00000000000000000000000000000000000         4.25813636130499321801178907580387739E-0002   43166.4441812911497950134523096443743         23749.4102446920789850547480619457907      
   69.0551352016267211341221719941803480         0.00000000000000000000000000000000000         0.00000000000000000000000000000000000        0.849999999999999999999999999999999981        0.150000000000000000000000000000000019        0.724999999999999999999999999999999981        0.275000000000000000000000000000000019        0.512000024318695068359375000000000000        0.425000011920928955078125000000000000         6.30000010132789611816406250000000000E-0002  0.870056494511586616800702331296776776        0.129943505488413383199297668703223248         0.00000000000000000000000000000000000        0.683022559859958444886526535977552353        0.167811590859605266884724425470909642        0.129098359310438402074632433326122454         2250.00000000000000000000000000000000        0.300000011920928955078125000000000000        -1.00000000000000000000000000000000000         4.50000000000000000000000000000000000         50.0000000000000000000000000000000000         2.75742762726681183089501875843131873         2.75872053018483450857730483690540574         2.75872053018483450857730483690540574         2.75872053018483450857730483690540574         2.75872053018483450857730483690540574         0.00000000000000000000000000000000000         4.68660345937996509401754880256121281E-0002   46377.2241668148621010575972435836864         24253.7353524988555309383237454994039      
   72.3263389648389904315881138559222429         0.00000000000000000000000000000000000         0.00000000000000000000000000000000000        0.849999999999999999999999999999999981        0.150000000000000000000000000000000019        0.724999999999999999999999999999999981        0.275000000000000000000000000000000019        0.512000024318695068359375000000000000        0.425000011920928955078125000000000000         6.30000010132789611816406250000000000E-0002  0.870056494511586616800702331296776776        0.129943505488413383199297668703223248         0.00000000000000000000000000000000000        0.683022559859958444886526535977552353        0.167811590859605266884724425470909642        0.129098359310438402074632433326122454         2250.00000000000000000000000000000000        0.300000011920928955078125000000000000        -1.00000000000000000000000000000000000         4.50000000000000000000000000000000000         50.0000000000000000000000000000000000         2.77429578244496649557585049637639278         2.77411902084690999614061311073506306         2.77411902084690999614061311073506306         2.77411902084690999614061311073506306         2.77411902084690999614061311073506306         0.00000000000000000000000000000000000        -6.37181017570529248324149968482298377E-0003   49820.3309751324649976076854264235590         24778.6924087379141668103431996276868      
   75.7525025877229563234538363456045364         0.00000000000000000000000000000000000         0.00000000000000000000000000000000000        0.849999999999999999999999999999999981        0.150000000000000000000000000000000019        0.724999999999999999999999999999999981        0.275000000000000000000000000000000019        0.512000024318695068359375000000000000        0.425000011920928955078125000000000000         6.30000010132789611816406250000000000E-0002  0.870056494511586616800702331296776776        0.129943505488413383199297668703223248         0.00000000000000000000000000000000000        0.683022559859958444886526535977552353        0.167811590859605266884724425470909642        0.129098359310438402074632433326122454         2250.00000000000000000000000000000000        0.300000011920928955078125000000000000        -1.00000000000000000000000000000000000         4.50000000000000000000000000000000000         50.0000000000000000000000000000000000         2.79054699606843776628587335777543058         2.79192831346908832114315805842525494         2.79192831346908832114315805842525494         2.79192831346908832114315805842525494         2.79192831346908832114315805842525494         0.00000000000000000000000000000000000         4.94753892493109863195855356255210996E-0002   53619.7194003348849233537252625747966         25321.4747502876844523459272079976722      
   79.3409666579789374092779396113335383         0.00000000000000000000000000000000000         0.00000000000000000000000000000000000        0.849999999999999999999999999999999981        0.150000000000000000000000000000000019        0.724999999999999999999999999999999981        0.275000000000000000000000000000000019        0.512000024318695068359375000000000000        0.425000011920928955078125000000000000         6.30000010132789611816406250000000000E-0002  0.870056494511586616800702331296776776        0.129943505488413383199297668703223248         0.00000000000000000000000000000000000        0.683022559859958444886526535977552353        0.167811590859605266884724425470909642        0.129098359310438402074632433326122454         2250.00000000000000000000000000000000        0.300000011920928955078125000000000000        -1.00000000000000000000000000000000000         4.50000000000000000000000000000000000         50.0000000000000000000000000000000000         2.80641988057038654426213543473152529         2.80776754949473934141353283277567845         2.80776754949473934141353283277567845         2.80776754949473934141353283277567845         2.80776754949473934141353283277567845         0.00000000000000000000000000000000000         4.79978808999096652619918537310150688E-0002   57702.5141869702287517674574137040824         25883.1665614832761516150037533411360      
   83.0994194935381664732668516345784739         0.00000000000000000000000000000000000         0.00000000000000000000000000000000000        0.849999999999999999999999999999999981        0.150000000000000000000000000000000019        0.724999999999999999999999999999999981        0.275000000000000000000000000000000019        0.512000024318695068359375000000000000        0.425000011920928955078125000000000000         6.30000010132789611816406250000000000E-0002  0.870056494511586616800702331296776776        0.129943505488413383199297668703223248         0.00000000000000000000000000000000000        0.683022559859958444886526535977552353        0.167811590859605266884724425470909642        0.129098359310438402074632433326122454         2250.00000000000000000000000000000000        0.300000011920928955078125000000000000        -1.00000000000000000000000000000000000         4.50000000000000000000000000000000000         50.0000000000000000000000000000000000         2.82199457614030804599610790317117931         2.82097463602931453474477695165620548         2.82097463602931453474477695165620548         2.82097463602931453474477695165620548         2.82097463602931453474477695165620548         0.00000000000000000000000000000000000        -3.61555931048403941561725157533012964E-0002   62109.2469149084222176871361712669791         26466.4637699516087274051226420146399      
   87.0359136148560765360321240320169501         0.00000000000000000000000000000000000         0.00000000000000000000000000000000000        0.849999999999999999999999999999999981        0.150000000000000000000000000000000019        0.724999999999999999999999999999999981        0.275000000000000000000000000000000019        0.512000024318695068359375000000000000        0.425000011920928955078125000000000000         6.30000010132789611816406250000000000E-0002  0.870056494511586616800702331296776776        0.129943505488413383199297668703223248         0.00000000000000000000000000000000000        0.683022559859958444886526535977552353        0.167811590859605266884724425470909642        0.129098359310438402074632433326122454         2250.00000000000000000000000000000000        0.300000011920928955078125000000000000        -1.00000000000000000000000000000000000         4.50000000000000000000000000000000000         50.0000000000000000000000000000000000         2.83683962609556311667322176085998734         2.83681175093047322312124860299645806         2.83681175093047322312124860299645806         2.83681175093047322312124860299645806         2.83681175093047322312124860299645806         0.00000000000000000000000000000000000        -9.82623012639118826137248640251899737E-0004   66911.4995655151900677083129609288396         27072.1961466659994796828660639227071      
   91.1588829975129113180355582295095585         0.00000000000000000000000000000000000         0.00000000000000000000000000000000000        0.849999999999999999999999999999999981        0.150000000000000000000000000000000019        0.724999999999999999999999999999999981        0.275000000000000000000000000000000019        0.512000024318695068359375000000000000        0.425000011920928955078125000000000000         6.30000010132789611816406250000000000E-0002  0.870056494511586616800702331296776776        0.129943505488413383199297668703223248         0.00000000000000000000000000000000000        0.683022559859958444886526535977552353        0.167811590859605266884724425470909642        0.129098359310438402074632433326122454         2250.00000000000000000000000000000000        0.300000011920928955078125000000000000        -1.00000000000000000000000000000000000         4.50000000000000000000000000000000000         50.0000000000000000000000000000000000         2.85133788189759316030833162242677082         2.85000910736619945813823446363859142         2.85000910736619945813823446363859142         2.85000910736619945813823446363859142         2.85000910736619945813823446363859142         0.00000000000000000000000000000000000        -4.66235187796179591983745838609295904E-0002   72182.8135913331386165406416536977150         27701.1549117372028072704493199614909      
   95.4771611420855187564395181622441053         0.00000000000000000000000000000000000         0.00000000000000000000000000000000000        0.849999999999999999999999999999999981        0.150000000000000000000000000000000019        0.724999999999999999999999999999999981        0.275000000000000000000000000000000019        0.512000024318695068359375000000000000        0.425000011920928955078125000000000000         6.30000010132789611816406250000000000E-0002  0.870056494511586616800702331296776776        0.129943505488413383199297668703223248         0.00000000000000000000000000000000000        0.683022559859958444886526535977552353        0.167811590859605266884724425470909642        0.129098359310438402074632433326122454         2250.00000000000000000000000000000000        0.300000011920928955078125000000000000        -1.00000000000000000000000000000000000         4.50000000000000000000000000000000000         50.0000000000000000000000000000000000         2.86495857811705073082067304278169487         2.86661697144605989623930385338093615         2.86661697144605989623930385338093615         2.86661697144605989623930385338093615         2.86661697144605989623930385338093615         0.00000000000000000000000000000000000         5.78519329763331379657888516194731204E-0002   77942.0398160662695081893979176676567         28354.6146743333878905358765539337000      
   100.000000000005197392984105217599543         0.00000000000000000000000000000000000         0.00000000000000000000000000000000000        0.849999999999999999999999999999999981        0.150000000000000000000000000000000019        0.724999999999999999999999999999999981        0.275000000000000000000000000000000019        0.512000024318695068359375000000000000        0.425000011920928955078125000000000000         6.30000010132789611816406250000000000E-0002  0.870056494511586616800702331296776776        0.129943505488413383199297668703223248         0.00000000000000000000000000000000000        0.683022559859958444886526535977552353        0.167811590859605266884724425470909642        0.129098359310438402074632433326122454         2250.00000000000000000000000000000000        0.300000011920928955078125000000000000        -1.00000000000000000000000000000000000         4.50000000000000000000000000000000000         50.0000000000000000000000000000000000         2.87851992149906308240523901186521135         2.87994843511911751882263500623301286         2.87994843511911751882263500623301286         2.87994843511911751882263500623301286         2.87994843511911751882263500623301286         0.00000000000000000000000000000000000         4.96020554616406414806194514920872442E-0002   84128.9262577740181660074231561931277         29033.9124347790717189453311727369429      
