 mass envelope_frac water_frac mantle_frac core_frac H_frac_envelope He_frac_envelope MgO_frac_mantle SiO2_frac_mantle FeO_frac_mantle Fe_frac_solid_core FeS_frac_solid_core FeO_frac_solid_core Fe_frac_liquid_core FeS_frac_liquid_core FeO_frac_liquid_core T_eq albedo rotation_period age atmospheric_Z 100pa_radius 2000pa_radius transit_radius twothirdsopt_radius condensed_radius diff_v_2000pa diff_v_100pa inner_pressure inner_temperature
   1.00000000000000000000000000000000002E-0002   0.00000000000000000000000000000000000         0.00000000000000000000000000000000000        0.750000000000000000000000000000000000        0.250000000000000000000000000000000000        0.724999999999999999999999999999999981        0.275000000000000000000000000000000019        0.512000024318695068359375000000000000        0.425000011920928955078125000000000000         6.30000010132789611816406250000000000E-0002  0.870056494511586616800702331296776776        0.129943505488413383199297668703223248         0.00000000000000000000000000000000000        0.683022559859958444886526535977552353        0.167811590859605266884724425470909642        0.129098359310438402074632433326122454         2250.00000000000000000000000000000000        0.300000011920928955078125000000000000        -1.00000000000000000000000000000000000         4.50000000000000000000000000000000000         50.0000000000000000000000000000000000        0.254977703868101257954129186533845724        0.255044324077493153863741926405468332        0.255044324077493153863741926405468332        0.255044324077493153863741926405468332        0.255044324077493153863741926405468332         0.00000000000000000000000000000000000         2.61210319550784820167155367384432837E-0002   7.67715932119537655679111432622285746         2261.85271364396741467018803658124321      
   1.04737089795944979999999999999999994E-0002   0.00000000000000000000000000000000000         0.00000000000000000000000000000000000        0.750000000000000000000000000000000000        0.250000000000000000000000000000000000        0.724999999999999999999999999999999981        0.275000000000000000000000000000000019        0.512000024318695068359375000000000000        0.425000011920928955078125000000000000         6.30000010132789611816406250000000000E-0002  0.870056494511586616800702331296776776        0.129943505488413383199297668703223248         0.00000000000000000000000000000000000        0.683022559859958444886526535977552353        0.167811590859605266884724425470909642        0.129098359310438402074632433326122454         2250.00000000000000000000000000000000        0.300000011920928955078125000000000000        -1.00000000000000000000000000000000000         4.50000000000000000000000000000000000         50.0000000000000000000000000000000000        0.258874306695123394092877987665208254        0.258917259610968039712201777803585841        0.258917259610968039712201777803585841        0.258917259610968039712201777803585841        0.258917259610968039712201777803585841         0.00000000000000000000000000000000000         1.65894370692721804467922936702784662E-0002   7.93208620222645870857290818208416539         2267.57698697176744091326309769759072      
   1.09698579789238420522548511872003990E-0002   0.00000000000000000000000000000000000         0.00000000000000000000000000000000000        0.750000000000000000000000000000000000        0.250000000000000000000000000000000000        0.724999999999999999999999999999999981        0.275000000000000000000000000000000019        0.512000024318695068359375000000000000        0.425000011920928955078125000000000000         6.30000010132789611816406250000000000E-0002  0.870056494511586616800702331296776776        0.129943505488413383199297668703223248         0.00000000000000000000000000000000000        0.683022559859958444886526535977552353        0.167811590859605266884724425470909642        0.129098359310438402074632433326122454         2250.00000000000000000000000000000000        0.300000011920928955078125000000000000        -1.00000000000000000000000000000000000         4.50000000000000000000000000000000000         50.0000000000000000000000000000000000        0.262829108263559258366311861124951908        0.262834109788460443601388931198568022        0.262834109788460443601388931198568022        0.262834109788460443601388931198568022        0.262834109788460443601388931198568022         0.00000000000000000000000000000000000         1.90292078345944720075227775345898371E-0003   8.19584678765927841189181579451096368         2273.45472836411766384804984688324969      
   1.14895100018730995888633688328071024E-0002   0.00000000000000000000000000000000000         0.00000000000000000000000000000000000        0.750000000000000000000000000000000000        0.250000000000000000000000000000000000        0.724999999999999999999999999999999981        0.275000000000000000000000000000000019        0.512000024318695068359375000000000000        0.425000011920928955078125000000000000         6.30000010132789611816406250000000000E-0002  0.870056494511586616800702331296776776        0.129943505488413383199297668703223248         0.00000000000000000000000000000000000        0.683022559859958444886526535977552353        0.167811590859605266884724425470909642        0.129098359310438402074632433326122454         2250.00000000000000000000000000000000        0.300000011920928955078125000000000000        -1.00000000000000000000000000000000000         4.50000000000000000000000000000000000         50.0000000000000000000000000000000000        0.266842128014258426971303568900203798        0.266849493607557219401908256187858116        0.266849493607557219401908256187858116        0.266849493607557219401908256187858116        0.266849493607557219401908256187858116         0.00000000000000000000000000000000000         2.76020508760067433392898547162200924E-0003   8.46888040361199433458011526464368855         2279.47313055971322102407039704041864      
   1.20337784077759080699533028507740594E-0002   0.00000000000000000000000000000000000         0.00000000000000000000000000000000000        0.750000000000000000000000000000000000        0.250000000000000000000000000000000000        0.724999999999999999999999999999999981        0.275000000000000000000000000000000019        0.512000024318695068359375000000000000        0.425000011920928955078125000000000000         6.30000010132789611816406250000000000E-0002  0.870056494511586616800702331296776776        0.129943505488413383199297668703223248         0.00000000000000000000000000000000000        0.683022559859958444886526535977552353        0.167811590859605266884724425470909642        0.129098359310438402074632433326122454         2250.00000000000000000000000000000000        0.300000011920928955078125000000000000        -1.00000000000000000000000000000000000         4.50000000000000000000000000000000000         50.0000000000000000000000000000000000        0.270913740398004918588600613976001839        0.270935935929653718068569716366602667        0.270935935929653718068569716366602667        0.270935935929653718068569716366602667        0.270935935929653718068569716366602667         0.00000000000000000000000000000000000         8.19216969968958520229196609951146099E-0003   8.75141234713970733738280206826271739         2285.62048307430944014929627236639631      
   1.26038292967972908968014429974629652E-0002   0.00000000000000000000000000000000000         0.00000000000000000000000000000000000        0.750000000000000000000000000000000000        0.250000000000000000000000000000000000        0.724999999999999999999999999999999981        0.275000000000000000000000000000000019        0.512000024318695068359375000000000000        0.425000011920928955078125000000000000         6.30000010132789611816406250000000000E-0002  0.870056494511586616800702331296776776        0.129943505488413383199297668703223248         0.00000000000000000000000000000000000        0.683022559859958444886526535977552353        0.167811590859605266884724425470909642        0.129098359310438402074632433326122454         2250.00000000000000000000000000000000        0.300000011920928955078125000000000000        -1.00000000000000000000000000000000000         4.50000000000000000000000000000000000         50.0000000000000000000000000000000000        0.275046273135798103738176634649639193        0.275060211269878317727923477175246007        0.275060211269878317727923477175246007        0.275060211269878317727923477175246007        0.275060211269878317727923477175246007         0.00000000000000000000000000000000000         5.06730290646742720221721250861352876E-0003   9.04391195637387989141749292651066146         2291.92402484501770169962177670067232      
   1.32008840083141992917991631746251185E-0002   0.00000000000000000000000000000000000         0.00000000000000000000000000000000000        0.750000000000000000000000000000000000        0.250000000000000000000000000000000000        0.724999999999999999999999999999999981        0.275000000000000000000000000000000019        0.512000024318695068359375000000000000        0.425000011920928955078125000000000000         6.30000010132789611816406250000000000E-0002  0.870056494511586616800702331296776776        0.129943505488413383199297668703223248         0.00000000000000000000000000000000000        0.683022559859958444886526535977552353        0.167811590859605266884724425470909642        0.129098359310438402074632433326122454         2250.00000000000000000000000000000000        0.300000011920928955078125000000000000        -1.00000000000000000000000000000000000         4.50000000000000000000000000000000000         50.0000000000000000000000000000000000        0.279238197660009160901575516926284786        0.279335107715847619550782798062450387        0.279335107715847619550782798062450387        0.279335107715847619550782798062450387        0.279335107715847619550782798062450387         0.00000000000000000000000000000000000         3.46931170345547710791159807230556965E-0002   9.34655124221203945908173824838856769         2298.38144714845322788381360050284753      
   1.38262217376465838916887111257333255E-0002   0.00000000000000000000000000000000000         0.00000000000000000000000000000000000        0.750000000000000000000000000000000000        0.250000000000000000000000000000000000        0.724999999999999999999999999999999981        0.275000000000000000000000000000000019        0.512000024318695068359375000000000000        0.425000011920928955078125000000000000         6.30000010132789611816406250000000000E-0002  0.870056494511586616800702331296776776        0.129943505488413383199297668703223248         0.00000000000000000000000000000000000        0.683022559859958444886526535977552353        0.167811590859605266884724425470909642        0.129098359310438402074632433326122454         2250.00000000000000000000000000000000        0.300000011920928955078125000000000000        -1.00000000000000000000000000000000000         4.50000000000000000000000000000000000         50.0000000000000000000000000000000000        0.283493665636741333330845929893985856        0.283537786125169773770411771259473089        0.283537786125169773770411771259473089        0.283537786125169773770411771259473089        0.283537786125169773770411771259473089         0.00000000000000000000000000000000000         1.55607085148655057639164222638522235E-0002   9.66013984989219070760745514746594769         2305.01974987836809616484333097252247      
   1.44811822767453669205644236020971476E-0002   0.00000000000000000000000000000000000         0.00000000000000000000000000000000000        0.750000000000000000000000000000000000        0.250000000000000000000000000000000000        0.724999999999999999999999999999999981        0.275000000000000000000000000000000019        0.512000024318695068359375000000000000        0.425000011920928955078125000000000000         6.30000010132789611816406250000000000E-0002  0.870056494511586616800702331296776776        0.129943505488413383199297668703223248         0.00000000000000000000000000000000000        0.683022559859958444886526535977552353        0.167811590859605266884724425470909642        0.129098359310438402074632433326122454         2250.00000000000000000000000000000000        0.300000011920928955078125000000000000        -1.00000000000000000000000000000000000         4.50000000000000000000000000000000000         50.0000000000000000000000000000000000        0.287810405621520358645176028543396657        0.287864191328882716882678781693478134        0.287864191328882716882678781693478134        0.287864191328882716882678781693478134        0.287864191328882716882678781693478134         0.00000000000000000000000000000000000         1.86844036120173291266454150561087043E-0002   9.98451462543549321777571409882088766         2311.78725511650080902810469736714964      
   1.51671688847092646313725750372786121E-0002   0.00000000000000000000000000000000000         0.00000000000000000000000000000000000        0.750000000000000000000000000000000000        0.250000000000000000000000000000000000        0.724999999999999999999999999999999981        0.275000000000000000000000000000000019        0.512000024318695068359375000000000000        0.425000011920928955078125000000000000         6.30000010132789611816406250000000000E-0002  0.870056494511586616800702331296776776        0.129943505488413383199297668703223248         0.00000000000000000000000000000000000        0.683022559859958444886526535977552353        0.167811590859605266884724425470909642        0.129098359310438402074632433326122454         2250.00000000000000000000000000000000        0.300000011920928955078125000000000000        -1.00000000000000000000000000000000000         4.50000000000000000000000000000000000         50.0000000000000000000000000000000000        0.292191438803858848028201701467270811        0.292203013852165812699212560922387229        0.292203013852165812699212560922387229        0.292203013852165812699212560922387229        0.292203013852165812699212560922387229         0.00000000000000000000000000000000000         3.96130353153059259450865855250023282E-0003   10.3204573803989999266716051908440151         2318.73825492417700704775587443237400      
   1.58856512942805692341715952667117983E-0002   0.00000000000000000000000000000000000         0.00000000000000000000000000000000000        0.750000000000000000000000000000000000        0.250000000000000000000000000000000000        0.724999999999999999999999999999999981        0.275000000000000000000000000000000019        0.512000024318695068359375000000000000        0.425000011920928955078125000000000000         6.30000010132789611816406250000000000E-0002  0.870056494511586616800702331296776776        0.129943505488413383199297668703223248         0.00000000000000000000000000000000000        0.683022559859958444886526535977552353        0.167811590859605266884724425470909642        0.129098359310438402074632433326122454         2250.00000000000000000000000000000000        0.300000011920928955078125000000000000        -1.00000000000000000000000000000000000         4.50000000000000000000000000000000000         50.0000000000000000000000000000000000        0.296635496851041100228809900365394698        0.296684936228530961991020225356569751        0.296684936228530961991020225356569751        0.296684936228530961991020225356569751        0.296684936228530961991020225356569751         0.00000000000000000000000000000000000         1.66639324929458221561548056647482761E-0002   10.6683990533346330988834098944877513         2325.84189978943317223627745252265627      
   1.66381688607613357256321400820289791E-0002   0.00000000000000000000000000000000000         0.00000000000000000000000000000000000        0.750000000000000000000000000000000000        0.250000000000000000000000000000000000        0.724999999999999999999999999999999981        0.275000000000000000000000000000000019        0.512000024318695068359375000000000000        0.425000011920928955078125000000000000         6.30000010132789611816406250000000000E-0002  0.870056494511586616800702331296776776        0.129943505488413383199297668703223248         0.00000000000000000000000000000000000        0.683022559859958444886526535977552353        0.167811590859605266884724425470909642        0.129098359310438402074632433326122454         2250.00000000000000000000000000000000        0.300000011920928955078125000000000000        -1.00000000000000000000000000000000000         4.50000000000000000000000000000000000         50.0000000000000000000000000000000000        0.301144920411378713627875354028347917        0.301189155585553453258595905773717282        0.301189155585553453258595905773717282        0.301189155585553453258595905773717282        0.301189155585553453258595905773717282         0.00000000000000000000000000000000000         1.46868415925335434474232050234212819E-0002   11.0286891428992652330322350262993048         2333.12524979577505047291231694777196      
   1.74263338600965560876971718594349557E-0002   0.00000000000000000000000000000000000         0.00000000000000000000000000000000000        0.750000000000000000000000000000000000        0.250000000000000000000000000000000000        0.724999999999999999999999999999999981        0.275000000000000000000000000000000019        0.512000024318695068359375000000000000        0.425000011920928955078125000000000000         6.30000010132789611816406250000000000E-0002  0.870056494511586616800702331296776776        0.129943505488413383199297668703223248         0.00000000000000000000000000000000000        0.683022559859958444886526535977552353        0.167811590859605266884724425470909642        0.129098359310438402074632433326122454         2250.00000000000000000000000000000000        0.300000011920928955078125000000000000        -1.00000000000000000000000000000000000         4.50000000000000000000000000000000000         50.0000000000000000000000000000000000        0.305720138687858294797492641760803151        0.305726937475050414584869065387361963        0.305726937475050414584869065387361963        0.305726937475050414584869065387361963        0.305726937475050414584869065387361963         0.00000000000000000000000000000000000         2.22381032180869532706249841323361565E-0003   11.4011302116222661910208362988360707         2340.55507169711912995217949524501613      
   1.82518349431904949929850662738093818E-0002   0.00000000000000000000000000000000000         0.00000000000000000000000000000000000        0.750000000000000000000000000000000000        0.250000000000000000000000000000000000        0.724999999999999999999999999999999981        0.275000000000000000000000000000000019        0.512000024318695068359375000000000000        0.425000011920928955078125000000000000         6.30000010132789611816406250000000000E-0002  0.870056494511586616800702331296776776        0.129943505488413383199297668703223248         0.00000000000000000000000000000000000        0.683022559859958444886526535977552353        0.167811590859605266884724425470909642        0.129098359310438402074632433326122454         2250.00000000000000000000000000000000        0.300000011920928955078125000000000000        -1.00000000000000000000000000000000000         4.50000000000000000000000000000000000         50.0000000000000000000000000000000000        0.310363463102650066508374147377078319        0.310377207521895767521285341662634401        0.310377207521895767521285341662634401        0.310377207521895767521285341662634401        0.310377207521895767521285341662634401         0.00000000000000000000000000000000000         4.42829528477261129765285161974258695E-0003   11.7883363499752185333586188612393341         2348.20504209705500548706047961356760      
   1.91164407538570921685539093537247029E-0002   0.00000000000000000000000000000000000         0.00000000000000000000000000000000000        0.750000000000000000000000000000000000        0.250000000000000000000000000000000000        0.724999999999999999999999999999999981        0.275000000000000000000000000000000019        0.512000024318695068359375000000000000        0.425000011920928955078125000000000000         6.30000010132789611816406250000000000E-0002  0.870056494511586616800702331296776776        0.129943505488413383199297668703223248         0.00000000000000000000000000000000000        0.683022559859958444886526535977552353        0.167811590859605266884724425470909642        0.129098359310438402074632433326122454         2250.00000000000000000000000000000000        0.300000011920928955078125000000000000        -1.00000000000000000000000000000000000         4.50000000000000000000000000000000000         50.0000000000000000000000000000000000        0.315073281943228912163431141349684264        0.315076030260529113281278522845483545        0.315076030260529113281278522845483545        0.315076030260529113281278522845483545        0.315076030260529113281278522845483545         0.00000000000000000000000000000000000         8.72271146087691140792521878948387012E-0004   12.1887244766533071538496382409545960         2356.01963816611745242429174109936693      
   2.00220037181559240923900195423679447E-0002   0.00000000000000000000000000000000000         0.00000000000000000000000000000000000        0.750000000000000000000000000000000000        0.250000000000000000000000000000000000        0.724999999999999999999999999999999981        0.275000000000000000000000000000000019        0.512000024318695068359375000000000000        0.425000011920928955078125000000000000         6.30000010132789611816406250000000000E-0002  0.870056494511586616800702331296776776        0.129943505488413383199297668703223248         0.00000000000000000000000000000000000        0.683022559859958444886526535977552353        0.167811590859605266884724425470909642        0.129098359310438402074632433326122454         2250.00000000000000000000000000000000        0.300000011920928955078125000000000000        -1.00000000000000000000000000000000000         4.50000000000000000000000000000000000         50.0000000000000000000000000000000000        0.319850526212515831247006219403935010        0.319892652757773023980944103468219910        0.319892652757773023980944103468219910        0.319892652757773023980944103468219910        0.319892652757773023980944103468219910         0.00000000000000000000000000000000000         1.31689630549569123486474305316600177E-0002   12.6035937506878354956946681778961479         2363.97322206756951270163635479346612      
   2.09704640132324128654944033811962271E-0002   0.00000000000000000000000000000000000         0.00000000000000000000000000000000000        0.750000000000000000000000000000000000        0.250000000000000000000000000000000000        0.724999999999999999999999999999999981        0.275000000000000000000000000000000019        0.512000024318695068359375000000000000        0.425000011920928955078125000000000000         6.30000010132789611816406250000000000E-0002  0.870056494511586616800702331296776776        0.129943505488413383199297668703223248         0.00000000000000000000000000000000000        0.683022559859958444886526535977552353        0.167811590859605266884724425470909642        0.129098359310438402074632433326122454         2250.00000000000000000000000000000000        0.300000011920928955078125000000000000        -1.00000000000000000000000000000000000         4.50000000000000000000000000000000000         50.0000000000000000000000000000000000        0.324700151698374845343730778413415485        0.324694724060937470843109098534972861        0.324694724060937470843109098534972861        0.324694724060937470843109098534972861        0.324694724060937470843109098534972861         0.00000000000000000000000000000000000        -1.67161245168734625676366723199136770E-0003   13.0334599202254003919683858492901851         2372.14452637874665002309038927715855      
   2.19638537241655596358102494951593575E-0002   0.00000000000000000000000000000000000         0.00000000000000000000000000000000000        0.750000000000000000000000000000000000        0.250000000000000000000000000000000000        0.724999999999999999999999999999999981        0.275000000000000000000000000000000019        0.512000024318695068359375000000000000        0.425000011920928955078125000000000000         6.30000010132789611816406250000000000E-0002  0.870056494511586616800702331296776776        0.129943505488413383199297668703223248         0.00000000000000000000000000000000000        0.683022559859958444886526535977552353        0.167811590859605266884724425470909642        0.129098359310438402074632433326122454         2250.00000000000000000000000000000000        0.300000011920928955078125000000000000        -1.00000000000000000000000000000000000         4.50000000000000000000000000000000000         50.0000000000000000000000000000000000        0.329616135480234700247891434798183318        0.329730182934040633375200725188452373        0.329730182934040633375200725188452373        0.329730182934040633375200725188452373        0.329730182934040633375200725188452373         0.00000000000000000000000000000000000         3.45881146794338899448899423787147833E-0002   13.4796583324060139763391344469098330         2379.60755705168232908164487372727225      
   2.30043011977292878351454756950050690E-0002   0.00000000000000000000000000000000000         0.00000000000000000000000000000000000        0.750000000000000000000000000000000000        0.250000000000000000000000000000000000        0.724999999999999999999999999999999981        0.275000000000000000000000000000000019        0.512000024318695068359375000000000000        0.425000011920928955078125000000000000         6.30000010132789611816406250000000000E-0002  0.870056494511586616800702331296776776        0.129943505488413383199297668703223248         0.00000000000000000000000000000000000        0.683022559859958444886526535977552353        0.167811590859605266884724425470909642        0.129098359310438402074632433326122454         2250.00000000000000000000000000000000        0.300000011920928955078125000000000000        -1.00000000000000000000000000000000000         4.50000000000000000000000000000000000         50.0000000000000000000000000000000000        0.334600778643472154359598675552666775        0.334689108065689475256551255155740454        0.334689108065689475256551255155740454        0.334689108065689475256551255155740454        0.334689108065689475256551255155740454         0.00000000000000000000000000000000000         2.63914839439544801790738070545830429E-0002   13.9435828552791919897889733361037083         2385.27125535860662977557612246958521      
   2.40940356023953707463686306717419161E-0002   0.00000000000000000000000000000000000         0.00000000000000000000000000000000000        0.750000000000000000000000000000000000        0.250000000000000000000000000000000000        0.724999999999999999999999999999999981        0.275000000000000000000000000000000019        0.512000024318695068359375000000000000        0.425000011920928955078125000000000000         6.30000010132789611816406250000000000E-0002  0.870056494511586616800702331296776776        0.129943505488413383199297668703223248         0.00000000000000000000000000000000000        0.683022559859958444886526535977552353        0.167811590859605266884724425470909642        0.129098359310438402074632433326122454         2250.00000000000000000000000000000000        0.300000011920928955078125000000000000        -1.00000000000000000000000000000000000         4.50000000000000000000000000000000000         50.0000000000000000000000000000000000        0.339656133438598110009715683075164479        0.339736248075923701355886670457362662        0.339736248075923701355886670457362662        0.339736248075923701355886670457362662        0.339736248075923701355886670457362662         0.00000000000000000000000000000000000         2.35814216997202659353027037372279469E-0002   14.4246953421395990678955044697285562         2390.83343137799902654616107571394713      
   2.52353917043477924471827901828532746E-0002   0.00000000000000000000000000000000000         0.00000000000000000000000000000000000        0.750000000000000000000000000000000000        0.250000000000000000000000000000000000        0.724999999999999999999999999999999981        0.275000000000000000000000000000000019        0.512000024318695068359375000000000000        0.425000011920928955078125000000000000         6.30000010132789611816406250000000000E-0002  0.870056494511586616800702331296776776        0.129943505488413383199297668703223248         0.00000000000000000000000000000000000        0.683022559859958444886526535977552353        0.167811590859605266884724425470909642        0.129098359310438402074632433326122454         2250.00000000000000000000000000000000        0.300000011920928955078125000000000000        -1.00000000000000000000000000000000000         4.50000000000000000000000000000000000         50.0000000000000000000000000000000000        0.344791073364877129751824636813559528        0.344889487973419658500781732991429059        0.344889487973419658500781732991429059        0.344889487973419658500781732991429059        0.344889487973419658500781732991429059         0.00000000000000000000000000000000000         2.85351139928374620984631437752059289E-0002   14.9246208897027462561157123201662818         2396.27795090105838583366625685097307      
   2.64308148697411976990338126706688651E-0002   0.00000000000000000000000000000000000         0.00000000000000000000000000000000000        0.750000000000000000000000000000000000        0.250000000000000000000000000000000000        0.724999999999999999999999999999999981        0.275000000000000000000000000000000019        0.512000024318695068359375000000000000        0.425000011920928955078125000000000000         6.30000010132789611816406250000000000E-0002  0.870056494511586616800702331296776776        0.129943505488413383199297668703223248         0.00000000000000000000000000000000000        0.683022559859958444886526535977552353        0.167811590859605266884724425470909642        0.129098359310438402074632433326122454         2250.00000000000000000000000000000000        0.300000011920928955078125000000000000        -1.00000000000000000000000000000000000         4.50000000000000000000000000000000000         50.0000000000000000000000000000000000        0.349992221001553616638700663093753259        0.350054797734487589770427474977949174        0.350054797734487589770427474977949174        0.350054797734487589770427474977949174        0.350054797734487589770427474977949174         0.00000000000000000000000000000000000         1.78762677554949100007817423009050858E-0002   15.4419221373458526165306731554666732         2401.94172692666508297474455950194266      
   2.76828663039208164325015985943068658E-0002   0.00000000000000000000000000000000000         0.00000000000000000000000000000000000        0.750000000000000000000000000000000000        0.250000000000000000000000000000000000        0.724999999999999999999999999999999981        0.275000000000000000000000000000000019        0.512000024318695068359375000000000000        0.425000011920928955078125000000000000         6.30000010132789611816406250000000000E-0002  0.870056494511586616800702331296776776        0.129943505488413383199297668703223248         0.00000000000000000000000000000000000        0.683022559859958444886526535977552353        0.167811590859605266884724425470909642        0.129098359310438402074632433326122454         2250.00000000000000000000000000000000        0.300000011920928955078125000000000000        -1.00000000000000000000000000000000000         4.50000000000000000000000000000000000         50.0000000000000000000000000000000000        0.355271484343653471633544545604937774        0.355284031145333316274279913731151837        0.355284031145333316274279913731151837        0.355284031145333316274279913731151837        0.355284031145333316274279913731151837         0.00000000000000000000000000000000000         3.53148483465394387833949083204824383E-0003   15.9787448971064378874555599061170647         2407.77832440511481456948370096989404      
   2.89942285388289406626051058156534930E-0002   0.00000000000000000000000000000000000         0.00000000000000000000000000000000000        0.750000000000000000000000000000000000        0.250000000000000000000000000000000000        0.724999999999999999999999999999999981        0.275000000000000000000000000000000019        0.512000024318695068359375000000000000        0.425000011920928955078125000000000000         6.30000010132789611816406250000000000E-0002  0.870056494511586616800702331296776776        0.129943505488413383199297668703223248         0.00000000000000000000000000000000000        0.683022559859958444886526535977552353        0.167811590859605266884724425470909642        0.129098359310438402074632433326122454         2250.00000000000000000000000000000000        0.300000011920928955078125000000000000        -1.00000000000000000000000000000000000         4.50000000000000000000000000000000000         50.0000000000000000000000000000000000        0.360623024908095951490974928348382805        0.360711053601891371940461334271429362        0.360711053601891371940461334271429362        0.360711053601891371940461334271429362        0.360711053601891371940461334271429362         0.00000000000000000000000000000000000         2.44042129888749478149188389506304770E-0002   16.5367135432325503510999565808108038         2413.63273684214813037242523016747558      
   3.03677111803547736840862033878692513E-0002   0.00000000000000000000000000000000000         0.00000000000000000000000000000000000        0.750000000000000000000000000000000000        0.250000000000000000000000000000000000        0.724999999999999999999999999999999981        0.275000000000000000000000000000000019        0.512000024318695068359375000000000000        0.425000011920928955078125000000000000         6.30000010132789611816406250000000000E-0002  0.870056494511586616800702331296776776        0.129943505488413383199297668703223248         0.00000000000000000000000000000000000        0.683022559859958444886526535977552353        0.167811590859605266884724425470909642        0.129098359310438402074632433326122454         2250.00000000000000000000000000000000        0.300000011920928955078125000000000000        -1.00000000000000000000000000000000000         4.50000000000000000000000000000000000         50.0000000000000000000000000000000000        0.366052915548371996162927463847373161        0.366083720483430302628589763277912379        0.366083720483430302628589763277912379        0.366083720483430302628589763277912379        0.366083720483430302628589763277912379         0.00000000000000000000000000000000000         8.41472410125944400756745486013913958E-0003   17.1149704567319299336216128814689995         2419.62918973110295609885411475135911      
   3.18062569279414025101825130079188269E-0002   0.00000000000000000000000000000000000         0.00000000000000000000000000000000000        0.750000000000000000000000000000000000        0.250000000000000000000000000000000000        0.724999999999999999999999999999999981        0.275000000000000000000000000000000019        0.512000024318695068359375000000000000        0.425000011920928955078125000000000000         6.30000010132789611816406250000000000E-0002  0.870056494511586616800702331296776776        0.129943505488413383199297668703223248         0.00000000000000000000000000000000000        0.683022559859958444886526535977552353        0.167811590859605266884724425470909642        0.129098359310438402074632433326122454         2250.00000000000000000000000000000000        0.300000011920928955078125000000000000        -1.00000000000000000000000000000000000         4.50000000000000000000000000000000000         50.0000000000000000000000000000000000        0.371556984346997265016849931136618923        0.371599341194378614251012693140949362        0.371599341194378614251012693140949362        0.371599341194378614251012693140949362        0.371599341194378614251012693140949362         0.00000000000000000000000000000000000         1.13985259621848837865471661621131635E-0002   17.7149045030818035153741362599208675         2425.68112182844041695043732974884406      
   3.33129478793469579587899033329322212E-0002   0.00000000000000000000000000000000000         0.00000000000000000000000000000000000        0.750000000000000000000000000000000000        0.250000000000000000000000000000000000        0.724999999999999999999999999999999981        0.275000000000000000000000000000000019        0.512000024318695068359375000000000000        0.425000011920928955078125000000000000         6.30000010132789611816406250000000000E-0002  0.870056494511586616800702331296776776        0.129943505488413383199297668703223248         0.00000000000000000000000000000000000        0.683022559859958444886526535977552353        0.167811590859605266884724425470909642        0.129098359310438402074632433326122454         2250.00000000000000000000000000000000        0.300000011920928955078125000000000000        -1.00000000000000000000000000000000000         4.50000000000000000000000000000000000         50.0000000000000000000000000000000000        0.377141486194801008241296365922904839        0.377173915187168918078667421797782841        0.377173915187168918078667421797782841        0.377173915187168918078667421797782841        0.377173915187168918078667421797782841         0.00000000000000000000000000000000000         8.59788841755328245388081434222455481E-0003   18.3376962033849548383055444899806475         2431.85989995908770298548660673487310      
   3.48910121340679723117689330325258897E-0002   0.00000000000000000000000000000000000         0.00000000000000000000000000000000000        0.750000000000000000000000000000000000        0.250000000000000000000000000000000000        0.724999999999999999999999999999999981        0.275000000000000000000000000000000019        0.512000024318695068359375000000000000        0.425000011920928955078125000000000000         6.30000010132789611816406250000000000E-0002  0.870056494511586616800702331296776776        0.129943505488413383199297668703223248         0.00000000000000000000000000000000000        0.683022559859958444886526535977552353        0.167811590859605266884724425470909642        0.129098359310438402074632433326122454         2250.00000000000000000000000000000000        0.300000011920928955078125000000000000        -1.00000000000000000000000000000000000         4.50000000000000000000000000000000000         50.0000000000000000000000000000000000        0.382801830256389582452913580466704578        0.382925613566559442627708739704624939        0.382925613566559442627708739704624939        0.382925613566559442627708739704624939        0.382925613566559442627708739704624939         0.00000000000000000000000000000000000         3.23256804414166936022257044615556783E-0002   18.9841783208275267228513355428411921         2438.09505053574983919692989058330246      
   3.65438307095728310329776802679418081E-0002   0.00000000000000000000000000000000000         0.00000000000000000000000000000000000        0.750000000000000000000000000000000000        0.250000000000000000000000000000000000        0.724999999999999999999999999999999981        0.275000000000000000000000000000000019        0.512000024318695068359375000000000000        0.425000011920928955078125000000000000         6.30000010132789611816406250000000000E-0002  0.870056494511586616800702331296776776        0.129943505488413383199297668703223248         0.00000000000000000000000000000000000        0.683022559859958444886526535977552353        0.167811590859605266884724425470909642        0.129098359310438402074632433326122454         2250.00000000000000000000000000000000        0.300000011920928955078125000000000000        -1.00000000000000000000000000000000000         4.50000000000000000000000000000000000         50.0000000000000000000000000000000000        0.388542387165459321089589620055596000        0.388583257080506595984635952983865575        0.388583257080506595984635952983865575        0.388583257080506595984635952983865575        0.388583257080506595984635952983865575         0.00000000000000000000000000000000000         1.05176726744064206552682469201900505E-0002   19.6549181300542167595291382314208240         2444.43510336716565952106689068088824      
   3.82749447851634135913727803832376407E-0002   0.00000000000000000000000000000000000         0.00000000000000000000000000000000000        0.750000000000000000000000000000000000        0.250000000000000000000000000000000000        0.724999999999999999999999999999999981        0.275000000000000000000000000000000019        0.512000024318695068359375000000000000        0.425000011920928955078125000000000000         6.30000010132789611816406250000000000E-0002  0.870056494511586616800702331296776776        0.129943505488413383199297668703223248         0.00000000000000000000000000000000000        0.683022559859958444886526535977552353        0.167811590859605266884724425470909642        0.129098359310438402074632433326122454         2250.00000000000000000000000000000000        0.300000011920928955078125000000000000        -1.00000000000000000000000000000000000         4.50000000000000000000000000000000000         50.0000000000000000000000000000000000        0.394362911516781739283407186871722181        0.394402190158650962749383338940018593        0.394402190158650962749383338940018593        0.394402190158650962749383338940018593        0.394402190158650962749383338940018593         0.00000000000000000000000000000000000         9.95903239112931021176694924607716355E-0003   20.3511973132649913060391296282691501         2450.90427302569244055886782768304176      
   4.00880632889849649039141805889355062E-0002   0.00000000000000000000000000000000000         0.00000000000000000000000000000000000        0.750000000000000000000000000000000000        0.250000000000000000000000000000000000        0.724999999999999999999999999999999981        0.275000000000000000000000000000000019        0.512000024318695068359375000000000000        0.425000011920928955078125000000000000         6.30000010132789611816406250000000000E-0002  0.870056494511586616800702331296776776        0.129943505488413383199297668703223248         0.00000000000000000000000000000000000        0.683022559859958444886526535977552353        0.167811590859605266884724425470909642        0.129098359310438402074632433326122454         2250.00000000000000000000000000000000        0.300000011920928955078125000000000000        -1.00000000000000000000000000000000000         4.50000000000000000000000000000000000         50.0000000000000000000000000000000000        0.400265155659100212787186478603005423        0.400289658270254043714034566060658472        0.400289658270254043714034566060658472        0.400289658270254043714034566060658472        0.400289658270254043714034566060658472         0.00000000000000000000000000000000000         6.12122013336854231518051169315783771E-0003   21.0742862077573510933244412967431898         2457.46118808130623057922002596062923      
   4.19870708444394372159300809145208468E-0002   0.00000000000000000000000000000000000         0.00000000000000000000000000000000000        0.750000000000000000000000000000000000        0.250000000000000000000000000000000000        0.724999999999999999999999999999999981        0.275000000000000000000000000000000019        0.512000024318695068359375000000000000        0.425000011920928955078125000000000000         6.30000010132789611816406250000000000E-0002  0.870056494511586616800702331296776776        0.129943505488413383199297668703223248         0.00000000000000000000000000000000000        0.683022559859958444886526535977552353        0.167811590859605266884724425470909642        0.129098359310438402074632433326122454         2250.00000000000000000000000000000000        0.300000011920928955078125000000000000        -1.00000000000000000000000000000000000         4.50000000000000000000000000000000000         50.0000000000000000000000000000000000        0.406248547970122803396622252509948738        0.406353394589413030108453180709166864        0.406353394589413030108453180709166864        0.406353394589413030108453180709166864        0.406353394589413030108453180709166864         0.00000000000000000000000000000000000         2.58018317765416162202224703457634211E-0002   21.8259480423398036521360202063625918         2464.03094664332098008649887244784231      
   4.39760360930275675433071206856609502E-0002   0.00000000000000000000000000000000000         0.00000000000000000000000000000000000        0.750000000000000000000000000000000000        0.250000000000000000000000000000000000        0.724999999999999999999999999999999981        0.275000000000000000000000000000000019        0.512000024318695068359375000000000000        0.425000011920928955078125000000000000         6.30000010132789611816406250000000000E-0002  0.870056494511586616800702331296776776        0.129943505488413383199297668703223248         0.00000000000000000000000000000000000        0.683022559859958444886526535977552353        0.167811590859605266884724425470909642        0.129098359310438402074632433326122454         2250.00000000000000000000000000000000        0.300000011920928955078125000000000000        -1.00000000000000000000000000000000000         4.50000000000000000000000000000000000         50.0000000000000000000000000000000000        0.412314192162498938004955017390968075        0.412406514135841859036200431180057361        0.412406514135841859036200431180057361        0.412406514135841859036200431180057361        0.412406514135841859036200431180057361         0.00000000000000000000000000000000000         2.23861578754091304728225599083825929E-0002   22.6059710611646571137819524621691928         2470.74542956092668060269562236828520      
   4.60592204114514578978097464129404699E-0002   0.00000000000000000000000000000000000         0.00000000000000000000000000000000000        0.750000000000000000000000000000000000        0.250000000000000000000000000000000000        0.724999999999999999999999999999999981        0.275000000000000000000000000000000019        0.512000024318695068359375000000000000        0.425000011920928955078125000000000000         6.30000010132789611816406250000000000E-0002  0.870056494511586616800702331296776776        0.129943505488413383199297668703223248         0.00000000000000000000000000000000000        0.683022559859958444886526535977552353        0.167811590859605266884724425470909642        0.129098359310438402074632433326122454         2250.00000000000000000000000000000000        0.300000011920928955078125000000000000        -1.00000000000000000000000000000000000         4.50000000000000000000000000000000000         50.0000000000000000000000000000000000        0.418461585934376824125681889820847223        0.418478771279223472442740567490146960        0.418478771279223472442740567490146960        0.418478771279223472442740567490146960        0.418478771279223472442740567490146960         0.00000000000000000000000000000000000         4.10662285069214708978582687781204347E-0003   23.4150829480401553035747504507132728         2477.62820687515068078779608812339300      
   4.82410870416541323423097474256259733E-0002   0.00000000000000000000000000000000000         0.00000000000000000000000000000000000        0.750000000000000000000000000000000000        0.250000000000000000000000000000000000        0.724999999999999999999999999999999981        0.275000000000000000000000000000000019        0.512000024318695068359375000000000000        0.425000011920928955078125000000000000         6.30000010132789611816406250000000000E-0002  0.870056494511586616800702331296776776        0.129943505488413383199297668703223248         0.00000000000000000000000000000000000        0.683022559859958444886526535977552353        0.167811590859605266884724425470909642        0.129098359310438402074632433326122454         2250.00000000000000000000000000000000        0.300000011920928955078125000000000000        -1.00000000000000000000000000000000000         4.50000000000000000000000000000000000         50.0000000000000000000000000000000000        0.424700155197593605307026739534497922        0.424762423404687587960032580551380612        0.424762423404687587960032580551380612        0.424762423404687587960032580551380612        0.424762423404687587960032580551380612         0.00000000000000000000000000000000000         1.46595375821785732582159391688703731E-0002   24.2582555600365826177133834817769383         2484.47840424959457397816042265559858      
   5.05263106533572662690193201580239323E-0002   0.00000000000000000000000000000000000         0.00000000000000000000000000000000000        0.750000000000000000000000000000000000        0.250000000000000000000000000000000000        0.724999999999999999999999999999999981        0.275000000000000000000000000000000019        0.512000024318695068359375000000000000        0.425000011920928955078125000000000000         6.30000010132789611816406250000000000E-0002  0.870056494511586616800702331296776776        0.129943505488413383199297668703223248         0.00000000000000000000000000000000000        0.683022559859958444886526535977552353        0.167811590859605266884724425470909642        0.129098359310438402074632433326122454         2250.00000000000000000000000000000000        0.300000011920928955078125000000000000        -1.00000000000000000000000000000000000         4.50000000000000000000000000000000000         50.0000000000000000000000000000000000        0.431022882755983596424428879267067285        0.431042908308811425254963210416144431        0.431042908308811425254963210416144431        0.431042908308811425254963210416144431        0.431042908308811425254963210416144431         0.00000000000000000000000000000000000         4.64583744258749147842329967682400772E-0003   25.1325533324575735749994517704640287         2491.54509199742024618820839750992681      
   5.29197873595849146847521071145970371E-0002   0.00000000000000000000000000000000000         0.00000000000000000000000000000000000        0.750000000000000000000000000000000000        0.250000000000000000000000000000000000        0.724999999999999999999999999999999981        0.275000000000000000000000000000000019        0.512000024318695068359375000000000000        0.425000011920928955078125000000000000         6.30000010132789611816406250000000000E-0002  0.870056494511586616800702331296776776        0.129943505488413383199297668703223248         0.00000000000000000000000000000000000        0.683022559859958444886526535977552353        0.167811590859605266884724425470909642        0.129098359310438402074632433326122454         2250.00000000000000000000000000000000        0.300000011920928955078125000000000000        -1.00000000000000000000000000000000000         4.50000000000000000000000000000000000         50.0000000000000000000000000000000000        0.437429164410924554008980592174598453        0.437454052542287278350302941156229789        0.437454052542287278350302941156229789        0.437454052542287278350302941156229789        0.437454052542287278350302941156229789         0.00000000000000000000000000000000000         5.68931324743379433962061501662286047E-0003   26.0415845571030244392807936616429432         2498.62641584616989513938978817402867      
   5.54266452066315930392335611285580509E-0002   0.00000000000000000000000000000000000         0.00000000000000000000000000000000000        0.750000000000000000000000000000000000        0.250000000000000000000000000000000000        0.724999999999999999999999999999999981        0.275000000000000000000000000000000019        0.512000024318695068359375000000000000        0.425000011920928955078125000000000000         6.30000010132789611816406250000000000E-0002  0.870056494511586616800702331296776776        0.129943505488413383199297668703223248         0.00000000000000000000000000000000000        0.683022559859958444886526535977552353        0.167811590859605266884724425470909642        0.129098359310438402074632433326122454         2250.00000000000000000000000000000000        0.300000011920928955078125000000000000        -1.00000000000000000000000000000000000         4.50000000000000000000000000000000000         50.0000000000000000000000000000000000        0.443922147320506762663824836626380606        0.444104929966471663585012645331834941        0.444104929966471663585012645331834941        0.444104929966471663585012645331834941        0.444104929966471663585012645331834941         0.00000000000000000000000000000000000         4.11575358955597178988738418669897808E-0002   26.9870606865552282780415540788871172         2505.72964702185637411910196771095785      
   5.80522551609495656082146517268962107E-0002   0.00000000000000000000000000000000000         0.00000000000000000000000000000000000        0.750000000000000000000000000000000000        0.250000000000000000000000000000000000        0.724999999999999999999999999999999981        0.275000000000000000000000000000000019        0.512000024318695068359375000000000000        0.425000011920928955078125000000000000         6.30000010132789611816406250000000000E-0002  0.870056494511586616800702331296776776        0.129943505488413383199297668703223248         0.00000000000000000000000000000000000        0.683022559859958444886526535977552353        0.167811590859605266884724425470909642        0.129098359310438402074632433326122454         2250.00000000000000000000000000000000        0.300000011920928955078125000000000000        -1.00000000000000000000000000000000000         4.50000000000000000000000000000000000         50.0000000000000000000000000000000000        0.450507971433515839719632434897515884        0.450514434923768064386433667386733154        0.450514434923768064386433667386733154        0.450514434923768064386433667386733154        0.450514434923768064386433667386733154         0.00000000000000000000000000000000000         1.43469104454296998376136124665884140E-0003   27.9682887412716363878825606118611217         2513.09585395911409116256205827406394      
   6.08022426164948505065581588806303073E-0002   0.00000000000000000000000000000000000         0.00000000000000000000000000000000000        0.750000000000000000000000000000000000        0.250000000000000000000000000000000000        0.724999999999999999999999999999999981        0.275000000000000000000000000000000019        0.512000024318695068359375000000000000        0.425000011920928955078125000000000000         6.30000010132789611816406250000000000E-0002  0.870056494511586616800702331296776776        0.129943505488413383199297668703223248         0.00000000000000000000000000000000000        0.683022559859958444886526535977552353        0.167811590859605266884724425470909642        0.129098359310438402074632433326122454         2250.00000000000000000000000000000000        0.300000011920928955078125000000000000        -1.00000000000000000000000000000000000         4.50000000000000000000000000000000000         50.0000000000000000000000000000000000        0.457180320400929096472079924642156135        0.457174606395597869646677294787179807        0.457174606395597869646677294787179807        0.457174606395597869646677294787179807        0.457174606395597869646677294787179807         0.00000000000000000000000000000000000        -1.24985186213130089344881558206849138E-0003   28.9893883438459522421291321511263851         2520.45597943910292629213066865237345      
   6.36824994471865380888821842690214039E-0002   0.00000000000000000000000000000000000         0.00000000000000000000000000000000000        0.750000000000000000000000000000000000        0.250000000000000000000000000000000000        0.724999999999999999999999999999999981        0.275000000000000000000000000000000019        0.512000024318695068359375000000000000        0.425000011920928955078125000000000000         6.30000010132789611816406250000000000E-0002  0.870056494511586616800702331296776776        0.129943505488413383199297668703223248         0.00000000000000000000000000000000000        0.683022559859958444886526535977552353        0.167811590859605266884724425470909642        0.129098359310438402074632433326122454         2250.00000000000000000000000000000000        0.300000011920928955078125000000000000        -1.00000000000000000000000000000000000         4.50000000000000000000000000000000000         50.0000000000000000000000000000000000        0.463937835021443188205217555761198893        0.464109181729041147966960802727433262        0.464109181729041147966960802727433262        0.464109181729041147966960802727433262        0.464109181729041147966960802727433262         0.00000000000000000000000000000000000         3.69194823855039281234363781473073106E-0002   30.0521315355556183018015491979936242         2527.76861303398297399349707488351756      
   6.66991966303019298825804335972346273E-0002   0.00000000000000000000000000000000000         0.00000000000000000000000000000000000        0.750000000000000000000000000000000000        0.250000000000000000000000000000000000        0.724999999999999999999999999999999981        0.275000000000000000000000000000000019        0.512000024318695068359375000000000000        0.425000011920928955078125000000000000         6.30000010132789611816406250000000000E-0002  0.870056494511586616800702331296776776        0.129943505488413383199297668703223248         0.00000000000000000000000000000000000        0.683022559859958444886526535977552353        0.167811590859605266884724425470909642        0.129098359310438402074632433326122454         2250.00000000000000000000000000000000        0.300000011920928955078125000000000000        -1.00000000000000000000000000000000000         4.50000000000000000000000000000000000         50.0000000000000000000000000000000000        0.470795699074722456098321710491616937        0.470805218187909624837201610679827273        0.470805218187909624837201610679827273        0.470805218187909624837201610679827273        0.470805218187909624837201610679827273         0.00000000000000000000000000000000000         2.02187928668399616115367757067165820E-0003   31.1558384419935497433733066874918377         2535.41741234559409851106223854204279      
   6.98587974678532405490532339768403819E-0002   0.00000000000000000000000000000000000         0.00000000000000000000000000000000000        0.750000000000000000000000000000000000        0.250000000000000000000000000000000000        0.724999999999999999999999999999999981        0.275000000000000000000000000000000019        0.512000024318695068359375000000000000        0.425000011920928955078125000000000000         6.30000010132789611816406250000000000E-0002  0.870056494511586616800702331296776776        0.129943505488413383199297668703223248         0.00000000000000000000000000000000000        0.683022559859958444886526535977552353        0.167811590859605266884724425470909642        0.129098359310438402074632433326122454         2250.00000000000000000000000000000000        0.300000011920928955078125000000000000        -1.00000000000000000000000000000000000         4.50000000000000000000000000000000000         50.0000000000000000000000000000000000        0.477736220188827862581290016091645574        0.477863531475697615610644465248450190        0.477863531475697615610644465248450190        0.477863531475697615610644465248450190        0.477863531475697615610644465248450190         0.00000000000000000000000000000000000         2.66417666308623958865955837639454864E-0002   32.3054587813221397796092291947679364         2542.88408246963700907157760321371468      
   7.31680714342727864769909562452151975E-0002   0.00000000000000000000000000000000000         0.00000000000000000000000000000000000        0.750000000000000000000000000000000000        0.250000000000000000000000000000000000        0.724999999999999999999999999999999981        0.275000000000000000000000000000000019        0.512000024318695068359375000000000000        0.425000011920928955078125000000000000         6.30000010132789611816406250000000000E-0002  0.870056494511586616800702331296776776        0.129943505488413383199297668703223248         0.00000000000000000000000000000000000        0.683022559859958444886526535977552353        0.167811590859605266884724425470909642        0.129098359310438402074632433326122454         2250.00000000000000000000000000000000        0.300000011920928955078125000000000000        -1.00000000000000000000000000000000000         4.50000000000000000000000000000000000         50.0000000000000000000000000000000000        0.484770910469332622253319889860318806        0.484820220786070276613958126447448084        0.484820220786070276613958126447448084        0.484820220786070276613958126447448084        0.484820220786070276613958126447448084         0.00000000000000000000000000000000000         1.01708457328170771120689711733227424E-0002   33.4985745770420151261278734633431534         2550.67124396067238267484223703229283      
   7.66341086800754564190942258342304675E-0002   0.00000000000000000000000000000000000         0.00000000000000000000000000000000000        0.750000000000000000000000000000000000        0.250000000000000000000000000000000000        0.724999999999999999999999999999999981        0.275000000000000000000000000000000019        0.512000024318695068359375000000000000        0.425000011920928955078125000000000000         6.30000010132789611816406250000000000E-0002  0.870056494511586616800702331296776776        0.129943505488413383199297668703223248         0.00000000000000000000000000000000000        0.683022559859958444886526535977552353        0.167811590859605266884724425470909642        0.129098359310438402074632433326122454         2250.00000000000000000000000000000000        0.300000011920928955078125000000000000        -1.00000000000000000000000000000000000         4.50000000000000000000000000000000000         50.0000000000000000000000000000000000        0.491905374887785726134012352572517926        0.491921674029792845702469108652003275        0.491921674029792845702469108652003275        0.491921674029792845702469108652003275        0.491921674029792845702469108652003275         0.00000000000000000000000000000000000         3.31336122549713551740724446185654862E-0003   34.7417941928577861059000553326451007         2558.47626534810645196391456198935654      
   8.02643352225726970636277878857272017E-0002   0.00000000000000000000000000000000000         0.00000000000000000000000000000000000        0.750000000000000000000000000000000000        0.250000000000000000000000000000000000        0.724999999999999999999999999999999981        0.275000000000000000000000000000000019        0.512000024318695068359375000000000000        0.425000011920928955078125000000000000         6.30000010132789611816406250000000000E-0002  0.870056494511586616800702331296776776        0.129943505488413383199297668703223248         0.00000000000000000000000000000000000        0.683022559859958444886526535977552353        0.167811590859605266884724425470909642        0.129098359310438402074632433326122454         2250.00000000000000000000000000000000        0.300000011920928955078125000000000000        -1.00000000000000000000000000000000000         4.50000000000000000000000000000000000         50.0000000000000000000000000000000000        0.499134922321236441929927687899848087        0.499152150642528801791582870471319539        0.499152150642528801791582870471319539        0.499152150642528801791582870471319539        0.499152150642528801791582870471319539         0.00000000000000000000000000000000000         3.45151699139888927388460568933194145E-0003   36.0363815214268029953251833370673553         2566.31059734314711460898886375982126      
   8.40665288561842607476714319551580939E-0002   0.00000000000000000000000000000000000         0.00000000000000000000000000000000000        0.750000000000000000000000000000000000        0.250000000000000000000000000000000000        0.724999999999999999999999999999999981        0.275000000000000000000000000000000019        0.512000024318695068359375000000000000        0.425000011920928955078125000000000000         6.30000010132789611816406250000000000E-0002  0.870056494511586616800702331296776776        0.129943505488413383199297668703223248         0.00000000000000000000000000000000000        0.683022559859958444886526535977552353        0.167811590859605266884724425470909642        0.129098359310438402074632433326122454         2250.00000000000000000000000000000000        0.300000011920928955078125000000000000        -1.00000000000000000000000000000000000         4.50000000000000000000000000000000000         50.0000000000000000000000000000000000        0.506449047907792580254382220947840232        0.506485236047604480920047139593585023        0.506485236047604480920047139593585023        0.506485236047604480920047139593585023        0.506485236047604480920047139593585023         0.00000000000000000000000000000000000         7.14495452903968698297770401213133789E-0003   37.3825780500907592935712712343604603         2574.18998483916045671700504572373387      
   8.80488358164357074743307360856496004E-0002   0.00000000000000000000000000000000000         0.00000000000000000000000000000000000        0.750000000000000000000000000000000000        0.250000000000000000000000000000000000        0.724999999999999999999999999999999981        0.275000000000000000000000000000000019        0.512000024318695068359375000000000000        0.425000011920928955078125000000000000         6.30000010132789611816406250000000000E-0002  0.870056494511586616800702331296776776        0.129943505488413383199297668703223248         0.00000000000000000000000000000000000        0.683022559859958444886526535977552353        0.167811590859605266884724425470909642        0.129098359310438402074632433326122454         2250.00000000000000000000000000000000        0.300000011920928955078125000000000000        -1.00000000000000000000000000000000000         4.50000000000000000000000000000000000         50.0000000000000000000000000000000000        0.513870803050941456909230285439941771        0.513897450262436649498749437785969411        0.513897450262436649498749437785969411        0.513897450262436649498749437785969411        0.513897450262436649498749437785969411         0.00000000000000000000000000000000000         5.18531693075815369392847894836746115E-0003   38.7870267138133448112259826179923377         2582.35361592761773660537447640771430      
   9.22197882333444321945314637778022181E-0002   0.00000000000000000000000000000000000         0.00000000000000000000000000000000000        0.750000000000000000000000000000000000        0.250000000000000000000000000000000000        0.724999999999999999999999999999999981        0.275000000000000000000000000000000019        0.512000024318695068359375000000000000        0.425000011920928955078125000000000000         6.30000010132789611816406250000000000E-0002  0.870056494511586616800702331296776776        0.129943505488413383199297668703223248         0.00000000000000000000000000000000000        0.683022559859958444886526535977552353        0.167811590859605266884724425470909642        0.129098359310438402074632433326122454         2250.00000000000000000000000000000000        0.300000011920928955078125000000000000        -1.00000000000000000000000000000000000         4.50000000000000000000000000000000000         50.0000000000000000000000000000000000        0.521375384788859502945905602080326346        0.521390639411813966139141739197276071        0.521390639411813966139141739197276071        0.521390639411813966139141739197276071        0.521390639411813966139141739197276071         0.00000000000000000000000000000000000         2.92575696634525067363906120499245790E-0003   40.2518360890446444377193933632913787         2591.16107657742533812783776130084857      
   9.65883224115882606340667665118364882E-0002   0.00000000000000000000000000000000000         0.00000000000000000000000000000000000        0.750000000000000000000000000000000000        0.250000000000000000000000000000000000        0.724999999999999999999999999999999981        0.275000000000000000000000000000000019        0.512000024318695068359375000000000000        0.425000011920928955078125000000000000         6.30000010132789611816406250000000000E-0002  0.870056494511586616800702331296776776        0.129943505488413383199297668703223248         0.00000000000000000000000000000000000        0.683022559859958444886526535977552353        0.167811590859605266884724425470909642        0.129098359310438402074632433326122454         2250.00000000000000000000000000000000        0.300000011920928955078125000000000000        -1.00000000000000000000000000000000000         4.50000000000000000000000000000000000         50.0000000000000000000000000000000000        0.528920762891739108216479989284334912        0.528979793160879808343616810995430653        0.528979793160879808343616810995430653        0.528979793160879808343616810995430653        0.528979793160879808343616810995430653         0.00000000000000000000000000000000000         1.11592673111328317363758600715256856E-0002   41.7896324077281611727031797114062765         2605.88679792513333960716803145784489      
  0.101163797976622046355106172347094973         0.00000000000000000000000000000000000         0.00000000000000000000000000000000000        0.750000000000000000000000000000000000        0.250000000000000000000000000000000000        0.724999999999999999999999999999999981        0.275000000000000000000000000000000019        0.512000024318695068359375000000000000        0.425000011920928955078125000000000000         6.30000010132789611816406250000000000E-0002  0.870056494511586616800702331296776776        0.129943505488413383199297668703223248         0.00000000000000000000000000000000000        0.683022559859958444886526535977552353        0.167811590859605266884724425470909642        0.129098359310438402074632433326122454         2250.00000000000000000000000000000000        0.300000011920928955078125000000000000        -1.00000000000000000000000000000000000         4.50000000000000000000000000000000000         50.0000000000000000000000000000000000        0.536468565044729769817128207643896018        0.536504714081887557258110497484560730        0.536504714081887557258110497484560730        0.536504714081887557258110497484560730        0.536504714081887557258110497484560730         0.00000000000000000000000000000000000         6.73787875650799158822904498561711433E-0003   43.4072093157730116760232267833240222         2641.38580437159736085351127100217583      
  0.105956017927763003456833559312410793         0.00000000000000000000000000000000000         0.00000000000000000000000000000000000        0.750000000000000000000000000000000000        0.250000000000000000000000000000000000        0.724999999999999999999999999999999981        0.275000000000000000000000000000000019        0.512000024318695068359375000000000000        0.425000011920928955078125000000000000         6.30000010132789611816406250000000000E-0002  0.870056494511586616800702331296776776        0.129943505488413383199297668703223248         0.00000000000000000000000000000000000        0.683022559859958444886526535977552353        0.167811590859605266884724425470909642        0.129098359310438402074632433326122454         2250.00000000000000000000000000000000        0.300000011920928955078125000000000000        -1.00000000000000000000000000000000000         4.50000000000000000000000000000000000         50.0000000000000000000000000000000000        0.544059172548157018464465981894290766        0.544078477915166736740453297677429307        0.544078477915166736740453297677429307        0.544078477915166736740453297677429307        0.544078477915166736740453297677429307         0.00000000000000000000000000000000000         3.54826882395601544450335920970102529E-0003   45.1108063155166193229821197029894551         2678.10796634943755971336259402740561      
  0.110975249641208698343586493910800654         0.00000000000000000000000000000000000         0.00000000000000000000000000000000000        0.750000000000000000000000000000000000        0.250000000000000000000000000000000000        0.724999999999999999999999999999999981        0.275000000000000000000000000000000019        0.512000024318695068359375000000000000        0.425000011920928955078125000000000000         6.30000010132789611816406250000000000E-0002  0.870056494511586616800702331296776776        0.129943505488413383199297668703223248         0.00000000000000000000000000000000000        0.683022559859958444886526535977552353        0.167811590859605266884724425470909642        0.129098359310438402074632433326122454         2250.00000000000000000000000000000000        0.300000011920928955078125000000000000        -1.00000000000000000000000000000000000         4.50000000000000000000000000000000000         50.0000000000000000000000000000000000        0.551709283355122707052394678534259949        0.551942351918536835677757231891008749        0.551942351918536835677757231891008749        0.551942351918536835677757231891008749        0.551942351918536835677757231891008749         0.00000000000000000000000000000000000         4.22269758071632915845994888339131808E-0002   46.8949538024876643643303093621845448         2715.64809619439277951634111510582255      
  0.116232246867986863621532357708454707         0.00000000000000000000000000000000000         0.00000000000000000000000000000000000        0.750000000000000000000000000000000000        0.250000000000000000000000000000000000        0.724999999999999999999999999999999981        0.275000000000000000000000000000000019        0.512000024318695068359375000000000000        0.425000011920928955078125000000000000         6.30000010132789611816406250000000000E-0002  0.870056494511586616800702331296776776        0.129943505488413383199297668703223248         0.00000000000000000000000000000000000        0.683022559859958444886526535977552353        0.167811590859605266884724425470909642        0.129098359310438402074632433326122454         2250.00000000000000000000000000000000        0.300000011920928955078125000000000000        -1.00000000000000000000000000000000000         4.50000000000000000000000000000000000         50.0000000000000000000000000000000000        0.559429642207283787954440192129381337        0.559482579936686114636613344155560527        0.559482579936686114636613344155560527        0.559482579936686114636613344155560527        0.559482579936686114636613344155560527         0.00000000000000000000000000000000000         9.46190843123612249562684891491391208E-0003   48.7586751510684928178150718359008617         2754.28748148366006120512384001164639      
  0.121738272773967847946541636711935559         0.00000000000000000000000000000000000         0.00000000000000000000000000000000000        0.750000000000000000000000000000000000        0.250000000000000000000000000000000000        0.724999999999999999999999999999999981        0.275000000000000000000000000000000019        0.512000024318695068359375000000000000        0.425000011920928955078125000000000000         6.30000010132789611816406250000000000E-0002  0.870056494511586616800702331296776776        0.129943505488413383199297668703223248         0.00000000000000000000000000000000000        0.683022559859958444886526535977552353        0.167811590859605266884724425470909642        0.129098359310438402074632433326122454         2250.00000000000000000000000000000000        0.300000011920928955078125000000000000        -1.00000000000000000000000000000000000         4.50000000000000000000000000000000000         50.0000000000000000000000000000000000        0.567015142006620737802064898706890044        0.566920084002947465724861804645952171        0.566920084002947465724861804645952171        0.566920084002947465724861804645952171        0.566920084002947465724861804645952171         0.00000000000000000000000000000000000        -1.67674433056031690277400319361250266E-0002   50.7967813487292505963904879348674392         2796.16361602759719808379057826115983      
  0.127505124071303144618257819009567858         0.00000000000000000000000000000000000         0.00000000000000000000000000000000000        0.750000000000000000000000000000000000        0.250000000000000000000000000000000000        0.724999999999999999999999999999999981        0.275000000000000000000000000000000019        0.512000024318695068359375000000000000        0.425000011920928955078125000000000000         6.30000010132789611816406250000000000E-0002  0.870056494511586616800702331296776776        0.129943505488413383199297668703223248         0.00000000000000000000000000000000000        0.683022559859958444886526535977552353        0.167811590859605266884724425470909642        0.129098359310438402074632433326122454         2250.00000000000000000000000000000000        0.300000011920928955078125000000000000        -1.00000000000000000000000000000000000         4.50000000000000000000000000000000000         50.0000000000000000000000000000000000        0.574665750941078876134254469938252537        0.574662073318053340418191259773843091        0.574662073318053340418191259773843091        0.574662073318053340418191259773843091        0.574662073318053340418191259773843091         0.00000000000000000000000000000000000        -6.39962718315724528452731671347895227E-0004   52.9048559439862550800288657981670305         2838.40920339599202120172720329277683      
  0.133545156292991832326932402316673282         0.00000000000000000000000000000000000         0.00000000000000000000000000000000000        0.750000000000000000000000000000000000        0.250000000000000000000000000000000000        0.724999999999999999999999999999999981        0.275000000000000000000000000000000019        0.512000024318695068359375000000000000        0.425000011920928955078125000000000000         6.30000010132789611816406250000000000E-0002  0.870056494511586616800702331296776776        0.129943505488413383199297668703223248         0.00000000000000000000000000000000000        0.683022559859958444886526535977552353        0.167811590859605266884724425470909642        0.129098359310438402074632433326122454         2250.00000000000000000000000000000000        0.300000011920928955078125000000000000        -1.00000000000000000000000000000000000         4.50000000000000000000000000000000000         50.0000000000000000000000000000000000        0.582326952662192912557884012923450713        0.582282622756010671502184321070400067        0.582282622756010671502184321070400067        0.582282622756010671502184321070400067        0.582282622756010671502184321070400067         0.00000000000000000000000000000000000        -7.61312538787822785693411745425146631E-0003   55.1607371601226026713805000708009981         2882.44962338781775359622206636586970      
  0.139871310264725923734212542400487802         0.00000000000000000000000000000000000         0.00000000000000000000000000000000000        0.750000000000000000000000000000000000        0.250000000000000000000000000000000000        0.724999999999999999999999999999999981        0.275000000000000000000000000000000019        0.512000024318695068359375000000000000        0.425000011920928955078125000000000000         6.30000010132789611816406250000000000E-0002  0.870056494511586616800702331296776776        0.129943505488413383199297668703223248         0.00000000000000000000000000000000000        0.683022559859958444886526535977552353        0.167811590859605266884724425470909642        0.129098359310438402074632433326122454         2250.00000000000000000000000000000000        0.300000011920928955078125000000000000        -1.00000000000000000000000000000000000         4.50000000000000000000000000000000000         50.0000000000000000000000000000000000        0.590067734297877177109621237108346800        0.590066743444198500488527307419862597        0.590066743444198500488527307419862597        0.590066743444198500488527307419862597        0.590066743444198500488527307419862597         0.00000000000000000000000000000000000        -1.67922305346856793044712315786630304E-0004   57.5105528321291356307192850888561153         2927.08634432676412728630084032809792      
  0.146497139830730798859885014704254904         0.00000000000000000000000000000000000         0.00000000000000000000000000000000000        0.750000000000000000000000000000000000        0.250000000000000000000000000000000000        0.724999999999999999999999999999999981        0.275000000000000000000000000000000019        0.512000024318695068359375000000000000        0.425000011920928955078125000000000000         6.30000010132789611816406250000000000E-0002  0.870056494511586616800702331296776776        0.129943505488413383199297668703223248         0.00000000000000000000000000000000000        0.683022559859958444886526535977552353        0.167811590859605266884724425470909642        0.129098359310438402074632433326122454         2250.00000000000000000000000000000000        0.300000011920928955078125000000000000        -1.00000000000000000000000000000000000         4.50000000000000000000000000000000000         50.0000000000000000000000000000000000        0.597866064776805978127828241205413382        0.597859289138784301071610210226852706        0.597859289138784301071610210226852706        0.597859289138784301071610210226852706        0.597859289138784301071610210226852706         0.00000000000000000000000000000000000        -1.13331650854457006232418367458364556E-0003   59.9230901750298084103835414744319657         2972.02675096725966511971414274803740      
  0.153436840893003596478571043987610540         0.00000000000000000000000000000000000         0.00000000000000000000000000000000000        0.750000000000000000000000000000000000        0.250000000000000000000000000000000000        0.724999999999999999999999999999999981        0.275000000000000000000000000000000019        0.512000024318695068359375000000000000        0.425000011920928955078125000000000000         6.30000010132789611816406250000000000E-0002  0.870056494511586616800702331296776776        0.129943505488413383199297668703223248         0.00000000000000000000000000000000000        0.683022559859958444886526535977552353        0.167811590859605266884724425470909642        0.129098359310438402074632433326122454         2250.00000000000000000000000000000000        0.300000011920928955078125000000000000        -1.00000000000000000000000000000000000         4.50000000000000000000000000000000000         50.0000000000000000000000000000000000        0.605779630028011950634216680348474332        0.606056232605946370217088495544934424        0.606056232605946370217088495544934424        0.606056232605946370217088495544934424        0.606056232605946370217088495544934424         0.00000000000000000000000000000000000         4.56397547047857344468628721967287446E-0002   62.4662509392450742907570699914518732         3017.50725174381160816321640204354940      
  0.160705281826166404175411117660175785         0.00000000000000000000000000000000000         0.00000000000000000000000000000000000        0.750000000000000000000000000000000000        0.250000000000000000000000000000000000        0.724999999999999999999999999999999981        0.275000000000000000000000000000000019        0.512000024318695068359375000000000000        0.425000011920928955078125000000000000         6.30000010132789611816406250000000000E-0002  0.870056494511586616800702331296776776        0.129943505488413383199297668703223248         0.00000000000000000000000000000000000        0.683022559859958444886526535977552353        0.167811590859605266884724425470909642        0.129098359310438402074632433326122454         2250.00000000000000000000000000000000        0.300000011920928955078125000000000000        -1.00000000000000000000000000000000000         4.50000000000000000000000000000000000         50.0000000000000000000000000000000000        0.613777555182461020971943404844035262        0.613723290658259666329766946377006915        0.613723290658259666329766946377006915        0.613723290658259666329766946377006915        0.613723290658259666329766946377006915         0.00000000000000000000000000000000000        -8.84185512059551726679054370296624825E-0003   65.0685779204624131537140085438869072         3063.72657695113349204547130736108395      
  0.168318035333098355319523878900328206         0.00000000000000000000000000000000000         0.00000000000000000000000000000000000        0.750000000000000000000000000000000000        0.250000000000000000000000000000000000        0.724999999999999999999999999999999981        0.275000000000000000000000000000000019        0.512000024318695068359375000000000000        0.425000011920928955078125000000000000         6.30000010132789611816406250000000000E-0002  0.870056494511586616800702331296776776        0.129943505488413383199297668703223248         0.00000000000000000000000000000000000        0.683022559859958444886526535977552353        0.167811590859605266884724425470909642        0.129098359310438402074632433326122454         2250.00000000000000000000000000000000        0.300000011920928955078125000000000000        -1.00000000000000000000000000000000000         4.50000000000000000000000000000000000         50.0000000000000000000000000000000000        0.621876098780392254576499064962005867        0.621882750377630749639532404288490153        0.621882750377630749639532404288490153        0.621882750377630749639532404288490153        0.621882750377630749639532404288490153         0.00000000000000000000000000000000000         1.06959024582302071732437278890306359E-0003   67.7902519368337704429509800789557875         3110.35115788146308766718215041210746      
  0.176291411809597623536968597048402244         0.00000000000000000000000000000000000         0.00000000000000000000000000000000000        0.750000000000000000000000000000000000        0.250000000000000000000000000000000000        0.724999999999999999999999999999999981        0.275000000000000000000000000000000019        0.512000024318695068359375000000000000        0.425000011920928955078125000000000000         6.30000010132789611816406250000000000E-0002  0.870056494511586616800702331296776776        0.129943505488413383199297668703223248         0.00000000000000000000000000000000000        0.683022559859958444886526535977552353        0.167811590859605266884724425470909642        0.129098359310438402074632433326122454         2250.00000000000000000000000000000000        0.300000011920928955078125000000000000        -1.00000000000000000000000000000000000         4.50000000000000000000000000000000000         50.0000000000000000000000000000000000        0.630073098515806892654452276693428165        0.630070451498371628095519528245789476        0.630070451498371628095519528245789476        0.630070451498371628095519528245789476        0.630070451498371628095519528245789476         0.00000000000000000000000000000000000        -4.20114517189257519008253522300781239E-0004   70.6114113582367072059353911943387388         3157.53854117415158048464385367086514      
  0.184642494289557415975419190134436407         0.00000000000000000000000000000000000         0.00000000000000000000000000000000000        0.750000000000000000000000000000000000        0.250000000000000000000000000000000000        0.724999999999999999999999999999999981        0.275000000000000000000000000000000019        0.512000024318695068359375000000000000        0.425000011920928955078125000000000000         6.30000010132789611816406250000000000E-0002  0.870056494511586616800702331296776776        0.129943505488413383199297668703223248         0.00000000000000000000000000000000000        0.683022559859958444886526535977552353        0.167811590859605266884724425470909642        0.129098359310438402074632433326122454         2250.00000000000000000000000000000000        0.300000011920928955078125000000000000        -1.00000000000000000000000000000000000         4.50000000000000000000000000000000000         50.0000000000000000000000000000000000        0.638371625527799228406945905314553508        0.638363115818847732083891962258280870        0.638363115818847732083891962258280870        0.638363115818847732083891962258280870        0.638363115818847732083891962258280870         0.00000000000000000000000000000000000        -1.33305147816703997026229362604460937E-0003   73.5423396674343399546058200707967704         3205.29521939795445681713741138041090      
  0.193389175045526332720793931968250954         0.00000000000000000000000000000000000         0.00000000000000000000000000000000000        0.750000000000000000000000000000000000        0.250000000000000000000000000000000000        0.724999999999999999999999999999999981        0.275000000000000000000000000000000019        0.512000024318695068359375000000000000        0.425000011920928955078125000000000000         6.30000010132789611816406250000000000E-0002  0.870056494511586616800702331296776776        0.129943505488413383199297668703223248         0.00000000000000000000000000000000000        0.683022559859958444886526535977552353        0.167811590859605266884724425470909642        0.129098359310438402074632433326122454         2250.00000000000000000000000000000000        0.300000011920928955078125000000000000        -1.00000000000000000000000000000000000         4.50000000000000000000000000000000000         50.0000000000000000000000000000000000        0.646774630499991559788146537422031666        0.646857045405830704995490450893758189        0.646857045405830704995490450893758189        0.646857045405830704995490450893758189        0.646857045405830704995490450893758189         0.00000000000000000000000000000000000         1.27408221684343004899227488847518247E-0002   76.5932130963853150161819102693363652         3253.53191748150673425472138907717105      
  0.202550193923070136258493621901443151         0.00000000000000000000000000000000000         0.00000000000000000000000000000000000        0.750000000000000000000000000000000000        0.250000000000000000000000000000000000        0.724999999999999999999999999999999981        0.275000000000000000000000000000000019        0.512000024318695068359375000000000000        0.425000011920928955078125000000000000         6.30000010132789611816406250000000000E-0002  0.870056494511586616800702331296776776        0.129943505488413383199297668703223248         0.00000000000000000000000000000000000        0.683022559859958444886526535977552353        0.167811590859605266884724425470909642        0.129098359310438402074632433326122454         2250.00000000000000000000000000000000        0.300000011920928955078125000000000000        -1.00000000000000000000000000000000000         4.50000000000000000000000000000000000         50.0000000000000000000000000000000000        0.655289894574703848808923468044283716        0.655320713244823633005456197964038532        0.655320713244823633005456197964038532        0.655320713244823633005456197964038532        0.655320713244823633005456197964038532         0.00000000000000000000000000000000000         4.70283778566763205781732608019692013E-0003   79.7552235831523361170848856007785829         3302.58157369930443869069970014194723      
  0.212145178491066660656421546258877797         0.00000000000000000000000000000000000         0.00000000000000000000000000000000000        0.750000000000000000000000000000000000        0.250000000000000000000000000000000000        0.724999999999999999999999999999999981        0.275000000000000000000000000000000019        0.512000024318695068359375000000000000        0.425000011920928955078125000000000000         6.30000010132789611816406250000000000E-0002  0.870056494511586616800702331296776776        0.129943505488413383199297668703223248         0.00000000000000000000000000000000000        0.683022559859958444886526535977552353        0.167811590859605266884724425470909642        0.129098359310438402074632433326122454         2250.00000000000000000000000000000000        0.300000011920928955078125000000000000        -1.00000000000000000000000000000000000         4.50000000000000000000000000000000000         50.0000000000000000000000000000000000        0.663912767518815267156209907915979651        0.663883387012586703682636412224454155        0.663883387012586703682636412224454155        0.663883387012586703682636412224454155        0.663883387012586703682636412224454155         0.00000000000000000000000000000000000        -4.42555225862376375813460374095029444E-0003   83.0446928520766464375270768157279981         3352.23072470871105040390090243794715      
  0.222194686093956243932729053068759355         0.00000000000000000000000000000000000         0.00000000000000000000000000000000000        0.750000000000000000000000000000000000        0.250000000000000000000000000000000000        0.724999999999999999999999999999999981        0.275000000000000000000000000000000019        0.512000024318695068359375000000000000        0.425000011920928955078125000000000000         6.30000010132789611816406250000000000E-0002  0.870056494511586616800702331296776776        0.129943505488413383199297668703223248         0.00000000000000000000000000000000000        0.683022559859958444886526535977552353        0.167811590859605266884724425470909642        0.129098359310438402074632433326122454         2250.00000000000000000000000000000000        0.300000011920928955078125000000000000        -1.00000000000000000000000000000000000         4.50000000000000000000000000000000000         50.0000000000000000000000000000000000        0.672655529323962992724609626602686392        0.672694819335957542066509552525722971        0.672694819335957542066509552525722971        0.672694819335957542066509552525722971        0.672694819335957542066509552525722971         0.00000000000000000000000000000000000         5.84068895213642292918837301026815219E-0003   86.4719110949312381082448492524714114         3402.50701622170919891710947734480200      
  0.232720247896045024620482335420595173         0.00000000000000000000000000000000000         0.00000000000000000000000000000000000        0.750000000000000000000000000000000000        0.250000000000000000000000000000000000        0.724999999999999999999999999999999981        0.275000000000000000000000000000000019        0.512000024318695068359375000000000000        0.425000011920928955078125000000000000         6.30000010132789611816406250000000000E-0002  0.870056494511586616800702331296776776        0.129943505488413383199297668703223248         0.00000000000000000000000000000000000        0.683022559859958444886526535977552353        0.167811590859605266884724425470909642        0.129098359310438402074632433326122454         2250.00000000000000000000000000000000        0.300000011920928955078125000000000000        -1.00000000000000000000000000000000000         4.50000000000000000000000000000000000         50.0000000000000000000000000000000000        0.681505969194428724597927030156248564        0.681754613336003974761228291078375279        0.681754613336003974761228291078375279        0.681754613336003974761228291078375279        0.681754613336003974761228291078375279         0.00000000000000000000000000000000000         3.64712077793752244869861795514448931E-0002   90.0470175423645598358536285157824482         3453.25479130537043116368737711418270      
  0.243744415012226435488952487885240485         0.00000000000000000000000000000000000         0.00000000000000000000000000000000000        0.750000000000000000000000000000000000        0.250000000000000000000000000000000000        0.724999999999999999999999999999999981        0.275000000000000000000000000000000019        0.512000024318695068359375000000000000        0.425000011920928955078125000000000000         6.30000010132789611816406250000000000E-0002  0.870056494511586616800702331296776776        0.129943505488413383199297668703223248         0.00000000000000000000000000000000000        0.683022559859958444886526535977552353        0.167811590859605266884724425470909642        0.129098359310438402074632433326122454         2250.00000000000000000000000000000000        0.300000011920928955078125000000000000        -1.00000000000000000000000000000000000         4.50000000000000000000000000000000000         50.0000000000000000000000000000000000        0.690489648861841271818918488454374742        0.690556806976740516217125463983631121        0.690556806976740516217125463983631121        0.690556806976740516217125463983631121        0.690556806976740516217125463983631121         0.00000000000000000000000000000000000         9.72521220857452678233885772269752185E-0003   93.7431734601241092114086029089654036         3505.13048148939003197393696823144820      
  0.255290806823956397939774451911334331         0.00000000000000000000000000000000000         0.00000000000000000000000000000000000        0.750000000000000000000000000000000000        0.250000000000000000000000000000000000        0.724999999999999999999999999999999981        0.275000000000000000000000000000000019        0.512000024318695068359375000000000000        0.425000011920928955078125000000000000         6.30000010132789611816406250000000000E-0002  0.870056494511586616800702331296776776        0.129943505488413383199297668703223248         0.00000000000000000000000000000000000        0.683022559859958444886526535977552353        0.167811590859605266884724425470909642        0.129098359310438402074632433326122454         2250.00000000000000000000000000000000        0.300000011920928955078125000000000000        -1.00000000000000000000000000000000000         4.50000000000000000000000000000000000         50.0000000000000000000000000000000000        0.699587222293246100701598546409231721        0.699587222293246100701598546409231721        0.699587222293246100701598546409231721        0.699587222293246100701598546409231721        0.699587222293246100701598546409231721         0.00000000000000000000000000000000000         0.00000000000000000000000000000000000         97.5040076812785036148419978524970913         3556.74092196087448913895662373354858      
  0.267384161583999647148154120888094587         0.00000000000000000000000000000000000         0.00000000000000000000000000000000000        0.750000000000000000000000000000000000        0.250000000000000000000000000000000000        0.724999999999999999999999999999999981        0.275000000000000000000000000000000019        0.512000024318695068359375000000000000        0.425000011920928955078125000000000000         6.30000010132789611816406250000000000E-0002  0.870056494511586616800702331296776776        0.129943505488413383199297668703223248         0.00000000000000000000000000000000000        0.683022559859958444886526535977552353        0.167811590859605266884724425470909642        0.129098359310438402074632433326122454         2250.00000000000000000000000000000000        0.300000011920928955078125000000000000        -1.00000000000000000000000000000000000         4.50000000000000000000000000000000000         50.0000000000000000000000000000000000        0.708816519689470758993998868521002383        0.708816604249870379167787984627201587        0.708816604249870379167787984627201587        0.708816604249870379167787984627201587        0.708816604249870379167787984627201587         0.00000000000000000000000000000000000         1.19297994873670811897438630239026801E-0005   101.465411869056077988138153283562883         3609.54718191689777716422349890095258      
  0.280050389418368331636181818145177102         0.00000000000000000000000000000000000         0.00000000000000000000000000000000000        0.750000000000000000000000000000000000        0.250000000000000000000000000000000000        0.724999999999999999999999999999999981        0.275000000000000000000000000000000019        0.512000024318695068359375000000000000        0.425000011920928955078125000000000000         6.30000010132789611816406250000000000E-0002  0.870056494511586616800702331296776776        0.129943505488413383199297668703223248         0.00000000000000000000000000000000000        0.683022559859958444886526535977552353        0.167811590859605266884724425470909642        0.129098359310438402074632433326122454         2250.00000000000000000000000000000000        0.300000011920928955078125000000000000        -1.00000000000000000000000000000000000         4.50000000000000000000000000000000000         50.0000000000000000000000000000000000        0.718192329603608283473689176526362380        0.718196831391444294759968572551754468        0.718196831391444294759968572551754468        0.718196831391444294759968572551754468        0.718196831391444294759968572551754468         0.00000000000000000000000000000000000         6.26818114372554580676316839346041937E-0004   105.296435002458570646274038729331465         3660.76456673110326256413572490719307      
  0.293316627839010037899556840640473318         0.00000000000000000000000000000000000         0.00000000000000000000000000000000000        0.750000000000000000000000000000000000        0.250000000000000000000000000000000000        0.724999999999999999999999999999999981        0.275000000000000000000000000000000019        0.512000024318695068359375000000000000        0.425000011920928955078125000000000000         6.30000010132789611816406250000000000E-0002  0.870056494511586616800702331296776776        0.129943505488413383199297668703223248         0.00000000000000000000000000000000000        0.683022559859958444886526535977552353        0.167811590859605266884724425470909642        0.129098359310438402074632433326122454         2250.00000000000000000000000000000000        0.300000011920928955078125000000000000        -1.00000000000000000000000000000000000         4.50000000000000000000000000000000000         50.0000000000000000000000000000000000        0.727708819780720134675343971464740415        0.727703993007073582058602910419256522        0.727703993007073582058602910419256522        0.727703993007073582058602910419256522        0.727703993007073582058602910419256522         0.00000000000000000000000000000000000        -6.63288052963273834385814449671913299E-0004   109.321700470655422379454808189334432         3713.30327002739353330162677417935063      
  0.307211299886181694903675457144820827         0.00000000000000000000000000000000000         0.00000000000000000000000000000000000        0.750000000000000000000000000000000000        0.250000000000000000000000000000000000        0.724999999999999999999999999999999981        0.275000000000000000000000000000000019        0.512000024318695068359375000000000000        0.425000011920928955078125000000000000         6.30000010132789611816406250000000000E-0002  0.870056494511586616800702331296776776        0.129943505488413383199297668703223248         0.00000000000000000000000000000000000        0.683022559859958444886526535977552353        0.167811590859605266884724425470909642        0.129098359310438402074632433326122454         2250.00000000000000000000000000000000        0.300000011920928955078125000000000000        -1.00000000000000000000000000000000000         4.50000000000000000000000000000000000         50.0000000000000000000000000000000000        0.737369751006220880808652704155464273        0.737599748352877556270697879372142696        0.737599748352877556270697879372142696        0.737599748352877556270697879372142696        0.737599748352877556270697879372142696         0.00000000000000000000000000000000000         3.11818634930772324709551563347337209E-0002   113.554760350713080076629867532744790         3766.50853567096658718400892926762605      
  0.321764175025079939929779942085648449         0.00000000000000000000000000000000000         0.00000000000000000000000000000000000        0.750000000000000000000000000000000000        0.250000000000000000000000000000000000        0.724999999999999999999999999999999981        0.275000000000000000000000000000000019        0.512000024318695068359375000000000000        0.425000011920928955078125000000000000         6.30000010132789611816406250000000000E-0002  0.870056494511586616800702331296776776        0.129943505488413383199297668703223248         0.00000000000000000000000000000000000        0.683022559859958444886526535977552353        0.167811590859605266884724425470909642        0.129098359310438402074632433326122454         2250.00000000000000000000000000000000        0.300000011920928955078125000000000000        -1.00000000000000000000000000000000000         4.50000000000000000000000000000000000         50.0000000000000000000000000000000000        0.747150668214835806838118506344347607        0.747189529684715713861417308864800237        0.747189529684715713861417308864800237        0.747189529684715713861417308864800237        0.747189529684715713861417308864800237         0.00000000000000000000000000000000000         5.20101906357079429703910566591181611E-0003   117.970690346401041663116304104055640         3822.21943104832088604203729317380915      
  0.337006432927199547555937678304493054         0.00000000000000000000000000000000000         0.00000000000000000000000000000000000        0.750000000000000000000000000000000000        0.250000000000000000000000000000000000        0.724999999999999999999999999999999981        0.275000000000000000000000000000000019        0.512000024318695068359375000000000000        0.425000011920928955078125000000000000         6.30000010132789611816406250000000000E-0002  0.870056494511586616800702331296776776        0.129943505488413383199297668703223248         0.00000000000000000000000000000000000        0.683022559859958444886526535977552353        0.167811590859605266884724425470909642        0.129098359310438402074632433326122454         2250.00000000000000000000000000000000        0.300000011920928955078125000000000000        -1.00000000000000000000000000000000000         4.50000000000000000000000000000000000         50.0000000000000000000000000000000000        0.757080263062989951428569294285057858        0.757081221128985412882364026697799616        0.757081221128985412882364026697799616        0.757081221128985412882364026697799616        0.757081221128985412882364026697799616         0.00000000000000000000000000000000000         1.26547319986718599582854714935846483E-0004   122.611972836030039851740905162733234         3878.61957395461773559233071467828625      
  0.352970730273072080492371624264509206         0.00000000000000000000000000000000000         0.00000000000000000000000000000000000        0.750000000000000000000000000000000000        0.250000000000000000000000000000000000        0.724999999999999999999999999999999981        0.275000000000000000000000000000000019        0.512000024318695068359375000000000000        0.425000011920928955078125000000000000         6.30000010132789611816406250000000000E-0002  0.870056494511586616800702331296776776        0.129943505488413383199297668703223248         0.00000000000000000000000000000000000        0.683022559859958444886526535977552353        0.167811590859605266884724425470909642        0.129098359310438402074632433326122454         2250.00000000000000000000000000000000        0.300000011920928955078125000000000000        -1.00000000000000000000000000000000000         4.50000000000000000000000000000000000         50.0000000000000000000000000000000000        0.767145112421107264329928754112394669        0.767142472019153094603561084225022059        0.767142472019153094603561084225022059        0.767142472019153094603561084225022059        0.767142472019153094603561084225022059         0.00000000000000000000000000000000000        -3.44186647262544469511116722996051030E-0004   127.470291030626813210832053400821340         3936.29562093346054437985716287670608      
  0.369691270719510256457304422777255813         0.00000000000000000000000000000000000         0.00000000000000000000000000000000000        0.750000000000000000000000000000000000        0.250000000000000000000000000000000000        0.724999999999999999999999999999999981        0.275000000000000000000000000000000019        0.512000024318695068359375000000000000        0.425000011920928955078125000000000000         6.30000010132789611816406250000000000E-0002  0.870056494511586616800702331296776776        0.129943505488413383199297668703223248         0.00000000000000000000000000000000000        0.683022559859958444886526535977552353        0.167811590859605266884724425470909642        0.129098359310438402074632433326122454         2250.00000000000000000000000000000000        0.300000011920928955078125000000000000        -1.00000000000000000000000000000000000         4.50000000000000000000000000000000000         50.0000000000000000000000000000000000        0.777358299000962629739922943854742090        0.777289481770513641703064359502789429        0.777289481770513641703064359502789429        0.777289481770513641703064359502789429        0.777289481770513641703064359502789429         0.00000000000000000000000000000000000        -8.85348792990686369421198051507198815E-0003   132.573498147784509649017897272899693         3995.48733514215131830228241840684911      
  0.387203878181263508459966947142191053         0.00000000000000000000000000000000000         0.00000000000000000000000000000000000        0.750000000000000000000000000000000000        0.250000000000000000000000000000000000        0.724999999999999999999999999999999981        0.275000000000000000000000000000000019        0.512000024318695068359375000000000000        0.425000011920928955078125000000000000         6.30000010132789611816406250000000000E-0002  0.870056494511586616800702331296776776        0.129943505488413383199297668703223248         0.00000000000000000000000000000000000        0.683022559859958444886526535977552353        0.167811590859605266884724425470909642        0.129098359310438402074632433326122454         2250.00000000000000000000000000000000        0.300000011920928955078125000000000000        -1.00000000000000000000000000000000000         4.50000000000000000000000000000000000         50.0000000000000000000000000000000000        0.787693722625270484404690799535240528        0.787680411527667391548382181507244124        0.787680411527667391548382181507244124        0.787680411527667391548382181507244124        0.787680411527667391548382181507244124         0.00000000000000000000000000000000000        -1.68991095986208894399222471971812088E-0003   137.883814561171558211357670829782670         4055.73876153434582963773857535871423      
  0.405546073584091372929320306957881816         0.00000000000000000000000000000000000         0.00000000000000000000000000000000000        0.750000000000000000000000000000000000        0.250000000000000000000000000000000000        0.724999999999999999999999999999999981        0.275000000000000000000000000000000019        0.512000024318695068359375000000000000        0.425000011920928955078125000000000000         6.30000010132789611816406250000000000E-0002  0.870056494511586616800702331296776776        0.129943505488413383199297668703223248         0.00000000000000000000000000000000000        0.683022559859958444886526535977552353        0.167811590859605266884724425470909642        0.129098359310438402074632433326122454         2250.00000000000000000000000000000000        0.300000011920928955078125000000000000        -1.00000000000000000000000000000000000         4.50000000000000000000000000000000000         50.0000000000000000000000000000000000        0.798200540878618512141119125816008333        0.798206854581968662895064274881613735        0.798206854581968662895064274881613735        0.798206854581968662895064274881613735        0.798206854581968662895064274881613735         0.00000000000000000000000000000000000         7.90985859606194776462025161589476560E-0004   143.503640052382692077203863910420587         4117.87480217306473506232736694336293      
  0.424757155253698885385985478437553801         0.00000000000000000000000000000000000         0.00000000000000000000000000000000000        0.750000000000000000000000000000000000        0.250000000000000000000000000000000000        0.724999999999999999999999999999999981        0.275000000000000000000000000000000019        0.512000024318695068359375000000000000        0.425000011920928955078125000000000000         6.30000010132789611816406250000000000E-0002  0.870056494511586616800702331296776776        0.129943505488413383199297668703223248         0.00000000000000000000000000000000000        0.683022559859958444886526535977552353        0.167811590859605266884724425470909642        0.129098359310438402074632433326122454         2250.00000000000000000000000000000000        0.300000011920928955078125000000000000        -1.00000000000000000000000000000000000         4.50000000000000000000000000000000000         50.0000000000000000000000000000000000        0.808803578023780780457456972551237328        0.808805270499126616740189709146513859        0.808805270499126616740189709146513859        0.808805270499126616740189709146513859        0.808805270499126616740189709146513859         0.00000000000000000000000000000000000         2.09256221190525778298892146399999079E-0004   149.298294370567202279382350473801775         4180.70393735364587496304830610083629      
  0.444878283112768031811350146623921564         0.00000000000000000000000000000000000         0.00000000000000000000000000000000000        0.750000000000000000000000000000000000        0.250000000000000000000000000000000000        0.724999999999999999999999999999999981        0.275000000000000000000000000000000019        0.512000024318695068359375000000000000        0.425000011920928955078125000000000000         6.30000010132789611816406250000000000E-0002  0.870056494511586616800702331296776776        0.129943505488413383199297668703223248         0.00000000000000000000000000000000000        0.683022559859958444886526535977552353        0.167811590859605266884724425470909642        0.129098359310438402074632433326122454         2250.00000000000000000000000000000000        0.300000011920928955078125000000000000        -1.00000000000000000000000000000000000         4.50000000000000000000000000000000000         50.0000000000000000000000000000000000        0.819566818315659617585397113498995593        0.819628145757711214216291926037048653        0.819628145757711214216291926037048653        0.819628145757711214216291926037048653        0.819628145757711214216291926037048653         0.00000000000000000000000000000000000         7.48234944944478816421297973573690277E-0003   155.382079405778568940284483209975615         4245.13089106599446648971350018602175      
  0.465952566866478185388067003418371743         0.00000000000000000000000000000000000         0.00000000000000000000000000000000000        0.750000000000000000000000000000000000        0.250000000000000000000000000000000000        0.724999999999999999999999999999999981        0.275000000000000000000000000000000019        0.512000024318695068359375000000000000        0.425000011920928955078125000000000000         6.30000010132789611816406250000000000E-0002  0.870056494511586616800702331296776776        0.129943505488413383199297668703223248         0.00000000000000000000000000000000000        0.683022559859958444886526535977552353        0.167811590859605266884724425470909642        0.129098359310438402074632433326122454         2250.00000000000000000000000000000000        0.300000011920928955078125000000000000        -1.00000000000000000000000000000000000         4.50000000000000000000000000000000000         50.0000000000000000000000000000000000        0.830462004293904738832440128355891952        0.830736892187810207932068554078360639        0.830736892187810207932068554078360639        0.830736892187810207932068554078360639        0.830736892187810207932068554078360639         0.00000000000000000000000000000000000         3.30896456496027826978848147567428116E-0002   161.816985111056448374120291224770939         4310.41746747465459159784764452705615      
  0.488025158365453833350361152141345848         0.00000000000000000000000000000000000         0.00000000000000000000000000000000000        0.750000000000000000000000000000000000        0.250000000000000000000000000000000000        0.724999999999999999999999999999999981        0.275000000000000000000000000000000019        0.512000024318695068359375000000000000        0.425000011920928955078125000000000000         6.30000010132789611816406250000000000E-0002  0.870056494511586616800702331296776776        0.129943505488413383199297668703223248         0.00000000000000000000000000000000000        0.683022559859958444886526535977552353        0.167811590859605266884724425470909642        0.129098359310438402074632433326122454         2250.00000000000000000000000000000000        0.300000011920928955078125000000000000        -1.00000000000000000000000000000000000         4.50000000000000000000000000000000000         50.0000000000000000000000000000000000        0.841539173960453296909095856106256793        0.841547568436857665306312485285094419        0.841547568436857665306312485285094419        0.841547568436857665306312485285094419        0.841547568436857665306312485285094419         0.00000000000000000000000000000000000         9.97504682945114464093373409053233602E-0004   168.507951928013217839602388919114999         4379.12005444071286646431846575546598      
  0.511143348344028075836959282509472174         0.00000000000000000000000000000000000         0.00000000000000000000000000000000000        0.750000000000000000000000000000000000        0.250000000000000000000000000000000000        0.724999999999999999999999999999999981        0.275000000000000000000000000000000019        0.512000024318695068359375000000000000        0.425000011920928955078125000000000000         6.30000010132789611816406250000000000E-0002  0.870056494511586616800702331296776776        0.129943505488413383199297668703223248         0.00000000000000000000000000000000000        0.683022559859958444886526535977552353        0.167811590859605266884724425470909642        0.129098359310438402074632433326122454         2250.00000000000000000000000000000000        0.300000011920928955078125000000000000        -1.00000000000000000000000000000000000         4.50000000000000000000000000000000000         50.0000000000000000000000000000000000        0.852759167021704022461738008212918363        0.852768668033002523395106203827732952        0.852768668033002523395106203827732952        0.852768668033002523395106203827732952        0.852768668033002523395106203827732952         0.00000000000000000000000000000000000         1.11413700510549715018752747105169759E-0003   175.564276019920563490766765124182761         4448.66798096326407677990187766626511      
  0.535356667741084533722548138030577650         0.00000000000000000000000000000000000         0.00000000000000000000000000000000000        0.750000000000000000000000000000000000        0.250000000000000000000000000000000000        0.724999999999999999999999999999999981        0.275000000000000000000000000000000019        0.512000024318695068359375000000000000        0.425000011920928955078125000000000000         6.30000010132789611816406250000000000E-0002  0.870056494511586616800702331296776776        0.129943505488413383199297668703223248         0.00000000000000000000000000000000000        0.683022559859958444886526535977552353        0.167811590859605266884724425470909642        0.129098359310438402074632433326122454         2250.00000000000000000000000000000000        0.300000011920928955078125000000000000        -1.00000000000000000000000000000000000         4.50000000000000000000000000000000000         50.0000000000000000000000000000000000        0.864088533935597136209219079337281858        0.864088317627942936247559301397654706        0.864088317627942936247559301397654706        0.864088317627942936247559301397654706        0.864088317627942936247559301397654706         0.00000000000000000000000000000000000        -2.50330492597978726315387685328272907E-0005   182.868076288762631185208447319728124         4519.15181251300082678787749759384981      
  0.560716993820558519630662000117957924         0.00000000000000000000000000000000000         0.00000000000000000000000000000000000        0.750000000000000000000000000000000000        0.250000000000000000000000000000000000        0.724999999999999999999999999999999981        0.275000000000000000000000000000000019        0.512000024318695068359375000000000000        0.425000011920928955078125000000000000         6.30000010132789611816406250000000000E-0002  0.870056494511586616800702331296776776        0.129943505488413383199297668703223248         0.00000000000000000000000000000000000        0.683022559859958444886526535977552353        0.167811590859605266884724425470909642        0.129098359310438402074632433326122454         2250.00000000000000000000000000000000        0.300000011920928955078125000000000000        -1.00000000000000000000000000000000000         4.50000000000000000000000000000000000         50.0000000000000000000000000000000000        0.875576712255424792772902199473704876        0.875576712255424792772902199473704876        0.875576712255424792772902199473704876        0.875576712255424792772902199473704876        0.875576712255424792772902199473704876         0.00000000000000000000000000000000000         0.00000000000000000000000000000000000         190.455560432645253877466482974618970         4590.58228580823237967325276676474887      
  0.587278661318961641324294675315294360         0.00000000000000000000000000000000000         0.00000000000000000000000000000000000        0.750000000000000000000000000000000000        0.250000000000000000000000000000000000        0.724999999999999999999999999999999981        0.275000000000000000000000000000000019        0.512000024318695068359375000000000000        0.425000011920928955078125000000000000         6.30000010132789611816406250000000000E-0002  0.870056494511586616800702331296776776        0.129943505488413383199297668703223248         0.00000000000000000000000000000000000        0.683022559859958444886526535977552353        0.167811590859605266884724425470909642        0.129098359310438402074632433326122454         2250.00000000000000000000000000000000        0.300000011920928955078125000000000000        -1.00000000000000000000000000000000000         4.50000000000000000000000000000000000         50.0000000000000000000000000000000000        0.887226620444169721575457725047888933        0.887274697617362820429191499892426207        0.887274697617362820429191499892426207        0.887274697617362820429191499892426207        0.887274697617362820429191499892426207         0.00000000000000000000000000000000000         5.41852183119867719287786881375550211E-0003   198.620475168116482008326068428772375         4665.51391072381504977397591411476574      
  0.615098578858064451529164264953569834         0.00000000000000000000000000000000000         0.00000000000000000000000000000000000        0.750000000000000000000000000000000000        0.250000000000000000000000000000000000        0.724999999999999999999999999999999981        0.275000000000000000000000000000000019        0.512000024318695068359375000000000000        0.425000011920928955078125000000000000         6.30000010132789611816406250000000000E-0002  0.870056494511586616800702331296776776        0.129943505488413383199297668703223248         0.00000000000000000000000000000000000        0.683022559859958444886526535977552353        0.167811590859605266884724425470909642        0.129098359310438402074632433326122454         2250.00000000000000000000000000000000        0.300000011920928955078125000000000000        -1.00000000000000000000000000000000000         4.50000000000000000000000000000000000         50.0000000000000000000000000000000000        0.899030011999660411506221143777595359        0.899062085449890735667501566145280541        0.899062085449890735667501566145280541        0.899062085449890735667501566145280541        0.899062085449890735667501566145280541         0.00000000000000000000000000000000000         3.56743441297211464049743630399129051E-0003   207.093204833360898821136016598293825         4741.88452548890869348843728845876509      
  0.644236350872152408747567964251532425         0.00000000000000000000000000000000000         0.00000000000000000000000000000000000        0.750000000000000000000000000000000000        0.250000000000000000000000000000000000        0.724999999999999999999999999999999981        0.275000000000000000000000000000000019        0.512000024318695068359375000000000000        0.425000011920928955078125000000000000         6.30000010132789611816406250000000000E-0002  0.870056494511586616800702331296776776        0.129943505488413383199297668703223248         0.00000000000000000000000000000000000        0.683022559859958444886526535977552353        0.167811590859605266884724425470909642        0.129098359310438402074632433326122454         2250.00000000000000000000000000000000        0.300000011920928955078125000000000000        -1.00000000000000000000000000000000000         4.50000000000000000000000000000000000         50.0000000000000000000000000000000000        0.910958766697492985684756732933938065        0.910967283466981495657159649477178674        0.910967283466981495657159649477178674        0.910967283466981495657159649477178674        0.910967283466981495657159649477178674         0.00000000000000000000000000000000000         9.34914968196952524507705714093109490E-0004   215.904926947367734715441650839055399         4819.28550189044686941652336886303748      
  0.674754405311085438667667359428963781         0.00000000000000000000000000000000000         0.00000000000000000000000000000000000        0.750000000000000000000000000000000000        0.250000000000000000000000000000000000        0.724999999999999999999999999999999981        0.275000000000000000000000000000000019        0.512000024318695068359375000000000000        0.425000011920928955078125000000000000         6.30000010132789611816406250000000000E-0002  0.870056494511586616800702331296776776        0.129943505488413383199297668703223248         0.00000000000000000000000000000000000        0.683022559859958444886526535977552353        0.167811590859605266884724425470909642        0.129098359310438402074632433326122454         2250.00000000000000000000000000000000        0.300000011920928955078125000000000000        -1.00000000000000000000000000000000000         4.50000000000000000000000000000000000         50.0000000000000000000000000000000000        0.923042869117591801820067579932534302        0.923206280521513562985137554497294812        0.923206280521513562985137554497294812        0.923206280521513562985137554497294812        0.923206280521513562985137554497294812         0.00000000000000000000000000000000000         1.77004216034417644670348650328688040E-0002   225.196231908642362322605330461699466         4898.10169601473047209624437869683203      
  0.706718127392766099165833109055340844         0.00000000000000000000000000000000000         0.00000000000000000000000000000000000        0.750000000000000000000000000000000000        0.250000000000000000000000000000000000        0.724999999999999999999999999999999981        0.275000000000000000000000000000000019        0.512000024318695068359375000000000000        0.425000011920928955078125000000000000         6.30000010132789611816406250000000000E-0002  0.870056494511586616800702331296776776        0.129943505488413383199297668703223248         0.00000000000000000000000000000000000        0.683022559859958444886526535977552353        0.167811590859605266884724425470909642        0.129098359310438402074632433326122454         2250.00000000000000000000000000000000        0.300000011920928955078125000000000000        -1.00000000000000000000000000000000000         4.50000000000000000000000000000000000         50.0000000000000000000000000000000000        0.935237561597880516647069063086823320        0.935260275036291562300996114761622989        0.935260275036291562300996114761622989        0.935260275036291562300996114761622989        0.935260275036291562300996114761622989         0.00000000000000000000000000000000000         2.42856871154548806214170118316273142E-0003   235.058562320182807607722421228380744         4979.61951634730314642013387474474926      
  0.740195999691582266577873530475029904         0.00000000000000000000000000000000000         0.00000000000000000000000000000000000        0.750000000000000000000000000000000000        0.250000000000000000000000000000000000        0.724999999999999999999999999999999981        0.275000000000000000000000000000000019        0.512000024318695068359375000000000000        0.425000011920928955078125000000000000         6.30000010132789611816406250000000000E-0002  0.870056494511586616800702331296776776        0.129943505488413383199297668703223248         0.00000000000000000000000000000000000        0.683022559859958444886526535977552353        0.167811590859605266884724425470909642        0.129098359310438402074632433326122454         2250.00000000000000000000000000000000        0.300000011920928955078125000000000000        -1.00000000000000000000000000000000000         4.50000000000000000000000000000000000         50.0000000000000000000000000000000000        0.947522741825333767903586894971003659        0.947598164799707211535797575849140015        0.947598164799707211535797575849140015        0.947598164799707211535797575849140015        0.947598164799707211535797575849140015         0.00000000000000000000000000000000000         7.95938375306854924885471504762299924E-0003   245.316030548169558273145995889463960         5061.06205304890027983355505270569684      
  0.775259748862965145759849187317876307         0.00000000000000000000000000000000000         0.00000000000000000000000000000000000        0.750000000000000000000000000000000000        0.250000000000000000000000000000000000        0.724999999999999999999999999999999981        0.275000000000000000000000000000000019        0.512000024318695068359375000000000000        0.425000011920928955078125000000000000         6.30000010132789611816406250000000000E-0002  0.870056494511586616800702331296776776        0.129943505488413383199297668703223248         0.00000000000000000000000000000000000        0.683022559859958444886526535977552353        0.167811590859605266884724425470909642        0.129098359310438402074632433326122454         2250.00000000000000000000000000000000        0.300000011920928955078125000000000000        -1.00000000000000000000000000000000000         4.50000000000000000000000000000000000         50.0000000000000000000000000000000000        0.959994094932536164129990799704685055        0.960041495521087934060195066280341820        0.960041495521087934060195066280341820        0.960041495521087934060195066280341820        0.960041495521087934060195066280341820         0.00000000000000000000000000000000000         4.93734789307643479210969029218628301E-0003   256.105667484830229921577522763861067         5144.66236557777986665529996276831489      
  0.811984499318421345788851126412103227         0.00000000000000000000000000000000000         0.00000000000000000000000000000000000        0.750000000000000000000000000000000000        0.250000000000000000000000000000000000        0.724999999999999999999999999999999981        0.275000000000000000000000000000000019        0.512000024318695068359375000000000000        0.425000011920928955078125000000000000         6.30000010132789611816406250000000000E-0002  0.870056494511586616800702331296776776        0.129943505488413383199297668703223248         0.00000000000000000000000000000000000        0.683022559859958444886526535977552353        0.167811590859605266884724425470909642        0.129098359310438402074632433326122454         2250.00000000000000000000000000000000        0.300000011920928955078125000000000000        -1.00000000000000000000000000000000000         4.50000000000000000000000000000000000         50.0000000000000000000000000000000000        0.972591698728340846556632725965873371        0.972889024766108530033397179704858717        0.972889024766108530033397179704858717        0.972889024766108530033397179704858717        0.972889024766108530033397179704858717         0.00000000000000000000000000000000000         3.05611462560350489082079549265117341E-0002   267.484053398193325006203500813709153         5229.09947377757678366547429552099606      
  0.850448934180289219036975673402549010         0.00000000000000000000000000000000000         0.00000000000000000000000000000000000        0.750000000000000000000000000000000000        0.250000000000000000000000000000000000        0.724999999999999999999999999999999981        0.275000000000000000000000000000000019        0.512000024318695068359375000000000000        0.425000011920928955078125000000000000         6.30000010132789611816406250000000000E-0002  0.870056494511586616800702331296776776        0.129943505488413383199297668703223248         0.00000000000000000000000000000000000        0.683022559859958444886526535977552353        0.167811590859605266884724425470909642        0.129098359310438402074632433326122454         2250.00000000000000000000000000000000        0.300000011920928955078125000000000000        -1.00000000000000000000000000000000000         4.50000000000000000000000000000000000         50.0000000000000000000000000000000000        0.985415628304369174385949371895430148        0.985421077518122419886895915281148071        0.985421077518122419886895915281148071        0.985421077518122419886895915281148071        0.985421077518122419886895915281148071         0.00000000000000000000000000000000000         5.52983275633789860297434050985870852E-0004   279.336252660944194871924846213787344         5317.64895833487507635346367441850759      
  0.890735463861066538871678342365989236         0.00000000000000000000000000000000000         0.00000000000000000000000000000000000        0.750000000000000000000000000000000000        0.250000000000000000000000000000000000        0.724999999999999999999999999999999981        0.275000000000000000000000000000000019        0.512000024318695068359375000000000000        0.425000011920928955078125000000000000         6.30000010132789611816406250000000000E-0002  0.870056494511586616800702331296776776        0.129943505488413383199297668703223248         0.00000000000000000000000000000000000        0.683022559859958444886526535977552353        0.167811590859605266884724425470909642        0.129098359310438402074632433326122454         2250.00000000000000000000000000000000        0.300000011920928955078125000000000000        -1.00000000000000000000000000000000000         4.50000000000000000000000000000000000         50.0000000000000000000000000000000000        0.998316033814894881558838375810547900        0.998328853787447326419875736266438040        0.998328853787447326419875736266438040        0.998328853787447326419875736266438040        0.998328853787447326419875736266438040         0.00000000000000000000000000000000000         1.28414324636702745647699918055231603E-0003   291.690005172023443032526460340960958         5405.94848081873831310724131408665282      
  0.932930402628492306849122631846463221         0.00000000000000000000000000000000000         0.00000000000000000000000000000000000        0.750000000000000000000000000000000000        0.250000000000000000000000000000000000        0.724999999999999999999999999999999981        0.275000000000000000000000000000000019        0.512000024318695068359375000000000000        0.425000011920928955078125000000000000         6.30000010132789611816406250000000000E-0002  0.870056494511586616800702331296776776        0.129943505488413383199297668703223248         0.00000000000000000000000000000000000        0.683022559859958444886526535977552353        0.167811590859605266884724425470909642        0.129098359310438402074632433326122454         2250.00000000000000000000000000000000        0.300000011920928955078125000000000000        -1.00000000000000000000000000000000000         4.50000000000000000000000000000000000         50.0000000000000000000000000000000000         1.01139800795265221569633015576133820         1.01139800795265221569633015576133820         1.01139800795265221569633015576133820         1.01139800795265221569633015576133820         1.01139800795265221569633015576133820         0.00000000000000000000000000000000000         0.00000000000000000000000000000000000         304.424656661347149037195990295277003         5494.18175867834167836589393351894848      
  0.977124153534675033397991232687960264         0.00000000000000000000000000000000000         0.00000000000000000000000000000000000        0.750000000000000000000000000000000000        0.250000000000000000000000000000000000        0.724999999999999999999999999999999981        0.275000000000000000000000000000000019        0.512000024318695068359375000000000000        0.425000011920928955078125000000000000         6.30000010132789611816406250000000000E-0002  0.870056494511586616800702331296776776        0.129943505488413383199297668703223248         0.00000000000000000000000000000000000        0.683022559859958444886526535977552353        0.167811590859605266884724425470909642        0.129098359310438402074632433326122454         2250.00000000000000000000000000000000        0.300000011920928955078125000000000000        -1.00000000000000000000000000000000000         4.50000000000000000000000000000000000         50.0000000000000000000000000000000000         1.02450561322690478045339267042372442         1.02453366858673793981754415863248920         1.02453366858673793981754415863248920         1.02453366858673793981754415863248920         1.02453366858673793981754415863248920         0.00000000000000000000000000000000000         2.73835411108153076871061014707229037E-0003   318.840625022069051614867572811808295         5592.67782500631488935889075108529549      
   1.02341140210547988401757228923722065         0.00000000000000000000000000000000000         0.00000000000000000000000000000000000        0.750000000000000000000000000000000000        0.250000000000000000000000000000000000        0.724999999999999999999999999999999981        0.275000000000000000000000000000000019        0.512000024318695068359375000000000000        0.425000011920928955078125000000000000         6.30000010132789611816406250000000000E-0002  0.870056494511586616800702331296776776        0.129943505488413383199297668703223248         0.00000000000000000000000000000000000        0.683022559859958444886526535977552353        0.167811590859605266884724425470909642        0.129098359310438402074632433326122454         2250.00000000000000000000000000000000        0.300000011920928955078125000000000000        -1.00000000000000000000000000000000000         4.50000000000000000000000000000000000         50.0000000000000000000000000000000000         1.03764359621027130294626603424125980         1.03781532619669313282015859095849454         1.03781532619669313282015859095849454         1.03781532619669313282015859095849454         1.03781532619669313282015859095849454         0.00000000000000000000000000000000000         1.65472586583561931751218884686219693E-0002   335.635418957873105790331007046307554         5707.89212388139589130661245678884538      
   1.07189131920515601980676290596541418         0.00000000000000000000000000000000000         0.00000000000000000000000000000000000        0.750000000000000000000000000000000000        0.250000000000000000000000000000000000        0.724999999999999999999999999999999981        0.275000000000000000000000000000000019        0.512000024318695068359375000000000000        0.425000011920928955078125000000000000         6.30000010132789611816406250000000000E-0002  0.870056494511586616800702331296776776        0.129943505488413383199297668703223248         0.00000000000000000000000000000000000        0.683022559859958444886526535977552353        0.167811590859605266884724425470909642        0.129098359310438402074632433326122454         2250.00000000000000000000000000000000        0.300000011920928955078125000000000000        -1.00000000000000000000000000000000000         4.50000000000000000000000000000000000         50.0000000000000000000000000000000000         1.05078098474252451603769897878442692         1.05087292454572124318125899067742421         1.05087292454572124318125899067742421         1.05087292454572124318125899067742421         1.05087292454572124318125899067742421         0.00000000000000000000000000000000000         8.74889827773148974139063937520885904E-0003   354.379969131693103826299878749248804         5835.95323363176864516398964450660884      
   1.12266777351084349932308213365971722         0.00000000000000000000000000000000000         0.00000000000000000000000000000000000        0.750000000000000000000000000000000000        0.250000000000000000000000000000000000        0.724999999999999999999999999999999981        0.275000000000000000000000000000000019        0.512000024318695068359375000000000000        0.425000011920928955078125000000000000         6.30000010132789611816406250000000000E-0002  0.870056494511586616800702331296776776        0.129943505488413383199297668703223248         0.00000000000000000000000000000000000        0.683022559859958444886526535977552353        0.167811590859605266884724425470909642        0.129098359310438402074632433326122454         2250.00000000000000000000000000000000        0.300000011920928955078125000000000000        -1.00000000000000000000000000000000000         4.50000000000000000000000000000000000         50.0000000000000000000000000000000000         1.06404450485597116889624573950139701         1.06384524527898737369960337701382059         1.06384524527898737369960337701382059         1.06384524527898737369960337701382059         1.06384524527898737369960337701382059         0.00000000000000000000000000000000000        -1.87301280771848074791416276235044326E-0002   373.740900960142340864760105995177711         5961.40182612211082610791314977087027      
   1.17584955405218836587405952039268318         0.00000000000000000000000000000000000         0.00000000000000000000000000000000000        0.750000000000000000000000000000000000        0.250000000000000000000000000000000000        0.724999999999999999999999999999999981        0.275000000000000000000000000000000019        0.512000024318695068359375000000000000        0.425000011920928955078125000000000000         6.30000010132789611816406250000000000E-0002  0.870056494511586616800702331296776776        0.129943505488413383199297668703223248         0.00000000000000000000000000000000000        0.683022559859958444886526535977552353        0.167811590859605266884724425470909642        0.129098359310438402074632433326122454         2250.00000000000000000000000000000000        0.300000011920928955078125000000000000        -1.00000000000000000000000000000000000         4.50000000000000000000000000000000000         50.0000000000000000000000000000000000         1.07741279431998659972647457739848317         1.07716134310938220676842626553763414         1.07716134310938220676842626553763414         1.07716134310938220676842626553763414         1.07716134310938220676842626553763414         0.00000000000000000000000000000000000        -2.33438762180735733194329031351929599E-0002   393.797890222429063444288953833747248         6085.65938841794504630444425923892460      
   1.23155060329285913304393922610526752         0.00000000000000000000000000000000000         0.00000000000000000000000000000000000        0.750000000000000000000000000000000000        0.250000000000000000000000000000000000        0.724999999999999999999999999999999981        0.275000000000000000000000000000000019        0.512000024318695068359375000000000000        0.425000011920928955078125000000000000         6.30000010132789611816406250000000000E-0002  0.870056494511586616800702331296776776        0.129943505488413383199297668703223248         0.00000000000000000000000000000000000        0.683022559859958444886526535977552353        0.167811590859605266884724425470909642        0.129098359310438402074632433326122454         2250.00000000000000000000000000000000        0.300000011920928955078125000000000000        -1.00000000000000000000000000000000000         4.50000000000000000000000000000000000         50.0000000000000000000000000000000000         1.09090360481989838309997224847716445         1.09090958697936013787099424841133526         1.09090958697936013787099424841133526         1.09090958697936013787099424841133526         1.09090958697936013787099424841133526         0.00000000000000000000000000000000000         5.48364367969199327561998104328314785E-0004   414.615811238221969550851427368174558         6208.93429480002714730442087878693202      
   1.28989026125334400389008600428654072         0.00000000000000000000000000000000000         0.00000000000000000000000000000000000        0.750000000000000000000000000000000000        0.250000000000000000000000000000000000        0.724999999999999999999999999999999981        0.275000000000000000000000000000000019        0.512000024318695068359375000000000000        0.425000011920928955078125000000000000         6.30000010132789611816406250000000000E-0002  0.870056494511586616800702331296776776        0.129943505488413383199297668703223248         0.00000000000000000000000000000000000        0.683022559859958444886526535977552353        0.167811590859605266884724425470909642        0.129098359310438402074632433326122454         2250.00000000000000000000000000000000        0.300000011920928955078125000000000000        -1.00000000000000000000000000000000000         4.50000000000000000000000000000000000         50.0000000000000000000000000000000000         1.10448939418051431993435589795228746         1.10450667650956562962644908611612073         1.10450667650956562962644908611612073         1.10450667650956562962644908611612073         1.10450667650956562962644908611612073         0.00000000000000000000000000000000000         1.56471023841384789556356897857564429E-0003   436.100003551674936732390620312801377         6330.71138196485185261342399325526321      
   1.35099352119806420678539952158028216         0.00000000000000000000000000000000000         0.00000000000000000000000000000000000        0.750000000000000000000000000000000000        0.250000000000000000000000000000000000        0.724999999999999999999999999999999981        0.275000000000000000000000000000000019        0.512000024318695068359375000000000000        0.425000011920928955078125000000000000         6.30000010132789611816406250000000000E-0002  0.870056494511586616800702331296776776        0.129943505488413383199297668703223248         0.00000000000000000000000000000000000        0.683022559859958444886526535977552353        0.167811590859605266884724425470909642        0.129098359310438402074632433326122454         2250.00000000000000000000000000000000        0.300000011920928955078125000000000000        -1.00000000000000000000000000000000000         4.50000000000000000000000000000000000         50.0000000000000000000000000000000000         1.11822812965876842418417590750706961         1.11823251466826205291184644394478562         1.11823251466826205291184644394478562         1.11823251466826205291184644394478562         1.11823251466826205291184644394478562         0.00000000000000000000000000000000000         3.92137541710598238253618316639150052E-0004   458.578723505013252316257925325327381         6452.72529693914732037425322203507277      
   1.41499129743461548663919584700832116         0.00000000000000000000000000000000000         0.00000000000000000000000000000000000        0.750000000000000000000000000000000000        0.250000000000000000000000000000000000        0.724999999999999999999999999999999981        0.275000000000000000000000000000000019        0.512000024318695068359375000000000000        0.425000011920928955078125000000000000         6.30000010132789611816406250000000000E-0002  0.870056494511586616800702331296776776        0.129943505488413383199297668703223248         0.00000000000000000000000000000000000        0.683022559859958444886526535977552353        0.167811590859605266884724425470909642        0.129098359310438402074632433326122454         2250.00000000000000000000000000000000        0.300000011920928955078125000000000000        -1.00000000000000000000000000000000000         4.50000000000000000000000000000000000         50.0000000000000000000000000000000000         1.13213179813811434828149487471032475         1.13222039649871053231515062623228737         1.13222039649871053231515062623228737         1.13222039649871053231515062623228737         1.13222039649871053231515062623228737         0.00000000000000000000000000000000000         7.82518676312195696346838336707286752E-0003   481.167828968484535552178776195963919         6582.07473742792958748336787868280476      
   1.48202070579890013841676841137265918         0.00000000000000000000000000000000000         0.00000000000000000000000000000000000        0.750000000000000000000000000000000000        0.250000000000000000000000000000000000        0.724999999999999999999999999999999981        0.275000000000000000000000000000000019        0.512000024318695068359375000000000000        0.425000011920928955078125000000000000         6.30000010132789611816406250000000000E-0002  0.870056494511586616800702331296776776        0.129943505488413383199297668703223248         0.00000000000000000000000000000000000        0.683022559859958444886526535977552353        0.167811590859605266884724425470909642        0.129098359310438402074632433326122454         2250.00000000000000000000000000000000        0.300000011920928955078125000000000000        -1.00000000000000000000000000000000000         4.50000000000000000000000000000000000         50.0000000000000000000000000000000000         1.14639576911684621822495153758103081         1.14673847140082078975122888521196645         1.14673847140082078975122888521196645         1.14673847140082078975122888521196645         1.14673847140082078975122888521196645         0.00000000000000000000000000000000000         2.98849556826969321144504475017735771E-0002   504.517273953573331680427813889211366         6737.73163871522922842953792476688912      
   1.55222535742709160936160846888458776         0.00000000000000000000000000000000000         0.00000000000000000000000000000000000        0.750000000000000000000000000000000000        0.250000000000000000000000000000000000        0.724999999999999999999999999999999981        0.275000000000000000000000000000000019        0.512000024318695068359375000000000000        0.425000011920928955078125000000000000         6.30000010132789611816406250000000000E-0002  0.870056494511586616800702331296776776        0.129943505488413383199297668703223248         0.00000000000000000000000000000000000        0.683022559859958444886526535977552353        0.167811590859605266884724425470909642        0.129098359310438402074632433326122454         2250.00000000000000000000000000000000        0.300000011920928955078125000000000000        -1.00000000000000000000000000000000000         4.50000000000000000000000000000000000         50.0000000000000000000000000000000000         1.16081342181823052780981849130029413         1.16147846395051589140526736228626626         1.16147846395051589140526736228626626         1.16147846395051589140526736228626626         1.16147846395051589140526736228626626         0.00000000000000000000000000000000000         5.72582405035189120268583363294262734E-0002   529.196478562867848332440043667116439         6897.18634051623349358873473626010206      
   1.62575566644384085973659301860212051         0.00000000000000000000000000000000000         0.00000000000000000000000000000000000        0.750000000000000000000000000000000000        0.250000000000000000000000000000000000        0.724999999999999999999999999999999981        0.275000000000000000000000000000000019        0.512000024318695068359375000000000000        0.425000011920928955078125000000000000         6.30000010132789611816406250000000000E-0002  0.870056494511586616800702331296776776        0.129943505488413383199297668703223248         0.00000000000000000000000000000000000        0.683022559859958444886526535977552353        0.167811590859605266884724425470909642        0.129098359310438402074632433326122454         2250.00000000000000000000000000000000        0.300000011920928955078125000000000000        -1.00000000000000000000000000000000000         4.50000000000000000000000000000000000         50.0000000000000000000000000000000000         1.17545096819828355081742040556141433         1.17545061210573264182238549741608242         1.17545061210573264182238549741608242         1.17545061210573264182238549741608242         1.17545061210573264182238549741608242         0.00000000000000000000000000000000000        -3.02941312243720410473082977551853797E-0005   553.639168992369985611351937488664588         7053.90604929821766104777170710253965      
   1.70276917222594935040597643772334275         0.00000000000000000000000000000000000         0.00000000000000000000000000000000000        0.750000000000000000000000000000000000        0.250000000000000000000000000000000000        0.724999999999999999999999999999999981        0.275000000000000000000000000000000019        0.512000024318695068359375000000000000        0.425000011920928955078125000000000000         6.30000010132789611816406250000000000E-0002  0.870056494511586616800702331296776776        0.129943505488413383199297668703223248         0.00000000000000000000000000000000000        0.683022559859958444886526535977552353        0.167811590859605266884724425470909642        0.129098359310438402074632433326122454         2250.00000000000000000000000000000000        0.300000011920928955078125000000000000        -1.00000000000000000000000000000000000         4.50000000000000000000000000000000000         50.0000000000000000000000000000000000         1.19016836684768251703328857107366501         1.19015593431468684306648263364417516         1.19015593431468684306648263364417516         1.19015593431468684306648263364417516         1.19015593431468684306648263364417516         0.00000000000000000000000000000000000        -1.04461378859845307063433729995236565E-0003   580.315473994516753125546499362895839         7217.14567556701742823412063292808652      
   1.78343087693196159954962751479630605         0.00000000000000000000000000000000000         0.00000000000000000000000000000000000        0.750000000000000000000000000000000000        0.250000000000000000000000000000000000        0.724999999999999999999999999999999981        0.275000000000000000000000000000000019        0.512000024318695068359375000000000000        0.425000011920928955078125000000000000         6.30000010132789611816406250000000000E-0002  0.870056494511586616800702331296776776        0.129943505488413383199297668703223248         0.00000000000000000000000000000000000        0.683022559859958444886526535977552353        0.167811590859605266884724425470909642        0.129098359310438402074632433326122454         2250.00000000000000000000000000000000        0.300000011920928955078125000000000000        -1.00000000000000000000000000000000000         4.50000000000000000000000000000000000         50.0000000000000000000000000000000000         1.20500989851569613030909538019100610         1.20531820908273630760488936784115799         1.20531820908273630760488936784115799         1.20531820908273630760488936784115799         1.20531820908273630760488936784115799         0.00000000000000000000000000000000000         2.55791843777757134277533618043277237E-0002   608.796488449059161885108902765765204         7384.78388137369612902885952721506010      
   1.86791359902083762667604333648365787         0.00000000000000000000000000000000000         0.00000000000000000000000000000000000        0.750000000000000000000000000000000000        0.250000000000000000000000000000000000        0.724999999999999999999999999999999981        0.275000000000000000000000000000000019        0.512000024318695068359375000000000000        0.425000011920928955078125000000000000         6.30000010132789611816406250000000000E-0002  0.870056494511586616800702331296776776        0.129943505488413383199297668703223248         0.00000000000000000000000000000000000        0.683022559859958444886526535977552353        0.167811590859605266884724425470909642        0.129098359310438402074632433326122454         2250.00000000000000000000000000000000        0.300000011920928955078125000000000000        -1.00000000000000000000000000000000000         4.50000000000000000000000000000000000         50.0000000000000000000000000000000000         1.22003245528963766967295283878681815         1.22003884766977928684165183071324559         1.22003884766977928684165183071324559         1.22003884766977928684165183071324559         1.22003884766977928684165183071324559         0.00000000000000000000000000000000000         5.23948901612955565369305378829404606E-0004   637.920086638596305201348089966346190         7552.17534600484352240325869348572669      
   1.95639834351712235574086149449056598         0.00000000000000000000000000000000000         0.00000000000000000000000000000000000        0.750000000000000000000000000000000000        0.250000000000000000000000000000000000        0.724999999999999999999999999999999981        0.275000000000000000000000000000000019        0.512000024318695068359375000000000000        0.425000011920928955078125000000000000         6.30000010132789611816406250000000000E-0002  0.870056494511586616800702331296776776        0.129943505488413383199297668703223248         0.00000000000000000000000000000000000        0.683022559859958444886526535977552353        0.167811590859605266884724425470909642        0.129098359310438402074632433326122454         2250.00000000000000000000000000000000        0.300000011920928955078125000000000000        -1.00000000000000000000000000000000000         4.50000000000000000000000000000000000         50.0000000000000000000000000000000000         1.23517790936516141597651925929589142         1.23507104033740174786543227189362717         1.23507104033740174786543227189362717         1.23507104033740174786543227189362717         1.23507104033740174786543227189362717         0.00000000000000000000000000000000000        -8.65286483686583679323973818834940194E-0003   669.009281847555330041186566560075103         7723.72530171239024450674905021869290      
   2.04907468981590857599889354382844297         0.00000000000000000000000000000000000         0.00000000000000000000000000000000000        0.750000000000000000000000000000000000        0.250000000000000000000000000000000000        0.724999999999999999999999999999999981        0.275000000000000000000000000000000019        0.512000024318695068359375000000000000        0.425000011920928955078125000000000000         6.30000010132789611816406250000000000E-0002  0.870056494511586616800702331296776776        0.129943505488413383199297668703223248         0.00000000000000000000000000000000000        0.683022559859958444886526535977552353        0.167811590859605266884724425470909642        0.129098359310438402074632433326122454         2250.00000000000000000000000000000000        0.300000011920928955078125000000000000        -1.00000000000000000000000000000000000         4.50000000000000000000000000000000000         50.0000000000000000000000000000000000         1.25046027825174461730221088832547032         1.25035556085831951433776305853029414         1.25035556085831951433776305853029414         1.25035556085831951433776305853029414         1.25035556085831951433776305853029414         0.00000000000000000000000000000000000        -8.37500921363668955409775219439104648E-0003   701.733669350455486438423848430544098         7897.91971402903492340826224007024058      
   2.14614119785846923144288932206752821         0.00000000000000000000000000000000000         0.00000000000000000000000000000000000        0.750000000000000000000000000000000000        0.250000000000000000000000000000000000        0.724999999999999999999999999999999981        0.275000000000000000000000000000000019        0.512000024318695068359375000000000000        0.425000011920928955078125000000000000         6.30000010132789611816406250000000000E-0002  0.870056494511586616800702331296776776        0.129943505488413383199297668703223248         0.00000000000000000000000000000000000        0.683022559859958444886526535977552353        0.167811590859605266884724425470909642        0.129098359310438402074632433326122454         2250.00000000000000000000000000000000        0.300000011920928955078125000000000000        -1.00000000000000000000000000000000000         4.50000000000000000000000000000000000         50.0000000000000000000000000000000000         1.26590143740198856279205348140818009         1.26577631040598788352243308620013063         1.26577631040598788352243308620013063         1.26577631040598788352243308620013063         1.26577631040598788352243308620013063         0.00000000000000000000000000000000000        -9.88539562417199616794851430628430724E-0003   736.203258196259315015557420952647917         8074.65129138407014190772195265712351      
   2.24780583354879414104030832593962274         0.00000000000000000000000000000000000         0.00000000000000000000000000000000000        0.750000000000000000000000000000000000        0.250000000000000000000000000000000000        0.724999999999999999999999999999999981        0.275000000000000000000000000000000019        0.512000024318695068359375000000000000        0.425000011920928955078125000000000000         6.30000010132789611816406250000000000E-0002  0.870056494511586616800702331296776776        0.129943505488413383199297668703223248         0.00000000000000000000000000000000000        0.683022559859958444886526535977552353        0.167811590859605266884724425470909642        0.129098359310438402074632433326122454         2250.00000000000000000000000000000000        0.300000011920928955078125000000000000        -1.00000000000000000000000000000000000         4.50000000000000000000000000000000000         50.0000000000000000000000000000000000         1.28148039098271635486559599707207969         1.28157675312746632670130997588609142         1.28157675312746632670130997588609142         1.28157675312746632670130997588609142         1.28157675312746632670130997588609142         0.00000000000000000000000000000000000         7.51903032844632161884656510921775315E-0003   772.517144584699714031037072114115810         8253.79321644846187160465171117513726      
   2.35428641432249007020695607335824657         0.00000000000000000000000000000000000         0.00000000000000000000000000000000000        0.750000000000000000000000000000000000        0.250000000000000000000000000000000000        0.724999999999999999999999999999999981        0.275000000000000000000000000000000019        0.512000024318695068359375000000000000        0.425000011920928955078125000000000000         6.30000010132789611816406250000000000E-0002  0.870056494511586616800702331296776776        0.129943505488413383199297668703223248         0.00000000000000000000000000000000000        0.683022559859958444886526535977552353        0.167811590859605266884724425470909642        0.129098359310438402074632433326122454         2250.00000000000000000000000000000000        0.300000011920928955078125000000000000        -1.00000000000000000000000000000000000         4.50000000000000000000000000000000000         50.0000000000000000000000000000000000         1.29722331946469863672078969773901568         1.29563310457803005797962868075552394         1.29563310457803005797962868075552394         1.29563310457803005797962868075552394         1.29563310457803005797962868075552394         0.00000000000000000000000000000000000       -0.122736512447054981014218582687856999         810.950611037628429927563068290893079         8435.54384033881338416730486355902624      
   2.46581107582267970147068279155487439         0.00000000000000000000000000000000000         0.00000000000000000000000000000000000        0.750000000000000000000000000000000000        0.250000000000000000000000000000000000        0.724999999999999999999999999999999981        0.275000000000000000000000000000000019        0.512000024318695068359375000000000000        0.425000011920928955078125000000000000         6.30000010132789611816406250000000000E-0002  0.870056494511586616800702331296776776        0.129943505488413383199297668703223248         0.00000000000000000000000000000000000        0.683022559859958444886526535977552353        0.167811590859605266884724425470909642        0.129098359310438402074632433326122454         2250.00000000000000000000000000000000        0.300000011920928955078125000000000000        -1.00000000000000000000000000000000000         4.50000000000000000000000000000000000         50.0000000000000000000000000000000000         1.31311293934813704585970220342940126         1.31297592404263435502122615619384885         1.31297592404263435502122615619384885         1.31297592404263435502122615619384885         1.31297592404263435502122615619384885         0.00000000000000000000000000000000000        -1.04354773757634980063430691760816236E-0002   850.790902049155853326685875957661828         8616.88650466431783676516562915567667      
   2.58261876068275699540889612963339913         0.00000000000000000000000000000000000         0.00000000000000000000000000000000000        0.750000000000000000000000000000000000        0.250000000000000000000000000000000000        0.724999999999999999999999999999999981        0.275000000000000000000000000000000019        0.512000024318695068359375000000000000        0.425000011920928955078125000000000000         6.30000010132789611816406250000000000E-0002  0.870056494511586616800702331296776776        0.129943505488413383199297668703223248         0.00000000000000000000000000000000000        0.683022559859958444886526535977552353        0.167811590859605266884724425470909642        0.129098359310438402074632433326122454         2250.00000000000000000000000000000000        0.300000011920928955078125000000000000        -1.00000000000000000000000000000000000         4.50000000000000000000000000000000000         50.0000000000000000000000000000000000         1.32925611662070403078316323044597588         1.32878459113221184619972477101644924         1.32878459113221184619972477101644924         1.32878459113221184619972477101644924         1.32878459113221184619972477101644924         0.00000000000000000000000000000000000        -3.54854723360702024674703962322764568E-0002   893.036105512245299521598959164362621         8751.62306001106212443186831828914297      
   2.70495973046322058012775948376762777         0.00000000000000000000000000000000000         0.00000000000000000000000000000000000        0.750000000000000000000000000000000000        0.250000000000000000000000000000000000        0.724999999999999999999999999999999981        0.275000000000000000000000000000000019        0.512000024318695068359375000000000000        0.425000011920928955078125000000000000         6.30000010132789611816406250000000000E-0002  0.870056494511586616800702331296776776        0.129943505488413383199297668703223248         0.00000000000000000000000000000000000        0.683022559859958444886526535977552353        0.167811590859605266884724425470909642        0.129098359310438402074632433326122454         2250.00000000000000000000000000000000        0.300000011920928955078125000000000000        -1.00000000000000000000000000000000000         4.50000000000000000000000000000000000         50.0000000000000000000000000000000000         1.34549545795581373748307240487327188         1.34548208111990017870446847327419555         1.34548208111990017870446847327419555         1.34548208111990017870446847327419555         1.34548208111990017870446847327419555         0.00000000000000000000000000000000000        -9.94203943795720182365896352446839573E-0004   937.416324067622563167557657121626694         8863.64046073905473172823498014908625      
   2.83309610183941463691826271807341983         0.00000000000000000000000000000000000         0.00000000000000000000000000000000000        0.750000000000000000000000000000000000        0.250000000000000000000000000000000000        0.724999999999999999999999999999999981        0.275000000000000000000000000000000019        0.512000024318695068359375000000000000        0.425000011920928955078125000000000000         6.30000010132789611816406250000000000E-0002  0.870056494511586616800702331296776776        0.129943505488413383199297668703223248         0.00000000000000000000000000000000000        0.683022559859958444886526535977552353        0.167811590859605266884724425470909642        0.129098359310438402074632433326122454         2250.00000000000000000000000000000000        0.300000011920928955078125000000000000        -1.00000000000000000000000000000000000         4.50000000000000000000000000000000000         50.0000000000000000000000000000000000         1.36200323863226472907473405725310197         1.36191713707438974295483438160607094         1.36191713707438974295483438160607094         1.36191713707438974295483438160607094         1.36191713707438974295483438160607094         0.00000000000000000000000000000000000        -6.32208491479486664115405616682806006E-0003   984.034853993030853406240103780835436         8978.70552881649582227719456570482814      
   2.96730240818896454651461614421851563         0.00000000000000000000000000000000000         0.00000000000000000000000000000000000        0.750000000000000000000000000000000000        0.250000000000000000000000000000000000        0.724999999999999999999999999999999981        0.275000000000000000000000000000000019        0.512000024318695068359375000000000000        0.425000011920928955078125000000000000         6.30000010132789611816406250000000000E-0002  0.870056494511586616800702331296776776        0.129943505488413383199297668703223248         0.00000000000000000000000000000000000        0.683022559859958444886526535977552353        0.167811590859605266884724425470909642        0.129098359310438402074632433326122454         2250.00000000000000000000000000000000        0.300000011920928955078125000000000000        -1.00000000000000000000000000000000000         4.50000000000000000000000000000000000         50.0000000000000000000000000000000000         1.37864133613709503703774571095720716         1.37866047568998320531855562421082790         1.37866047568998320531855562421082790         1.37866047568998320531855562421082790         1.37866047568998320531855562421082790         0.00000000000000000000000000000000000         1.38827167570677177811614899613087982E-0003   1033.79599307587847600245718278687450         9095.80279578278150007622094592404463      
   3.10786618778211364466063213094136699         0.00000000000000000000000000000000000         0.00000000000000000000000000000000000        0.750000000000000000000000000000000000        0.250000000000000000000000000000000000        0.724999999999999999999999999999999981        0.275000000000000000000000000000000019        0.512000024318695068359375000000000000        0.425000011920928955078125000000000000         6.30000010132789611816406250000000000E-0002  0.870056494511586616800702331296776776        0.129943505488413383199297668703223248         0.00000000000000000000000000000000000        0.683022559859958444886526535977552353        0.167811590859605266884724425470909642        0.129098359310438402074632433326122454         2250.00000000000000000000000000000000        0.300000011920928955078125000000000000        -1.00000000000000000000000000000000000         4.50000000000000000000000000000000000         50.0000000000000000000000000000000000         1.39527596296701531009228493978527750         1.39515892620581769399633585989379361         1.39515892620581769399633585989379361         1.39515892620581769399633585989379361         1.39515892620581769399633585989379361         0.00000000000000000000000000000000000        -8.38877628915736228004642482746834477E-0003   1085.80448559145189591501882065487461         9211.75708546512041892515917365890488      
   3.25508859983516440085845691551799553         0.00000000000000000000000000000000000         0.00000000000000000000000000000000000        0.750000000000000000000000000000000000        0.250000000000000000000000000000000000        0.724999999999999999999999999999999981        0.275000000000000000000000000000000019        0.512000024318695068359375000000000000        0.425000011920928955078125000000000000         6.30000010132789611816406250000000000E-0002  0.870056494511586616800702331296776776        0.129943505488413383199297668703223248         0.00000000000000000000000000000000000        0.683022559859958444886526535977552353        0.167811590859605266884724425470909642        0.129098359310438402074632433326122454         2250.00000000000000000000000000000000        0.300000011920928955078125000000000000        -1.00000000000000000000000000000000000         4.50000000000000000000000000000000000         50.0000000000000000000000000000000000         1.41206599938599629281251054704076844         1.41201008106848355946046932616802118         1.41201008106848355946046932616802118         1.41201008106848355946046932616802118         1.41201008106848355946046932616802118         0.00000000000000000000000000000000000        -3.96019251296133425033655570475760270E-0003   1140.87068001056586248516187786650538         9329.79679288855178530083048778777400      
   3.40928506974692429676371810701270237         0.00000000000000000000000000000000000         0.00000000000000000000000000000000000        0.750000000000000000000000000000000000        0.250000000000000000000000000000000000        0.724999999999999999999999999999999981        0.275000000000000000000000000000000019        0.512000024318695068359375000000000000        0.425000011920928955078125000000000000         6.30000010132789611816406250000000000E-0002  0.870056494511586616800702331296776776        0.129943505488413383199297668703223248         0.00000000000000000000000000000000000        0.683022559859958444886526535977552353        0.167811590859605266884724425470909642        0.129098359310438402074632433326122454         2250.00000000000000000000000000000000        0.300000011920928955078125000000000000        -1.00000000000000000000000000000000000         4.50000000000000000000000000000000000         50.0000000000000000000000000000000000         1.42905730525620469197860263941013858         1.42908676084867044015981057182199013         1.42908676084867044015981057182199013         1.42908676084867044015981057182199013         1.42908676084867044015981057182199013         0.00000000000000000000000000000000000         2.06114794935584091715952131907158782E-0003   1199.70587980889233030048655676580758         9451.14138750264302323041556637306705      
   3.57078596490058154200418219794212579         0.00000000000000000000000000000000000         0.00000000000000000000000000000000000        0.750000000000000000000000000000000000        0.250000000000000000000000000000000000        0.724999999999999999999999999999999981        0.275000000000000000000000000000000019        0.512000024318695068359375000000000000        0.425000011920928955078125000000000000         6.30000010132789611816406250000000000E-0002  0.870056494511586616800702331296776776        0.129943505488413383199297668703223248         0.00000000000000000000000000000000000        0.683022559859958444886526535977552353        0.167811590859605266884724425470909642        0.129098359310438402074632433326122454         2250.00000000000000000000000000000000        0.300000011920928955078125000000000000        -1.00000000000000000000000000000000000         4.50000000000000000000000000000000000         50.0000000000000000000000000000000000         1.44608945552275026343209554409813849         1.44534571461689538961896740371716173         1.44534571461689538961896740371716173         1.44534571461689538961896740371716173         1.44534571461689538961896740371716173         0.00000000000000000000000000000000000        -5.14576476986345397547491688410107404E-0002   1260.96019930986863243365879347700132         9573.88358852581189608613710286682660      
   3.73993730247892248533723346676967991         0.00000000000000000000000000000000000         0.00000000000000000000000000000000000        0.750000000000000000000000000000000000        0.250000000000000000000000000000000000        0.724999999999999999999999999999999981        0.275000000000000000000000000000000019        0.512000024318695068359375000000000000        0.425000011920928955078125000000000000         6.30000010132789611816406250000000000E-0002  0.870056494511586616800702331296776776        0.129943505488413383199297668703223248         0.00000000000000000000000000000000000        0.683022559859958444886526535977552353        0.167811590859605266884724425470909642        0.129098359310438402074632433326122454         2250.00000000000000000000000000000000        0.300000011920928955078125000000000000        -1.00000000000000000000000000000000000         4.50000000000000000000000000000000000         50.0000000000000000000000000000000000         1.46336735542150669498497783687481471         1.46351663461072643171966196303796684         1.46351663461072643171966196303796684         1.46351663461072643171966196303796684         1.46351663461072643171966196303796684         0.00000000000000000000000000000000000         1.02000336510997546429362877311533797E-0002   1326.24733612050612354337961488154075         9690.18646997130281240354997106473341      
   3.91710149080939146393706924636129076         0.00000000000000000000000000000000000         0.00000000000000000000000000000000000        0.750000000000000000000000000000000000        0.250000000000000000000000000000000000        0.724999999999999999999999999999999981        0.275000000000000000000000000000000019        0.512000024318695068359375000000000000        0.425000011920928955078125000000000000         6.30000010132789611816406250000000000E-0002  0.870056494511586616800702331296776776        0.129943505488413383199297668703223248         0.00000000000000000000000000000000000        0.683022559859958444886526535977552353        0.167811590859605266884724425470909642        0.129098359310438402074632433326122454         2250.00000000000000000000000000000000        0.300000011920928955078125000000000000        -1.00000000000000000000000000000000000         4.50000000000000000000000000000000000         50.0000000000000000000000000000000000         1.48076774133259221955545061285582303         1.48085365060367484551275511558382216         1.48085365060367484551275511558382216         1.48085365060367484551275511558382216         1.48085365060367484551275511558382216         0.00000000000000000000000000000000000         5.80133432143039667032115838127733462E-0003   1394.97973470515436498990300375506313         9818.83475087337718905671914385192605      
   4.10265810582733183554468384630866708         0.00000000000000000000000000000000000         0.00000000000000000000000000000000000        0.750000000000000000000000000000000000        0.250000000000000000000000000000000000        0.724999999999999999999999999999999981        0.275000000000000000000000000000000019        0.512000024318695068359375000000000000        0.425000011920928955078125000000000000         6.30000010132789611816406250000000000E-0002  0.870056494511586616800702331296776776        0.129943505488413383199297668703223248         0.00000000000000000000000000000000000        0.683022559859958444886526535977552353        0.167811590859605266884724425470909642        0.129098359310438402074632433326122454         2250.00000000000000000000000000000000        0.300000011920928955078125000000000000        -1.00000000000000000000000000000000000         4.50000000000000000000000000000000000         50.0000000000000000000000000000000000         1.49823969716159393996324582551386336         1.49819576729737053622300022620313160         1.49819576729737053622300022620313160         1.49819576729737053622300022620313160         1.49819576729737053622300022620313160         0.00000000000000000000000000000000000        -2.93218451034939330756536347159022089E-0003   1466.48814484208987897363441838231617         9941.86710100859962911061780606928229      
   4.29700470432098797081550436783669861         0.00000000000000000000000000000000000         0.00000000000000000000000000000000000        0.750000000000000000000000000000000000        0.250000000000000000000000000000000000        0.724999999999999999999999999999999981        0.275000000000000000000000000000000019        0.512000024318695068359375000000000000        0.425000011920928955078125000000000000         6.30000010132789611816406250000000000E-0002  0.870056494511586616800702331296776776        0.129943505488413383199297668703223248         0.00000000000000000000000000000000000        0.683022559859958444886526535977552353        0.167811590859605266884724425470909642        0.129098359310438402074632433326122454         2250.00000000000000000000000000000000        0.300000011920928955078125000000000000        -1.00000000000000000000000000000000000         4.50000000000000000000000000000000000         50.0000000000000000000000000000000000         1.51591350571389538623914772857345231         1.51575659274596946891819111405222362         1.51575659274596946891819111405222362         1.51575659274596946891819111405222362         1.51575659274596946891819111405222362         0.00000000000000000000000000000000000        -1.03521217507390958000769519457050883E-0002   1544.20439468492285933916102098717109         10070.8208228134726254447818880759276      
   4.50055767570065325107907567564988206         0.00000000000000000000000000000000000         0.00000000000000000000000000000000000        0.750000000000000000000000000000000000        0.250000000000000000000000000000000000        0.724999999999999999999999999999999981        0.275000000000000000000000000000000019        0.512000024318695068359375000000000000        0.425000011920928955078125000000000000         6.30000010132789611816406250000000000E-0002  0.870056494511586616800702331296776776        0.129943505488413383199297668703223248         0.00000000000000000000000000000000000        0.683022559859958444886526535977552353        0.167811590859605266884724425470909642        0.129098359310438402074632433326122454         2250.00000000000000000000000000000000        0.300000011920928955078125000000000000        -1.00000000000000000000000000000000000         4.50000000000000000000000000000000000         50.0000000000000000000000000000000000         1.53358682185833491873222648685035770         1.53484604313799891797652716352432422         1.53484604313799891797652716352432422         1.53484604313799891797652716352432422         1.53484604313799891797652716352432422         0.00000000000000000000000000000000000         8.20421882242675145149344284554652136E-0002   1628.13921652683875081585135874036139         10184.2398158793276932079297113258451      
   4.71375313411688746090811432995346639         0.00000000000000000000000000000000000         0.00000000000000000000000000000000000        0.750000000000000000000000000000000000        0.250000000000000000000000000000000000        0.724999999999999999999999999999999981        0.275000000000000000000000000000000019        0.512000024318695068359375000000000000        0.425000011920928955078125000000000000         6.30000010132789611816406250000000000E-0002  0.870056494511586616800702331296776776        0.129943505488413383199297668703223248         0.00000000000000000000000000000000000        0.683022559859958444886526535977552353        0.167811590859605266884724425470909642        0.129098359310438402074632433326122454         2250.00000000000000000000000000000000        0.300000011920928955078125000000000000        -1.00000000000000000000000000000000000         4.50000000000000000000000000000000000         50.0000000000000000000000000000000000         1.55167564406421783389400627629440516         1.55147539756809660708728379902649062         1.55147539756809660708728379902649062         1.55147539756809660708728379902649062         1.55147539756809660708728379902649062         0.00000000000000000000000000000000000        -1.29068431529825586198648530715302805E-0002   1711.71895389660743761625511391177782         10330.7135606129669529023995572872252      
   4.93704785283917522455720499133271388         0.00000000000000000000000000000000000         0.00000000000000000000000000000000000        0.750000000000000000000000000000000000        0.250000000000000000000000000000000000        0.724999999999999999999999999999999981        0.275000000000000000000000000000000019        0.512000024318695068359375000000000000        0.425000011920928955078125000000000000         6.30000010132789611816406250000000000E-0002  0.870056494511586616800702331296776776        0.129943505488413383199297668703223248         0.00000000000000000000000000000000000        0.683022559859958444886526535977552353        0.167811590859605266884724425470909642        0.129098359310438402074632433326122454         2250.00000000000000000000000000000000        0.300000011920928955078125000000000000        -1.00000000000000000000000000000000000         4.50000000000000000000000000000000000         50.0000000000000000000000000000000000         1.56969716795263864592590404124844523         1.56939724685109372117505927650696076         1.56939724685109372117505927650696076         1.56939724685109372117505927650696076         1.56939724685109372117505927650696076         0.00000000000000000000000000000000000        -1.91105917986474983254227054107053013E-0002   1801.65708714275987301698556350606025         10460.4624199545014113661491654317826      
   5.17092024289694052668163232095138689         0.00000000000000000000000000000000000         0.00000000000000000000000000000000000        0.750000000000000000000000000000000000        0.250000000000000000000000000000000000        0.724999999999999999999999999999999981        0.275000000000000000000000000000000019        0.512000024318695068359375000000000000        0.425000011920928955078125000000000000         6.30000010132789611816406250000000000E-0002  0.870056494511586616800702331296776776        0.129943505488413383199297668703223248         0.00000000000000000000000000000000000        0.683022559859958444886526535977552353        0.167811590859605266884724425470909642        0.129098359310438402074632433326122454         2250.00000000000000000000000000000000        0.300000011920928955078125000000000000        -1.00000000000000000000000000000000000         4.50000000000000000000000000000000000         50.0000000000000000000000000000000000         1.58791193822466529786205260687945534         1.58820760440836329828259169465683503         1.58820760440836329828259169465683503         1.58820760440836329828259169465683503         1.58820760440836329828259169465683503         0.00000000000000000000000000000000000         1.86163435357773356975294647127150451E-0002   1897.30023533104223818118834893450056         10593.0188614242052287732913599474832      
   5.41587137807966487084961468635563235         0.00000000000000000000000000000000000         0.00000000000000000000000000000000000        0.750000000000000000000000000000000000        0.250000000000000000000000000000000000        0.724999999999999999999999999999999981        0.275000000000000000000000000000000019        0.512000024318695068359375000000000000        0.425000011920928955078125000000000000         6.30000010132789611816406250000000000E-0002  0.870056494511586616800702331296776776        0.129943505488413383199297668703223248         0.00000000000000000000000000000000000        0.683022559859958444886526535977552353        0.167811590859605266884724425470909642        0.129098359310438402074632433326122454         2250.00000000000000000000000000000000        0.300000011920928955078125000000000000        -1.00000000000000000000000000000000000         4.50000000000000000000000000000000000         50.0000000000000000000000000000000000         1.60624301617992869476535702087061326         1.60600906425436992893762010625770148         1.60600906425436992893762010625770148         1.60600906425436992893762010625770148         1.60600906425436992893762010625770148         0.00000000000000000000000000000000000        -1.45672855008065529797266914358112356E-0002   1999.10367318249466348602355197095922         10727.7185901720860252949651626044609      
   5.67242606849218144376540893055636070         0.00000000000000000000000000000000000         0.00000000000000000000000000000000000        0.750000000000000000000000000000000000        0.250000000000000000000000000000000000        0.724999999999999999999999999999999981        0.275000000000000000000000000000000019        0.512000024318695068359375000000000000        0.425000011920928955078125000000000000         6.30000010132789611816406250000000000E-0002  0.870056494511586616800702331296776776        0.129943505488413383199297668703223248         0.00000000000000000000000000000000000        0.683022559859958444886526535977552353        0.167811590859605266884724425470909642        0.129098359310438402074632433326122454         2250.00000000000000000000000000000000        0.300000011920928955078125000000000000        -1.00000000000000000000000000000000000         4.50000000000000000000000000000000000         50.0000000000000000000000000000000000         1.62470858649565555593580851384552330         1.62452743221997475714519769722365033         1.62452743221997475714519769722365033         1.62452743221997475714519769722365033         1.62452743221997475714519769722365033         0.00000000000000000000000000000000000        -1.11511983169927147893328110102550171E-0002   2106.53279052954385692319301610219058         10863.9879318280519262119685229700707      
   5.94113398496524757317294119695305884         0.00000000000000000000000000000000000         0.00000000000000000000000000000000000        0.750000000000000000000000000000000000        0.250000000000000000000000000000000000        0.724999999999999999999999999999999981        0.275000000000000000000000000000000019        0.512000024318695068359375000000000000        0.425000011920928955078125000000000000         6.30000010132789611816406250000000000E-0002  0.870056494511586616800702331296776776        0.129943505488413383199297668703223248         0.00000000000000000000000000000000000        0.683022559859958444886526535977552353        0.167811590859605266884724425470909642        0.129098359310438402074632433326122454         2250.00000000000000000000000000000000        0.300000011920928955078125000000000000        -1.00000000000000000000000000000000000         4.50000000000000000000000000000000000         50.0000000000000000000000000000000000         1.64330918385134343691317576328274931         1.64311402435074041601450111177315797         1.64311402435074041601450111177315797         1.64311402435074041601450111177315797         1.64311402435074041601450111177315797         0.00000000000000000000000000000000000        -1.18774167654089718669384310533401348E-0002   2220.21346388188558596449734343829774         11001.8488209285505812296129000644991      
   6.22257083673045567818932634861224246         0.00000000000000000000000000000000000         0.00000000000000000000000000000000000        0.750000000000000000000000000000000000        0.250000000000000000000000000000000000        0.724999999999999999999999999999999981        0.275000000000000000000000000000000019        0.512000024318695068359375000000000000        0.425000011920928955078125000000000000         6.30000010132789611816406250000000000E-0002  0.870056494511586616800702331296776776        0.129943505488413383199297668703223248         0.00000000000000000000000000000000000        0.683022559859958444886526535977552353        0.167811590859605266884724425470909642        0.129098359310438402074632433326122454         2250.00000000000000000000000000000000        0.300000011920928955078125000000000000        -1.00000000000000000000000000000000000         4.50000000000000000000000000000000000         50.0000000000000000000000000000000000         1.66200539570420586148563332813047818         1.66220312175687539004452335555719917         1.66220312175687539004452335555719917         1.66220312175687539004452335555719917         1.66220312175687539004452335555719917         0.00000000000000000000000000000000000         1.18954206066308455557372045235735197E-0002   2339.82593822807620051155720567720938         11140.0281613633605089469042103327052      
   6.51733960488266225567076642791935208         0.00000000000000000000000000000000000         0.00000000000000000000000000000000000        0.750000000000000000000000000000000000        0.250000000000000000000000000000000000        0.724999999999999999999999999999999981        0.275000000000000000000000000000000019        0.512000024318695068359375000000000000        0.425000011920928955078125000000000000         6.30000010132789611816406250000000000E-0002  0.870056494511586616800702331296776776        0.129943505488413383199297668703223248         0.00000000000000000000000000000000000        0.683022559859958444886526535977552353        0.167811590859605266884724425470909642        0.129098359310438402074632433326122454         2250.00000000000000000000000000000000        0.300000011920928955078125000000000000        -1.00000000000000000000000000000000000         4.50000000000000000000000000000000000         50.0000000000000000000000000000000000         1.68090230732907936181060179053891679         1.68105421740903404389283755469748799         1.68105421740903404389283755469748799         1.68105421740903404389283755469748799         1.68105421740903404389283755469748799         0.00000000000000000000000000000000000         9.03659610627057650407850702140946639E-0003   2468.51208763208135290261288966737549         11281.9453828219553017942975937314214      
   6.82607183427263972690668329495824292         0.00000000000000000000000000000000000         0.00000000000000000000000000000000000        0.750000000000000000000000000000000000        0.250000000000000000000000000000000000        0.724999999999999999999999999999999981        0.275000000000000000000000000000000019        0.512000024318695068359375000000000000        0.425000011920928955078125000000000000         6.30000010132789611816406250000000000E-0002  0.870056494511586616800702331296776776        0.129943505488413383199297668703223248         0.00000000000000000000000000000000000        0.683022559859958444886526535977552353        0.167811590859605266884724425470909642        0.129098359310438402074632433326122454         2250.00000000000000000000000000000000        0.300000011920928955078125000000000000        -1.00000000000000000000000000000000000         4.50000000000000000000000000000000000         50.0000000000000000000000000000000000         1.69988762228152588916382882432748686         1.70011016166112181651298927174720383         1.70011016166112181651298927174720383         1.70011016166112181651298927174720383         1.70011016166112181651298927174720383         0.00000000000000000000000000000000000         1.30897035153587593612142981701603686E-0002   2603.77704398296742608091651215938334         11422.2071770832057431420288900821868      
   7.14942898659784326950660524938800231         0.00000000000000000000000000000000000         0.00000000000000000000000000000000000        0.750000000000000000000000000000000000        0.250000000000000000000000000000000000        0.724999999999999999999999999999999981        0.275000000000000000000000000000000019        0.512000024318695068359375000000000000        0.425000011920928955078125000000000000         6.30000010132789611816406250000000000E-0002  0.870056494511586616800702331296776776        0.129943505488413383199297668703223248         0.00000000000000000000000000000000000        0.683022559859958444886526535977552353        0.167811590859605266884724425470909642        0.129098359310438402074632433326122454         2250.00000000000000000000000000000000        0.300000011920928955078125000000000000        -1.00000000000000000000000000000000000         4.50000000000000000000000000000000000         50.0000000000000000000000000000000000         1.71902023817663437949564125432028364         1.71891508285307235007872351030747415         1.71891508285307235007872351030747415         1.71891508285307235007872351030747415         1.71891508285307235007872351030747415         0.00000000000000000000000000000000000        -6.11754033756522544684161825331625094E-0003   2746.58863074383309526178985526913134         11570.6465522262609106168556936447028      
   7.48810385759030229475404929283587874         0.00000000000000000000000000000000000         0.00000000000000000000000000000000000        0.750000000000000000000000000000000000        0.250000000000000000000000000000000000        0.724999999999999999999999999999999981        0.275000000000000000000000000000000019        0.512000024318695068359375000000000000        0.425000011920928955078125000000000000         6.30000010132789611816406250000000000E-0002  0.870056494511586616800702331296776776        0.129943505488413383199297668703223248         0.00000000000000000000000000000000000        0.683022559859958444886526535977552353        0.167811590859605266884724425470909642        0.129098359310438402074632433326122454         2250.00000000000000000000000000000000        0.300000011920928955078125000000000000        -1.00000000000000000000000000000000000         4.50000000000000000000000000000000000         50.0000000000000000000000000000000000         1.73828135179914490535719758721520576         1.73783845414963372982028835348792292         1.73783845414963372982028835348792292         1.73783845414963372982028835348792292         1.73783845414963372982028835348792292         0.00000000000000000000000000000000000        -2.54855477765277117757968396987080518E-0002   2898.51114407767576490657721313385096         11718.1193895635886358511073679767214      
   7.84282206133797492150195102086104320         0.00000000000000000000000000000000000         0.00000000000000000000000000000000000        0.750000000000000000000000000000000000        0.250000000000000000000000000000000000        0.724999999999999999999999999999999981        0.275000000000000000000000000000000019        0.512000024318695068359375000000000000        0.425000011920928955078125000000000000         6.30000010132789611816406250000000000E-0002  0.870056494511586616800702331296776776        0.129943505488413383199297668703223248         0.00000000000000000000000000000000000        0.683022559859958444886526535977552353        0.167811590859605266884724425470909642        0.129098359310438402074632433326122454         2250.00000000000000000000000000000000        0.300000011920928955078125000000000000        -1.00000000000000000000000000000000000         4.50000000000000000000000000000000000         50.0000000000000000000000000000000000         1.75758136297592908875238543117123788         1.75656210577487150458908443979725254         1.75656210577487150458908443979725254         1.75656210577487150458908443979725254         1.75656210577487150458908443979725254         0.00000000000000000000000000000000000        -5.80256853832082220585077108099591014E-0002   3058.38789423610917628738673911320361         11865.4667886792026606607083181514805      
   8.21434358491973787188331079880935809         0.00000000000000000000000000000000000         0.00000000000000000000000000000000000        0.750000000000000000000000000000000000        0.250000000000000000000000000000000000        0.724999999999999999999999999999999981        0.275000000000000000000000000000000019        0.512000024318695068359375000000000000        0.425000011920928955078125000000000000         6.30000010132789611816406250000000000E-0002  0.870056494511586616800702331296776776        0.129943505488413383199297668703223248         0.00000000000000000000000000000000000        0.683022559859958444886526535977552353        0.167811590859605266884724425470909642        0.129098359310438402074632433326122454         2250.00000000000000000000000000000000        0.300000011920928955078125000000000000        -1.00000000000000000000000000000000000         4.50000000000000000000000000000000000         50.0000000000000000000000000000000000         1.77706887784367619674708459122129974         1.77739428242453634647782838773518865         1.77739428242453634647782838773518865         1.77739428242453634647782838773518865         1.77739428242453634647782838773518865         0.00000000000000000000000000000000000         1.83079569951280961194150888388593125E-0002   3230.81031211835178126473466309648435         12014.5997236585873434764018059195234      
   8.60346441668483183756181982790961157         0.00000000000000000000000000000000000         0.00000000000000000000000000000000000        0.750000000000000000000000000000000000        0.250000000000000000000000000000000000        0.724999999999999999999999999999999981        0.275000000000000000000000000000000019        0.512000024318695068359375000000000000        0.425000011920928955078125000000000000         6.30000010132789611816406250000000000E-0002  0.870056494511586616800702331296776776        0.129943505488413383199297668703223248         0.00000000000000000000000000000000000        0.683022559859958444886526535977552353        0.167811590859605266884724425470909642        0.129098359310438402074632433326122454         2250.00000000000000000000000000000000        0.300000011920928955078125000000000000        -1.00000000000000000000000000000000000         4.50000000000000000000000000000000000         50.0000000000000000000000000000000000         1.79676615455618258677238190770997964         1.79684583137418616568032582291433749         1.79684583137418616568032582291433749         1.79684583137418616568032582291433749         1.79684583137418616568032582291433749         0.00000000000000000000000000000000000         4.43426011360384318071909885847435124E-0003   3412.26150918796314893205291073762179         12171.7942831609768952776189507775186      
   9.01101825166536630189666009569239489         0.00000000000000000000000000000000000         0.00000000000000000000000000000000000        0.750000000000000000000000000000000000        0.250000000000000000000000000000000000        0.724999999999999999999999999999999981        0.275000000000000000000000000000000019        0.512000024318695068359375000000000000        0.425000011920928955078125000000000000         6.30000010132789611816406250000000000E-0002  0.870056494511586616800702331296776776        0.129943505488413383199297668703223248         0.00000000000000000000000000000000000        0.683022559859958444886526535977552353        0.167811590859605266884724425470909642        0.129098359310438402074632433326122454         2250.00000000000000000000000000000000        0.300000011920928955078125000000000000        -1.00000000000000000000000000000000000         4.50000000000000000000000000000000000         50.0000000000000000000000000000000000         1.81648093520150817774820887505485552         1.81649708346751146332019352167050552         1.81649708346751146332019352167050552         1.81649708346751146332019352167050552         1.81649708346751146332019352167050552         0.00000000000000000000000000000000000         8.88978361168637023335492231204835941E-0004   3605.45366738707834356114608058764501         12329.1340245005401413845857536427447      
   9.43787827777574610680776305101093867         0.00000000000000000000000000000000000         0.00000000000000000000000000000000000        0.750000000000000000000000000000000000        0.250000000000000000000000000000000000        0.724999999999999999999999999999999981        0.275000000000000000000000000000000019        0.512000024318695068359375000000000000        0.425000011920928955078125000000000000         6.30000010132789611816406250000000000E-0002  0.870056494511586616800702331296776776        0.129943505488413383199297668703223248         0.00000000000000000000000000000000000        0.683022559859958444886526535977552353        0.167811590859605266884724425470909642        0.129098359310438402074632433326122454         2250.00000000000000000000000000000000        0.300000011920928955078125000000000000        -1.00000000000000000000000000000000000         4.50000000000000000000000000000000000         50.0000000000000000000000000000000000         1.83627041035390753260862721995268437         1.83649455208050811740082899277167968         1.83649455208050811740082899277167968         1.83649455208050811740082899277167968         1.83649455208050811740082899277167968         0.00000000000000000000000000000000000         1.22048674931630770855541026648531787E-0002   3808.05620743036178796506193745760603         12481.3897493073410563398390640009715      
   9.88495904662596879076778864032827051         0.00000000000000000000000000000000000         0.00000000000000000000000000000000000        0.750000000000000000000000000000000000        0.250000000000000000000000000000000000        0.724999999999999999999999999999999981        0.275000000000000000000000000000000019        0.512000024318695068359375000000000000        0.425000011920928955078125000000000000         6.30000010132789611816406250000000000E-0002  0.870056494511586616800702331296776776        0.129943505488413383199297668703223248         0.00000000000000000000000000000000000        0.683022559859958444886526535977552353        0.167811590859605266884724425470909642        0.129098359310438402074632433326122454         2250.00000000000000000000000000000000        0.300000011920928955078125000000000000        -1.00000000000000000000000000000000000         4.50000000000000000000000000000000000         50.0000000000000000000000000000000000         1.85625512778413246377066036343236026         1.85649175179316408517514155659069271         1.85649175179316408517514155659069271         1.85649175179316408517514155659069271         1.85649175179316408517514155659069271         0.00000000000000000000000000000000000         1.27457613966272130611276051980566148E-0002   4024.52898938149882644560758590939427         12638.1685288875133646664565095511931      
   10.3532184329570277361739405380354267         0.00000000000000000000000000000000000         0.00000000000000000000000000000000000        0.750000000000000000000000000000000000        0.250000000000000000000000000000000000        0.724999999999999999999999999999999981        0.275000000000000000000000000000000019        0.512000024318695068359375000000000000        0.425000011920928955078125000000000000         6.30000010132789611816406250000000000E-0002  0.870056494511586616800702331296776776        0.129943505488413383199297668703223248         0.00000000000000000000000000000000000        0.683022559859958444886526535977552353        0.167811590859605266884724425470909642        0.129098359310438402074632433326122454         2250.00000000000000000000000000000000        0.300000011920928955078125000000000000        -1.00000000000000000000000000000000000         4.50000000000000000000000000000000000         50.0000000000000000000000000000000000         1.87633198514813780664131662491815374         1.87587792203405754285134761863593864         1.87587792203405754285134761863593864         1.87587792203405754285134761863593864         1.87587792203405754285134761863593864         0.00000000000000000000000000000000000        -2.42053658581317871664544054786428422E-0002   4253.80306924650632783037902079036162         12806.3721852266151551014710051292997      
   10.8436596868965298573473131194133672         0.00000000000000000000000000000000000         0.00000000000000000000000000000000000        0.750000000000000000000000000000000000        0.250000000000000000000000000000000000        0.724999999999999999999999999999999981        0.275000000000000000000000000000000019        0.512000024318695068359375000000000000        0.425000011920928955078125000000000000         6.30000010132789611816406250000000000E-0002  0.870056494511586616800702331296776776        0.129943505488413383199297668703223248         0.00000000000000000000000000000000000        0.683022559859958444886526535977552353        0.167811590859605266884724425470909642        0.129098359310438402074632433326122454         2250.00000000000000000000000000000000        0.300000011920928955078125000000000000        -1.00000000000000000000000000000000000         4.50000000000000000000000000000000000         50.0000000000000000000000000000000000         1.89649530468868152376472769613732185         1.89673166224904332324835684365014240         1.89673166224904332324835684365014240         1.89673166224904332324835684365014240         1.89673166224904332324835684365014240         0.00000000000000000000000000000000000         1.24613072616470842623890780101456215E-0002   4498.73090136405571879696097174895984         12963.6072241698100027304188687367037      
   11.3573335834315047407380755747457535         0.00000000000000000000000000000000000         0.00000000000000000000000000000000000        0.750000000000000000000000000000000000        0.250000000000000000000000000000000000        0.724999999999999999999999999999999981        0.275000000000000000000000000000000019        0.512000024318695068359375000000000000        0.425000011920928955078125000000000000         6.30000010132789611816406250000000000E-0002  0.870056494511586616800702331296776776        0.129943505488413383199297668703223248         0.00000000000000000000000000000000000        0.683022559859958444886526535977552353        0.167811590859605266884724425470909642        0.129098359310438402074632433326122454         2250.00000000000000000000000000000000        0.300000011920928955078125000000000000        -1.00000000000000000000000000000000000         4.50000000000000000000000000000000000         50.0000000000000000000000000000000000         1.91674145507091995174911822986225031         1.91700267824917662785446957399526122         1.91700267824917662785446957399526122         1.91700267824917662785446957399526122         1.91700267824917662785446957399526122         0.00000000000000000000000000000000000         1.36266464945815629750777274800260105E-0002   4757.18323440423291553233620182648567         13139.3021240659317251997927569308760      
   11.8953406737036708935232311939754483         0.00000000000000000000000000000000000         0.00000000000000000000000000000000000        0.750000000000000000000000000000000000        0.250000000000000000000000000000000000        0.724999999999999999999999999999999981        0.275000000000000000000000000000000019        0.512000024318695068359375000000000000        0.425000011920928955078125000000000000         6.30000010132789611816406250000000000E-0002  0.870056494511586616800702331296776776        0.129943505488413383199297668703223248         0.00000000000000000000000000000000000        0.683022559859958444886526535977552353        0.167811590859605266884724425470909642        0.129098359310438402074632433326122454         2250.00000000000000000000000000000000        0.300000011920928955078125000000000000        -1.00000000000000000000000000000000000         4.50000000000000000000000000000000000         50.0000000000000000000000000000000000         1.93715716613281647238727685120624423         1.93739630344917769620894740392784512         1.93739630344917769620894740392784512         1.93739630344917769620894740392784512         1.93739630344917769620894740392784512         0.00000000000000000000000000000000000         1.23432317866759539023148004065019654E-0002   5033.97865857916500405249996466576940         13306.2141553410359439499272399758463      
   12.4588336429505803262590704440291315         0.00000000000000000000000000000000000         0.00000000000000000000000000000000000        0.750000000000000000000000000000000000        0.250000000000000000000000000000000000        0.724999999999999999999999999999999981        0.275000000000000000000000000000000019        0.512000024318695068359375000000000000        0.425000011920928955078125000000000000         6.30000010132789611816406250000000000E-0002  0.870056494511586616800702331296776776        0.129943505488413383199297668703223248         0.00000000000000000000000000000000000        0.683022559859958444886526535977552353        0.167811590859605266884724425470909642        0.129098359310438402074632433326122454         2250.00000000000000000000000000000000        0.300000011920928955078125000000000000        -1.00000000000000000000000000000000000         4.50000000000000000000000000000000000         50.0000000000000000000000000000000000         1.95774170863752751708004305517327415         1.95712605601831206409603308536814405         1.95712605601831206409603308536814405         1.95712605601831206409603308536814405         1.95712605601831206409603308536814405         0.00000000000000000000000000000000000        -3.14569732144883652252729875502812487E-0002   5326.63404922169167858072119571275638         13483.3748440437831197736786240486147      
   13.0490197801445524899467209692621793         0.00000000000000000000000000000000000         0.00000000000000000000000000000000000        0.750000000000000000000000000000000000        0.250000000000000000000000000000000000        0.724999999999999999999999999999999981        0.275000000000000000000000000000000019        0.512000024318695068359375000000000000        0.425000011920928955078125000000000000         6.30000010132789611816406250000000000E-0002  0.870056494511586616800702331296776776        0.129943505488413383199297668703223248         0.00000000000000000000000000000000000        0.683022559859958444886526535977552353        0.167811590859605266884724425470909642        0.129098359310438402074632433326122454         2250.00000000000000000000000000000000        0.300000011920928955078125000000000000        -1.00000000000000000000000000000000000         4.50000000000000000000000000000000000         50.0000000000000000000000000000000000         1.97826988254345080492796511829660907         1.97856338555443457118205873380721240         1.97856338555443457118205873380721240         1.97856338555443457118205873380721240         1.97856338555443457118205873380721240         0.00000000000000000000000000000000000         1.48341474994757679707280617697889915E-0002   5639.15024830578535613690328791864335         13651.0339121546793862959236490187101      
   13.6671635646206221493148154813537214         0.00000000000000000000000000000000000         0.00000000000000000000000000000000000        0.750000000000000000000000000000000000        0.250000000000000000000000000000000000        0.724999999999999999999999999999999981        0.275000000000000000000000000000000019        0.512000024318695068359375000000000000        0.425000011920928955078125000000000000         6.30000010132789611816406250000000000E-0002  0.870056494511586616800702331296776776        0.129943505488413383199297668703223248         0.00000000000000000000000000000000000        0.683022559859958444886526535977552353        0.167811590859605266884724425470909642        0.129098359310438402074632433326122454         2250.00000000000000000000000000000000        0.300000011920928955078125000000000000        -1.00000000000000000000000000000000000         4.50000000000000000000000000000000000         50.0000000000000000000000000000000000         1.99892151443635581510239464704014884         1.99954305959476570839293725140688322         1.99954305959476570839293725140688322         1.99954305959476570839293725140688322         1.99954305959476570839293725140688322         0.00000000000000000000000000000000000         3.10843597704696479834276657645675911E-0002   5967.54436389528074333613761559620976         13838.3428122618751649809839307709982      
   14.3145893752353758338684692231306029         0.00000000000000000000000000000000000         0.00000000000000000000000000000000000        0.750000000000000000000000000000000000        0.250000000000000000000000000000000000        0.724999999999999999999999999999999981        0.275000000000000000000000000000000019        0.512000024318695068359375000000000000        0.425000011920928955078125000000000000         6.30000010132789611816406250000000000E-0002  0.870056494511586616800702331296776776        0.129943505488413383199297668703223248         0.00000000000000000000000000000000000        0.683022559859958444886526535977552353        0.167811590859605266884724425470909642        0.129098359310438402074632433326122454         2250.00000000000000000000000000000000        0.300000011920928955078125000000000000        -1.00000000000000000000000000000000000         4.50000000000000000000000000000000000         50.0000000000000000000000000000000000         2.01964597444370758618536542473581135         2.01984263884407596943296587232028134         2.01984263884407596943296587232028134         2.01984263884407596943296587232028134         2.01984263884407596943296587232028134         0.00000000000000000000000000000000000         9.73661990227769311850194004641768675E-0003   6323.44524838612605702833908685674272         14023.6657656655747677873905599798647      
   14.9926843278610750864026478869771275         0.00000000000000000000000000000000000         0.00000000000000000000000000000000000        0.750000000000000000000000000000000000        0.250000000000000000000000000000000000        0.724999999999999999999999999999999981        0.275000000000000000000000000000000019        0.512000024318695068359375000000000000        0.425000011920928955078125000000000000         6.30000010132789611816406250000000000E-0002  0.870056494511586616800702331296776776        0.129943505488413383199297668703223248         0.00000000000000000000000000000000000        0.683022559859958444886526535977552353        0.167811590859605266884724425470909642        0.129098359310438402074632433326122454         2250.00000000000000000000000000000000        0.300000011920928955078125000000000000        -1.00000000000000000000000000000000000         4.50000000000000000000000000000000000         50.0000000000000000000000000000000000         2.03993515777165298159193241698752730         2.03848836274064978947164804045753019         2.03848836274064978947164804045753019         2.03848836274064978947164804045753019         2.03848836274064978947164804045753019         0.00000000000000000000000000000000000        -7.09739166260456657055855343118383705E-0002   6709.89115643797533302186114348704943         14215.5381791811750330970815646244175      
   15.7029012472944242844593367399923914         0.00000000000000000000000000000000000         0.00000000000000000000000000000000000        0.750000000000000000000000000000000000        0.250000000000000000000000000000000000        0.724999999999999999999999999999999981        0.275000000000000000000000000000000019        0.512000024318695068359375000000000000        0.425000011920928955078125000000000000         6.30000010132789611816406250000000000E-0002  0.870056494511586616800702331296776776        0.129943505488413383199297668703223248         0.00000000000000000000000000000000000        0.683022559859958444886526535977552353        0.167811590859605266884724425470909642        0.129098359310438402074632433326122454         2250.00000000000000000000000000000000        0.300000011920928955078125000000000000        -1.00000000000000000000000000000000000         4.50000000000000000000000000000000000         50.0000000000000000000000000000000000         2.06020725543747015279972790132176094         2.06060746483832030545210482011962467         2.06060746483832030545210482011962467         2.06060746483832030545210482011962467         2.06060746483832030545210482011962467         0.00000000000000000000000000000000000         1.94219135705962291519319029267875610E-0002   7124.23300413618759999731473246039327         14416.4377370955381656546311954223640      
   16.4467617799473254470491446022305387         0.00000000000000000000000000000000000         0.00000000000000000000000000000000000        0.750000000000000000000000000000000000        0.250000000000000000000000000000000000        0.724999999999999999999999999999999981        0.275000000000000000000000000000000019        0.512000024318695068359375000000000000        0.425000011920928955078125000000000000         6.30000010132789611816406250000000000E-0002  0.870056494511586616800702331296776776        0.129943505488413383199297668703223248         0.00000000000000000000000000000000000        0.683022559859958444886526535977552353        0.167811590859605266884724425470909642        0.129098359310438402074632433326122454         2250.00000000000000000000000000000000        0.300000011920928955078125000000000000        -1.00000000000000000000000000000000000         4.50000000000000000000000000000000000         50.0000000000000000000000000000000000         2.08056032913437650534945158498521927         2.08094203256742148018242902358882461         2.08094203256742148018242902358882461         2.08094203256742148018242902358882461         2.08094203256742148018242902358882461         0.00000000000000000000000000000000000         1.83428191209169510020424261793046748E-0002   7561.96658505876141820920622034028464         14606.5663004983539467749304388217757      
   17.2258596539885891666448939958271182         0.00000000000000000000000000000000000         0.00000000000000000000000000000000000        0.750000000000000000000000000000000000        0.250000000000000000000000000000000000        0.724999999999999999999999999999999981        0.275000000000000000000000000000000019        0.512000024318695068359375000000000000        0.425000011920928955078125000000000000         6.30000010132789611816406250000000000E-0002  0.870056494511586616800702331296776776        0.129943505488413383199297668703223248         0.00000000000000000000000000000000000        0.683022559859958444886526535977552353        0.167811590859605266884724425470909642        0.129098359310438402074632433326122454         2250.00000000000000000000000000000000        0.300000011920928955078125000000000000        -1.00000000000000000000000000000000000         4.50000000000000000000000000000000000         50.0000000000000000000000000000000000         2.10098780556407654490597661023433103         2.10116435579803687102367552981119582         2.10116435579803687102367552981119582         2.10116435579803687102367552981119582         2.10116435579803687102367552981119582         0.00000000000000000000000000000000000         8.40249519144689221539654394852710210E-0003   8028.23597348941724413022610202370703         14816.5844957170699931680117950172685      
   18.0418640939214858630807661830989717         0.00000000000000000000000000000000000         0.00000000000000000000000000000000000        0.750000000000000000000000000000000000        0.250000000000000000000000000000000000        0.724999999999999999999999999999999981        0.275000000000000000000000000000000019        0.512000024318695068359375000000000000        0.425000011920928955078125000000000000         6.30000010132789611816406250000000000E-0002  0.870056494511586616800702331296776776        0.129943505488413383199297668703223248         0.00000000000000000000000000000000000        0.683022559859958444886526535977552353        0.167811590859605266884724425470909642        0.129098359310438402074632433326122454         2250.00000000000000000000000000000000        0.300000011920928955078125000000000000        -1.00000000000000000000000000000000000         4.50000000000000000000000000000000000         50.0000000000000000000000000000000000         2.12136960426804771216365713463345310         2.12152384348353613257774915569350667         2.12152384348353613257774915569350667         2.12152384348353613257774915569350667         2.12152384348353613257774915569350667         0.00000000000000000000000000000000000         7.27020890960905062522903306093069977E-0003   8525.33499417353751525349398254806517         15024.5507761995515424598432207205265      
   18.8965233969129017925278720876753030         0.00000000000000000000000000000000000         0.00000000000000000000000000000000000        0.750000000000000000000000000000000000        0.250000000000000000000000000000000000        0.724999999999999999999999999999999981        0.275000000000000000000000000000000019        0.512000024318695068359375000000000000        0.425000011920928955078125000000000000         6.30000010132789611816406250000000000E-0002  0.870056494511586616800702331296776776        0.129943505488413383199297668703223248         0.00000000000000000000000000000000000        0.683022559859958444886526535977552353        0.167811590859605266884724425470909642        0.129098359310438402074632433326122454         2250.00000000000000000000000000000000        0.300000011920928955078125000000000000        -1.00000000000000000000000000000000000         4.50000000000000000000000000000000000         50.0000000000000000000000000000000000         2.14173048004995502912173862337305916         2.14229689458261301668398559001669746         2.14229689458261301668398559001669746         2.14229689458261301668398559001669746         2.14229689458261301668398559001669746         0.00000000000000000000000000000000000         2.64395908004311873256944082103092837E-0002   9062.03283016365911916153844259942444         15233.6688684869574303176103735042951      
   19.7916686785364185751762295282302534         0.00000000000000000000000000000000000         0.00000000000000000000000000000000000        0.750000000000000000000000000000000000        0.250000000000000000000000000000000000        0.724999999999999999999999999999999981        0.275000000000000000000000000000000019        0.512000024318695068359375000000000000        0.425000011920928955078125000000000000         6.30000010132789611816406250000000000E-0002  0.870056494511586616800702331296776776        0.129943505488413383199297668703223248         0.00000000000000000000000000000000000        0.683022559859958444886526535977552353        0.167811590859605266884724425470909642        0.129098359310438402074632433326122454         2250.00000000000000000000000000000000        0.300000011920928955078125000000000000        -1.00000000000000000000000000000000000         4.50000000000000000000000000000000000         50.0000000000000000000000000000000000         2.16214897385889961992950231747706810         2.16290558678464087521749755704480794         2.16290558678464087521749755704480794         2.16290558678464087521749755704480794         2.16290558678464087521749755704480794         0.00000000000000000000000000000000000         3.49813200522557415122689568829173219E-0002   9630.80836230786017724886146957849681         15449.4119567003695808823991132040259      
   20.7292177959546059255378205487295255         0.00000000000000000000000000000000000         0.00000000000000000000000000000000000        0.750000000000000000000000000000000000        0.250000000000000000000000000000000000        0.724999999999999999999999999999999981        0.275000000000000000000000000000000019        0.512000024318695068359375000000000000        0.425000011920928955078125000000000000         6.30000010132789611816406250000000000E-0002  0.870056494511586616800702331296776776        0.129943505488413383199297668703223248         0.00000000000000000000000000000000000        0.683022559859958444886526535977552353        0.167811590859605266884724425470909642        0.129098359310438402074632433326122454         2250.00000000000000000000000000000000        0.300000011920928955078125000000000000        -1.00000000000000000000000000000000000         4.50000000000000000000000000000000000         50.0000000000000000000000000000000000         2.18265782080277487367555947209327659         2.18252757246012706398825522538600368         2.18252757246012706398825522538600368         2.18252757246012706398825522538600368         2.18252757246012706398825522538600368         0.00000000000000000000000000000000000        -5.96777535786156555206642284191969145E-0003   10226.8373286213978789024137966854007         15677.4146815570658350582551406350383      
   21.7111794569459824479971497798839502         0.00000000000000000000000000000000000         0.00000000000000000000000000000000000        0.750000000000000000000000000000000000        0.250000000000000000000000000000000000        0.724999999999999999999999999999999981        0.275000000000000000000000000000000019        0.512000024318695068359375000000000000        0.425000011920928955078125000000000000         6.30000010132789611816406250000000000E-0002  0.870056494511586616800702331296776776        0.129943505488413383199297668703223248         0.00000000000000000000000000000000000        0.683022559859958444886526535977552353        0.167811590859605266884724425470909642        0.129098359310438402074632433326122454         2250.00000000000000000000000000000000        0.300000011920928955078125000000000000        -1.00000000000000000000000000000000000         4.50000000000000000000000000000000000         50.0000000000000000000000000000000000         2.20311599204453654809180931528791547         2.20353104336344190486843357975166101         2.20353104336344190486843357975166101         2.20353104336344190486843357975166101         2.20353104336344190486843357975166101         0.00000000000000000000000000000000000         1.88357373115028910506401283174095401E-0002   10877.9673491290892930873027567357260         15901.6940199959661171450081578021417      
   22.7396575235802733048359620889347810         0.00000000000000000000000000000000000         0.00000000000000000000000000000000000        0.750000000000000000000000000000000000        0.250000000000000000000000000000000000        0.724999999999999999999999999999999981        0.275000000000000000000000000000000019        0.512000024318695068359375000000000000        0.425000011920928955078125000000000000         6.30000010132789611816406250000000000E-0002  0.870056494511586616800702331296776776        0.129943505488413383199297668703223248         0.00000000000000000000000000000000000        0.683022559859958444886526535977552353        0.167811590859605266884724425470909642        0.129098359310438402074632433326122454         2250.00000000000000000000000000000000        0.300000011920928955078125000000000000        -1.00000000000000000000000000000000000         4.50000000000000000000000000000000000         50.0000000000000000000000000000000000         2.22359374820067532230675030052685415         2.22392898555939745458963882862192112         2.22392898555939745458963882862192112         2.22392898555939745458963882862192112         2.22392898555939745458963882862192112         0.00000000000000000000000000000000000         1.50741035752006321904496431326302263E-0002   11565.5106014096462085931263309532666         16130.6817021737009743432912330507927      
   23.8168555197626293658587845572158158         0.00000000000000000000000000000000000         0.00000000000000000000000000000000000        0.750000000000000000000000000000000000        0.250000000000000000000000000000000000        0.724999999999999999999999999999999981        0.275000000000000000000000000000000019        0.512000024318695068359375000000000000        0.425000011920928955078125000000000000         6.30000010132789611816406250000000000E-0002  0.870056494511586616800702331296776776        0.129943505488413383199297668703223248         0.00000000000000000000000000000000000        0.683022559859958444886526535977552353        0.167811590859605266884724425470909642        0.129098359310438402074632433326122454         2250.00000000000000000000000000000000        0.300000011920928955078125000000000000        -1.00000000000000000000000000000000000         4.50000000000000000000000000000000000         50.0000000000000000000000000000000000         2.24413058452671992388693700720344169         2.24415869132297718354510741074792409         2.24415869132297718354510741074792409         2.24415869132297718354510741074792409         2.24415869132297718354510741074792409         0.00000000000000000000000000000000000         1.25244245720832381174014592643286366E-0003   12303.2741960444189003973917732165506         16378.1850564724967677036129723567957      
   24.9450813523042636110632071495682141         0.00000000000000000000000000000000000         0.00000000000000000000000000000000000        0.750000000000000000000000000000000000        0.250000000000000000000000000000000000        0.724999999999999999999999999999999981        0.275000000000000000000000000000000019        0.512000024318695068359375000000000000        0.425000011920928955078125000000000000         6.30000010132789611816406250000000000E-0002  0.870056494511586616800702331296776776        0.129943505488413383199297668703223248         0.00000000000000000000000000000000000        0.683022559859958444886526535977552353        0.167811590859605266884724425470909642        0.129098359310438402074632433326122454         2250.00000000000000000000000000000000        0.300000011920928955078125000000000000        -1.00000000000000000000000000000000000         4.50000000000000000000000000000000000         50.0000000000000000000000000000000000         2.26447066635743726904425947428267933         2.26485667730360433758961816910533386         2.26485667730360433758961816910533386         2.26485667730360433758961816910533386         2.26485667730360433758961816910533386         0.00000000000000000000000000000000000         1.70435043433577817911073773190037197E-0002   13087.9151516277679948097717980754028         16617.9783045308747762212349935647592      
   26.1267522556344429096957856567219458         0.00000000000000000000000000000000000         0.00000000000000000000000000000000000        0.750000000000000000000000000000000000        0.250000000000000000000000000000000000        0.724999999999999999999999999999999981        0.275000000000000000000000000000000019        0.512000024318695068359375000000000000        0.425000011920928955078125000000000000         6.30000010132789611816406250000000000E-0002  0.870056494511586616800702331296776776        0.129943505488413383199297668703223248         0.00000000000000000000000000000000000        0.683022559859958444886526535977552353        0.167811590859605266884724425470909642        0.129098359310438402074632433326122454         2250.00000000000000000000000000000000        0.300000011920928955078125000000000000        -1.00000000000000000000000000000000000         4.50000000000000000000000000000000000         50.0000000000000000000000000000000000         2.28486943689622420920825954313869280         2.28531594982562405286335233784496071         2.28531594982562405286335233784496071         2.28531594982562405286335233784496071         2.28531594982562405286335233784496071         0.00000000000000000000000000000000000         1.95383456468640071570561517806932827E-0002   13928.6920481907569818295870890322221         16871.9109310803449018769565415995216      
   27.3643999707479270007413801432196356         0.00000000000000000000000000000000000         0.00000000000000000000000000000000000        0.750000000000000000000000000000000000        0.250000000000000000000000000000000000        0.724999999999999999999999999999999981        0.275000000000000000000000000000000019        0.512000024318695068359375000000000000        0.425000011920928955078125000000000000         6.30000010132789611816406250000000000E-0002  0.870056494511586616800702331296776776        0.129943505488413383199297668703223248         0.00000000000000000000000000000000000        0.683022559859958444886526535977552353        0.167811590859605266884724425470909642        0.129098359310438402074632433326122454         2250.00000000000000000000000000000000        0.300000011920928955078125000000000000        -1.00000000000000000000000000000000000         4.50000000000000000000000000000000000         50.0000000000000000000000000000000000         2.30531301795756916820741831244064046         2.30512102814770323219721277879334944         2.30512102814770323219721277879334944         2.30512102814770323219721277879334944         2.30512102814770323219721277879334944         0.00000000000000000000000000000000000        -8.32883859552532121517108499703395860E-0003   14821.6574092239168194792231660567956         17129.9870997239166901176727541393297      
   28.6606761694837981427111233968978527         0.00000000000000000000000000000000000         0.00000000000000000000000000000000000        0.750000000000000000000000000000000000        0.250000000000000000000000000000000000        0.724999999999999999999999999999999981        0.275000000000000000000000000000000019        0.512000024318695068359375000000000000        0.425000011920928955078125000000000000         6.30000010132789611816406250000000000E-0002  0.870056494511586616800702331296776776        0.129943505488413383199297668703223248         0.00000000000000000000000000000000000        0.683022559859958444886526535977552353        0.167811590859605266884724425470909642        0.129098359310438402074632433326122454         2250.00000000000000000000000000000000        0.300000011920928955078125000000000000        -1.00000000000000000000000000000000000         4.50000000000000000000000000000000000         50.0000000000000000000000000000000000         2.32573412176521518261584782164793453         2.32575005219321768786338187354200009         2.32575005219321768786338187354200009         2.32575005219321768786338187354200009         2.32575005219321768786338187354200009         0.00000000000000000000000000000000000         6.84958729227270640285491832885155895E-0004   15787.8353664013265875246650773970661         17394.6522515155816031485912649724684      
   30.0183581357572497063742795553511495         0.00000000000000000000000000000000000         0.00000000000000000000000000000000000        0.750000000000000000000000000000000000        0.250000000000000000000000000000000000        0.724999999999999999999999999999999981        0.275000000000000000000000000000000019        0.512000024318695068359375000000000000        0.425000011920928955078125000000000000         6.30000010132789611816406250000000000E-0002  0.870056494511586616800702331296776776        0.129943505488413383199297668703223248         0.00000000000000000000000000000000000        0.683022559859958444886526535977552353        0.167811590859605266884724425470909642        0.129098359310438402074632433326122454         2250.00000000000000000000000000000000        0.300000011920928955078125000000000000        -1.00000000000000000000000000000000000         4.50000000000000000000000000000000000         50.0000000000000000000000000000000000         2.34589918978123043054219099628329324         2.34653801923489994426614123308913091         2.34653801923489994426614123308913091         2.34653801923489994426614123308913091         2.34653801923489994426614123308913091         0.00000000000000000000000000000000000         2.72243385120095839350089247236475291E-0002   16813.5297201979200965455495443994771         17660.5002791413380330469500611902483      
   31.4403547159164261088988818749477531         0.00000000000000000000000000000000000         0.00000000000000000000000000000000000        0.750000000000000000000000000000000000        0.250000000000000000000000000000000000        0.724999999999999999999999999999999981        0.275000000000000000000000000000000019        0.512000024318695068359375000000000000        0.425000011920928955078125000000000000         6.30000010132789611816406250000000000E-0002  0.870056494511586616800702331296776776        0.129943505488413383199297668703223248         0.00000000000000000000000000000000000        0.683022559859958444886526535977552353        0.167811590859605266884724425470909642        0.129098359310438402074632433326122454         2250.00000000000000000000000000000000        0.300000011920928955078125000000000000        -1.00000000000000000000000000000000000         4.50000000000000000000000000000000000         50.0000000000000000000000000000000000         2.36619697782532943322145840628294540         2.36667674573636112475716919529533438         2.36667674573636112475716919529533438         2.36667674573636112475716919529533438         2.36667674573636112475716919529533438         0.00000000000000000000000000000000000         2.02717972319628256458409937275970729E-0002   17909.2242645806844221183135229070407         17936.7755944514727242157306511380086      
   32.9297125509730094348267134385588767         0.00000000000000000000000000000000000         0.00000000000000000000000000000000000        0.750000000000000000000000000000000000        0.250000000000000000000000000000000000        0.724999999999999999999999999999999981        0.275000000000000000000000000000000019        0.512000024318695068359375000000000000        0.425000011920928955078125000000000000         6.30000010132789611816406250000000000E-0002  0.870056494511586616800702331296776776        0.129943505488413383199297668703223248         0.00000000000000000000000000000000000        0.683022559859958444886526535977552353        0.167811590859605266884724425470909642        0.129098359310438402074632433326122454         2250.00000000000000000000000000000000        0.300000011920928955078125000000000000        -1.00000000000000000000000000000000000         4.50000000000000000000000000000000000         50.0000000000000000000000000000000000         2.38631510283829956330369081632338121         2.38719194956501342636561600350639250         2.38719194956501342636561600350639250         2.38719194956501342636561600350639250         2.38719194956501342636561600350639250         0.00000000000000000000000000000000000         3.67313037761223726341813022986347654E-0002   19089.3039303936851164183986703123834         18219.4393477509675528275942369263344      
   34.4896226040591652356324616013479640         0.00000000000000000000000000000000000         0.00000000000000000000000000000000000        0.750000000000000000000000000000000000        0.250000000000000000000000000000000000        0.724999999999999999999999999999999981        0.275000000000000000000000000000000019        0.512000024318695068359375000000000000        0.425000011920928955078125000000000000         6.30000010132789611816406250000000000E-0002  0.870056494511586616800702331296776776        0.129943505488413383199297668703223248         0.00000000000000000000000000000000000        0.683022559859958444886526535977552353        0.167811590859605266884724425470909642        0.129098359310438402074632433326122454         2250.00000000000000000000000000000000        0.300000011920928955078125000000000000        -1.00000000000000000000000000000000000         4.50000000000000000000000000000000000         50.0000000000000000000000000000000000         2.40650176604805357238976575204741590         2.40729059534947704526151009462233040         2.40729059534947704526151009462233040         2.40729059534947704526151009462233040         2.40729059534947704526151009462233040         0.00000000000000000000000000000000000         3.27683455810184406019630844052124829E-0002   20346.6914830627963896064770239675199         18508.5488703114616222551366751637361      
   36.1234269970959852434556329432163891         0.00000000000000000000000000000000000         0.00000000000000000000000000000000000        0.750000000000000000000000000000000000        0.250000000000000000000000000000000000        0.724999999999999999999999999999999981        0.275000000000000000000000000000000019        0.512000024318695068359375000000000000        0.425000011920928955078125000000000000         6.30000010132789611816406250000000000E-0002  0.870056494511586616800702331296776776        0.129943505488413383199297668703223248         0.00000000000000000000000000000000000        0.683022559859958444886526535977552353        0.167811590859605266884724425470909642        0.129098359310438402074632433326122454         2250.00000000000000000000000000000000        0.300000011920928955078125000000000000        -1.00000000000000000000000000000000000         4.50000000000000000000000000000000000         50.0000000000000000000000000000000000         2.42667091633323307882127041347682669         2.42595375133019272805048112473477403         2.42595375133019272805048112473477403         2.42595375133019272805048112473477403         2.42595375133019272805048112473477403         0.00000000000000000000000000000000000        -2.95621877641779732568093776698433808E-0002   21691.1385357390426248012639318571396         18823.6165756899583878738653692614722      
   37.8346261713210532672152332780757538         0.00000000000000000000000000000000000         0.00000000000000000000000000000000000        0.750000000000000000000000000000000000        0.250000000000000000000000000000000000        0.724999999999999999999999999999999981        0.275000000000000000000000000000000019        0.512000024318695068359375000000000000        0.425000011920928955078125000000000000         6.30000010132789611816406250000000000E-0002  0.870056494511586616800702331296776776        0.129943505488413383199297668703223248         0.00000000000000000000000000000000000        0.683022559859958444886526535977552353        0.167811590859605266884724425470909642        0.129098359310438402074632433326122454         2250.00000000000000000000000000000000        0.300000011920928955078125000000000000        -1.00000000000000000000000000000000000         4.50000000000000000000000000000000000         50.0000000000000000000000000000000000         2.44647941834508280355569085173113418         2.44719201084677602096836617326601830         2.44719201084677602096836617326601830         2.44719201084677602096836617326601830         2.44719201084677602096836617326601830         0.00000000000000000000000000000000000         2.91187817929597829495379731839356206E-0002   23139.1964856214759377546848638925281         19129.9883023856911883594518624926479      
   39.6268863870166317486167498635414547         0.00000000000000000000000000000000000         0.00000000000000000000000000000000000        0.750000000000000000000000000000000000        0.250000000000000000000000000000000000        0.724999999999999999999999999999999981        0.275000000000000000000000000000000019        0.512000024318695068359375000000000000        0.425000011920928955078125000000000000         6.30000010132789611816406250000000000E-0002  0.870056494511586616800702331296776776        0.129943505488413383199297668703223248         0.00000000000000000000000000000000000        0.683022559859958444886526535977552353        0.167811590859605266884724425470909642        0.129098359310438402074632433326122454         2250.00000000000000000000000000000000        0.300000011920928955078125000000000000        -1.00000000000000000000000000000000000         4.50000000000000000000000000000000000         50.0000000000000000000000000000000000         2.46641001541464860815776477572087650         2.46622088865334773700071798483825751         2.46622088865334773700071798483825751         2.46622088865334773700071798483825751         2.46622088865334773700071798483825751         0.00000000000000000000000000000000000        -7.66868702519755659088371839477449959E-0003   24676.7562093113577998117742997792690         19452.9471867239605019541740521067262      
   41.5040475785067069671132337416860269         0.00000000000000000000000000000000000         0.00000000000000000000000000000000000        0.750000000000000000000000000000000000        0.250000000000000000000000000000000000        0.724999999999999999999999999999999981        0.275000000000000000000000000000000019        0.512000024318695068359375000000000000        0.425000011920928955078125000000000000         6.30000010132789611816406250000000000E-0002  0.870056494511586616800702331296776776        0.129943505488413383199297668703223248         0.00000000000000000000000000000000000        0.683022559859958444886526535977552353        0.167811590859605266884724425470909642        0.129098359310438402074632433326122454         2250.00000000000000000000000000000000        0.300000011920928955078125000000000000        -1.00000000000000000000000000000000000         4.50000000000000000000000000000000000         50.0000000000000000000000000000000000         2.48613256793205941069853492489662853         2.48596613084266905992021554965578904         2.48596613084266905992021554965578904         2.48596613084266905992021554965578904         2.48596613084266905992021554965578904         0.00000000000000000000000000000000000        -6.69506665136799442666826306243347184E-0003   26336.6082110617092617466831142145589         19782.0492809061143580811596412878774      
   43.4701315812522977450502814228557596         0.00000000000000000000000000000000000         0.00000000000000000000000000000000000        0.750000000000000000000000000000000000        0.250000000000000000000000000000000000        0.724999999999999999999999999999999981        0.275000000000000000000000000000000019        0.512000024318695068359375000000000000        0.425000011920928955078125000000000000         6.30000010132789611816406250000000000E-0002  0.870056494511586616800702331296776776        0.129943505488413383199297668703223248         0.00000000000000000000000000000000000        0.683022559859958444886526535977552353        0.167811590859605266884724425470909642        0.129098359310438402074632433326122454         2250.00000000000000000000000000000000        0.300000011920928955078125000000000000        -1.00000000000000000000000000000000000         4.50000000000000000000000000000000000         50.0000000000000000000000000000000000         2.50562439817834272838670108056638340         2.50643569951899382480065252609901521         2.50643569951899382480065252609901521         2.50643569951899382480065252609901521         2.50643569951899382480065252609901521         0.00000000000000000000000000000000000         3.23687274645342783734409219887107264E-0002   28129.7027245270296199614836528397091         20114.4097027815950841607650764715942      
   45.5293507486716565241505913849878156         0.00000000000000000000000000000000000         0.00000000000000000000000000000000000        0.750000000000000000000000000000000000        0.250000000000000000000000000000000000        0.724999999999999999999999999999999981        0.275000000000000000000000000000000019        0.512000024318695068359375000000000000        0.425000011920928955078125000000000000         6.30000010132789611816406250000000000E-0002  0.870056494511586616800702331296776776        0.129943505488413383199297668703223248         0.00000000000000000000000000000000000        0.683022559859958444886526535977552353        0.167811590859605266884724425470909642        0.129098359310438402074632433326122454         2250.00000000000000000000000000000000        0.300000011920928955078125000000000000        -1.00000000000000000000000000000000000         4.50000000000000000000000000000000000         50.0000000000000000000000000000000000         2.52506926996342081048318361611304486         2.52588070316850308674012649146159896         2.52588070316850308674012649146159896         2.52588070316850308674012649146159896         2.52588070316850308674012649146159896         0.00000000000000000000000000000000000         3.21247636147028689915183210749211736E-0002   30042.7428265181259697921519150149115         20464.6035876825645589409113876592740      
   47.6861169771469809221183781797401387         0.00000000000000000000000000000000000         0.00000000000000000000000000000000000        0.750000000000000000000000000000000000        0.250000000000000000000000000000000000        0.724999999999999999999999999999999981        0.275000000000000000000000000000000019        0.512000024318695068359375000000000000        0.425000011920928955078125000000000000         6.30000010132789611816406250000000000E-0002  0.870056494511586616800702331296776776        0.129943505488413383199297668703223248         0.00000000000000000000000000000000000        0.683022559859958444886526535977552353        0.167811590859605266884724425470909642        0.129098359310438402074632433326122454         2250.00000000000000000000000000000000        0.300000011920928955078125000000000000        -1.00000000000000000000000000000000000         4.50000000000000000000000000000000000         50.0000000000000000000000000000000000         2.54437291038141298608025785436880943         2.54781827026444310791698295613555392         2.54781827026444310791698295613555392         2.54781827026444310791698295613555392         2.54781827026444310791698295613555392         0.00000000000000000000000000000000000        0.135227850559079361101266421646208466         32060.7177328067259152268495908932975         20829.4683557060407775500740287102375      
   49.9450511585537973057412883106299450         0.00000000000000000000000000000000000         0.00000000000000000000000000000000000        0.750000000000000000000000000000000000        0.250000000000000000000000000000000000        0.724999999999999999999999999999999981        0.275000000000000000000000000000000019        0.512000024318695068359375000000000000        0.425000011920928955078125000000000000         6.30000010132789611816406250000000000E-0002  0.870056494511586616800702331296776776        0.129943505488413383199297668703223248         0.00000000000000000000000000000000000        0.683022559859958444886526535977552353        0.167811590859605266884724425470909642        0.129098359310438402074632433326122454         2250.00000000000000000000000000000000        0.300000011920928955078125000000000000        -1.00000000000000000000000000000000000         4.50000000000000000000000000000000000         50.0000000000000000000000000000000000         2.56334214709164231252883314874543366         2.56436621844485681707533684632085308         2.56436621844485681707533684632085308         2.56436621844485681707533684632085308         2.56436621844485681707533684632085308         0.00000000000000000000000000000000000         3.99346764845290289885299336667582253E-0002   34306.6959540226950242060745391584559         21203.3127567673949097348822441856160      
   52.3109930805651492519346455020741169         0.00000000000000000000000000000000000         0.00000000000000000000000000000000000        0.750000000000000000000000000000000000        0.250000000000000000000000000000000000        0.724999999999999999999999999999999981        0.275000000000000000000000000000000019        0.512000024318695068359375000000000000        0.425000011920928955078125000000000000         6.30000010132789611816406250000000000E-0002  0.870056494511586616800702331296776776        0.129943505488413383199297668703223248         0.00000000000000000000000000000000000        0.683022559859958444886526535977552353        0.167811590859605266884724425470909642        0.129098359310438402074632433326122454         2250.00000000000000000000000000000000        0.300000011920928955078125000000000000        -1.00000000000000000000000000000000000         4.50000000000000000000000000000000000         50.0000000000000000000000000000000000         2.58236042702727614376733002339411934         2.58014248851435272146722889495467970         2.58014248851435272146722889495467970         2.58014248851435272146722889495467970         2.58014248851435272146722889495467970         0.00000000000000000000000000000000000        -8.59618615172107163859651374709462954E-0002   36634.1348125331121563780808861304989         21584.4374178291307257431862941987670      
   54.7890117959420854878872849816232285         0.00000000000000000000000000000000000         0.00000000000000000000000000000000000        0.750000000000000000000000000000000000        0.250000000000000000000000000000000000        0.724999999999999999999999999999999981        0.275000000000000000000000000000000019        0.512000024318695068359375000000000000        0.425000011920928955078125000000000000         6.30000010132789611816406250000000000E-0002  0.870056494511586616800702331296776776        0.129943505488413383199297668703223248         0.00000000000000000000000000000000000        0.683022559859958444886526535977552353        0.167811590859605266884724425470909642        0.129098359310438402074632433326122454         2250.00000000000000000000000000000000        0.300000011920928955078125000000000000        -1.00000000000000000000000000000000000         4.50000000000000000000000000000000000         50.0000000000000000000000000000000000         2.60099913647199595250026925609201849         2.60201285743785600782884302278835246         2.60201285743785600782884302278835246         2.60201285743785600782884302278835246         2.60201285743785600782884302278835246         0.00000000000000000000000000000000000         3.89591067147240671465635719997662899E-0002   39223.2168821570468859770232690525375         21978.1291338559625949273073909315610      
   57.3844164830267494473134630390337038         0.00000000000000000000000000000000000         0.00000000000000000000000000000000000        0.750000000000000000000000000000000000        0.250000000000000000000000000000000000        0.724999999999999999999999999999999981        0.275000000000000000000000000000000019        0.512000024318695068359375000000000000        0.425000011920928955078125000000000000         6.30000010132789611816406250000000000E-0002  0.870056494511586616800702331296776776        0.129943505488413383199297668703223248         0.00000000000000000000000000000000000        0.683022559859958444886526535977552353        0.167811590859605266884724425470909642        0.129098359310438402074632433326122454         2250.00000000000000000000000000000000        0.300000011920928955078125000000000000        -1.00000000000000000000000000000000000         4.50000000000000000000000000000000000         50.0000000000000000000000000000000000         2.61943574056140408257723451918939550         2.62040630186398809225209399476772923         2.62040630186398809225209399476772923         2.62040630186398809225209399476772923         2.62040630186398809225209399476772923         0.00000000000000000000000000000000000         3.70385806923764051862642902427540896E-0002   41959.4408781133992286530371942797469         22387.6005709317285133583279645643327      
   60.1027678207067787613836741752440859         0.00000000000000000000000000000000000         0.00000000000000000000000000000000000        0.750000000000000000000000000000000000        0.250000000000000000000000000000000000        0.724999999999999999999999999999999981        0.275000000000000000000000000000000019        0.512000024318695068359375000000000000        0.425000011920928955078125000000000000         6.30000010132789611816406250000000000E-0002  0.870056494511586616800702331296776776        0.129943505488413383199297668703223248         0.00000000000000000000000000000000000        0.683022559859958444886526535977552353        0.167811590859605266884724425470909642        0.129098359310438402074632433326122454         2250.00000000000000000000000000000000        0.300000011920928955078125000000000000        -1.00000000000000000000000000000000000         4.50000000000000000000000000000000000         50.0000000000000000000000000000000000         2.63767684763731683279205753233609515         2.63890543478635331359675358778007147         2.63890543478635331359675358778007147         2.63890543478635331359675358778007147         2.63890543478635331359675358778007147         0.00000000000000000000000000000000000         4.65566947887220384769503111170663563E-0002   44916.7417188177203081161374911082763         22806.3752408629193687331799447047539      
   62.9498899022219826103145225233349426         0.00000000000000000000000000000000000         0.00000000000000000000000000000000000        0.750000000000000000000000000000000000        0.250000000000000000000000000000000000        0.724999999999999999999999999999999981        0.275000000000000000000000000000000019        0.512000024318695068359375000000000000        0.425000011920928955078125000000000000         6.30000010132789611816406250000000000E-0002  0.870056494511586616800702331296776776        0.129943505488413383199297668703223248         0.00000000000000000000000000000000000        0.683022559859958444886526535977552353        0.167811590859605266884724425470909642        0.129098359310438402074632433326122454         2250.00000000000000000000000000000000        0.300000011920928955078125000000000000        -1.00000000000000000000000000000000000         4.50000000000000000000000000000000000         50.0000000000000000000000000000000000         2.65565876580680594202719051156211281         2.65671004346459372235771479388349990         2.65671004346459372235771479388349990         2.65671004346459372235771479388349990         2.65671004346459372235771479388349990         0.00000000000000000000000000000000000         3.95706584681261558126972733796285617E-0002   48085.9918394192977671351299745501926         23243.8962650941722963519337079705920      
   65.9318827133387394963924236784617628         0.00000000000000000000000000000000000         0.00000000000000000000000000000000000        0.750000000000000000000000000000000000        0.250000000000000000000000000000000000        0.724999999999999999999999999999999981        0.275000000000000000000000000000000019        0.512000024318695068359375000000000000        0.425000011920928955078125000000000000         6.30000010132789611816406250000000000E-0002  0.870056494511586616800702331296776776        0.129943505488413383199297668703223248         0.00000000000000000000000000000000000        0.683022559859958444886526535977552353        0.167811590859605266884724425470909642        0.129098359310438402074632433326122454         2250.00000000000000000000000000000000        0.300000011920928955078125000000000000        -1.00000000000000000000000000000000000         4.50000000000000000000000000000000000         50.0000000000000000000000000000000000         2.67349412008916892707625814964393302         2.67271285173778655142815794673899707         2.67271285173778655142815794673899707         2.67271285173778655142815794673899707         2.67271285173778655142815794673899707         0.00000000000000000000000000000000000        -2.92312865137905960325710669081549038E-0002   51468.4120215319445486867149694403544         23697.0488436580641103622556824132563      
   69.0551352016267211341221719941803480         0.00000000000000000000000000000000000         0.00000000000000000000000000000000000        0.750000000000000000000000000000000000        0.250000000000000000000000000000000000        0.724999999999999999999999999999999981        0.275000000000000000000000000000000019        0.512000024318695068359375000000000000        0.425000011920928955078125000000000000         6.30000010132789611816406250000000000E-0002  0.870056494511586616800702331296776776        0.129943505488413383199297668703223248         0.00000000000000000000000000000000000        0.683022559859958444886526535977552353        0.167811590859605266884724425470909642        0.129098359310438402074632433326122454         2250.00000000000000000000000000000000        0.300000011920928955078125000000000000        -1.00000000000000000000000000000000000         4.50000000000000000000000000000000000         50.0000000000000000000000000000000000         2.69075982295936383138532585101607615         2.69190696505102406117250365489779503         2.69190696505102406117250365489779503         2.69190696505102406117250365489779503         2.69190696505102406117250365489779503         0.00000000000000000000000000000000000         4.26144776381038915302704327086492224E-0002   55195.6696520934969413241532845635364         24160.9112264342873535204450915492137      
   72.3263389648389904315881138559222429         0.00000000000000000000000000000000000         0.00000000000000000000000000000000000        0.750000000000000000000000000000000000        0.250000000000000000000000000000000000        0.724999999999999999999999999999999981        0.275000000000000000000000000000000019        0.512000024318695068359375000000000000        0.425000011920928955078125000000000000         6.30000010132789611816406250000000000E-0002  0.870056494511586616800702331296776776        0.129943505488413383199297668703223248         0.00000000000000000000000000000000000        0.683022559859958444886526535977552353        0.167811590859605266884724425470909642        0.129098359310438402074632433326122454         2250.00000000000000000000000000000000        0.300000011920928955078125000000000000        -1.00000000000000000000000000000000000         4.50000000000000000000000000000000000         50.0000000000000000000000000000000000         2.70785862540177193403642709936702048         2.70897782321114670526975859009179910         2.70897782321114670526975859009179910         2.70897782321114670526975859009179910         2.70897782321114670526975859009179910         0.00000000000000000000000000000000000         4.13143954071984755641563877158129349E-0002   59167.9218112454420457716637812178308         24641.8482205251532105030952568306049      
   75.7525025877229563234538363456045364         0.00000000000000000000000000000000000         0.00000000000000000000000000000000000        0.750000000000000000000000000000000000        0.250000000000000000000000000000000000        0.724999999999999999999999999999999981        0.275000000000000000000000000000000019        0.512000024318695068359375000000000000        0.425000011920928955078125000000000000         6.30000010132789611816406250000000000E-0002  0.870056494511586616800702331296776776        0.129943505488413383199297668703223248         0.00000000000000000000000000000000000        0.683022559859958444886526535977552353        0.167811590859605266884724425470909642        0.129098359310438402074632433326122454         2250.00000000000000000000000000000000        0.300000011920928955078125000000000000        -1.00000000000000000000000000000000000         4.50000000000000000000000000000000000         50.0000000000000000000000000000000000         2.72456801528330208831124254109745923         2.72577978170961483436520528752552059         2.72577978170961483436520528752552059         2.72577978170961483436520528752552059         2.72577978170961483436520528752552059         0.00000000000000000000000000000000000         4.44557713151986031984814042375043224E-0002   63466.4809149954225203252514300996614         25145.3012317205108167518660192246745      
   79.3409666579789374092779396113335383         0.00000000000000000000000000000000000         0.00000000000000000000000000000000000        0.750000000000000000000000000000000000        0.250000000000000000000000000000000000        0.724999999999999999999999999999999981        0.275000000000000000000000000000000019        0.512000024318695068359375000000000000        0.425000011920928955078125000000000000         6.30000010132789611816406250000000000E-0002  0.870056494511586616800702331296776776        0.129943505488413383199297668703223248         0.00000000000000000000000000000000000        0.683022559859958444886526535977552353        0.167811590859605266884724425470909642        0.129098359310438402074632433326122454         2250.00000000000000000000000000000000        0.300000011920928955078125000000000000        -1.00000000000000000000000000000000000         4.50000000000000000000000000000000000         50.0000000000000000000000000000000000         2.74115438654829845262597267907614928         2.74084940740838701350697857878341516         2.74084940740838701350697857878341516         2.74084940740838701350697857878341516         2.74084940740838701350697857878341516         0.00000000000000000000000000000000000        -1.11271760895397919567043958981816669E-0002   68047.1728672295377227391363044024647         25657.8538080224235295155807963260631      
   83.0994194935381664732668516345784739         0.00000000000000000000000000000000000         0.00000000000000000000000000000000000        0.750000000000000000000000000000000000        0.250000000000000000000000000000000000        0.724999999999999999999999999999999981        0.275000000000000000000000000000000019        0.512000024318695068359375000000000000        0.425000011920928955078125000000000000         6.30000010132789611816406250000000000E-0002  0.870056494511586616800702331296776776        0.129943505488413383199297668703223248         0.00000000000000000000000000000000000        0.683022559859958444886526535977552353        0.167811590859605266884724425470909642        0.129098359310438402074632433326122454         2250.00000000000000000000000000000000        0.300000011920928955078125000000000000        -1.00000000000000000000000000000000000         4.50000000000000000000000000000000000         50.0000000000000000000000000000000000         2.75694344901073889334318288021060691         2.75844194628818863388492312597179875         2.75844194628818863388492312597179875         2.75844194628818863388492312597179875         2.75844194628818863388492312597179875         0.00000000000000000000000000000000000         5.43240462053641064777367086276942262E-0002   73088.4182761011298580435993234994335         26184.4987624260410045996932179606195      
   87.0359136148560765360321240320169501         0.00000000000000000000000000000000000         0.00000000000000000000000000000000000        0.750000000000000000000000000000000000        0.250000000000000000000000000000000000        0.724999999999999999999999999999999981        0.275000000000000000000000000000000019        0.512000024318695068359375000000000000        0.425000011920928955078125000000000000         6.30000010132789611816406250000000000E-0002  0.870056494511586616800702331296776776        0.129943505488413383199297668703223248         0.00000000000000000000000000000000000        0.683022559859958444886526535977552353        0.167811590859605266884724425470909642        0.129098359310438402074632433326122454         2250.00000000000000000000000000000000        0.300000011920928955078125000000000000        -1.00000000000000000000000000000000000         4.50000000000000000000000000000000000         50.0000000000000000000000000000000000         2.77279325592514883136248337082471862         2.77251015489301988878595497960479113         2.77251015489301988878595497960479113         2.77251015489301988878595497960479113         2.77251015489301988878595497960479113         0.00000000000000000000000000000000000        -1.02110007290439055745997560807119157E-0002   78442.9814501542784548906996503657327         26743.9222621158819160266361047157672      
   91.1588829975129113180355582295095585         0.00000000000000000000000000000000000         0.00000000000000000000000000000000000        0.750000000000000000000000000000000000        0.250000000000000000000000000000000000        0.724999999999999999999999999999999981        0.275000000000000000000000000000000019        0.512000024318695068359375000000000000        0.425000011920928955078125000000000000         6.30000010132789611816406250000000000E-0002  0.870056494511586616800702331296776776        0.129943505488413383199297668703223248         0.00000000000000000000000000000000000        0.683022559859958444886526535977552353        0.167811590859605266884724425470909642        0.129098359310438402074632433326122454         2250.00000000000000000000000000000000        0.300000011920928955078125000000000000        -1.00000000000000000000000000000000000         4.50000000000000000000000000000000000         50.0000000000000000000000000000000000         2.78776983547395958169924411686597726         2.78931412079451682375815641229600793         2.78931412079451682375815641229600793         2.78931412079451682375815641229600793         2.78931412079451682375815641229600793         0.00000000000000000000000000000000000         5.53643388187976143982837118550718609E-0002   84340.8038259172679440246472662453660         27312.9790878172256222175041277773751      
   95.4771611420855187564395181622441053         0.00000000000000000000000000000000000         0.00000000000000000000000000000000000        0.750000000000000000000000000000000000        0.250000000000000000000000000000000000        0.724999999999999999999999999999999981        0.275000000000000000000000000000000019        0.512000024318695068359375000000000000        0.425000011920928955078125000000000000         6.30000010132789611816406250000000000E-0002  0.870056494511586616800702331296776776        0.129943505488413383199297668703223248         0.00000000000000000000000000000000000        0.683022559859958444886526535977552353        0.167811590859605266884724425470909642        0.129098359310438402074632433326122454         2250.00000000000000000000000000000000        0.300000011920928955078125000000000000        -1.00000000000000000000000000000000000         4.50000000000000000000000000000000000         50.0000000000000000000000000000000000         2.80276816419606266235509885181712988         2.80243260908387674476302741873416201         2.80243260908387674476302741873416201         2.80243260908387674476302741873416201         2.80243260908387674476302741873416201         0.00000000000000000000000000000000000        -1.19737085237390068898640787210192262E-0002   90598.2900032287918445289510969980041         27909.2298893695359849831157375225382      
   100.000000000005197392984105217599543         0.00000000000000000000000000000000000         0.00000000000000000000000000000000000        0.750000000000000000000000000000000000        0.250000000000000000000000000000000000        0.724999999999999999999999999999999981        0.275000000000000000000000000000000019        0.512000024318695068359375000000000000        0.425000011920928955078125000000000000         6.30000010132789611816406250000000000E-0002  0.870056494511586616800702331296776776        0.129943505488413383199297668703223248         0.00000000000000000000000000000000000        0.683022559859958444886526535977552353        0.167811590859605266884724425470909642        0.129098359310438402074632433326122454         2250.00000000000000000000000000000000        0.300000011920928955078125000000000000        -1.00000000000000000000000000000000000         4.50000000000000000000000000000000000         50.0000000000000000000000000000000000         2.81704913506624561105453638444150876         2.81673598622446368917946003969307512         2.81673598622446368917946003969307512         2.81673598622446368917946003969307512         2.81673598622446368917946003969307512         0.00000000000000000000000000000000000        -1.11174367535121648563770701129014393E-0002   97434.7504935162397752848100202993435         28523.4042312260446345925331400690260      
