 mass envelope_frac water_frac mantle_frac core_frac H_frac_envelope He_frac_envelope MgO_frac_mantle SiO2_frac_mantle FeO_frac_mantle Fe_frac_solid_core FeS_frac_solid_core FeO_frac_solid_core Fe_frac_liquid_core FeS_frac_liquid_core FeO_frac_liquid_core T_eq albedo rotation_period age atmospheric_Z 100pa_radius 2000pa_radius transit_radius twothirdsopt_radius condensed_radius diff_v_2000pa diff_v_100pa inner_pressure inner_temperature
   1.00000000000000000000000000000000002E-0002   0.00000000000000000000000000000000000         0.00000000000000000000000000000000000        0.849999999999999999999999999999999981        0.150000000000000000000000000000000019        0.724999999999999999999999999999999981        0.275000000000000000000000000000000019        0.512000024318695068359375000000000000        0.425000011920928955078125000000000000         6.30000010132789611816406250000000000E-0002  0.870056494511586616800702331296776776        0.129943505488413383199297668703223248         0.00000000000000000000000000000000000        0.683022559859958444886526535977552353        0.167811590859605266884724425470909642        0.129098359310438402074632433326122454         2500.00000000000000000000000000000000        0.300000011920928955078125000000000000        -1.00000000000000000000000000000000000         4.50000000000000000000000000000000000         50.0000000000000000000000000000000000        0.265486613203204802414390022899594003        0.265486684210558678720527031472695364        0.265486684210558678720527031472695364        0.265486684210558678720527031472695364        0.265486684210558678720527031472695364         0.00000000000000000000000000000000000         2.67461074695519894743618273588315306E-0005   6.28594144874199954332160003159630948         2502.50739955602842142828609122615926      
   1.04737089795944979999999999999999994E-0002   0.00000000000000000000000000000000000         0.00000000000000000000000000000000000        0.849999999999999999999999999999999981        0.150000000000000000000000000000000019        0.724999999999999999999999999999999981        0.275000000000000000000000000000000019        0.512000024318695068359375000000000000        0.425000011920928955078125000000000000         6.30000010132789611816406250000000000E-0002  0.870056494511586616800702331296776776        0.129943505488413383199297668703223248         0.00000000000000000000000000000000000        0.683022559859958444886526535977552353        0.167811590859605266884724425470909642        0.129098359310438402074632433326122454         2500.00000000000000000000000000000000        0.300000011920928955078125000000000000        -1.00000000000000000000000000000000000         4.50000000000000000000000000000000000         50.0000000000000000000000000000000000        0.269538264290189704177090925488540807        0.269521789476116326401719083996468330        0.269521789476116326401719083996468330        0.269521789476116326401719083996468330        0.269521789476116326401719083996468330         0.00000000000000000000000000000000000        -6.11260933871088409148353372284661529E-0003   6.49710384638555817363202356500176277         2508.64968918941590590666574959089776      
   1.09698579789238420522548511872003990E-0002   0.00000000000000000000000000000000000         0.00000000000000000000000000000000000        0.849999999999999999999999999999999981        0.150000000000000000000000000000000019        0.724999999999999999999999999999999981        0.275000000000000000000000000000000019        0.512000024318695068359375000000000000        0.425000011920928955078125000000000000         6.30000010132789611816406250000000000E-0002  0.870056494511586616800702331296776776        0.129943505488413383199297668703223248         0.00000000000000000000000000000000000        0.683022559859958444886526535977552353        0.167811590859605266884724425470909642        0.129098359310438402074632433326122454         2500.00000000000000000000000000000000        0.300000011920928955078125000000000000        -1.00000000000000000000000000000000000         4.50000000000000000000000000000000000         50.0000000000000000000000000000000000        0.273648408802824936098909683370254632        0.273648911887572591777588909070079515        0.273648911887572591777588909070079515        0.273648911887572591777588909070079515        0.273648911887572591777588909070079515         0.00000000000000000000000000000000000         1.83843138343034506513775285425092147E-0004   6.71163675564382654296392318070084283         2514.80181970496119417169350378694519      
   1.14895100018730995888633688328071024E-0002   0.00000000000000000000000000000000000         0.00000000000000000000000000000000000        0.849999999999999999999999999999999981        0.150000000000000000000000000000000019        0.724999999999999999999999999999999981        0.275000000000000000000000000000000019        0.512000024318695068359375000000000000        0.425000011920928955078125000000000000         6.30000010132789611816406250000000000E-0002  0.870056494511586616800702331296776776        0.129943505488413383199297668703223248         0.00000000000000000000000000000000000        0.683022559859958444886526535977552353        0.167811590859605266884724425470909642        0.129098359310438402074632433326122454         2500.00000000000000000000000000000000        0.300000011920928955078125000000000000        -1.00000000000000000000000000000000000         4.50000000000000000000000000000000000         50.0000000000000000000000000000000000        0.277820171970028171924166741104122114        0.277797383166301268002206662178478327        0.277797383166301268002206662178478327        0.277797383166301268002206662178478327        0.277797383166301268002206662178478327         0.00000000000000000000000000000000000        -8.20339035132724046815482376362103326E-0003   6.93710486217900104186087528756135063         2521.20510884889911656162189972337542      
   1.20337784077759080699533028507740594E-0002   0.00000000000000000000000000000000000         0.00000000000000000000000000000000000        0.849999999999999999999999999999999981        0.150000000000000000000000000000000019        0.724999999999999999999999999999999981        0.275000000000000000000000000000000019        0.512000024318695068359375000000000000        0.425000011920928955078125000000000000         6.30000010132789611816406250000000000E-0002  0.870056494511586616800702331296776776        0.129943505488413383199297668703223248         0.00000000000000000000000000000000000        0.683022559859958444886526535977552353        0.167811590859605266884724425470909642        0.129098359310438402074632433326122454         2500.00000000000000000000000000000000        0.300000011920928955078125000000000000        -1.00000000000000000000000000000000000         4.50000000000000000000000000000000000         50.0000000000000000000000000000000000        0.282051665747103825848788834213944536        0.282028934917068046486230184341300631        0.282028934917068046486230184341300631        0.282028934917068046486230184341300631        0.282028934917068046486230184341300631         0.00000000000000000000000000000000000        -8.05975104733968929484316905948591608E-0003   7.16836496328713327817899467939304477         2527.71702527021741751404216653760402      
   1.26038292967972908968014429974629652E-0002   0.00000000000000000000000000000000000         0.00000000000000000000000000000000000        0.849999999999999999999999999999999981        0.150000000000000000000000000000000019        0.724999999999999999999999999999999981        0.275000000000000000000000000000000019        0.512000024318695068359375000000000000        0.425000011920928955078125000000000000         6.30000010132789611816406250000000000E-0002  0.870056494511586616800702331296776776        0.129943505488413383199297668703223248         0.00000000000000000000000000000000000        0.683022559859958444886526535977552353        0.167811590859605266884724425470909642        0.129098359310438402074632433326122454         2500.00000000000000000000000000000000        0.300000011920928955078125000000000000        -1.00000000000000000000000000000000000         4.50000000000000000000000000000000000         50.0000000000000000000000000000000000        0.286348471154565032008821840684338179        0.286325374138681061230321505591446285        0.286325374138681061230321505591446285        0.286325374138681061230321505591446285        0.286325374138681061230321505591446285         0.00000000000000000000000000000000000        -8.06670241973866765239935902417042516E-0003   7.41091001309038036645213960020679985         2534.51667071597407898020947028430063      
   1.32008840083141992917991631746251185E-0002   0.00000000000000000000000000000000000         0.00000000000000000000000000000000000        0.849999999999999999999999999999999981        0.150000000000000000000000000000000019        0.724999999999999999999999999999999981        0.275000000000000000000000000000000019        0.512000024318695068359375000000000000        0.425000011920928955078125000000000000         6.30000010132789611816406250000000000E-0002  0.870056494511586616800702331296776776        0.129943505488413383199297668703223248         0.00000000000000000000000000000000000        0.683022559859958444886526535977552353        0.167811590859605266884724425470909642        0.129098359310438402074632433326122454         2500.00000000000000000000000000000000        0.300000011920928955078125000000000000        -1.00000000000000000000000000000000000         4.50000000000000000000000000000000000         50.0000000000000000000000000000000000        0.290705077952742965581539002229808776        0.290704337604164459428254537625901402        0.290704337604164459428254537625901402        0.290704337604164459428254537625901402        0.290704337604164459428254537625901402         0.00000000000000000000000000000000000        -2.54674073530421063107710021875899961E-0004   7.65278587492630044395237661655169647         2541.14340370705459321423689490214869      
   1.38262217376465838916887111257333255E-0002   0.00000000000000000000000000000000000         0.00000000000000000000000000000000000        0.849999999999999999999999999999999981        0.150000000000000000000000000000000019        0.724999999999999999999999999999999981        0.275000000000000000000000000000000019        0.512000024318695068359375000000000000        0.425000011920928955078125000000000000         6.30000010132789611816406250000000000E-0002  0.870056494511586616800702331296776776        0.129943505488413383199297668703223248         0.00000000000000000000000000000000000        0.683022559859958444886526535977552353        0.167811590859605266884724425470909642        0.129098359310438402074632433326122454         2500.00000000000000000000000000000000        0.300000011920928955078125000000000000        -1.00000000000000000000000000000000000         4.50000000000000000000000000000000000         50.0000000000000000000000000000000000        0.295126534325407656143412749962947613        0.295105215152584322561183312306888484        0.295105215152584322561183312306888484        0.295105215152584322561183312306888484        0.295105215152584322561183312306888484         0.00000000000000000000000000000000000        -7.22426162896189129115818840917948788E-0003   7.91343815543384447664441369294945594         2548.26503658063088153611037907581854      
   1.44811822767453669205644236020971476E-0002   0.00000000000000000000000000000000000         0.00000000000000000000000000000000000        0.849999999999999999999999999999999981        0.150000000000000000000000000000000019        0.724999999999999999999999999999999981        0.275000000000000000000000000000000019        0.512000024318695068359375000000000000        0.425000011920928955078125000000000000         6.30000010132789611816406250000000000E-0002  0.870056494511586616800702331296776776        0.129943505488413383199297668703223248         0.00000000000000000000000000000000000        0.683022559859958444886526535977552353        0.167811590859605266884724425470909642        0.129098359310438402074632433326122454         2500.00000000000000000000000000000000        0.300000011920928955078125000000000000        -1.00000000000000000000000000000000000         4.50000000000000000000000000000000000         50.0000000000000000000000000000000000        0.299612776376436110501750058513819333        0.299592483270280325961430263036610252        0.299592483270280325961430263036610252        0.299592483270280325961430263036610252        0.299592483270280325961430263036610252         0.00000000000000000000000000000000000        -6.77356986205722445225770525483940982E-0003   8.17931653819096613680692662925086269         2555.44645889476343848829656645396066      
   1.51671688847092646313725750372786121E-0002   0.00000000000000000000000000000000000         0.00000000000000000000000000000000000        0.849999999999999999999999999999999981        0.150000000000000000000000000000000019        0.724999999999999999999999999999999981        0.275000000000000000000000000000000019        0.512000024318695068359375000000000000        0.425000011920928955078125000000000000         6.30000010132789611816406250000000000E-0002  0.870056494511586616800702331296776776        0.129943505488413383199297668703223248         0.00000000000000000000000000000000000        0.683022559859958444886526535977552353        0.167811590859605266884724425470909642        0.129098359310438402074632433326122454         2500.00000000000000000000000000000000        0.300000011920928955078125000000000000        -1.00000000000000000000000000000000000         4.50000000000000000000000000000000000         50.0000000000000000000000000000000000        0.304164093281391032022785912091758249        0.304141613097606447227182906929365555        0.304141613097606447227182906929365555        0.304141613097606447227182906929365555        0.304141613097606447227182906929365555         0.00000000000000000000000000000000000        -7.39135416414404213783324731963755646E-0003   8.45309753643309646141745662582483911         2562.75409881572081078742525192264361      
   1.58856512942805692341715952667117983E-0002   0.00000000000000000000000000000000000         0.00000000000000000000000000000000000        0.849999999999999999999999999999999981        0.150000000000000000000000000000000019        0.724999999999999999999999999999999981        0.275000000000000000000000000000000019        0.512000024318695068359375000000000000        0.425000011920928955078125000000000000         6.30000010132789611816406250000000000E-0002  0.870056494511586616800702331296776776        0.129943505488413383199297668703223248         0.00000000000000000000000000000000000        0.683022559859958444886526535977552353        0.167811590859605266884724425470909642        0.129098359310438402074632433326122454         2500.00000000000000000000000000000000        0.300000011920928955078125000000000000        -1.00000000000000000000000000000000000         4.50000000000000000000000000000000000         50.0000000000000000000000000000000000        0.308781884306426212645077589316412371        0.308763942009181756670955675550410977        0.308763942009181756670955675550410977        0.308763942009181756670955675550410977        0.308763942009181756670955675550410977         0.00000000000000000000000000000000000        -5.81100795892883810603605137472434726E-0003   8.73205785603028598151454421665075688         2570.06032172396412287474023469611567      
   1.66381688607613357256321400820289791E-0002   0.00000000000000000000000000000000000         0.00000000000000000000000000000000000        0.849999999999999999999999999999999981        0.150000000000000000000000000000000019        0.724999999999999999999999999999999981        0.275000000000000000000000000000000019        0.512000024318695068359375000000000000        0.425000011920928955078125000000000000         6.30000010132789611816406250000000000E-0002  0.870056494511586616800702331296776776        0.129943505488413383199297668703223248         0.00000000000000000000000000000000000        0.683022559859958444886526535977552353        0.167811590859605266884724425470909642        0.129098359310438402074632433326122454         2500.00000000000000000000000000000000        0.300000011920928955078125000000000000        -1.00000000000000000000000000000000000         4.50000000000000000000000000000000000         50.0000000000000000000000000000000000        0.313467493902497465449688883110153148        0.313447387736848755731815638479111394        0.313447387736848755731815638479111394        0.313447387736848755731815638479111394        0.313447387736848755731815638479111394         0.00000000000000000000000000000000000        -6.41452646770488452337080880883623948E-0003   9.03309717906050805254932174074266367         2577.95374228276059585680249735736612      
   1.74263338600965560876971718594349557E-0002   0.00000000000000000000000000000000000         0.00000000000000000000000000000000000        0.849999999999999999999999999999999981        0.150000000000000000000000000000000019        0.724999999999999999999999999999999981        0.275000000000000000000000000000000019        0.512000024318695068359375000000000000        0.425000011920928955078125000000000000         6.30000010132789611816406250000000000E-0002  0.870056494511586616800702331296776776        0.129943505488413383199297668703223248         0.00000000000000000000000000000000000        0.683022559859958444886526535977552353        0.167811590859605266884724425470909642        0.129098359310438402074632433326122454         2500.00000000000000000000000000000000        0.300000011920928955078125000000000000        -1.00000000000000000000000000000000000         4.50000000000000000000000000000000000         50.0000000000000000000000000000000000        0.318220628098915706366861927721754284        0.318197151418094887694242444233396626        0.318197151418094887694242444233396626        0.318197151418094887694242444233396626        0.318197151418094887694242444233396626         0.00000000000000000000000000000000000        -7.37802985230735362380142006633075183E-0003   9.33706207471888352457475808053701020         2585.78309876277871202069751552810415      
   1.82518349431904949929850662738093818E-0002   0.00000000000000000000000000000000000         0.00000000000000000000000000000000000        0.849999999999999999999999999999999981        0.150000000000000000000000000000000019        0.724999999999999999999999999999999981        0.275000000000000000000000000000000019        0.512000024318695068359375000000000000        0.425000011920928955078125000000000000         6.30000010132789611816406250000000000E-0002  0.870056494511586616800702331296776776        0.129943505488413383199297668703223248         0.00000000000000000000000000000000000        0.683022559859958444886526535977552353        0.167811590859605266884724425470909642        0.129098359310438402074632433326122454         2500.00000000000000000000000000000000        0.300000011920928955078125000000000000        -1.00000000000000000000000000000000000         4.50000000000000000000000000000000000         50.0000000000000000000000000000000000        0.323042666982921008231357969291865764        0.323022045878653585199930862576859941        0.323022045878653585199930862576859941        0.323022045878653585199930862576859941        0.323022045878653585199930862576859941         0.00000000000000000000000000000000000        -6.38380709011098036903308098806890349E-0003   9.65311881267546802018675951925591693         2593.81903341367955882727834339868400      
   1.91164407538570921685539093537247029E-0002   0.00000000000000000000000000000000000         0.00000000000000000000000000000000000        0.849999999999999999999999999999999981        0.150000000000000000000000000000000019        0.724999999999999999999999999999999981        0.275000000000000000000000000000000019        0.512000024318695068359375000000000000        0.425000011920928955078125000000000000         6.30000010132789611816406250000000000E-0002  0.870056494511586616800702331296776776        0.129943505488413383199297668703223248         0.00000000000000000000000000000000000        0.683022559859958444886526535977552353        0.167811590859605266884724425470909642        0.129098359310438402074632433326122454         2500.00000000000000000000000000000000        0.300000011920928955078125000000000000        -1.00000000000000000000000000000000000         4.50000000000000000000000000000000000         50.0000000000000000000000000000000000        0.327934492965054152187307581644906675        0.327934557534292217706301565652946722        0.327934557534292217706301565652946722        0.327934557534292217706301565652946722        0.327934557534292217706301565652946722         0.00000000000000000000000000000000000         1.96896717903135197540190569107662742E-0005   9.97545452567219153065342392677533779         2601.88230532838264466208179554824708      
   2.00220037181559240923900195423679447E-0002   0.00000000000000000000000000000000000         0.00000000000000000000000000000000000        0.849999999999999999999999999999999981        0.150000000000000000000000000000000019        0.724999999999999999999999999999999981        0.275000000000000000000000000000000019        0.512000024318695068359375000000000000        0.425000011920928955078125000000000000         6.30000010132789611816406250000000000E-0002  0.870056494511586616800702331296776776        0.129943505488413383199297668703223248         0.00000000000000000000000000000000000        0.683022559859958444886526535977552353        0.167811590859605266884724425470909642        0.129098359310438402074632433326122454         2500.00000000000000000000000000000000        0.300000011920928955078125000000000000        -1.00000000000000000000000000000000000         4.50000000000000000000000000000000000         50.0000000000000000000000000000000000        0.332897030017853263532281395659882458        0.332875856927687019894872930449429048        0.332875856927687019894872930449429048        0.332875856927687019894872930449429048        0.332875856927687019894872930449429048         0.00000000000000000000000000000000000        -6.36065660083098719616051155881839921E-0003   10.3194012983190997359526818435736737         2610.44627756554504060433117795715846      
   2.09704640132324128654944033811962271E-0002   0.00000000000000000000000000000000000         0.00000000000000000000000000000000000        0.849999999999999999999999999999999981        0.150000000000000000000000000000000019        0.724999999999999999999999999999999981        0.275000000000000000000000000000000019        0.512000024318695068359375000000000000        0.425000011920928955078125000000000000         6.30000010132789611816406250000000000E-0002  0.870056494511586616800702331296776776        0.129943505488413383199297668703223248         0.00000000000000000000000000000000000        0.683022559859958444886526535977552353        0.167811590859605266884724425470909642        0.129098359310438402074632433326122454         2500.00000000000000000000000000000000        0.300000011920928955078125000000000000        -1.00000000000000000000000000000000000         4.50000000000000000000000000000000000         50.0000000000000000000000000000000000        0.337932700093057643606699888849349744        0.337932636144529638038892898997609187        0.337932636144529638038892898997609187        0.337932636144529638038892898997609187        0.337932636144529638038892898997609187         0.00000000000000000000000000000000000        -1.89234543118285287392339036519746545E-0005   10.6654087591715864651505923904547775         2618.89753813609280425650086523389810      
   2.19638537241655596358102494951593575E-0002   0.00000000000000000000000000000000000         0.00000000000000000000000000000000000        0.849999999999999999999999999999999981        0.150000000000000000000000000000000019        0.724999999999999999999999999999999981        0.275000000000000000000000000000000019        0.512000024318695068359375000000000000        0.425000011920928955078125000000000000         6.30000010132789611816406250000000000E-0002  0.870056494511586616800702331296776776        0.129943505488413383199297668703223248         0.00000000000000000000000000000000000        0.683022559859958444886526535977552353        0.167811590859605266884724425470909642        0.129098359310438402074632433326122454         2500.00000000000000000000000000000000        0.300000011920928955078125000000000000        -1.00000000000000000000000000000000000         4.50000000000000000000000000000000000         50.0000000000000000000000000000000000        0.343039571463956990565899038588761167        0.343038740965303257053828146062473086        0.343038740965303257053828146062473086        0.343038740965303257053828146062473086        0.343038740965303257053828146062473086         0.00000000000000000000000000000000000        -2.42100542754007213979126357493687503E-0004   11.0292785649228164905908466258424477         2627.67508861496492175354026788204787      
   2.30043011977292878351454756950050690E-0002   0.00000000000000000000000000000000000         0.00000000000000000000000000000000000        0.849999999999999999999999999999999981        0.150000000000000000000000000000000019        0.724999999999999999999999999999999981        0.275000000000000000000000000000000019        0.512000024318695068359375000000000000        0.425000011920928955078125000000000000         6.30000010132789611816406250000000000E-0002  0.870056494511586616800702331296776776        0.129943505488413383199297668703223248         0.00000000000000000000000000000000000        0.683022559859958444886526535977552353        0.167811590859605266884724425470909642        0.129098359310438402074632433326122454         2500.00000000000000000000000000000000        0.300000011920928955078125000000000000        -1.00000000000000000000000000000000000         4.50000000000000000000000000000000000         50.0000000000000000000000000000000000        0.348219604054243942331506928451397046        0.348197745152439974304954528736271186        0.348197745152439974304954528736271186        0.348197745152439974304954528736271186        0.348197745152439974304954528736271186         0.00000000000000000000000000000000000        -6.27772640928454663804643756610735296E-0003   11.4103160064937778891334780891706036         2636.77584766543194016561738609609404      
   2.40940356023953707463686306717419161E-0002   0.00000000000000000000000000000000000         0.00000000000000000000000000000000000        0.849999999999999999999999999999999981        0.150000000000000000000000000000000019        0.724999999999999999999999999999999981        0.275000000000000000000000000000000019        0.512000024318695068359375000000000000        0.425000011920928955078125000000000000         6.30000010132789611816406250000000000E-0002  0.870056494511586616800702331296776776        0.129943505488413383199297668703223248         0.00000000000000000000000000000000000        0.683022559859958444886526535977552353        0.167811590859605266884724425470909642        0.129098359310438402074632433326122454         2500.00000000000000000000000000000000        0.300000011920928955078125000000000000        -1.00000000000000000000000000000000000         4.50000000000000000000000000000000000         50.0000000000000000000000000000000000        0.353474769420353032446310460051322891        0.353452193995879254531412817901921620        0.353452193995879254531412817901921620        0.353452193995879254531412817901921620        0.353452193995879254531412817901921620         0.00000000000000000000000000000000000        -6.38712246161389281319674534788872774E-0003   11.7975823272243440564814249068610718         2645.85047499761980032582755588054340      
   2.52353917043477924471827901828532746E-0002   0.00000000000000000000000000000000000         0.00000000000000000000000000000000000        0.849999999999999999999999999999999981        0.150000000000000000000000000000000019        0.724999999999999999999999999999999981        0.275000000000000000000000000000000019        0.512000024318695068359375000000000000        0.425000011920928955078125000000000000         6.30000010132789611816406250000000000E-0002  0.870056494511586616800702331296776776        0.129943505488413383199297668703223248         0.00000000000000000000000000000000000        0.683022559859958444886526535977552353        0.167811590859605266884724425470909642        0.129098359310438402074632433326122454         2500.00000000000000000000000000000000        0.300000011920928955078125000000000000        -1.00000000000000000000000000000000000         4.50000000000000000000000000000000000         50.0000000000000000000000000000000000        0.358804950150454537935049884675529436        0.358784385138938449765414707160701902        0.358784385138938449765414707160701902        0.358784385138938449765414707160701902        0.358784385138938449765414707160701902         0.00000000000000000000000000000000000        -5.73185800940707466244735455744183167E-0003   12.2002443134199348800039159060877345         2655.14969406943135836880740890475452      
   2.64308148697411976990338126706688651E-0002   0.00000000000000000000000000000000000         0.00000000000000000000000000000000000        0.849999999999999999999999999999999981        0.150000000000000000000000000000000019        0.724999999999999999999999999999999981        0.275000000000000000000000000000000019        0.512000024318695068359375000000000000        0.425000011920928955078125000000000000         6.30000010132789611816406250000000000E-0002  0.870056494511586616800702331296776776        0.129943505488413383199297668703223248         0.00000000000000000000000000000000000        0.683022559859958444886526535977552353        0.167811590859605266884724425470909642        0.129098359310438402074632433326122454         2500.00000000000000000000000000000000        0.300000011920928955078125000000000000        -1.00000000000000000000000000000000000         4.50000000000000000000000000000000000         50.0000000000000000000000000000000000        0.364211138962427849486206837303753207        0.364184173601058353671896346971463585        0.364184173601058353671896346971463585        0.364184173601058353671896346971463585        0.364184173601058353671896346971463585         0.00000000000000000000000000000000000        -7.40431993594392988706451478309310009E-0003   12.6307574064696262657026253056066469         2665.06511023224787811514690271302890      
   2.76828663039208164325015985943068658E-0002   0.00000000000000000000000000000000000         0.00000000000000000000000000000000000        0.849999999999999999999999999999999981        0.150000000000000000000000000000000019        0.724999999999999999999999999999999981        0.275000000000000000000000000000000019        0.512000024318695068359375000000000000        0.425000011920928955078125000000000000         6.30000010132789611816406250000000000E-0002  0.870056494511586616800702331296776776        0.129943505488413383199297668703223248         0.00000000000000000000000000000000000        0.683022559859958444886526535977552353        0.167811590859605266884724425470909642        0.129098359310438402074632433326122454         2500.00000000000000000000000000000000        0.300000011920928955078125000000000000        -1.00000000000000000000000000000000000         4.50000000000000000000000000000000000         50.0000000000000000000000000000000000        0.369694971122626320897149300352842355        0.369676940270751928374054619898391727        0.369676940270751928374054619898391727        0.369676940270751928374054619898391727        0.369676940270751928374054619898391727         0.00000000000000000000000000000000000        -4.87746188907176654684196793328209918E-0003   13.0512101507123803383806675890760575         2674.53655052564325300007318761430647      
   2.89942285388289406626051058156534930E-0002   0.00000000000000000000000000000000000         0.00000000000000000000000000000000000        0.849999999999999999999999999999999981        0.150000000000000000000000000000000019        0.724999999999999999999999999999999981        0.275000000000000000000000000000000019        0.512000024318695068359375000000000000        0.425000011920928955078125000000000000         6.30000010132789611816406250000000000E-0002  0.870056494511586616800702331296776776        0.129943505488413383199297668703223248         0.00000000000000000000000000000000000        0.683022559859958444886526535977552353        0.167811590859605266884724425470909642        0.129098359310438402074632433326122454         2500.00000000000000000000000000000000        0.300000011920928955078125000000000000        -1.00000000000000000000000000000000000         4.50000000000000000000000000000000000         50.0000000000000000000000000000000000        0.375256244375266816016053941407325467        0.375256349247034276821192959259071069        0.375256349247034276821192959259071069        0.375256349247034276821192959259071069        0.375256349247034276821192959259071069         0.00000000000000000000000000000000000         2.79467003479712504258935671790743473E-0005   13.5052381875165211973692035070780809         2684.84663058864615017048206873218213      
   3.03677111803547736840862033878692513E-0002   0.00000000000000000000000000000000000         0.00000000000000000000000000000000000        0.849999999999999999999999999999999981        0.150000000000000000000000000000000019        0.724999999999999999999999999999999981        0.275000000000000000000000000000000019        0.512000024318695068359375000000000000        0.425000011920928955078125000000000000         6.30000010132789611816406250000000000E-0002  0.870056494511586616800702331296776776        0.129943505488413383199297668703223248         0.00000000000000000000000000000000000        0.683022559859958444886526535977552353        0.167811590859605266884724425470909642        0.129098359310438402074632433326122454         2500.00000000000000000000000000000000        0.300000011920928955078125000000000000        -1.00000000000000000000000000000000000         4.50000000000000000000000000000000000         50.0000000000000000000000000000000000        0.380895466425662955802608203394918248        0.380895921405005142407081604131704995        0.380895921405005142407081604131704995        0.380895921405005142407081604131704995        0.380895921405005142407081604131704995         0.00000000000000000000000000000000000         1.19449780535409493040581846094913906E-0004   13.9725373522191902782455808878114295         2695.25973458589519410567707137682335      
   3.18062569279414025101825130079188269E-0002   0.00000000000000000000000000000000000         0.00000000000000000000000000000000000        0.849999999999999999999999999999999981        0.150000000000000000000000000000000019        0.724999999999999999999999999999999981        0.275000000000000000000000000000000019        0.512000024318695068359375000000000000        0.425000011920928955078125000000000000         6.30000010132789611816406250000000000E-0002  0.870056494511586616800702331296776776        0.129943505488413383199297668703223248         0.00000000000000000000000000000000000        0.683022559859958444886526535977552353        0.167811590859605266884724425470909642        0.129098359310438402074632433326122454         2500.00000000000000000000000000000000        0.300000011920928955078125000000000000        -1.00000000000000000000000000000000000         4.50000000000000000000000000000000000         50.0000000000000000000000000000000000        0.386615816787219730885982825901365236        0.386600642023364812196886463520795208        0.386600642023364812196886463520795208        0.386600642023364812196886463520795208        0.386600642023364812196886463520795208         0.00000000000000000000000000000000000        -3.92517813097723169266394860597773648E-0003   14.4587700696189627553245803359710060         2705.90756685408189302058986932583332      
   3.33129478793469579587899033329322212E-0002   0.00000000000000000000000000000000000         0.00000000000000000000000000000000000        0.849999999999999999999999999999999981        0.150000000000000000000000000000000019        0.724999999999999999999999999999999981        0.275000000000000000000000000000000019        0.512000024318695068359375000000000000        0.425000011920928955078125000000000000         6.30000010132789611816406250000000000E-0002  0.870056494511586616800702331296776776        0.129943505488413383199297668703223248         0.00000000000000000000000000000000000        0.683022559859958444886526535977552353        0.167811590859605266884724425470909642        0.129098359310438402074632433326122454         2500.00000000000000000000000000000000        0.300000011920928955078125000000000000        -1.00000000000000000000000000000000000         4.50000000000000000000000000000000000         50.0000000000000000000000000000000000        0.392417123540920550016306864439310620        0.392417355734931135662193261935807766        0.392417355734931135662193261935807766        0.392417355734931135662193261935807766        0.392417355734931135662193261935807766         0.00000000000000000000000000000000000         5.91701684933852874870497853121736105E-0005   14.9614721742870281385234569328252825         2716.81200486585080784090033686095223      
   3.48910121340679723117689330325258897E-0002   0.00000000000000000000000000000000000         0.00000000000000000000000000000000000        0.849999999999999999999999999999999981        0.150000000000000000000000000000000019        0.724999999999999999999999999999999981        0.275000000000000000000000000000000019        0.512000024318695068359375000000000000        0.425000011920928955078125000000000000         6.30000010132789611816406250000000000E-0002  0.870056494511586616800702331296776776        0.129943505488413383199297668703223248         0.00000000000000000000000000000000000        0.683022559859958444886526535977552353        0.167811590859605266884724425470909642        0.129098359310438402074632433326122454         2500.00000000000000000000000000000000        0.300000011920928955078125000000000000        -1.00000000000000000000000000000000000         4.50000000000000000000000000000000000         50.0000000000000000000000000000000000        0.398289824178409076412527138355846662        0.398287475065952727950378825925727898        0.398287475065952727950378825925727898        0.398287475065952727950378825925727898        0.398287475065952727950378825925727898         0.00000000000000000000000000000000000        -5.89803245999505964388127536302846349E-0004   15.4848016154255206880941964090348876         2727.89930163446825913302960700457099      
   3.65438307095728310329776802679418081E-0002   0.00000000000000000000000000000000000         0.00000000000000000000000000000000000        0.849999999999999999999999999999999981        0.150000000000000000000000000000000019        0.724999999999999999999999999999999981        0.275000000000000000000000000000000019        0.512000024318695068359375000000000000        0.425000011920928955078125000000000000         6.30000010132789611816406250000000000E-0002  0.870056494511586616800702331296776776        0.129943505488413383199297668703223248         0.00000000000000000000000000000000000        0.683022559859958444886526535977552353        0.167811590859605266884724425470909642        0.129098359310438402074632433326122454         2500.00000000000000000000000000000000        0.300000011920928955078125000000000000        -1.00000000000000000000000000000000000         4.50000000000000000000000000000000000         50.0000000000000000000000000000000000        0.404242429921185353552880825311966956        0.404237049406226588184844321491257240        0.404237049406226588184844321491257240        0.404237049406226588184844321491257240        0.404237049406226588184844321491257240         0.00000000000000000000000000000000000        -1.33102964378665146222666486993749414E-0003   16.0239106475079960294174400163710965         2739.08578383375451760531239059095447      
   3.82749447851634135913727803832376407E-0002   0.00000000000000000000000000000000000         0.00000000000000000000000000000000000        0.849999999999999999999999999999999981        0.150000000000000000000000000000000019        0.724999999999999999999999999999999981        0.275000000000000000000000000000000019        0.512000024318695068359375000000000000        0.425000011920928955078125000000000000         6.30000010132789611816406250000000000E-0002  0.870056494511586616800702331296776776        0.129943505488413383199297668703223248         0.00000000000000000000000000000000000        0.683022559859958444886526535977552353        0.167811590859605266884724425470909642        0.129098359310438402074632433326122454         2500.00000000000000000000000000000000        0.300000011920928955078125000000000000        -1.00000000000000000000000000000000000         4.50000000000000000000000000000000000         50.0000000000000000000000000000000000        0.410291911543763503141509650299371852        0.410282706351320730289791764276723044        0.410282706351320730289791764276723044        0.410282706351320730289791764276723044        0.410282706351320730289791764276723044         0.00000000000000000000000000000000000        -2.24362184909898275183213466528494305E-0003   16.5850463954413175801709783421035724         2750.58661618263309946865993467666053      
   4.00880632889849649039141805889355062E-0002   0.00000000000000000000000000000000000         0.00000000000000000000000000000000000        0.849999999999999999999999999999999981        0.150000000000000000000000000000000019        0.724999999999999999999999999999999981        0.275000000000000000000000000000000019        0.512000024318695068359375000000000000        0.425000011920928955078125000000000000         6.30000010132789611816406250000000000E-0002  0.870056494511586616800702331296776776        0.129943505488413383199297668703223248         0.00000000000000000000000000000000000        0.683022559859958444886526535977552353        0.167811590859605266884724425470909642        0.129098359310438402074632433326122454         2500.00000000000000000000000000000000        0.300000011920928955078125000000000000        -1.00000000000000000000000000000000000         4.50000000000000000000000000000000000         50.0000000000000000000000000000000000        0.416402018938150965555582112164857482        0.416394670868544162145820707124152280        0.416394670868544162145820707124152280        0.416394670868544162145820707124152280        0.416394670868544162145820707124152280         0.00000000000000000000000000000000000        -1.76468867660489248834643000702374689E-0003   17.1756383242901381794992952464412509         2762.42996196003767740079392604215476      
   4.19870708444394372159300809145208468E-0002   0.00000000000000000000000000000000000         0.00000000000000000000000000000000000        0.849999999999999999999999999999999981        0.150000000000000000000000000000000019        0.724999999999999999999999999999999981        0.275000000000000000000000000000000019        0.512000024318695068359375000000000000        0.425000011920928955078125000000000000         6.30000010132789611816406250000000000E-0002  0.870056494511586616800702331296776776        0.129943505488413383199297668703223248         0.00000000000000000000000000000000000        0.683022559859958444886526535977552353        0.167811590859605266884724425470909642        0.129098359310438402074632433326122454         2500.00000000000000000000000000000000        0.300000011920928955078125000000000000        -1.00000000000000000000000000000000000         4.50000000000000000000000000000000000         50.0000000000000000000000000000000000        0.422591333338236956364577316712137933        0.422568480195431558837230114036316287        0.422568480195431558837230114036316287        0.422568480195431558837230114036316287        0.422568480195431558837230114036316287         0.00000000000000000000000000000000000        -5.40815131190766829889096525791749880E-0003   17.8014397649968370343063285745715460         2774.79556147811081630546189021810315      
   4.39760360930275675433071206856609502E-0002   0.00000000000000000000000000000000000         0.00000000000000000000000000000000000        0.849999999999999999999999999999999981        0.150000000000000000000000000000000019        0.724999999999999999999999999999999981        0.275000000000000000000000000000000019        0.512000024318695068359375000000000000        0.425000011920928955078125000000000000         6.30000010132789611816406250000000000E-0002  0.870056494511586616800702331296776776        0.129943505488413383199297668703223248         0.00000000000000000000000000000000000        0.683022559859958444886526535977552353        0.167811590859605266884724425470909642        0.129098359310438402074632433326122454         2500.00000000000000000000000000000000        0.300000011920928955078125000000000000        -1.00000000000000000000000000000000000         4.50000000000000000000000000000000000         50.0000000000000000000000000000000000        0.428873865643430093692755725491866057        0.428841399428701867039992570904898477        0.428841399428701867039992570904898477        0.428841399428701867039992570904898477        0.428841399428701867039992570904898477         0.00000000000000000000000000000000000        -7.57068108897084387766698293414453820E-0003   18.4467364534169016303000451901941650         2787.34474355878243941674554460399727      
   4.60592204114514578978097464129404699E-0002   0.00000000000000000000000000000000000         0.00000000000000000000000000000000000        0.849999999999999999999999999999999981        0.150000000000000000000000000000000019        0.724999999999999999999999999999999981        0.275000000000000000000000000000000019        0.512000024318695068359375000000000000        0.425000011920928955078125000000000000         6.30000010132789611816406250000000000E-0002  0.870056494511586616800702331296776776        0.129943505488413383199297668703223248         0.00000000000000000000000000000000000        0.683022559859958444886526535977552353        0.167811590859605266884724425470909642        0.129098359310438402074632433326122454         2500.00000000000000000000000000000000        0.300000011920928955078125000000000000        -1.00000000000000000000000000000000000         4.50000000000000000000000000000000000         50.0000000000000000000000000000000000        0.435209019025505359793077034729331490        0.435207169850832237250014276262376943        0.435207169850832237250014276262376943        0.435207169850832237250014276262376943        0.435207169850832237250014276262376943         0.00000000000000000000000000000000000        -4.24895268558270726306596216671449677E-0004   19.1109107881406251139388540196101029         2799.84524169761180012376253834207606      
   4.82410870416541323423097474256259733E-0002   0.00000000000000000000000000000000000         0.00000000000000000000000000000000000        0.849999999999999999999999999999999981        0.150000000000000000000000000000000019        0.724999999999999999999999999999999981        0.275000000000000000000000000000000019        0.512000024318695068359375000000000000        0.425000011920928955078125000000000000         6.30000010132789611816406250000000000E-0002  0.870056494511586616800702331296776776        0.129943505488413383199297668703223248         0.00000000000000000000000000000000000        0.683022559859958444886526535977552353        0.167811590859605266884724425470909642        0.129098359310438402074632433326122454         2500.00000000000000000000000000000000        0.300000011920928955078125000000000000        -1.00000000000000000000000000000000000         4.50000000000000000000000000000000000         50.0000000000000000000000000000000000        0.441640143014541379977639549063901225        0.441643694509923839884096305738669096        0.441643694509923839884096305738669096        0.441643694509923839884096305738669096        0.441643694509923839884096305738669096         0.00000000000000000000000000000000000         8.04153988069698004611512240017420083E-0004   19.8032333702973057050595188559809866         2812.72794948773049914345054255082214      
   5.05263106533572662690193201580239323E-0002   0.00000000000000000000000000000000000         0.00000000000000000000000000000000000        0.849999999999999999999999999999999981        0.150000000000000000000000000000000019        0.724999999999999999999999999999999981        0.275000000000000000000000000000000019        0.512000024318695068359375000000000000        0.425000011920928955078125000000000000         6.30000010132789611816406250000000000E-0002  0.870056494511586616800702331296776776        0.129943505488413383199297668703223248         0.00000000000000000000000000000000000        0.683022559859958444886526535977552353        0.167811590859605266884724425470909642        0.129098359310438402074632433326122454         2500.00000000000000000000000000000000        0.300000011920928955078125000000000000        -1.00000000000000000000000000000000000         4.50000000000000000000000000000000000         50.0000000000000000000000000000000000        0.448151596468933730720338835905605085        0.448149836708257647090693763423764126        0.448149836708257647090693763423764126        0.448149836708257647090693763423764126        0.448149836708257647090693763423764126         0.00000000000000000000000000000000000        -3.92672390334757907289012305903748215E-0004   20.5279819025554630909024481545733708         2825.92618118134108216195336916676137      
   5.29197873595849146847521071145970371E-0002   0.00000000000000000000000000000000000         0.00000000000000000000000000000000000        0.849999999999999999999999999999999981        0.150000000000000000000000000000000019        0.724999999999999999999999999999999981        0.275000000000000000000000000000000019        0.512000024318695068359375000000000000        0.425000011920928955078125000000000000         6.30000010132789611816406250000000000E-0002  0.870056494511586616800702331296776776        0.129943505488413383199297668703223248         0.00000000000000000000000000000000000        0.683022559859958444886526535977552353        0.167811590859605266884724425470909642        0.129098359310438402074632433326122454         2500.00000000000000000000000000000000        0.300000011920928955078125000000000000        -1.00000000000000000000000000000000000         4.50000000000000000000000000000000000         50.0000000000000000000000000000000000        0.454742564973876217442981634505087618        0.454739860507966564976611091104600650        0.454739860507966564976611091104600650        0.454739860507966564976611091104600650        0.454739860507966564976611091104600650         0.00000000000000000000000000000000000        -5.94728138991696543152815841588030953E-0004   21.2773957323577811607909754911971007         2839.37412185030761790803283948532766      
   5.54266452066315930392335611285580509E-0002   0.00000000000000000000000000000000000         0.00000000000000000000000000000000000        0.849999999999999999999999999999999981        0.150000000000000000000000000000000019        0.724999999999999999999999999999999981        0.275000000000000000000000000000000019        0.512000024318695068359375000000000000        0.425000011920928955078125000000000000         6.30000010132789611816406250000000000E-0002  0.870056494511586616800702331296776776        0.129943505488413383199297668703223248         0.00000000000000000000000000000000000        0.683022559859958444886526535977552353        0.167811590859605266884724425470909642        0.129098359310438402074632433326122454         2500.00000000000000000000000000000000        0.300000011920928955078125000000000000        -1.00000000000000000000000000000000000         4.50000000000000000000000000000000000         50.0000000000000000000000000000000000        0.461427134582145434935991948217981054        0.461425995010794425356491894149638316        0.461425995010794425356491894149638316        0.461425995010794425356491894149638316        0.461425995010794425356491894149638316         0.00000000000000000000000000000000000        -2.46967306422110180096679435525771277E-0004   22.0593292507174515792269827411953756         2853.15968456914205993260595296722401      
   5.80522551609495656082146517268962107E-0002   0.00000000000000000000000000000000000         0.00000000000000000000000000000000000        0.849999999999999999999999999999999981        0.150000000000000000000000000000000019        0.724999999999999999999999999999999981        0.275000000000000000000000000000000019        0.512000024318695068359375000000000000        0.425000011920928955078125000000000000         6.30000010132789611816406250000000000E-0002  0.870056494511586616800702331296776776        0.129943505488413383199297668703223248         0.00000000000000000000000000000000000        0.683022559859958444886526535977552353        0.167811590859605266884724425470909642        0.129098359310438402074632433326122454         2500.00000000000000000000000000000000        0.300000011920928955078125000000000000        -1.00000000000000000000000000000000000         4.50000000000000000000000000000000000         50.0000000000000000000000000000000000        0.468194100618737856046675991301734787        0.468193275056721111082492391806776160        0.468193275056721111082492391806776160        0.468193275056721111082492391806776160        0.468193275056721111082492391806776160         0.00000000000000000000000000000000000        -1.76329319690665833315685549179043029E-0004   22.8676417817083331525066110671493522         2867.16149411432047544851271543125677      
   6.08022426164948505065581588806303073E-0002   0.00000000000000000000000000000000000         0.00000000000000000000000000000000000        0.849999999999999999999999999999999981        0.150000000000000000000000000000000019        0.724999999999999999999999999999999981        0.275000000000000000000000000000000019        0.512000024318695068359375000000000000        0.425000011920928955078125000000000000         6.30000010132789611816406250000000000E-0002  0.870056494511586616800702331296776776        0.129943505488413383199297668703223248         0.00000000000000000000000000000000000        0.683022559859958444886526535977552353        0.167811590859605266884724425470909642        0.129098359310438402074632433326122454         2500.00000000000000000000000000000000        0.300000011920928955078125000000000000        -1.00000000000000000000000000000000000         4.50000000000000000000000000000000000         50.0000000000000000000000000000000000        0.475051097731410000182757188906542259        0.475050413527798408483795712973559344        0.475050413527798408483795712973559344        0.475050413527798408483795712973559344        0.475050413527798408483795712973559344         0.00000000000000000000000000000000000        -1.44027579412192551774635691571867896E-0004   23.7083339875586883067736077290271453         2881.45244700994543123094012478541852      
   6.36824994471865380888821842690214039E-0002   0.00000000000000000000000000000000000         0.00000000000000000000000000000000000        0.849999999999999999999999999999999981        0.150000000000000000000000000000000019        0.724999999999999999999999999999999981        0.275000000000000000000000000000000019        0.512000024318695068359375000000000000        0.425000011920928955078125000000000000         6.30000010132789611816406250000000000E-0002  0.870056494511586616800702331296776776        0.129943505488413383199297668703223248         0.00000000000000000000000000000000000        0.683022559859958444886526535977552353        0.167811590859605266884724425470909642        0.129098359310438402074632433326122454         2500.00000000000000000000000000000000        0.300000011920928955078125000000000000        -1.00000000000000000000000000000000000         4.50000000000000000000000000000000000         50.0000000000000000000000000000000000        0.481997077302816024418103114148156450        0.481996085361543119086140506054813098        0.481996085361543119086140506054813098        0.481996085361543119086140506054813098        0.481996085361543119086140506054813098         0.00000000000000000000000000000000000        -2.05798616011846076974412698371441556E-0004   24.5829190396600541330575386179520119         2896.07231767269408033975743210209367      
   6.66991966303019298825804335972346273E-0002   0.00000000000000000000000000000000000         0.00000000000000000000000000000000000        0.849999999999999999999999999999999981        0.150000000000000000000000000000000019        0.724999999999999999999999999999999981        0.275000000000000000000000000000000019        0.512000024318695068359375000000000000        0.425000011920928955078125000000000000         6.30000010132789611816406250000000000E-0002  0.870056494511586616800702331296776776        0.129943505488413383199297668703223248         0.00000000000000000000000000000000000        0.683022559859958444886526535977552353        0.167811590859605266884724425470909642        0.129098359310438402074632433326122454         2500.00000000000000000000000000000000        0.300000011920928955078125000000000000        -1.00000000000000000000000000000000000         4.50000000000000000000000000000000000         50.0000000000000000000000000000000000        0.489034422523183587271061701759667763        0.489033587979351062697044001961308280        0.489033587979351062697044001961308280        0.489033587979351062697044001961308280        0.489033587979351062697044001961308280         0.00000000000000000000000000000000000        -1.70651638872668142298864447347765546E-0004   25.4902749309813120890580725066315175         2910.92217762564726253031375748469391      
   6.98587974678532405490532339768403819E-0002   0.00000000000000000000000000000000000         0.00000000000000000000000000000000000        0.849999999999999999999999999999999981        0.150000000000000000000000000000000019        0.724999999999999999999999999999999981        0.275000000000000000000000000000000019        0.512000024318695068359375000000000000        0.425000011920928955078125000000000000         6.30000010132789611816406250000000000E-0002  0.870056494511586616800702331296776776        0.129943505488413383199297668703223248         0.00000000000000000000000000000000000        0.683022559859958444886526535977552353        0.167811590859605266884724425470909642        0.129098359310438402074632433326122454         2500.00000000000000000000000000000000        0.300000011920928955078125000000000000        -1.00000000000000000000000000000000000         4.50000000000000000000000000000000000         50.0000000000000000000000000000000000        0.496163793597860677190588221632236563        0.496161588973051709738838837195259047        0.496161588973051709738838837195259047        0.496161588973051709738838837195259047        0.496161588973051709738838837195259047         0.00000000000000000000000000000000000        -4.44336050585970031233377898045480169E-0004   26.4326442111993155086885421093541221         2926.08146316331758529083705242626985      
   7.31680714342727864769909562452151975E-0002   0.00000000000000000000000000000000000         0.00000000000000000000000000000000000        0.849999999999999999999999999999999981        0.150000000000000000000000000000000019        0.724999999999999999999999999999999981        0.275000000000000000000000000000000019        0.512000024318695068359375000000000000        0.425000011920928955078125000000000000         6.30000010132789611816406250000000000E-0002  0.870056494511586616800702331296776776        0.129943505488413383199297668703223248         0.00000000000000000000000000000000000        0.683022559859958444886526535977552353        0.167811590859605266884724425470909642        0.129098359310438402074632433326122454         2500.00000000000000000000000000000000        0.300000011920928955078125000000000000        -1.00000000000000000000000000000000000         4.50000000000000000000000000000000000         50.0000000000000000000000000000000000        0.503389080849438879232870735810342478        0.503388239009226733416412040774703698        0.503388239009226733416412040774703698        0.503388239009226733416412040774703698        0.503388239009226733416412040774703698         0.00000000000000000000000000000000000        -1.67234779621139728574363634618576929E-0004   27.4161008061219037746161560195410557         2941.66857034717875902358119192408435      
   7.66341086800754564190942258342304675E-0002   0.00000000000000000000000000000000000         0.00000000000000000000000000000000000        0.849999999999999999999999999999999981        0.150000000000000000000000000000000019        0.724999999999999999999999999999999981        0.275000000000000000000000000000000019        0.512000024318695068359375000000000000        0.425000011920928955078125000000000000         6.30000010132789611816406250000000000E-0002  0.870056494511586616800702331296776776        0.129943505488413383199297668703223248         0.00000000000000000000000000000000000        0.683022559859958444886526535977552353        0.167811590859605266884724425470909642        0.129098359310438402074632433326122454         2500.00000000000000000000000000000000        0.300000011920928955078125000000000000        -1.00000000000000000000000000000000000         4.50000000000000000000000000000000000         50.0000000000000000000000000000000000        0.510707503235363627027943695908024868        0.510706142992906816371340443999265923        0.510706142992906816371340443999265923        0.510706142992906816371340443999265923        0.510706142992906816371340443999265923         0.00000000000000000000000000000000000        -2.66345426910118246505834700705268644E-0004   28.4370846649059196153338774978975865         2957.53524148596680285967623754872721      
   8.02643352225726970636277878857272017E-0002   0.00000000000000000000000000000000000         0.00000000000000000000000000000000000        0.849999999999999999999999999999999981        0.150000000000000000000000000000000019        0.724999999999999999999999999999999981        0.275000000000000000000000000000000019        0.512000024318695068359375000000000000        0.425000011920928955078125000000000000         6.30000010132789611816406250000000000E-0002  0.870056494511586616800702331296776776        0.129943505488413383199297668703223248         0.00000000000000000000000000000000000        0.683022559859958444886526535977552353        0.167811590859605266884724425470909642        0.129098359310438402074632433326122454         2500.00000000000000000000000000000000        0.300000011920928955078125000000000000        -1.00000000000000000000000000000000000         4.50000000000000000000000000000000000         50.0000000000000000000000000000000000        0.518122240438032559355035051900921405        0.518120396024652397008456174585177112        0.518120396024652397008456174585177112        0.518120396024652397008456174585177112        0.518120396024652397008456174585177112         0.00000000000000000000000000000000000        -3.55981620162775560103149044861172784E-0004   29.4964044315909399805270319810803906         2973.68008938164357050832530118571009      
   8.40665288561842607476714319551580939E-0002   0.00000000000000000000000000000000000         0.00000000000000000000000000000000000        0.849999999999999999999999999999999981        0.150000000000000000000000000000000019        0.724999999999999999999999999999999981        0.275000000000000000000000000000000019        0.512000024318695068359375000000000000        0.425000011920928955078125000000000000         6.30000010132789611816406250000000000E-0002  0.870056494511586616800702331296776776        0.129943505488413383199297668703223248         0.00000000000000000000000000000000000        0.683022559859958444886526535977552353        0.167811590859605266884724425470909642        0.129098359310438402074632433326122454         2500.00000000000000000000000000000000        0.300000011920928955078125000000000000        -1.00000000000000000000000000000000000         4.50000000000000000000000000000000000         50.0000000000000000000000000000000000        0.525633689015609728729415658989694308        0.525632712001260091713301326244413415        0.525632712001260091713301326244413415        0.525632712001260091713301326244413415        0.525632712001260091713301326244413415         0.00000000000000000000000000000000000        -1.85873962432283691646449746420600588E-0004   30.5991306062902912647027405165539707         2990.17409826356916515147211773530281      
   8.80488358164357074743307360856496004E-0002   0.00000000000000000000000000000000000         0.00000000000000000000000000000000000        0.849999999999999999999999999999999981        0.150000000000000000000000000000000019        0.724999999999999999999999999999999981        0.275000000000000000000000000000000019        0.512000024318695068359375000000000000        0.425000011920928955078125000000000000         6.30000010132789611816406250000000000E-0002  0.870056494511586616800702331296776776        0.129943505488413383199297668703223248         0.00000000000000000000000000000000000        0.683022559859958444886526535977552353        0.167811590859605266884724425470909642        0.129098359310438402074632433326122454         2500.00000000000000000000000000000000        0.300000011920928955078125000000000000        -1.00000000000000000000000000000000000         4.50000000000000000000000000000000000         50.0000000000000000000000000000000000        0.533242453627319940694148549709332868        0.533242353016176905877325950885177715        0.533242353016176905877325950885177715        0.533242353016176905877325950885177715        0.533242353016176905877325950885177715         0.00000000000000000000000000000000000        -1.88678079424356217756884953379174041E-0005   31.7756548135466624938617046237003149         3007.59849071880420095442067316903775      
   9.22197882333444321945314637778022181E-0002   0.00000000000000000000000000000000000         0.00000000000000000000000000000000000        0.849999999999999999999999999999999981        0.150000000000000000000000000000000019        0.724999999999999999999999999999999981        0.275000000000000000000000000000000019        0.512000024318695068359375000000000000        0.425000011920928955078125000000000000         6.30000010132789611816406250000000000E-0002  0.870056494511586616800702331296776776        0.129943505488413383199297668703223248         0.00000000000000000000000000000000000        0.683022559859958444886526535977552353        0.167811590859605266884724425470909642        0.129098359310438402074632433326122454         2500.00000000000000000000000000000000        0.300000011920928955078125000000000000        -1.00000000000000000000000000000000000         4.50000000000000000000000000000000000         50.0000000000000000000000000000000000        0.540950419364944955533638875296166591        0.540948720792702457934194372306931814        0.540948720792702457934194372306931814        0.540948720792702457934194372306931814        0.540948720792702457934194372306931814         0.00000000000000000000000000000000000        -3.13998753894550966771516132631849781E-0004   32.9362610343023278282669699190101780         3024.11856110304089616022539806489598      
   9.65883224115882606340667665118364882E-0002   0.00000000000000000000000000000000000         0.00000000000000000000000000000000000        0.849999999999999999999999999999999981        0.150000000000000000000000000000000019        0.724999999999999999999999999999999981        0.275000000000000000000000000000000019        0.512000024318695068359375000000000000        0.425000011920928955078125000000000000         6.30000010132789611816406250000000000E-0002  0.870056494511586616800702331296776776        0.129943505488413383199297668703223248         0.00000000000000000000000000000000000        0.683022559859958444886526535977552353        0.167811590859605266884724425470909642        0.129098359310438402074632433326122454         2500.00000000000000000000000000000000        0.300000011920928955078125000000000000        -1.00000000000000000000000000000000000         4.50000000000000000000000000000000000         50.0000000000000000000000000000000000        0.548761146754398643939548420345356121        0.548759862174705741418545272390597563        0.548759862174705741418545272390597563        0.548759862174705741418545272390597563        0.548759862174705741418545272390597563         0.00000000000000000000000000000000000        -2.34087764329519464546036864744002413E-0004   34.1789264349206285629701977749326952         3041.69991905445380962465257630947878      
  0.101163797976622046355106172347094973         0.00000000000000000000000000000000000         0.00000000000000000000000000000000000        0.849999999999999999999999999999999981        0.150000000000000000000000000000000019        0.724999999999999999999999999999999981        0.275000000000000000000000000000000019        0.512000024318695068359375000000000000        0.425000011920928955078125000000000000         6.30000010132789611816406250000000000E-0002  0.870056494511586616800702331296776776        0.129943505488413383199297668703223248         0.00000000000000000000000000000000000        0.683022559859958444886526535977552353        0.167811590859605266884724425470909642        0.129098359310438402074632433326122454         2500.00000000000000000000000000000000        0.300000011920928955078125000000000000        -1.00000000000000000000000000000000000         4.50000000000000000000000000000000000         50.0000000000000000000000000000000000        0.556671665128829301383659510574514382        0.556667866113230192899609906228401782        0.556667866113230192899609906228401782        0.556667866113230192899609906228401782        0.556667866113230192899609906228401782         0.00000000000000000000000000000000000        -6.82456421570369094558880500852079764E-0004   35.4738850263783148519397463974084491         3059.69835297966318352385759661147703      
  0.105956017927763003456833559312410793         0.00000000000000000000000000000000000         0.00000000000000000000000000000000000        0.849999999999999999999999999999999981        0.150000000000000000000000000000000019        0.724999999999999999999999999999999981        0.275000000000000000000000000000000019        0.512000024318695068359375000000000000        0.425000011920928955078125000000000000         6.30000010132789611816406250000000000E-0002  0.870056494511586616800702331296776776        0.129943505488413383199297668703223248         0.00000000000000000000000000000000000        0.683022559859958444886526535977552353        0.167811590859605266884724425470909642        0.129098359310438402074632433326122454         2500.00000000000000000000000000000000        0.300000011920928955078125000000000000        -1.00000000000000000000000000000000000         4.50000000000000000000000000000000000         50.0000000000000000000000000000000000        0.564684047508551400215226883849057500        0.564678674157750486990519896864856233        0.564678674157750486990519896864856233        0.564678674157750486990519896864856233        0.564678674157750486990519896864856233         0.00000000000000000000000000000000000        -9.51576719083268903217817647793893812E-0004   36.8166250225709403771384019071874509         3077.95598735156465478745691363011452      
  0.110975249641208698343586493910800654         0.00000000000000000000000000000000000         0.00000000000000000000000000000000000        0.849999999999999999999999999999999981        0.150000000000000000000000000000000019        0.724999999999999999999999999999999981        0.275000000000000000000000000000000019        0.512000024318695068359375000000000000        0.425000011920928955078125000000000000         6.30000010132789611816406250000000000E-0002  0.870056494511586616800702331296776776        0.129943505488413383199297668703223248         0.00000000000000000000000000000000000        0.683022559859958444886526535977552353        0.167811590859605266884724425470909642        0.129098359310438402074632433326122454         2500.00000000000000000000000000000000        0.300000011920928955078125000000000000        -1.00000000000000000000000000000000000         4.50000000000000000000000000000000000         50.0000000000000000000000000000000000        0.572800174204854708574379032720159267        0.572797591235689445432672088737594435        0.572797591235689445432672088737594435        0.572797591235689445432672088737594435        0.572797591235689445432672088737594435         0.00000000000000000000000000000000000        -4.50939250580808655672545782990253503E-0004   38.2217889633231393884881773825238591         3096.77000115401276682727710763300630      
  0.116232246867986863621532357708454707         0.00000000000000000000000000000000000         0.00000000000000000000000000000000000        0.849999999999999999999999999999999981        0.150000000000000000000000000000000019        0.724999999999999999999999999999999981        0.275000000000000000000000000000000019        0.512000024318695068359375000000000000        0.425000011920928955078125000000000000         6.30000010132789611816406250000000000E-0002  0.870056494511586616800702331296776776        0.129943505488413383199297668703223248         0.00000000000000000000000000000000000        0.683022559859958444886526535977552353        0.167811590859605266884724425470909642        0.129098359310438402074632433326122454         2500.00000000000000000000000000000000        0.300000011920928955078125000000000000        -1.00000000000000000000000000000000000         4.50000000000000000000000000000000000         50.0000000000000000000000000000000000        0.581019158420482765284919734906949940        0.581018684653809263846522544740559757        0.581018684653809263846522544740559757        0.581018684653809263846522544740559757        0.581018684653809263846522544740559757         0.00000000000000000000000000000000000        -8.15406949922315715971224908875658559E-0005   39.6736126582279937209875819879227791         3115.80072741628377990549394903476887      
  0.121738272773967847946541636711935559         0.00000000000000000000000000000000000         0.00000000000000000000000000000000000        0.849999999999999999999999999999999981        0.150000000000000000000000000000000019        0.724999999999999999999999999999999981        0.275000000000000000000000000000000019        0.512000024318695068359375000000000000        0.425000011920928955078125000000000000         6.30000010132789611816406250000000000E-0002  0.870056494511586616800702331296776776        0.129943505488413383199297668703223248         0.00000000000000000000000000000000000        0.683022559859958444886526535977552353        0.167811590859605266884724425470909642        0.129098359310438402074632433326122454         2500.00000000000000000000000000000000        0.300000011920928955078125000000000000        -1.00000000000000000000000000000000000         4.50000000000000000000000000000000000         50.0000000000000000000000000000000000        0.589345913475150776770495610407061598        0.589344665359097368573852585482077257        0.589344665359097368573852585482077257        0.589344665359097368573852585482077257        0.589344665359097368573852585482077257         0.00000000000000000000000000000000000        -2.11780325974054429642621485079956480E-0004   41.1890994740583337659128746429449657         3135.24282952775280368741113605624989      
  0.127505124071303144618257819009567858         0.00000000000000000000000000000000000         0.00000000000000000000000000000000000        0.849999999999999999999999999999999981        0.150000000000000000000000000000000019        0.724999999999999999999999999999999981        0.275000000000000000000000000000000019        0.512000024318695068359375000000000000        0.425000011920928955078125000000000000         6.30000010132789611816406250000000000E-0002  0.870056494511586616800702331296776776        0.129943505488413383199297668703223248         0.00000000000000000000000000000000000        0.683022559859958444886526535977552353        0.167811590859605266884724425470909642        0.129098359310438402074632433326122454         2500.00000000000000000000000000000000        0.300000011920928955078125000000000000        -1.00000000000000000000000000000000000         4.50000000000000000000000000000000000         50.0000000000000000000000000000000000        0.597776431789416456547733979571616749        0.597775733149748964450603174274474543        0.597775733149748964450603174274474543        0.597775733149748964450603174274474543        0.597775733149748964450603174274474543         0.00000000000000000000000000000000000        -1.16873206580482034092677209969358938E-0004   42.7740850409445296679536720401464398         3155.19863192246954648119854456122198      
  0.133545156292991832326932402316673282         0.00000000000000000000000000000000000         0.00000000000000000000000000000000000        0.849999999999999999999999999999999981        0.150000000000000000000000000000000019        0.724999999999999999999999999999999981        0.275000000000000000000000000000000019        0.512000024318695068359375000000000000        0.425000011920928955078125000000000000         6.30000010132789611816406250000000000E-0002  0.870056494511586616800702331296776776        0.129943505488413383199297668703223248         0.00000000000000000000000000000000000        0.683022559859958444886526535977552353        0.167811590859605266884724425470909642        0.129098359310438402074632433326122454         2500.00000000000000000000000000000000        0.300000011920928955078125000000000000        -1.00000000000000000000000000000000000         4.50000000000000000000000000000000000         50.0000000000000000000000000000000000        0.606317277361185553553213835068279126        0.606313974302638912307993788316573100        0.606313974302638912307993788316573100        0.606313974302638912307993788316573100        0.606313974302638912307993788316573100         0.00000000000000000000000000000000000        -5.44776912067762815385778749913843202E-0004   44.4173129826978634315706026417604739         3175.41160226143095031226904014419495      
  0.139871310264725923734212542400487802         0.00000000000000000000000000000000000         0.00000000000000000000000000000000000        0.849999999999999999999999999999999981        0.150000000000000000000000000000000019        0.724999999999999999999999999999999981        0.275000000000000000000000000000000019        0.512000024318695068359375000000000000        0.425000011920928955078125000000000000         6.30000010132789611816406250000000000E-0002  0.870056494511586616800702331296776776        0.129943505488413383199297668703223248         0.00000000000000000000000000000000000        0.683022559859958444886526535977552353        0.167811590859605266884724425470909642        0.129098359310438402074632433326122454         2500.00000000000000000000000000000000        0.300000011920928955078125000000000000        -1.00000000000000000000000000000000000         4.50000000000000000000000000000000000         50.0000000000000000000000000000000000        0.614964880852472364478553856553774933        0.614964622921272545044717004607048366        0.614964622921272545044717004607048366        0.614964622921272545044717004607048366        0.614964622921272545044717004607048366         0.00000000000000000000000000000000000        -4.19424451758185212688053307156065476E-0005   46.1319485356965316797209876008373232         3196.08553957136293205690823431528229      
  0.146497139830730798859885014704254904         0.00000000000000000000000000000000000         0.00000000000000000000000000000000000        0.849999999999999999999999999999999981        0.150000000000000000000000000000000019        0.724999999999999999999999999999999981        0.275000000000000000000000000000000019        0.512000024318695068359375000000000000        0.425000011920928955078125000000000000         6.30000010132789611816406250000000000E-0002  0.870056494511586616800702331296776776        0.129943505488413383199297668703223248         0.00000000000000000000000000000000000        0.683022559859958444886526535977552353        0.167811590859605266884724425470909642        0.129098359310438402074632433326122454         2500.00000000000000000000000000000000        0.300000011920928955078125000000000000        -1.00000000000000000000000000000000000         4.50000000000000000000000000000000000         50.0000000000000000000000000000000000        0.623723428882993618151322230310284364        0.623721396026759353260757169391656645        0.623721396026759353260757169391656645        0.623721396026759353260757169391656645        0.623721396026759353260757169391656645         0.00000000000000000000000000000000000        -3.25923761348356161634859944465190787E-0004   47.9191931165562660316172993562911860         3217.18532213261280952233402713183286      
  0.153436840893003596478571043987610540         0.00000000000000000000000000000000000         0.00000000000000000000000000000000000        0.849999999999999999999999999999999981        0.150000000000000000000000000000000019        0.724999999999999999999999999999999981        0.275000000000000000000000000000000019        0.512000024318695068359375000000000000        0.425000011920928955078125000000000000         6.30000010132789611816406250000000000E-0002  0.870056494511586616800702331296776776        0.129943505488413383199297668703223248         0.00000000000000000000000000000000000        0.683022559859958444886526535977552353        0.167811590859605266884724425470909642        0.129098359310438402074632433326122454         2500.00000000000000000000000000000000        0.300000011920928955078125000000000000        -1.00000000000000000000000000000000000         4.50000000000000000000000000000000000         50.0000000000000000000000000000000000        0.632590192228630301099518980554448433        0.632588217665583581660985193511363139        0.632588217665583581660985193511363139        0.632588217665583581660985193511363139        0.632588217665583581660985193511363139         0.00000000000000000000000000000000000        -3.12140345263794827207682895033085549E-0004   49.7827521333156476445511904621055496         3238.73265445357074157173524020125497      
  0.160705281826166404175411117660175785         0.00000000000000000000000000000000000         0.00000000000000000000000000000000000        0.849999999999999999999999999999999981        0.150000000000000000000000000000000019        0.724999999999999999999999999999999981        0.275000000000000000000000000000000019        0.512000024318695068359375000000000000        0.425000011920928955078125000000000000         6.30000010132789611816406250000000000E-0002  0.870056494511586616800702331296776776        0.129943505488413383199297668703223248         0.00000000000000000000000000000000000        0.683022559859958444886526535977552353        0.167811590859605266884724425470909642        0.129098359310438402074632433326122454         2500.00000000000000000000000000000000        0.300000011920928955078125000000000000        -1.00000000000000000000000000000000000         4.50000000000000000000000000000000000         50.0000000000000000000000000000000000        0.641567948602707876775869891676747514        0.641564850996695349143024011231272402        0.641564850996695349143024011231272402        0.641564850996695349143024011231272402        0.641564850996695349143024011231272402         0.00000000000000000000000000000000000        -4.82820405094728042471120872846216222E-0004   51.7287677407405915244773252578240098         3260.72306627843643323400729446486662      
  0.168318035333098355319523878900328206         0.00000000000000000000000000000000000         0.00000000000000000000000000000000000        0.849999999999999999999999999999999981        0.150000000000000000000000000000000019        0.724999999999999999999999999999999981        0.275000000000000000000000000000000019        0.512000024318695068359375000000000000        0.425000011920928955078125000000000000         6.30000010132789611816406250000000000E-0002  0.870056494511586616800702331296776776        0.129943505488413383199297668703223248         0.00000000000000000000000000000000000        0.683022559859958444886526535977552353        0.167811590859605266884724425470909642        0.129098359310438402074632433326122454         2500.00000000000000000000000000000000        0.300000011920928955078125000000000000        -1.00000000000000000000000000000000000         4.50000000000000000000000000000000000         50.0000000000000000000000000000000000        0.650649771564795052976906312742354105        0.650653741685469873278121192928842365        0.650653741685469873278121192928842365        0.650653741685469873278121192928842365        0.650653741685469873278121192928842365         0.00000000000000000000000000000000000         6.10174109586459984577568869192999138E-0004   53.7536313613527434669210180212088885         3283.08521869123090316838734238748683      
  0.176291411809597623536968597048402244         0.00000000000000000000000000000000000         0.00000000000000000000000000000000000        0.849999999999999999999999999999999981        0.150000000000000000000000000000000019        0.724999999999999999999999999999999981        0.275000000000000000000000000000000019        0.512000024318695068359375000000000000        0.425000011920928955078125000000000000         6.30000010132789611816406250000000000E-0002  0.870056494511586616800702331296776776        0.129943505488413383199297668703223248         0.00000000000000000000000000000000000        0.683022559859958444886526535977552353        0.167811590859605266884724425470909642        0.129098359310438402074632433326122454         2500.00000000000000000000000000000000        0.300000011920928955078125000000000000        -1.00000000000000000000000000000000000         4.50000000000000000000000000000000000         50.0000000000000000000000000000000000        0.659859328248825250303592405801491483        0.659856828661309486234047272355208495        0.659856828661309486234047272355208495        0.659856828661309486234047272355208495        0.659856828661309486234047272355208495         0.00000000000000000000000000000000000        -3.78807554486498282130836085745396944E-0004   55.8656805778430036825160119162965399         3305.82105546376789947367629621186638      
  0.184642494289557415975419190134436407         0.00000000000000000000000000000000000         0.00000000000000000000000000000000000        0.849999999999999999999999999999999981        0.150000000000000000000000000000000019        0.724999999999999999999999999999999981        0.275000000000000000000000000000000019        0.512000024318695068359375000000000000        0.425000011920928955078125000000000000         6.30000010132789611816406250000000000E-0002  0.870056494511586616800702331296776776        0.129943505488413383199297668703223248         0.00000000000000000000000000000000000        0.683022559859958444886526535977552353        0.167811590859605266884724425470909642        0.129098359310438402074632433326122454         2500.00000000000000000000000000000000        0.300000011920928955078125000000000000        -1.00000000000000000000000000000000000         4.50000000000000000000000000000000000         50.0000000000000000000000000000000000        0.669174319215336035024107400782531818        0.669169457845930660677299240945305980        0.669169457845930660677299240945305980        0.669169457845930660677299240945305980        0.669169457845930660677299240945305980         0.00000000000000000000000000000000000        -7.26478076423748972241672807095615796E-0004   58.0767516528603596949043472157339499         3329.14553638970563647669377968057506      
  0.193389175045526332720793931968250954         0.00000000000000000000000000000000000         0.00000000000000000000000000000000000        0.849999999999999999999999999999999981        0.150000000000000000000000000000000019        0.724999999999999999999999999999999981        0.275000000000000000000000000000000019        0.512000024318695068359375000000000000        0.425000011920928955078125000000000000         6.30000010132789611816406250000000000E-0002  0.870056494511586616800702331296776776        0.129943505488413383199297668703223248         0.00000000000000000000000000000000000        0.683022559859958444886526535977552353        0.167811590859605266884724425470909642        0.129098359310438402074632433326122454         2500.00000000000000000000000000000000        0.300000011920928955078125000000000000        -1.00000000000000000000000000000000000         4.50000000000000000000000000000000000         50.0000000000000000000000000000000000        0.678604089958470042811794363303553609        0.678600100449178005936684028252575406        0.678600100449178005936684028252575406        0.678600100449178005936684028252575406        0.678600100449178005936684028252575406         0.00000000000000000000000000000000000        -5.87902844310831200498586921602802508E-0004   60.3720712781166536108322153210355788         3352.76831113395507420609364508164761      
  0.202550193923070136258493621901443151         0.00000000000000000000000000000000000         0.00000000000000000000000000000000000        0.849999999999999999999999999999999981        0.150000000000000000000000000000000019        0.724999999999999999999999999999999981        0.275000000000000000000000000000000019        0.512000024318695068359375000000000000        0.425000011920928955078125000000000000         6.30000010132789611816406250000000000E-0002  0.870056494511586616800702331296776776        0.129943505488413383199297668703223248         0.00000000000000000000000000000000000        0.683022559859958444886526535977552353        0.167811590859605266884724425470909642        0.129098359310438402074632433326122454         2500.00000000000000000000000000000000        0.300000011920928955078125000000000000        -1.00000000000000000000000000000000000         4.50000000000000000000000000000000000         50.0000000000000000000000000000000000        0.688147278833640716591854901164607437        0.688142627159129860918449830935202096        0.688142627159129860918449830935202096        0.688142627159129860918449830935202096        0.688142627159129860918449830935202096         0.00000000000000000000000000000000000        -6.75975346863666211417981020061214589E-0004   62.7715434925867084694249472306318222         3376.91779983973643125335948913857211      
  0.212145178491066660656421546258877797         0.00000000000000000000000000000000000         0.00000000000000000000000000000000000        0.849999999999999999999999999999999981        0.150000000000000000000000000000000019        0.724999999999999999999999999999999981        0.275000000000000000000000000000000019        0.512000024318695068359375000000000000        0.425000011920928955078125000000000000         6.30000010132789611816406250000000000E-0002  0.870056494511586616800702331296776776        0.129943505488413383199297668703223248         0.00000000000000000000000000000000000        0.683022559859958444886526535977552353        0.167811590859605266884724425470909642        0.129098359310438402074632433326122454         2500.00000000000000000000000000000000        0.300000011920928955078125000000000000        -1.00000000000000000000000000000000000         4.50000000000000000000000000000000000         50.0000000000000000000000000000000000        0.697807934231413318220419472806611809        0.697804040830258401905583592722942397        0.697804040830258401905583592722942397        0.697804040830258401905583592722942397        0.697804040830258401905583592722942397         0.00000000000000000000000000000000000        -5.57950502878126630975077518144326609E-0004   65.2824299869549362986882963984174646         3401.65847868860721881790224839638561      
  0.222194686093956243932729053068759355         0.00000000000000000000000000000000000         0.00000000000000000000000000000000000        0.849999999999999999999999999999999981        0.150000000000000000000000000000000019        0.724999999999999999999999999999999981        0.275000000000000000000000000000000019        0.512000024318695068359375000000000000        0.425000011920928955078125000000000000         6.30000010132789611816406250000000000E-0002  0.870056494511586616800702331296776776        0.129943505488413383199297668703223248         0.00000000000000000000000000000000000        0.683022559859958444886526535977552353        0.167811590859605266884724425470909642        0.129098359310438402074632433326122454         2500.00000000000000000000000000000000        0.300000011920928955078125000000000000        -1.00000000000000000000000000000000000         4.50000000000000000000000000000000000         50.0000000000000000000000000000000000        0.707585183237802793606208663363498114        0.707581223522404019377622268855983266        0.707581223522404019377622268855983266        0.707581223522404019377622268855983266        0.707581223522404019377622268855983266         0.00000000000000000000000000000000000        -5.59612842616484836202701673571928083E-0004   67.8937611277814857121864436710634988         3426.71080876716353489807674879469655      
  0.232720247896045024620482335420595173         0.00000000000000000000000000000000000         0.00000000000000000000000000000000000        0.849999999999999999999999999999999981        0.150000000000000000000000000000000019        0.724999999999999999999999999999999981        0.275000000000000000000000000000000019        0.512000024318695068359375000000000000        0.425000011920928955078125000000000000         6.30000010132789611816406250000000000E-0002  0.870056494511586616800702331296776776        0.129943505488413383199297668703223248         0.00000000000000000000000000000000000        0.683022559859958444886526535977552353        0.167811590859605266884724425470909642        0.129098359310438402074632433326122454         2500.00000000000000000000000000000000        0.300000011920928955078125000000000000        -1.00000000000000000000000000000000000         4.50000000000000000000000000000000000         50.0000000000000000000000000000000000        0.717478567658099821172489291783493907        0.717474659450742830286942158305439888        0.717474659450742830286942158305439888        0.717474659450742830286942158305439888        0.717474659450742830286942158305439888         0.00000000000000000000000000000000000        -5.44717127707727465346748931675285012E-0004   70.6243887868797665327593222799222876         3452.23521181328747095968882640897629      
  0.243744415012226435488952487885240485         0.00000000000000000000000000000000000         0.00000000000000000000000000000000000        0.849999999999999999999999999999999981        0.150000000000000000000000000000000019        0.724999999999999999999999999999999981        0.275000000000000000000000000000000019        0.512000024318695068359375000000000000        0.425000011920928955078125000000000000         6.30000010132789611816406250000000000E-0002  0.870056494511586616800702331296776776        0.129943505488413383199297668703223248         0.00000000000000000000000000000000000        0.683022559859958444886526535977552353        0.167811590859605266884724425470909642        0.129098359310438402074632433326122454         2500.00000000000000000000000000000000        0.300000011920928955078125000000000000        -1.00000000000000000000000000000000000         4.50000000000000000000000000000000000         50.0000000000000000000000000000000000        0.727490164163367502307819756477385859        0.727485949640738834278645640056679478        0.727485949640738834278645640056679478        0.727485949640738834278645640056679478        0.727485949640738834278645640056679478         0.00000000000000000000000000000000000        -5.79327013909935464406971375835723473E-0004   73.4791188439979151550843345293633308         3478.27434357824235612777266126427698      
  0.255290806823956397939774451911334331         0.00000000000000000000000000000000000         0.00000000000000000000000000000000000        0.849999999999999999999999999999999981        0.150000000000000000000000000000000019        0.724999999999999999999999999999999981        0.275000000000000000000000000000000019        0.512000024318695068359375000000000000        0.425000011920928955078125000000000000         6.30000010132789611816406250000000000E-0002  0.870056494511586616800702331296776776        0.129943505488413383199297668703223248         0.00000000000000000000000000000000000        0.683022559859958444886526535977552353        0.167811590859605266884724425470909642        0.129098359310438402074632433326122454         2500.00000000000000000000000000000000        0.300000011920928955078125000000000000        -1.00000000000000000000000000000000000         4.50000000000000000000000000000000000         50.0000000000000000000000000000000000        0.737620146451577877779806866181456358        0.737615975496767030595859649422848691        0.737615975496767030595859649422848691        0.737615975496767030595859649422848691        0.737615975496767030595859649422848691         0.00000000000000000000000000000000000        -5.65464272657346374698078293735302109E-0004   76.4526629021422017211222728394363418         3504.73808800544762199467636225257747      
  0.267384161583999647148154120888094587         0.00000000000000000000000000000000000         0.00000000000000000000000000000000000        0.849999999999999999999999999999999981        0.150000000000000000000000000000000019        0.724999999999999999999999999999999981        0.275000000000000000000000000000000019        0.512000024318695068359375000000000000        0.425000011920928955078125000000000000         6.30000010132789611816406250000000000E-0002  0.870056494511586616800702331296776776        0.129943505488413383199297668703223248         0.00000000000000000000000000000000000        0.683022559859958444886526535977552353        0.167811590859605266884724425470909642        0.129098359310438402074632433326122454         2500.00000000000000000000000000000000        0.300000011920928955078125000000000000        -1.00000000000000000000000000000000000         4.50000000000000000000000000000000000         50.0000000000000000000000000000000000        0.747870040993440029242581290666043031        0.747866080000145818616742173199589725        0.747866080000145818616742173199589725        0.747866080000145818616742173199589725        0.747866080000145818616742173199589725         0.00000000000000000000000000000000000        -5.29639383325134030185588837847318398E-0004   79.5668476825591133852394394056322541         3531.85974345607249316473220383571532      
  0.280050389418368331636181818145177102         0.00000000000000000000000000000000000         0.00000000000000000000000000000000000        0.849999999999999999999999999999999981        0.150000000000000000000000000000000019        0.724999999999999999999999999999999981        0.275000000000000000000000000000000019        0.512000024318695068359375000000000000        0.425000011920928955078125000000000000         6.30000010132789611816406250000000000E-0002  0.870056494511586616800702331296776776        0.129943505488413383199297668703223248         0.00000000000000000000000000000000000        0.683022559859958444886526535977552353        0.167811590859605266884724425470909642        0.129098359310438402074632433326122454         2500.00000000000000000000000000000000        0.300000011920928955078125000000000000        -1.00000000000000000000000000000000000         4.50000000000000000000000000000000000         50.0000000000000000000000000000000000        0.758239135221798310477699222324657978        0.758235744313035991039676863446322524        0.758235744313035991039676863446322524        0.758235744313035991039676863446322524        0.758235744313035991039676863446322524         0.00000000000000000000000000000000000        -4.47210354794287916898378784633976368E-0004   82.8220955616371059319933345000624850         3559.52620541741993587182282726037700      
  0.293316627839010037899556840640473318         0.00000000000000000000000000000000000         0.00000000000000000000000000000000000        0.849999999999999999999999999999999981        0.150000000000000000000000000000000019        0.724999999999999999999999999999999981        0.275000000000000000000000000000000019        0.512000024318695068359375000000000000        0.425000011920928955078125000000000000         6.30000010132789611816406250000000000E-0002  0.870056494511586616800702331296776776        0.129943505488413383199297668703223248         0.00000000000000000000000000000000000        0.683022559859958444886526535977552353        0.167811590859605266884724425470909642        0.129098359310438402074632433326122454         2500.00000000000000000000000000000000        0.300000011920928955078125000000000000        -1.00000000000000000000000000000000000         4.50000000000000000000000000000000000         50.0000000000000000000000000000000000        0.768729940016071409616119153737157267        0.768726536408717710565648972218909810        0.768726536408717710565648972218909810        0.768726536408717710565648972218909810        0.768726536408717710565648972218909810         0.00000000000000000000000000000000000        -4.42759185808751015019583418587025562E-0004   86.2170769990163233359368728375842445         3587.61083085621579479790696839463558      
  0.307211299886181694903675457144820827         0.00000000000000000000000000000000000         0.00000000000000000000000000000000000        0.849999999999999999999999999999999981        0.150000000000000000000000000000000019        0.724999999999999999999999999999999981        0.275000000000000000000000000000000019        0.512000024318695068359375000000000000        0.425000011920928955078125000000000000         6.30000010132789611816406250000000000E-0002  0.870056494511586616800702331296776776        0.129943505488413383199297668703223248         0.00000000000000000000000000000000000        0.683022559859958444886526535977552353        0.167811590859605266884724425470909642        0.129098359310438402074632433326122454         2500.00000000000000000000000000000000        0.300000011920928955078125000000000000        -1.00000000000000000000000000000000000         4.50000000000000000000000000000000000         50.0000000000000000000000000000000000        0.779337914048079678551600623742724285        0.779270027662781205097484017775066419        0.779270027662781205097484017775066419        0.779270027662781205097484017775066419        0.779270027662781205097484017775066419         0.00000000000000000000000000000000000        -8.71153552537893697007340608923245738E-0003   89.8109148423549165260264958770867012         3616.63429799704773900039935795092341      
  0.321764175025079939929779942085648449         0.00000000000000000000000000000000000         0.00000000000000000000000000000000000        0.849999999999999999999999999999999981        0.150000000000000000000000000000000019        0.724999999999999999999999999999999981        0.275000000000000000000000000000000019        0.512000024318695068359375000000000000        0.425000011920928955078125000000000000         6.30000010132789611816406250000000000E-0002  0.870056494511586616800702331296776776        0.129943505488413383199297668703223248         0.00000000000000000000000000000000000        0.683022559859958444886526535977552353        0.167811590859605266884724425470909642        0.129098359310438402074632433326122454         2500.00000000000000000000000000000000        0.300000011920928955078125000000000000        -1.00000000000000000000000000000000000         4.50000000000000000000000000000000000         50.0000000000000000000000000000000000        0.790067305590166663098776119759403439        0.790039169490019205818523424529128755        0.790039169490019205818523424529128755        0.790039169490019205818523424529128755        0.790039169490019205818523424529128755         0.00000000000000000000000000000000000        -3.56135508643444947243768270818379173E-0003   93.4352892215065463470143443721656743         3644.70567754209106316385192488239458      
  0.337006432927199547555937678304493054         0.00000000000000000000000000000000000         0.00000000000000000000000000000000000        0.849999999999999999999999999999999981        0.150000000000000000000000000000000019        0.724999999999999999999999999999999981        0.275000000000000000000000000000000019        0.512000024318695068359375000000000000        0.425000011920928955078125000000000000         6.30000010132789611816406250000000000E-0002  0.870056494511586616800702331296776776        0.129943505488413383199297668703223248         0.00000000000000000000000000000000000        0.683022559859958444886526535977552353        0.167811590859605266884724425470909642        0.129098359310438402074632433326122454         2500.00000000000000000000000000000000        0.300000011920928955078125000000000000        -1.00000000000000000000000000000000000         4.50000000000000000000000000000000000         50.0000000000000000000000000000000000        0.800931276915370226316955595677768997        0.800931206401364266011112400908243088        0.800931206401364266011112400908243088        0.800931206401364266011112400908243088        0.800931206401364266011112400908243088         0.00000000000000000000000000000000000        -8.80400281531416843252404652797660826E-0006   97.3334172662292324437218504564999677         3674.76445245534554679570449390320819      
  0.352970730273072080492371624264509206         0.00000000000000000000000000000000000         0.00000000000000000000000000000000000        0.849999999999999999999999999999999981        0.150000000000000000000000000000000019        0.724999999999999999999999999999999981        0.275000000000000000000000000000000019        0.512000024318695068359375000000000000        0.425000011920928955078125000000000000         6.30000010132789611816406250000000000E-0002  0.870056494511586616800702331296776776        0.129943505488413383199297668703223248         0.00000000000000000000000000000000000        0.683022559859958444886526535977552353        0.167811590859605266884724425470909642        0.129098359310438402074632433326122454         2500.00000000000000000000000000000000        0.300000011920928955078125000000000000        -1.00000000000000000000000000000000000         4.50000000000000000000000000000000000         50.0000000000000000000000000000000000        0.811913346279517604083779981993854648        0.811910507730297047036458506073712919        0.811910507730297047036458506073712919        0.811910507730297047036458506073712919        0.811910507730297047036458506073712919         0.00000000000000000000000000000000000        -3.49613558825865745980739087302816858E-0004   101.273116593479690612178037402743891         3704.23130493758529236735948120518679      
  0.369691270719510256457304422777255813         0.00000000000000000000000000000000000         0.00000000000000000000000000000000000        0.849999999999999999999999999999999981        0.150000000000000000000000000000000019        0.724999999999999999999999999999999981        0.275000000000000000000000000000000019        0.512000024318695068359375000000000000        0.425000011920928955078125000000000000         6.30000010132789611816406250000000000E-0002  0.870056494511586616800702331296776776        0.129943505488413383199297668703223248         0.00000000000000000000000000000000000        0.683022559859958444886526535977552353        0.167811590859605266884724425470909642        0.129098359310438402074632433326122454         2500.00000000000000000000000000000000        0.300000011920928955078125000000000000        -1.00000000000000000000000000000000000         4.50000000000000000000000000000000000         50.0000000000000000000000000000000000        0.823034986689245690591388793759658282        0.823031810981626775502092121987141430        0.823031810981626775502092121987141430        0.823031810981626775502092121987141430        0.823031810981626775502092121987141430         0.00000000000000000000000000000000000        -3.85854784291683139137571153012690334E-0004   105.165558288892891499778008245536166         3732.71701008818251994977231409977499      
  0.387203878181263508459966947142191053         0.00000000000000000000000000000000000         0.00000000000000000000000000000000000        0.849999999999999999999999999999999981        0.150000000000000000000000000000000019        0.724999999999999999999999999999999981        0.275000000000000000000000000000000019        0.512000024318695068359375000000000000        0.425000011920928955078125000000000000         6.30000010132789611816406250000000000E-0002  0.870056494511586616800702331296776776        0.129943505488413383199297668703223248         0.00000000000000000000000000000000000        0.683022559859958444886526535977552353        0.167811590859605266884724425470909642        0.129098359310438402074632433326122454         2500.00000000000000000000000000000000        0.300000011920928955078125000000000000        -1.00000000000000000000000000000000000         4.50000000000000000000000000000000000         50.0000000000000000000000000000000000        0.834280729947644874716836973479505568        0.834279773356288786992410319406629077        0.834279773356288786992410319406629077        0.834279773356288786992410319406629077        0.834279773356288786992410319406629077         0.00000000000000000000000000000000000        -1.14660739315227419446416254099197298E-0004   109.294338912757233927693744872393800         3762.55502585132517455594765678571080      
  0.405546073584091372929320306957881816         0.00000000000000000000000000000000000         0.00000000000000000000000000000000000        0.849999999999999999999999999999999981        0.150000000000000000000000000000000019        0.724999999999999999999999999999999981        0.275000000000000000000000000000000019        0.512000024318695068359375000000000000        0.425000011920928955078125000000000000         6.30000010132789611816406250000000000E-0002  0.870056494511586616800702331296776776        0.129943505488413383199297668703223248         0.00000000000000000000000000000000000        0.683022559859958444886526535977552353        0.167811590859605266884724425470909642        0.129098359310438402074632433326122454         2500.00000000000000000000000000000000        0.300000011920928955078125000000000000        -1.00000000000000000000000000000000000         4.50000000000000000000000000000000000         50.0000000000000000000000000000000000        0.845605282585483330056559727751668967        0.845607414223921924594731857166096844        0.845607414223921924594731857166096844        0.845607414223921924594731857166096844        0.845607414223921924594731857166096844         0.00000000000000000000000000000000000         2.52083697793840239962687904196175057E-0004   113.705927751973403209619294754746535         3794.44538477538630885833018704345800      
  0.424757155253698885385985478437553801         0.00000000000000000000000000000000000         0.00000000000000000000000000000000000        0.849999999999999999999999999999999981        0.150000000000000000000000000000000019        0.724999999999999999999999999999999981        0.275000000000000000000000000000000019        0.512000024318695068359375000000000000        0.425000011920928955078125000000000000         6.30000010132789611816406250000000000E-0002  0.870056494511586616800702331296776776        0.129943505488413383199297668703223248         0.00000000000000000000000000000000000        0.683022559859958444886526535977552353        0.167811590859605266884724425470909642        0.129098359310438402074632433326122454         2500.00000000000000000000000000000000        0.300000011920928955078125000000000000        -1.00000000000000000000000000000000000         4.50000000000000000000000000000000000         50.0000000000000000000000000000000000        0.856901830378652471416530834758335967        0.856856511685478047673582515533703918        0.856856511685478047673582515533703918        0.856856511685478047673582515533703918        0.856856511685478047673582515533703918         0.00000000000000000000000000000000000        -5.28894774753823014201478674333953897E-0003   118.500512311406505047663992791699120         3840.68766187538075688579255802845630      
  0.444878283112768031811350146623921564         0.00000000000000000000000000000000000         0.00000000000000000000000000000000000        0.849999999999999999999999999999999981        0.150000000000000000000000000000000019        0.724999999999999999999999999999999981        0.275000000000000000000000000000000019        0.512000024318695068359375000000000000        0.425000011920928955078125000000000000         6.30000010132789611816406250000000000E-0002  0.870056494511586616800702331296776776        0.129943505488413383199297668703223248         0.00000000000000000000000000000000000        0.683022559859958444886526535977552353        0.167811590859605266884724425470909642        0.129098359310438402074632433326122454         2500.00000000000000000000000000000000        0.300000011920928955078125000000000000        -1.00000000000000000000000000000000000         4.50000000000000000000000000000000000         50.0000000000000000000000000000000000        0.868155668389067713497548853652073008        0.868058056221407457144801780019726896        0.868058056221407457144801780019726896        0.868058056221407457144801780019726896        0.868058056221407457144801780019726896         0.00000000000000000000000000000000000        -1.12448893205547681990161660209297053E-0002   123.854262152666605523251864423494090         3903.76774047375157243779282681488940      
  0.465952566866478185388067003418371743         0.00000000000000000000000000000000000         0.00000000000000000000000000000000000        0.849999999999999999999999999999999981        0.150000000000000000000000000000000019        0.724999999999999999999999999999999981        0.275000000000000000000000000000000019        0.512000024318695068359375000000000000        0.425000011920928955078125000000000000         6.30000010132789611816406250000000000E-0002  0.870056494511586616800702331296776776        0.129943505488413383199297668703223248         0.00000000000000000000000000000000000        0.683022559859958444886526535977552353        0.167811590859605266884724425470909642        0.129098359310438402074632433326122454         2500.00000000000000000000000000000000        0.300000011920928955078125000000000000        -1.00000000000000000000000000000000000         4.50000000000000000000000000000000000         50.0000000000000000000000000000000000        0.879461589733558329723338910230484263        0.879442381036545423128625245116709621        0.879442381036545423128625245116709621        0.879442381036545423128625245116709621        0.879442381036545423128625245116709621         0.00000000000000000000000000000000000        -2.18419050833853014532597642299473998E-0003   129.268877616429743004396621751308247         3966.08374603121306196955034214297149      
  0.488025158365453833350361152141345848         0.00000000000000000000000000000000000         0.00000000000000000000000000000000000        0.849999999999999999999999999999999981        0.150000000000000000000000000000000019        0.724999999999999999999999999999999981        0.275000000000000000000000000000000019        0.512000024318695068359375000000000000        0.425000011920928955078125000000000000         6.30000010132789611816406250000000000E-0002  0.870056494511586616800702331296776776        0.129943505488413383199297668703223248         0.00000000000000000000000000000000000        0.683022559859958444886526535977552353        0.167811590859605266884724425470909642        0.129098359310438402074632433326122454         2500.00000000000000000000000000000000        0.300000011920928955078125000000000000        -1.00000000000000000000000000000000000         4.50000000000000000000000000000000000         50.0000000000000000000000000000000000        0.890848942353450102430514846910678219        0.890835274688310960081022514088808321        0.890835274688310960081022514088808321        0.890835274688310960081022514088808321        0.890835274688310960081022514088808321         0.00000000000000000000000000000000000        -1.53425279930955218543976062404079275E-0003   135.093147124815251237101063622869466         4031.23326110326535096440696768798570      
  0.511143348344028075836959282509472174         0.00000000000000000000000000000000000         0.00000000000000000000000000000000000        0.849999999999999999999999999999999981        0.150000000000000000000000000000000019        0.724999999999999999999999999999999981        0.275000000000000000000000000000000019        0.512000024318695068359375000000000000        0.425000011920928955078125000000000000         6.30000010132789611816406250000000000E-0002  0.870056494511586616800702331296776776        0.129943505488413383199297668703223248         0.00000000000000000000000000000000000        0.683022559859958444886526535977552353        0.167811590859605266884724425470909642        0.129098359310438402074632433326122454         2500.00000000000000000000000000000000        0.300000011920928955078125000000000000        -1.00000000000000000000000000000000000         4.50000000000000000000000000000000000         50.0000000000000000000000000000000000        0.902336700457416033630655079563191260        0.902325585918725546417859939268498258        0.902325585918725546417859939268498258        0.902325585918725546417859939268498258        0.902325585918725546417859939268498258         0.00000000000000000000000000000000000        -1.23176587962655020880877630989720024E-0003   141.173420919131709308379306192172596         4097.48521893239153102873556412792040      
  0.535356667741084533722548138030577650         0.00000000000000000000000000000000000         0.00000000000000000000000000000000000        0.849999999999999999999999999999999981        0.150000000000000000000000000000000019        0.724999999999999999999999999999999981        0.275000000000000000000000000000000019        0.512000024318695068359375000000000000        0.425000011920928955078125000000000000         6.30000010132789611816406250000000000E-0002  0.870056494511586616800702331296776776        0.129943505488413383199297668703223248         0.00000000000000000000000000000000000        0.683022559859958444886526535977552353        0.167811590859605266884724425470909642        0.129098359310438402074632433326122454         2500.00000000000000000000000000000000        0.300000011920928955078125000000000000        -1.00000000000000000000000000000000000         4.50000000000000000000000000000000000         50.0000000000000000000000000000000000        0.913932435143668456168393791389069863        0.913918289401726883384831034810138398        0.913918289401726883384831034810138398        0.913918289401726883384831034810138398        0.913918289401726883384831034810138398         0.00000000000000000000000000000000000        -1.54781254578381727318073605644184255E-0003   147.546224606651295607637686221982058         4165.09298838230983750592240813767529      
  0.560716993820558519630662000117957924         0.00000000000000000000000000000000000         0.00000000000000000000000000000000000        0.849999999999999999999999999999999981        0.150000000000000000000000000000000019        0.724999999999999999999999999999999981        0.275000000000000000000000000000000019        0.512000024318695068359375000000000000        0.425000011920928955078125000000000000         6.30000010132789611816406250000000000E-0002  0.870056494511586616800702331296776776        0.129943505488413383199297668703223248         0.00000000000000000000000000000000000        0.683022559859958444886526535977552353        0.167811590859605266884724425470909642        0.129098359310438402074632433326122454         2500.00000000000000000000000000000000        0.300000011920928955078125000000000000        -1.00000000000000000000000000000000000         4.50000000000000000000000000000000000         50.0000000000000000000000000000000000        0.925622721881666601615345996509579975        0.925508106532836378449535208749082181        0.925508106532836378449535208749082181        0.925508106532836378449535208749082181        0.925508106532836378449535208749082181         0.00000000000000000000000000000000000        -1.23840459117747007684187395720048592E-0002   154.399142588715035606405640804407361         4235.81154381522131796340811043061340      
  0.587278661318961641324294675315294360         0.00000000000000000000000000000000000         0.00000000000000000000000000000000000        0.849999999999999999999999999999999981        0.150000000000000000000000000000000019        0.724999999999999999999999999999999981        0.275000000000000000000000000000000019        0.512000024318695068359375000000000000        0.425000011920928955078125000000000000         6.30000010132789611816406250000000000E-0002  0.870056494511586616800702331296776776        0.129943505488413383199297668703223248         0.00000000000000000000000000000000000        0.683022559859958444886526535977552353        0.167811590859605266884724425470909642        0.129098359310438402074632433326122454         2500.00000000000000000000000000000000        0.300000011920928955078125000000000000        -1.00000000000000000000000000000000000         4.50000000000000000000000000000000000         50.0000000000000000000000000000000000        0.937458456913953535483098499541223018        0.937355019772535075009304623820769161        0.937355019772535075009304623820769161        0.937355019772535075009304623820769161        0.937355019772535075009304623820769161         0.00000000000000000000000000000000000        -1.10350015988137804930451561196783356E-0002   161.279763984221846555860278474894250         4305.11032143921992055570906510900930      
  0.615098578858064451529164264953569834         0.00000000000000000000000000000000000         0.00000000000000000000000000000000000        0.849999999999999999999999999999999981        0.150000000000000000000000000000000019        0.724999999999999999999999999999999981        0.275000000000000000000000000000000019        0.512000024318695068359375000000000000        0.425000011920928955078125000000000000         6.30000010132789611816406250000000000E-0002  0.870056494511586616800702331296776776        0.129943505488413383199297668703223248         0.00000000000000000000000000000000000        0.683022559859958444886526535977552353        0.167811590859605266884724425470909642        0.129098359310438402074632433326122454         2500.00000000000000000000000000000000        0.300000011920928955078125000000000000        -1.00000000000000000000000000000000000         4.50000000000000000000000000000000000         50.0000000000000000000000000000000000        0.949414737022285605745548951193071903        0.949310708735077895883057157059885409        0.949310708735077895883057157059885409        0.949310708735077895883057157059885409        0.949310708735077895883057157059885409         0.00000000000000000000000000000000000        -1.09582970307291470321953631443755059E-0002   168.584434509778738613305266295627472         4376.74594506829367240779571685169768      
  0.644236350872152408747567964251532425         0.00000000000000000000000000000000000         0.00000000000000000000000000000000000        0.849999999999999999999999999999999981        0.150000000000000000000000000000000019        0.724999999999999999999999999999999981        0.275000000000000000000000000000000019        0.512000024318695068359375000000000000        0.425000011920928955078125000000000000         6.30000010132789611816406250000000000E-0002  0.870056494511586616800702331296776776        0.129943505488413383199297668703223248         0.00000000000000000000000000000000000        0.683022559859958444886526535977552353        0.167811590859605266884724425470909642        0.129098359310438402074632433326122454         2500.00000000000000000000000000000000        0.300000011920928955078125000000000000        -1.00000000000000000000000000000000000         4.50000000000000000000000000000000000         50.0000000000000000000000000000000000        0.961497825959260856462635675796318554        0.961404161483035957559404841000182343        0.961404161483035957559404841000182343        0.961404161483035957559404841000182343        0.961404161483035957559404841000182343         0.00000000000000000000000000000000000        -9.74246627770100611790878608914946519E-0003   176.162742838505425041981010623354350         4449.20559540763705549871940857192400      
  0.674754405311085438667667359428963781         0.00000000000000000000000000000000000         0.00000000000000000000000000000000000        0.849999999999999999999999999999999981        0.150000000000000000000000000000000019        0.724999999999999999999999999999999981        0.275000000000000000000000000000000019        0.512000024318695068359375000000000000        0.425000011920928955078125000000000000         6.30000010132789611816406250000000000E-0002  0.870056494511586616800702331296776776        0.129943505488413383199297668703223248         0.00000000000000000000000000000000000        0.683022559859958444886526535977552353        0.167811590859605266884724425470909642        0.129098359310438402074632433326122454         2500.00000000000000000000000000000000        0.300000011920928955078125000000000000        -1.00000000000000000000000000000000000         4.50000000000000000000000000000000000         50.0000000000000000000000000000000000        0.973722745474826457712645694955776086        0.973722129593051996651034383730248892        0.973722129593051996651034383730248892        0.973722129593051996651034383730248892        0.973722129593051996651034383730248892         0.00000000000000000000000000000000000        -6.32502595703003360666765152005625294E-0005   184.248895491872714802461833131002113         4524.88857551554137689905272772891199      
  0.706718127392766099165833109055340844         0.00000000000000000000000000000000000         0.00000000000000000000000000000000000        0.849999999999999999999999999999999981        0.150000000000000000000000000000000019        0.724999999999999999999999999999999981        0.275000000000000000000000000000000019        0.512000024318695068359375000000000000        0.425000011920928955078125000000000000         6.30000010132789611816406250000000000E-0002  0.870056494511586616800702331296776776        0.129943505488413383199297668703223248         0.00000000000000000000000000000000000        0.683022559859958444886526535977552353        0.167811590859605266884724425470909642        0.129098359310438402074632433326122454         2500.00000000000000000000000000000000        0.300000011920928955078125000000000000        -1.00000000000000000000000000000000000         4.50000000000000000000000000000000000         50.0000000000000000000000000000000000        0.986000553832937844681923140734710078        0.985986867940416712724452332240106892        0.985986867940416712724452332240106892        0.985986867940416712724452332240106892        0.985986867940416712724452332240106892         0.00000000000000000000000000000000000        -1.38804004050477854393108255990632929E-0003   192.531931058171174469606193958537395         4598.11141938918038016315209885083286      
  0.740195999691582266577873530475029904         0.00000000000000000000000000000000000         0.00000000000000000000000000000000000        0.849999999999999999999999999999999981        0.150000000000000000000000000000000019        0.724999999999999999999999999999999981        0.275000000000000000000000000000000019        0.512000024318695068359375000000000000        0.425000011920928955078125000000000000         6.30000010132789611816406250000000000E-0002  0.870056494511586616800702331296776776        0.129943505488413383199297668703223248         0.00000000000000000000000000000000000        0.683022559859958444886526535977552353        0.167811590859605266884724425470909642        0.129098359310438402074632433326122454         2500.00000000000000000000000000000000        0.300000011920928955078125000000000000        -1.00000000000000000000000000000000000         4.50000000000000000000000000000000000         50.0000000000000000000000000000000000        0.998404578567830388874574726104465858        0.998395412995400985096554004515080582        0.998395412995400985096554004515080582        0.998395412995400985096554004515080582        0.998395412995400985096554004515080582         0.00000000000000000000000000000000000        -9.18030302433490684632047279570711914E-0004   201.385539574385815200515489013648790         4674.18209138481769697122525528587171      
  0.775259748862965145759849187317876307         0.00000000000000000000000000000000000         0.00000000000000000000000000000000000        0.849999999999999999999999999999999981        0.150000000000000000000000000000000019        0.724999999999999999999999999999999981        0.275000000000000000000000000000000019        0.512000024318695068359375000000000000        0.425000011920928955078125000000000000         6.30000010132789611816406250000000000E-0002  0.870056494511586616800702331296776776        0.129943505488413383199297668703223248         0.00000000000000000000000000000000000        0.683022559859958444886526535977552353        0.167811590859605266884724425470909642        0.129098359310438402074632433326122454         2500.00000000000000000000000000000000        0.300000011920928955078125000000000000        -1.00000000000000000000000000000000000         4.50000000000000000000000000000000000         50.0000000000000000000000000000000000         1.01094623558271024939975382463764364         1.01081585834597266516727292896032085         1.01081585834597266516727292896032085         1.01081585834597266516727292896032085         1.01081585834597266516727292896032085         0.00000000000000000000000000000000000        -1.28982183709428827168093135225470607E-0002   210.874299338619333727379479487350059         4753.45297123995950459129842783881472      
  0.811984499318421345788851126412103227         0.00000000000000000000000000000000000         0.00000000000000000000000000000000000        0.849999999999999999999999999999999981        0.150000000000000000000000000000000019        0.724999999999999999999999999999999981        0.275000000000000000000000000000000019        0.512000024318695068359375000000000000        0.425000011920928955078125000000000000         6.30000010132789611816406250000000000E-0002  0.870056494511586616800702331296776776        0.129943505488413383199297668703223248         0.00000000000000000000000000000000000        0.683022559859958444886526535977552353        0.167811590859605266884724425470909642        0.129098359310438402074632433326122454         2500.00000000000000000000000000000000        0.300000011920928955078125000000000000        -1.00000000000000000000000000000000000         4.50000000000000000000000000000000000         50.0000000000000000000000000000000000         1.02364199262644029408276443734931796         1.02351843491528955924347077165366056         1.02351843491528955924347077165366056         1.02351843491528955924347077165366056         1.02351843491528955924347077165366056         0.00000000000000000000000000000000000        -1.20718598645427392807468487238777307E-0002   220.505333445319835484634111176147490         4831.58464930150541778634712069828600      
  0.850448934180289219036975673402549010         0.00000000000000000000000000000000000         0.00000000000000000000000000000000000        0.849999999999999999999999999999999981        0.150000000000000000000000000000000019        0.724999999999999999999999999999999981        0.275000000000000000000000000000000019        0.512000024318695068359375000000000000        0.425000011920928955078125000000000000         6.30000010132789611816406250000000000E-0002  0.870056494511586616800702331296776776        0.129943505488413383199297668703223248         0.00000000000000000000000000000000000        0.683022559859958444886526535977552353        0.167811590859605266884724425470909642        0.129098359310438402074632433326122454         2500.00000000000000000000000000000000        0.300000011920928955078125000000000000        -1.00000000000000000000000000000000000         4.50000000000000000000000000000000000         50.0000000000000000000000000000000000         1.03648764198620699381578246746159261         1.03639637347941769485615191615720611         1.03639637347941769485615191615720611         1.03639637347941769485615191615720611         1.03639637347941769485615191615720611         0.00000000000000000000000000000000000        -8.80633212589213153790364424606472067E-0003   230.416624560286561850502686104932887         4909.66960936525565455109315550782275      
  0.890735463861066538871678342365989236         0.00000000000000000000000000000000000         0.00000000000000000000000000000000000        0.849999999999999999999999999999999981        0.150000000000000000000000000000000019        0.724999999999999999999999999999999981        0.275000000000000000000000000000000019        0.512000024318695068359375000000000000        0.425000011920928955078125000000000000         6.30000010132789611816406250000000000E-0002  0.870056494511586616800702331296776776        0.129943505488413383199297668703223248         0.00000000000000000000000000000000000        0.683022559859958444886526535977552353        0.167811590859605266884724425470909642        0.129098359310438402074632433326122454         2500.00000000000000000000000000000000        0.300000011920928955078125000000000000        -1.00000000000000000000000000000000000         4.50000000000000000000000000000000000         50.0000000000000000000000000000000000         1.04948807477634258495374549656357253         1.04942693309311820968631067266078613         1.04942693309311820968631067266078613         1.04942693309311820968631067266078613         1.04942693309311820968631067266078613         0.00000000000000000000000000000000000        -5.82619726026700106173760543004966409E-0003   240.879435289194985699256342756535118         4989.82000656970278934486778319420264      
  0.932930402628492306849122631846463221         0.00000000000000000000000000000000000         0.00000000000000000000000000000000000        0.849999999999999999999999999999999981        0.150000000000000000000000000000000019        0.724999999999999999999999999999999981        0.275000000000000000000000000000000019        0.512000024318695068359375000000000000        0.425000011920928955078125000000000000         6.30000010132789611816406250000000000E-0002  0.870056494511586616800702331296776776        0.129943505488413383199297668703223248         0.00000000000000000000000000000000000        0.683022559859958444886526535977552353        0.167811590859605266884724425470909642        0.129098359310438402074632433326122454         2500.00000000000000000000000000000000        0.300000011920928955078125000000000000        -1.00000000000000000000000000000000000         4.50000000000000000000000000000000000         50.0000000000000000000000000000000000         1.06264535108069851987187779048053477         1.06262426231275365045541009799795747         1.06262426231275365045541009799795747         1.06262426231275365045541009799795747         1.06262426231275365045541009799795747         0.00000000000000000000000000000000000        -1.98459311468859809026430533991512945E-0003   251.777331115610086347911239879877070         5070.88065448501541489804092741687081      
  0.977124153534675033397991232687960264         0.00000000000000000000000000000000000         0.00000000000000000000000000000000000        0.849999999999999999999999999999999981        0.150000000000000000000000000000000019        0.724999999999999999999999999999999981        0.275000000000000000000000000000000019        0.512000024318695068359375000000000000        0.425000011920928955078125000000000000         6.30000010132789611816406250000000000E-0002  0.870056494511586616800702331296776776        0.129943505488413383199297668703223248         0.00000000000000000000000000000000000        0.683022559859958444886526535977552353        0.167811590859605266884724425470909642        0.129098359310438402074632433326122454         2500.00000000000000000000000000000000        0.300000011920928955078125000000000000        -1.00000000000000000000000000000000000         4.50000000000000000000000000000000000         50.0000000000000000000000000000000000         1.07593806771017205069484943588759088         1.07589222490624319190386923950275453         1.07589222490624319190386923950275453         1.07589222490624319190386923950275453         1.07589222490624319190386923950275453         0.00000000000000000000000000000000000        -4.26091042091634081533426416636981261E-0003   263.476077816140256898522307305838890         5155.83425279692047362720004364590017      
   1.02341140210547988401757228923722065         0.00000000000000000000000000000000000         0.00000000000000000000000000000000000        0.849999999999999999999999999999999981        0.150000000000000000000000000000000019        0.724999999999999999999999999999999981        0.275000000000000000000000000000000019        0.512000024318695068359375000000000000        0.425000011920928955078125000000000000         6.30000010132789611816406250000000000E-0002  0.870056494511586616800702331296776776        0.129943505488413383199297668703223248         0.00000000000000000000000000000000000        0.683022559859958444886526535977552353        0.167811590859605266884724425470909642        0.129098359310438402074632433326122454         2500.00000000000000000000000000000000        0.300000011920928955078125000000000000        -1.00000000000000000000000000000000000         4.50000000000000000000000000000000000         50.0000000000000000000000000000000000         1.08928405281614610345387612373555321         1.08917172824219411646343302216920287         1.08917172824219411646343302216920287         1.08917172824219411646343302216920287         1.08917172824219411646343302216920287         0.00000000000000000000000000000000000        -1.03128433321774480224551266570430216E-0002   276.126054760790014430251316864060338         5244.99270201720925746522195906775460      
   1.07189131920515601980676290596541418         0.00000000000000000000000000000000000         0.00000000000000000000000000000000000        0.849999999999999999999999999999999981        0.150000000000000000000000000000000019        0.724999999999999999999999999999999981        0.275000000000000000000000000000000019        0.512000024318695068359375000000000000        0.425000011920928955078125000000000000         6.30000010132789611816406250000000000E-0002  0.870056494511586616800702331296776776        0.129943505488413383199297668703223248         0.00000000000000000000000000000000000        0.683022559859958444886526535977552353        0.167811590859605266884724425470909642        0.129098359310438402074632433326122454         2500.00000000000000000000000000000000        0.300000011920928955078125000000000000        -1.00000000000000000000000000000000000         4.50000000000000000000000000000000000         50.0000000000000000000000000000000000         1.10268126812015797687709497855031889         1.10254213891635425554633788796351119         1.10254213891635425554633788796351119         1.10254213891635425554633788796351119         1.10254213891635425554633788796351119         0.00000000000000000000000000000000000        -1.26189466046591206603095490966378594E-0002   289.475992635680436620388145961578406         5336.03775572583324798212547673145374      
   1.12266777351084349932308213365971722         0.00000000000000000000000000000000000         0.00000000000000000000000000000000000        0.849999999999999999999999999999999981        0.150000000000000000000000000000000019        0.724999999999999999999999999999999981        0.275000000000000000000000000000000019        0.512000024318695068359375000000000000        0.425000011920928955078125000000000000         6.30000010132789611816406250000000000E-0002  0.870056494511586616800702331296776776        0.129943505488413383199297668703223248         0.00000000000000000000000000000000000        0.683022559859958444886526535977552353        0.167811590859605266884724425470909642        0.129098359310438402074632433326122454         2500.00000000000000000000000000000000        0.300000011920928955078125000000000000        -1.00000000000000000000000000000000000         4.50000000000000000000000000000000000         50.0000000000000000000000000000000000         1.11622843260483961179599616146791213         1.11616363224456399441343049895437110         1.11616363224456399441343049895437110         1.11616363224456399441343049895437110         1.11616363224456399441343049895437110         0.00000000000000000000000000000000000        -5.80563265130814578024640055068179189E-0003   303.244347822992779983191588476103240         5427.93167892772540129021085555099494      
   1.17584955405218836587405952039268318         0.00000000000000000000000000000000000         0.00000000000000000000000000000000000        0.849999999999999999999999999999999981        0.150000000000000000000000000000000019        0.724999999999999999999999999999999981        0.275000000000000000000000000000000019        0.512000024318695068359375000000000000        0.425000011920928955078125000000000000         6.30000010132789611816406250000000000E-0002  0.870056494511586616800702331296776776        0.129943505488413383199297668703223248         0.00000000000000000000000000000000000        0.683022559859958444886526535977552353        0.167811590859605266884724425470909642        0.129098359310438402074632433326122454         2500.00000000000000000000000000000000        0.300000011920928955078125000000000000        -1.00000000000000000000000000000000000         4.50000000000000000000000000000000000         50.0000000000000000000000000000000000         1.12983096318239615896491097245489197         1.12981431773335581670548013177743656         1.12981431773335581670548013177743656         1.12981431773335581670548013177743656         1.12981431773335581670548013177743656         0.00000000000000000000000000000000000        -1.47329067963455419150622904685474811E-0003   320.274462429724521387833697572787217         5545.89045630492859362486667099852275      
   1.23155060329285913304393922610526752         0.00000000000000000000000000000000000         0.00000000000000000000000000000000000        0.849999999999999999999999999999999981        0.150000000000000000000000000000000019        0.724999999999999999999999999999999981        0.275000000000000000000000000000000019        0.512000024318695068359375000000000000        0.425000011920928955078125000000000000         6.30000010132789611816406250000000000E-0002  0.870056494511586616800702331296776776        0.129943505488413383199297668703223248         0.00000000000000000000000000000000000        0.683022559859958444886526535977552353        0.167811590859605266884724425470909642        0.129098359310438402074632433326122454         2500.00000000000000000000000000000000        0.300000011920928955078125000000000000        -1.00000000000000000000000000000000000         4.50000000000000000000000000000000000         50.0000000000000000000000000000000000         1.14346058813636847682770452288665932         1.14341422587572579710347569100834866         1.14341422587572579710347569100834866         1.14341422587572579710347569100834866         1.14341422587572579710347569100834866         0.00000000000000000000000000000000000        -4.05472134188040938858574349804311523E-0003   338.895551509330129700220639153748818         5672.38904945607511315131885392913629      
   1.28989026125334400389008600428654072         0.00000000000000000000000000000000000         0.00000000000000000000000000000000000        0.849999999999999999999999999999999981        0.150000000000000000000000000000000019        0.724999999999999999999999999999999981        0.275000000000000000000000000000000019        0.512000024318695068359375000000000000        0.425000011920928955078125000000000000         6.30000010132789611816406250000000000E-0002  0.870056494511586616800702331296776776        0.129943505488413383199297668703223248         0.00000000000000000000000000000000000        0.683022559859958444886526535977552353        0.167811590859605266884724425470909642        0.129098359310438402074632433326122454         2500.00000000000000000000000000000000        0.300000011920928955078125000000000000        -1.00000000000000000000000000000000000         4.50000000000000000000000000000000000         50.0000000000000000000000000000000000         1.15717790491316492311363901700125902         1.15708903921314180098201355062798688         1.15708903921314180098201355062798688         1.15708903921314180098201355062798688         1.15708903921314180098201355062798688         0.00000000000000000000000000000000000        -7.68010905051470363792951919014199176E-0003   357.879848620388563329823974263630931         5795.36399186693898890321118382813614      
   1.35099352119806420678539952158028216         0.00000000000000000000000000000000000         0.00000000000000000000000000000000000        0.849999999999999999999999999999999981        0.150000000000000000000000000000000019        0.724999999999999999999999999999999981        0.275000000000000000000000000000000019        0.512000024318695068359375000000000000        0.425000011920928955078125000000000000         6.30000010132789611816406250000000000E-0002  0.870056494511586616800702331296776776        0.129943505488413383199297668703223248         0.00000000000000000000000000000000000        0.683022559859958444886526535977552353        0.167811590859605266884724425470909642        0.129098359310438402074632433326122454         2500.00000000000000000000000000000000        0.300000011920928955078125000000000000        -1.00000000000000000000000000000000000         4.50000000000000000000000000000000000         50.0000000000000000000000000000000000         1.17100914753929955134275457423881101         1.17098236722930874038983028601618112         1.17098236722930874038983028601618112         1.17098236722930874038983028601618112         1.17098236722930874038983028601618112         0.00000000000000000000000000000000000        -2.28699515383622110035154121254873670E-0003   377.148235585312674856984969636168104         5914.62405397977565198547981230079587      
   1.41499129743461548663919584700832116         0.00000000000000000000000000000000000         0.00000000000000000000000000000000000        0.849999999999999999999999999999999981        0.150000000000000000000000000000000019        0.724999999999999999999999999999999981        0.275000000000000000000000000000000019        0.512000024318695068359375000000000000        0.425000011920928955078125000000000000         6.30000010132789611816406250000000000E-0002  0.870056494511586616800702331296776776        0.129943505488413383199297668703223248         0.00000000000000000000000000000000000        0.683022559859958444886526535977552353        0.167811590859605266884724425470909642        0.129098359310438402074632433326122454         2500.00000000000000000000000000000000        0.300000011920928955078125000000000000        -1.00000000000000000000000000000000000         4.50000000000000000000000000000000000         50.0000000000000000000000000000000000         1.18519126050504807499814303667319449         1.18517180503341362388976794752087825         1.18517180503341362388976794752087825         1.18517180503341362388976794752087825         1.18517180503341362388976794752087825         0.00000000000000000000000000000000000        -1.64157395171095881993176943905440029E-0003   395.762306420128923223373952548299939         6057.30657415427022672351278654932126      
   1.48202070579890013841676841137265918         0.00000000000000000000000000000000000         0.00000000000000000000000000000000000        0.849999999999999999999999999999999981        0.150000000000000000000000000000000019        0.724999999999999999999999999999999981        0.275000000000000000000000000000000019        0.512000024318695068359375000000000000        0.425000011920928955078125000000000000         6.30000010132789611816406250000000000E-0002  0.870056494511586616800702331296776776        0.129943505488413383199297668703223248         0.00000000000000000000000000000000000        0.683022559859958444886526535977552353        0.167811590859605266884724425470909642        0.129098359310438402074632433326122454         2500.00000000000000000000000000000000        0.300000011920928955078125000000000000        -1.00000000000000000000000000000000000         4.50000000000000000000000000000000000         50.0000000000000000000000000000000000         1.19953584886281307266523827512967668         1.19952205490215921047378971829312833         1.19952205490215921047378971829312833         1.19952205490215921047378971829312833         1.19952205490215921047378971829312833         0.00000000000000000000000000000000000        -1.14995473384499931010812585308149908E-0003   415.092308594385227506129566336639749         6205.17926923049165537995902153916389      
   1.55222535742709160936160846888458776         0.00000000000000000000000000000000000         0.00000000000000000000000000000000000        0.849999999999999999999999999999999981        0.150000000000000000000000000000000019        0.724999999999999999999999999999999981        0.275000000000000000000000000000000019        0.512000024318695068359375000000000000        0.425000011920928955078125000000000000         6.30000010132789611816406250000000000E-0002  0.870056494511586616800702331296776776        0.129943505488413383199297668703223248         0.00000000000000000000000000000000000        0.683022559859958444886526535977552353        0.167811590859605266884724425470909642        0.129098359310438402074632433326122454         2500.00000000000000000000000000000000        0.300000011920928955078125000000000000        -1.00000000000000000000000000000000000         4.50000000000000000000000000000000000         50.0000000000000000000000000000000000         1.21402754267688488192317392285510208         1.21400904165686340659742219699631867         1.21400904165686340659742219699631867         1.21400904165686340659742219699631867         1.21400904165686340659742219699631867         0.00000000000000000000000000000000000        -1.52396064499036839906351878467715934E-0003   435.438289254926244450917427736192305         6356.15624276475464551165331483533600      
   1.62575566644384085973659301860212051         0.00000000000000000000000000000000000         0.00000000000000000000000000000000000        0.849999999999999999999999999999999981        0.150000000000000000000000000000000019        0.724999999999999999999999999999999981        0.275000000000000000000000000000000019        0.512000024318695068359375000000000000        0.425000011920928955078125000000000000         6.30000010132789611816406250000000000E-0002  0.870056494511586616800702331296776776        0.129943505488413383199297668703223248         0.00000000000000000000000000000000000        0.683022559859958444886526535977552353        0.167811590859605266884724425470909642        0.129098359310438402074632433326122454         2500.00000000000000000000000000000000        0.300000011920928955078125000000000000        -1.00000000000000000000000000000000000         4.50000000000000000000000000000000000         50.0000000000000000000000000000000000         1.22866237440185095505785027605619331         1.22863833109657252242330381022026918         1.22863833109657252242330381022026918         1.22863833109657252242330381022026918         1.22863833109657252242330381022026918         0.00000000000000000000000000000000000        -1.95690665592157896198444783352186036E-0003   456.793060539152810674316689055556201         6509.83207753573383340939682448305252      
   1.70276917222594935040597643772334275         0.00000000000000000000000000000000000         0.00000000000000000000000000000000000        0.849999999999999999999999999999999981        0.150000000000000000000000000000000019        0.724999999999999999999999999999999981        0.275000000000000000000000000000000019        0.512000024318695068359375000000000000        0.425000011920928955078125000000000000         6.30000010132789611816406250000000000E-0002  0.870056494511586616800702331296776776        0.129943505488413383199297668703223248         0.00000000000000000000000000000000000        0.683022559859958444886526535977552353        0.167811590859605266884724425470909642        0.129098359310438402074632433326122454         2500.00000000000000000000000000000000        0.300000011920928955078125000000000000        -1.00000000000000000000000000000000000         4.50000000000000000000000000000000000         50.0000000000000000000000000000000000         1.24344137451170485162571882089641586         1.24341914879877986651869298989347226         1.24341914879877986651869298989347226         1.24341914879877986651869298989347226         1.24341914879877986651869298989347226         0.00000000000000000000000000000000000        -1.78746748000917681500499581156258607E-0003   479.267340237276003267696587779494134         6666.43864718830920456502577120567714      
   1.78343087693196159954962751479630605         0.00000000000000000000000000000000000         0.00000000000000000000000000000000000        0.849999999999999999999999999999999981        0.150000000000000000000000000000000019        0.724999999999999999999999999999999981        0.275000000000000000000000000000000019        0.512000024318695068359375000000000000        0.425000011920928955078125000000000000         6.30000010132789611816406250000000000E-0002  0.870056494511586616800702331296776776        0.129943505488413383199297668703223248         0.00000000000000000000000000000000000        0.683022559859958444886526535977552353        0.167811590859605266884724425470909642        0.129098359310438402074632433326122454         2500.00000000000000000000000000000000        0.300000011920928955078125000000000000        -1.00000000000000000000000000000000000         4.50000000000000000000000000000000000         50.0000000000000000000000000000000000         1.25836863477448730557863306125173754         1.25834243859824625288845692486805976         1.25834243859824625288845692486805976         1.25834243859824625288845692486805976         1.25834243859824625288845692486805976         0.00000000000000000000000000000000000        -2.08180026656610289803980729747595475E-0003   502.891676647709722890893407556984650         6825.73135178094347041754634324573436      
   1.86791359902083762667604333648365787         0.00000000000000000000000000000000000         0.00000000000000000000000000000000000        0.849999999999999999999999999999999981        0.150000000000000000000000000000000019        0.724999999999999999999999999999999981        0.275000000000000000000000000000000019        0.512000024318695068359375000000000000        0.425000011920928955078125000000000000         6.30000010132789611816406250000000000E-0002  0.870056494511586616800702331296776776        0.129943505488413383199297668703223248         0.00000000000000000000000000000000000        0.683022559859958444886526535977552353        0.167811590859605266884724425470909642        0.129098359310438402074632433326122454         2500.00000000000000000000000000000000        0.300000011920928955078125000000000000        -1.00000000000000000000000000000000000         4.50000000000000000000000000000000000         50.0000000000000000000000000000000000         1.27342963829757501718481090541625735         1.27324727116876888412564071738418980         1.27324727116876888412564071738418980         1.27324727116876888412564071738418980         1.27324727116876888412564071738418980         0.00000000000000000000000000000000000        -1.43229938862331401937879055901613241E-0002   528.251539827687411714669979145060495         6990.55131809800386675169378085176214      
   1.95639834351712235574086149449056598         0.00000000000000000000000000000000000         0.00000000000000000000000000000000000        0.849999999999999999999999999999999981        0.150000000000000000000000000000000019        0.724999999999999999999999999999999981        0.275000000000000000000000000000000019        0.512000024318695068359375000000000000        0.425000011920928955078125000000000000         6.30000010132789611816406250000000000E-0002  0.870056494511586616800702331296776776        0.129943505488413383199297668703223248         0.00000000000000000000000000000000000        0.683022559859958444886526535977552353        0.167811590859605266884724425470909642        0.129098359310438402074632433326122454         2500.00000000000000000000000000000000        0.300000011920928955078125000000000000        -1.00000000000000000000000000000000000         4.50000000000000000000000000000000000         50.0000000000000000000000000000000000         1.28867290822310405392842881408931376         1.28865682874676025085729588525527122         1.28865682874676025085729588525527122         1.28865682874676025085729588525527122         1.28865682874676025085729588525527122         0.00000000000000000000000000000000000        -1.24777023526431188815664953287332343E-0003   553.741844852755560866113596916073308         7151.52950466147106947393770520367174      
   2.04907468981590857599889354382844297         0.00000000000000000000000000000000000         0.00000000000000000000000000000000000        0.849999999999999999999999999999999981        0.150000000000000000000000000000000019        0.724999999999999999999999999999999981        0.275000000000000000000000000000000019        0.512000024318695068359375000000000000        0.425000011920928955078125000000000000         6.30000010132789611816406250000000000E-0002  0.870056494511586616800702331296776776        0.129943505488413383199297668703223248         0.00000000000000000000000000000000000        0.683022559859958444886526535977552353        0.167811590859605266884724425470909642        0.129098359310438402074632433326122454         2500.00000000000000000000000000000000        0.300000011920928955078125000000000000        -1.00000000000000000000000000000000000         4.50000000000000000000000000000000000         50.0000000000000000000000000000000000         1.30405480129875891951930788273979700         1.30403267308846671477635368372521877         1.30403267308846671477635368372521877         1.30403267308846671477635368372521877         1.30403267308846671477635368372521877         0.00000000000000000000000000000000000        -1.69690612427650007609992188297844616E-0003   581.119042442898572379486308802395893         7317.96181014103104045901782773247955      
   2.14614119785846923144288932206752821         0.00000000000000000000000000000000000         0.00000000000000000000000000000000000        0.849999999999999999999999999999999981        0.150000000000000000000000000000000019        0.724999999999999999999999999999999981        0.275000000000000000000000000000000019        0.512000024318695068359375000000000000        0.425000011920928955078125000000000000         6.30000010132789611816406250000000000E-0002  0.870056494511586616800702331296776776        0.129943505488413383199297668703223248         0.00000000000000000000000000000000000        0.683022559859958444886526535977552353        0.167811590859605266884724425470909642        0.129098359310438402074632433326122454         2500.00000000000000000000000000000000        0.300000011920928955078125000000000000        -1.00000000000000000000000000000000000         4.50000000000000000000000000000000000         50.0000000000000000000000000000000000         1.31958578899734292132896681133342521         1.31954741153313086403290229290400196         1.31954741153313086403290229290400196         1.31954741153313086403290229290400196         1.31954741153313086403290229290400196         0.00000000000000000000000000000000000        -2.90838084911765403132226069926278309E-0003   609.947864005447375015103553405092207         7486.94170099363288781519927460136938      
   2.24780583354879414104030832593962274         0.00000000000000000000000000000000000         0.00000000000000000000000000000000000        0.849999999999999999999999999999999981        0.150000000000000000000000000000000019        0.724999999999999999999999999999999981        0.275000000000000000000000000000000019        0.512000024318695068359375000000000000        0.425000011920928955078125000000000000         6.30000010132789611816406250000000000E-0002  0.870056494511586616800702331296776776        0.129943505488413383199297668703223248         0.00000000000000000000000000000000000        0.683022559859958444886526535977552353        0.167811590859605266884724425470909642        0.129098359310438402074632433326122454         2500.00000000000000000000000000000000        0.300000011920928955078125000000000000        -1.00000000000000000000000000000000000         4.50000000000000000000000000000000000         50.0000000000000000000000000000000000         1.33527289272940520380939956054600062         1.33520229474440583227324106724944012         1.33520229474440583227324106724944012         1.33520229474440583227324106724944012         1.33520229474440583227324106724944012         0.00000000000000000000000000000000000        -5.28743736265716332367827195580009956E-0003   640.185999720607226266618736512432321         7657.76981285718784098664203146400797      
   2.35428641432249007020695607335824657         0.00000000000000000000000000000000000         0.00000000000000000000000000000000000        0.849999999999999999999999999999999981        0.150000000000000000000000000000000019        0.724999999999999999999999999999999981        0.275000000000000000000000000000000019        0.512000024318695068359375000000000000        0.425000011920928955078125000000000000         6.30000010132789611816406250000000000E-0002  0.870056494511586616800702331296776776        0.129943505488413383199297668703223248         0.00000000000000000000000000000000000        0.683022559859958444886526535977552353        0.167811590859605266884724425470909642        0.129098359310438402074632433326122454         2500.00000000000000000000000000000000        0.300000011920928955078125000000000000        -1.00000000000000000000000000000000000         4.50000000000000000000000000000000000         50.0000000000000000000000000000000000         1.35114115034947965930153763457050431         1.35109555600545063696621697851827502         1.35109555600545063696621697851827502         1.35109555600545063696621697851827502         1.35109555600545063696621697851827502         0.00000000000000000000000000000000000        -3.37462023513889768301851576438411216E-0003   671.834087599016526588273175068273414         7829.33219417808431327522420367511798      
   2.46581107582267970147068279155487439         0.00000000000000000000000000000000000         0.00000000000000000000000000000000000        0.849999999999999999999999999999999981        0.150000000000000000000000000000000019        0.724999999999999999999999999999999981        0.275000000000000000000000000000000019        0.512000024318695068359375000000000000        0.425000011920928955078125000000000000         6.30000010132789611816406250000000000E-0002  0.870056494511586616800702331296776776        0.129943505488413383199297668703223248         0.00000000000000000000000000000000000        0.683022559859958444886526535977552353        0.167811590859605266884724425470909642        0.129098359310438402074632433326122454         2500.00000000000000000000000000000000        0.300000011920928955078125000000000000        -1.00000000000000000000000000000000000         4.50000000000000000000000000000000000         50.0000000000000000000000000000000000         1.36721741252194912545825527581271956         1.36705764118811247476207161673983483         1.36705764118811247476207161673983483         1.36705764118811247476207161673983483         1.36705764118811247476207161673983483         0.00000000000000000000000000000000000        -1.16872419291547294865890464992982449E-0002   705.443690738918650061421495455873444         7964.23650639474279679285005969718031      
   2.58261876068275699540889612963339913         0.00000000000000000000000000000000000         0.00000000000000000000000000000000000        0.849999999999999999999999999999999981        0.150000000000000000000000000000000019        0.724999999999999999999999999999999981        0.275000000000000000000000000000000019        0.512000024318695068359375000000000000        0.425000011920928955078125000000000000         6.30000010132789611816406250000000000E-0002  0.870056494511586616800702331296776776        0.129943505488413383199297668703223248         0.00000000000000000000000000000000000        0.683022559859958444886526535977552353        0.167811590859605266884724425470909642        0.129098359310438402074632433326122454         2500.00000000000000000000000000000000        0.300000011920928955078125000000000000        -1.00000000000000000000000000000000000         4.50000000000000000000000000000000000         50.0000000000000000000000000000000000         1.38351778248524817041374034079981933         1.38336695639665084566088559442016106         1.38336695639665084566088559442016106         1.38336695639665084566088559442016106         1.38336695639665084566088559442016106         0.00000000000000000000000000000000000        -1.09028257397582801852802428546002706E-0002   740.171701520382504157700300433459349         8072.39084540451057085312161225721276      
   2.70495973046322058012775948376762777         0.00000000000000000000000000000000000         0.00000000000000000000000000000000000        0.849999999999999999999999999999999981        0.150000000000000000000000000000000019        0.724999999999999999999999999999999981        0.275000000000000000000000000000000019        0.512000024318695068359375000000000000        0.425000011920928955078125000000000000         6.30000010132789611816406250000000000E-0002  0.870056494511586616800702331296776776        0.129943505488413383199297668703223248         0.00000000000000000000000000000000000        0.683022559859958444886526535977552353        0.167811590859605266884724425470909642        0.129098359310438402074632433326122454         2500.00000000000000000000000000000000        0.300000011920928955078125000000000000        -1.00000000000000000000000000000000000         4.50000000000000000000000000000000000         50.0000000000000000000000000000000000         1.39997978426381885324845621355616668         1.39981963911168012854908586175717912         1.39981963911168012854908586175717912         1.39981963911168012854908586175717912         1.39981963911168012854908586175717912         0.00000000000000000000000000000000000        -1.14404132978411535982726761463373268E-0002   776.760284874300762673895055024362052         8182.04121847598571933304400870774835      
   2.83309610183941463691826271807341983         0.00000000000000000000000000000000000         0.00000000000000000000000000000000000        0.849999999999999999999999999999999981        0.150000000000000000000000000000000019        0.724999999999999999999999999999999981        0.275000000000000000000000000000000019        0.512000024318695068359375000000000000        0.425000011920928955078125000000000000         6.30000010132789611816406250000000000E-0002  0.870056494511586616800702331296776776        0.129943505488413383199297668703223248         0.00000000000000000000000000000000000        0.683022559859958444886526535977552353        0.167811590859605266884724425470909642        0.129098359310438402074632433326122454         2500.00000000000000000000000000000000        0.300000011920928955078125000000000000        -1.00000000000000000000000000000000000         4.50000000000000000000000000000000000         50.0000000000000000000000000000000000         1.41653255533737457754546675758340476         1.41634865633108679647366247643841197         1.41634865633108679647366247643841197         1.41634865633108679647366247643841197         1.41634865633108679647366247643841197         0.00000000000000000000000000000000000        -1.29840209517445747328531295774851604E-0002   815.927557587342947728954329400927587         8294.85226571616429595697298382385214      
   2.96730240818896454651461614421851563         0.00000000000000000000000000000000000         0.00000000000000000000000000000000000        0.849999999999999999999999999999999981        0.150000000000000000000000000000000019        0.724999999999999999999999999999999981        0.275000000000000000000000000000000019        0.512000024318695068359375000000000000        0.425000011920928955078125000000000000         6.30000010132789611816406250000000000E-0002  0.870056494511586616800702331296776776        0.129943505488413383199297668703223248         0.00000000000000000000000000000000000        0.683022559859958444886526535977552353        0.167811590859605266884724425470909642        0.129098359310438402074632433326122454         2500.00000000000000000000000000000000        0.300000011920928955078125000000000000        -1.00000000000000000000000000000000000         4.50000000000000000000000000000000000         50.0000000000000000000000000000000000         1.43322755979074397833416960660408245         1.43303198366344944720868978842969435         1.43303198366344944720868978842969435         1.43303198366344944720868978842969435         1.43303198366344944720868978842969435         0.00000000000000000000000000000000000        -1.36477154399969475654433750674404579E-0002   856.822497322026877497039562201705447         8407.78179032299030921990576966612322      
   3.10786618778211364466063213094136699         0.00000000000000000000000000000000000         0.00000000000000000000000000000000000        0.849999999999999999999999999999999981        0.150000000000000000000000000000000019        0.724999999999999999999999999999999981        0.275000000000000000000000000000000019        0.512000024318695068359375000000000000        0.425000011920928955078125000000000000         6.30000010132789611816406250000000000E-0002  0.870056494511586616800702331296776776        0.129943505488413383199297668703223248         0.00000000000000000000000000000000000        0.683022559859958444886526535977552353        0.167811590859605266884724425470909642        0.129098359310438402074632433326122454         2500.00000000000000000000000000000000        0.300000011920928955078125000000000000        -1.00000000000000000000000000000000000         4.50000000000000000000000000000000000         50.0000000000000000000000000000000000         1.45006266544105575572890376182857913         1.44987716183547692779788246272363491         1.44987716183547692779788246272363491         1.44987716183547692779788246272363491         1.44987716183547692779788246272363491         0.00000000000000000000000000000000000        -1.27944360020119918409159006178585815E-0002   900.153687861064132115522241930144284         8522.85647119093927128257293659341315      
   3.25508859983516440085845691551799553         0.00000000000000000000000000000000000         0.00000000000000000000000000000000000        0.849999999999999999999999999999999981        0.150000000000000000000000000000000019        0.724999999999999999999999999999999981        0.275000000000000000000000000000000019        0.512000024318695068359375000000000000        0.425000011920928955078125000000000000         6.30000010132789611816406250000000000E-0002  0.870056494511586616800702331296776776        0.129943505488413383199297668703223248         0.00000000000000000000000000000000000        0.683022559859958444886526535977552353        0.167811590859605266884724425470909642        0.129098359310438402074632433326122454         2500.00000000000000000000000000000000        0.300000011920928955078125000000000000        -1.00000000000000000000000000000000000         4.50000000000000000000000000000000000         50.0000000000000000000000000000000000         1.46705869386924226854744528812437967         1.46688027074616132925964134850745794         1.46688027074616132925964134850745794         1.46688027074616132925964134850745794         1.46688027074616132925964134850745794         0.00000000000000000000000000000000000        -1.21634414641203396437761692052788689E-0002   945.522650269896131639562919408204530         8638.57716510206090390277581921344738      
   3.40928506974692429676371810701270237         0.00000000000000000000000000000000000         0.00000000000000000000000000000000000        0.849999999999999999999999999999999981        0.150000000000000000000000000000000019        0.724999999999999999999999999999999981        0.275000000000000000000000000000000019        0.512000024318695068359375000000000000        0.425000011920928955078125000000000000         6.30000010132789611816406250000000000E-0002  0.870056494511586616800702331296776776        0.129943505488413383199297668703223248         0.00000000000000000000000000000000000        0.683022559859958444886526535977552353        0.167811590859605266884724425470909642        0.129098359310438402074632433326122454         2500.00000000000000000000000000000000        0.300000011920928955078125000000000000        -1.00000000000000000000000000000000000         4.50000000000000000000000000000000000         50.0000000000000000000000000000000000         1.48420515575850456033332429623844299         1.48401594535682780363403842046914582         1.48401594535682780363403842046914582         1.48401594535682780363403842046914582         1.48401594535682780363403842046914582         0.00000000000000000000000000000000000        -1.27498900715154746250339494005000814E-0002   993.605988249231019598386962892719429         8756.53635845010669095567210354996112      
   3.57078596490058154200418219794212579         0.00000000000000000000000000000000000         0.00000000000000000000000000000000000        0.849999999999999999999999999999999981        0.150000000000000000000000000000000019        0.724999999999999999999999999999999981        0.275000000000000000000000000000000019        0.512000024318695068359375000000000000        0.425000011920928955078125000000000000         6.30000010132789611816406250000000000E-0002  0.870056494511586616800702331296776776        0.129943505488413383199297668703223248         0.00000000000000000000000000000000000        0.683022559859958444886526535977552353        0.167811590859605266884724425470909642        0.129098359310438402074632433326122454         2500.00000000000000000000000000000000        0.300000011920928955078125000000000000        -1.00000000000000000000000000000000000         4.50000000000000000000000000000000000         50.0000000000000000000000000000000000         1.50150523061906913285755732852397186         1.50132311511641861728674020462997404         1.50132311511641861728674020462997404         1.50132311511641861728674020462997404         1.50132311511641861728674020462997404         0.00000000000000000000000000000000000        -1.21303336248435503598312692865611170E-0002   1043.70485607695141773724842759958244         8874.35055390436484148484614770878547      
   3.73993730247892248533723346676967991         0.00000000000000000000000000000000000         0.00000000000000000000000000000000000        0.849999999999999999999999999999999981        0.150000000000000000000000000000000019        0.724999999999999999999999999999999981        0.275000000000000000000000000000000019        0.512000024318695068359375000000000000        0.425000011920928955078125000000000000         6.30000010132789611816406250000000000E-0002  0.870056494511586616800702331296776776        0.129943505488413383199297668703223248         0.00000000000000000000000000000000000        0.683022559859958444886526535977552353        0.167811590859605266884724425470909642        0.129098359310438402074632433326122454         2500.00000000000000000000000000000000        0.300000011920928955078125000000000000        -1.00000000000000000000000000000000000         4.50000000000000000000000000000000000         50.0000000000000000000000000000000000         1.51894946540960796246342371064856879         1.51875650217591680503422532046953684         1.51875650217591680503422532046953684         1.51875650217591680503422532046953684         1.51875650217591680503422532046953684         0.00000000000000000000000000000000000        -1.27053437081388438709983119683318539E-0002   1097.49851584548636754974033937049343         8996.30664359181276782263005688297837      
   3.91710149080939146393706924636129076         0.00000000000000000000000000000000000         0.00000000000000000000000000000000000        0.849999999999999999999999999999999981        0.150000000000000000000000000000000019        0.724999999999999999999999999999999981        0.275000000000000000000000000000000019        0.512000024318695068359375000000000000        0.425000011920928955078125000000000000         6.30000010132789611816406250000000000E-0002  0.870056494511586616800702331296776776        0.129943505488413383199297668703223248         0.00000000000000000000000000000000000        0.683022559859958444886526535977552353        0.167811590859605266884724425470909642        0.129098359310438402074632433326122454         2500.00000000000000000000000000000000        0.300000011920928955078125000000000000        -1.00000000000000000000000000000000000         4.50000000000000000000000000000000000         50.0000000000000000000000000000000000         1.53655049292609213238802249675758427         1.53633744169588436133527231479857088         1.53633744169588436133527231479857088         1.53633744169588436133527231479857088         1.53633744169588436133527231479857088         0.00000000000000000000000000000000000        -1.38674762734803033451004159256987237E-0002   1153.95620763963656306726392303198443         9119.09922915361066042317553109031706      
   4.10265810582733183554468384630866708         0.00000000000000000000000000000000000         0.00000000000000000000000000000000000        0.849999999999999999999999999999999981        0.150000000000000000000000000000000019        0.724999999999999999999999999999999981        0.275000000000000000000000000000000019        0.512000024318695068359375000000000000        0.425000011920928955078125000000000000         6.30000010132789611816406250000000000E-0002  0.870056494511586616800702331296776776        0.129943505488413383199297668703223248         0.00000000000000000000000000000000000        0.683022559859958444886526535977552353        0.167811590859605266884724425470909642        0.129098359310438402074632433326122454         2500.00000000000000000000000000000000        0.300000011920928955078125000000000000        -1.00000000000000000000000000000000000         4.50000000000000000000000000000000000         50.0000000000000000000000000000000000         1.55428233827584351800180137844468094         1.55408208138584212660805066820559123         1.55408208138584212660805066820559123         1.55408208138584212660805066820559123         1.55408208138584212660805066820559123         0.00000000000000000000000000000000000        -1.28858631342569546943827347239156642E-0002   1213.71510989844195194160624145331111         9243.80302522922127118086568844798595      
   4.29700470432098797081550436783669861         0.00000000000000000000000000000000000         0.00000000000000000000000000000000000        0.849999999999999999999999999999999981        0.150000000000000000000000000000000019        0.724999999999999999999999999999999981        0.275000000000000000000000000000000019        0.512000024318695068359375000000000000        0.425000011920928955078125000000000000         6.30000010132789611816406250000000000E-0002  0.870056494511586616800702331296776776        0.129943505488413383199297668703223248         0.00000000000000000000000000000000000        0.683022559859958444886526535977552353        0.167811590859605266884724425470909642        0.129098359310438402074632433326122454         2500.00000000000000000000000000000000        0.300000011920928955078125000000000000        -1.00000000000000000000000000000000000         4.50000000000000000000000000000000000         50.0000000000000000000000000000000000         1.57217844557792256942260177127688587         1.57198586562365387147930308771844185         1.57198586562365387147930308771844185         1.57198586562365387147930308771844185         1.57198586562365387147930308771844185         0.00000000000000000000000000000000000        -1.22507433737195663628621301171127732E-0002   1276.43683670250551030099674201506753         9369.41052259269768614032005348953927      
   4.50055767570065325107907567564988206         0.00000000000000000000000000000000000         0.00000000000000000000000000000000000        0.849999999999999999999999999999999981        0.150000000000000000000000000000000019        0.724999999999999999999999999999999981        0.275000000000000000000000000000000019        0.512000024318695068359375000000000000        0.425000011920928955078125000000000000         6.30000010132789611816406250000000000E-0002  0.870056494511586616800702331296776776        0.129943505488413383199297668703223248         0.00000000000000000000000000000000000        0.683022559859958444886526535977552353        0.167811590859605266884724425470909642        0.129098359310438402074632433326122454         2500.00000000000000000000000000000000        0.300000011920928955078125000000000000        -1.00000000000000000000000000000000000         4.50000000000000000000000000000000000         50.0000000000000000000000000000000000         1.59022575844366821922717731469832839         1.59003001796755057051040784845494324         1.59003001796755057051040784845494324         1.59003001796755057051040784845494324         1.59003001796755057051040784845494324         0.00000000000000000000000000000000000        -1.23104893559087134374362225631991185E-0002   1342.13306562287077731112380883719875         9495.56551857220443308735910957636422      
   4.71375313411688746090811432995346639         0.00000000000000000000000000000000000         0.00000000000000000000000000000000000        0.849999999999999999999999999999999981        0.150000000000000000000000000000000019        0.724999999999999999999999999999999981        0.275000000000000000000000000000000019        0.512000024318695068359375000000000000        0.425000011920928955078125000000000000         6.30000010132789611816406250000000000E-0002  0.870056494511586616800702331296776776        0.129943505488413383199297668703223248         0.00000000000000000000000000000000000        0.683022559859958444886526535977552353        0.167811590859605266884724425470909642        0.129098359310438402074632433326122454         2500.00000000000000000000000000000000        0.300000011920928955078125000000000000        -1.00000000000000000000000000000000000         4.50000000000000000000000000000000000         50.0000000000000000000000000000000000         1.60842260080169646521827604440780610         1.60823721033239100138634715188451256         1.60823721033239100138634715188451256         1.60823721033239100138634715188451256         1.60823721033239100138634715188451256         0.00000000000000000000000000000000000        -1.15275575092027169355611760303430526E-0002   1411.64988413287580708819943993053569         9623.73029659401018079846989361262913      
   4.93704785283917522455720499133271388         0.00000000000000000000000000000000000         0.00000000000000000000000000000000000        0.849999999999999999999999999999999981        0.150000000000000000000000000000000019        0.724999999999999999999999999999999981        0.275000000000000000000000000000000019        0.512000024318695068359375000000000000        0.425000011920928955078125000000000000         6.30000010132789611816406250000000000E-0002  0.870056494511586616800702331296776776        0.129943505488413383199297668703223248         0.00000000000000000000000000000000000        0.683022559859958444886526535977552353        0.167811590859605266884724425470909642        0.129098359310438402074632433326122454         2500.00000000000000000000000000000000        0.300000011920928955078125000000000000        -1.00000000000000000000000000000000000         4.50000000000000000000000000000000000         50.0000000000000000000000000000000000         1.62676198513487204019430939761183351         1.62656080150466114495127289621430532         1.62656080150466114495127289621430532         1.62656080150466114495127289621430532         1.62656080150466114495127289621430532         0.00000000000000000000000000000000000        -1.23686510842256223079742312722865767E-0002   1486.60803213931149322538003789378876         9756.87004725897225411413787786578289      
   5.17092024289694052668163232095138689         0.00000000000000000000000000000000000         0.00000000000000000000000000000000000        0.849999999999999999999999999999999981        0.150000000000000000000000000000000019        0.724999999999999999999999999999999981        0.275000000000000000000000000000000019        0.512000024318695068359375000000000000        0.425000011920928955078125000000000000         6.30000010132789611816406250000000000E-0002  0.870056494511586616800702331296776776        0.129943505488413383199297668703223248         0.00000000000000000000000000000000000        0.683022559859958444886526535977552353        0.167811590859605266884724425470909642        0.129098359310438402074632433326122454         2500.00000000000000000000000000000000        0.300000011920928955078125000000000000        -1.00000000000000000000000000000000000         4.50000000000000000000000000000000000         50.0000000000000000000000000000000000         1.64524662567800750655013052621159722         1.64504496244373153498207511549556350         1.64504496244373153498207511549556350         1.64504496244373153498207511549556350         1.64504496244373153498207511549556350         0.00000000000000000000000000000000000        -1.22588281098650774696997188900406337E-0002   1564.94333872071744483278209323552874         9889.99394762219997394554604963968923      
   5.41587137807966487084961468635563235         0.00000000000000000000000000000000000         0.00000000000000000000000000000000000        0.849999999999999999999999999999999981        0.150000000000000000000000000000000019        0.724999999999999999999999999999999981        0.275000000000000000000000000000000019        0.512000024318695068359375000000000000        0.425000011920928955078125000000000000         6.30000010132789611816406250000000000E-0002  0.870056494511586616800702331296776776        0.129943505488413383199297668703223248         0.00000000000000000000000000000000000        0.683022559859958444886526535977552353        0.167811590859605266884724425470909642        0.129098359310438402074632433326122454         2500.00000000000000000000000000000000        0.300000011920928955078125000000000000        -1.00000000000000000000000000000000000         4.50000000000000000000000000000000000         50.0000000000000000000000000000000000         1.66387654580752068659215864358715808         1.66367575547858868985489309856182062         1.66367575547858868985489309856182062         1.66367575547858868985489309856182062         1.66367575547858868985489309856182062         0.00000000000000000000000000000000000        -1.20690782606395255029961412226395633E-0002   1647.88693483098454948787773657539677         10025.2330937899687665194722577615719      
   5.67242606849218144376540893055636070         0.00000000000000000000000000000000000         0.00000000000000000000000000000000000        0.849999999999999999999999999999999981        0.150000000000000000000000000000000019        0.724999999999999999999999999999999981        0.275000000000000000000000000000000019        0.512000024318695068359375000000000000        0.425000011920928955078125000000000000         6.30000010132789611816406250000000000E-0002  0.870056494511586616800702331296776776        0.129943505488413383199297668703223248         0.00000000000000000000000000000000000        0.683022559859958444886526535977552353        0.167811590859605266884724425470909642        0.129098359310438402074632433326122454         2500.00000000000000000000000000000000        0.300000011920928955078125000000000000        -1.00000000000000000000000000000000000         4.50000000000000000000000000000000000         50.0000000000000000000000000000000000         1.68265100807513956070578801067973312         1.68244719137309762090318429380846219         1.68244719137309762090318429380846219         1.68244719137309762090318429380846219         1.68244719137309762090318429380846219         0.00000000000000000000000000000000000        -1.21143001151553907575218741655004987E-0002   1735.29865896724452904546847645397279         10161.8895460494011673171842154595731      
   5.94113398496524757317294119695305884         0.00000000000000000000000000000000000         0.00000000000000000000000000000000000        0.849999999999999999999999999999999981        0.150000000000000000000000000000000019        0.724999999999999999999999999999999981        0.275000000000000000000000000000000019        0.512000024318695068359375000000000000        0.425000011920928955078125000000000000         6.30000010132789611816406250000000000E-0002  0.870056494511586616800702331296776776        0.129943505488413383199297668703223248         0.00000000000000000000000000000000000        0.683022559859958444886526535977552353        0.167811590859605266884724425470909642        0.129098359310438402074632433326122454         2500.00000000000000000000000000000000        0.300000011920928955078125000000000000        -1.00000000000000000000000000000000000         4.50000000000000000000000000000000000         50.0000000000000000000000000000000000         1.70156666310780815636858144590706846         1.70136032671541378660032566148024012         1.70136032671541378660032566148024012         1.70136032671541378660032566148024012         1.70136032671541378660032566148024012         0.00000000000000000000000000000000000        -1.21277303316879103869017639293931242E-0002   1828.13110338574872334156930643689131         10301.1201374103838247234404061648872      
   6.22257083673045567818932634861224246         0.00000000000000000000000000000000000         0.00000000000000000000000000000000000        0.849999999999999999999999999999999981        0.150000000000000000000000000000000019        0.724999999999999999999999999999999981        0.275000000000000000000000000000000019        0.512000024318695068359375000000000000        0.425000011920928955078125000000000000         6.30000010132789611816406250000000000E-0002  0.870056494511586616800702331296776776        0.129943505488413383199297668703223248         0.00000000000000000000000000000000000        0.683022559859958444886526535977552353        0.167811590859605266884724425470909642        0.129098359310438402074632433326122454         2500.00000000000000000000000000000000        0.300000011920928955078125000000000000        -1.00000000000000000000000000000000000         4.50000000000000000000000000000000000         50.0000000000000000000000000000000000         1.72062274552266707932295584104223080         1.72042261095097218566078233296365007         1.72042261095097218566078233296365007         1.72042261095097218566078233296365007         1.72042261095097218566078233296365007         0.00000000000000000000000000000000000        -1.16328726686676292112403560699649686E-0002   1925.76536062252758883071114624208771         10441.4789633238359069137471152758677      
   6.51733960488266225567076642791935208         0.00000000000000000000000000000000000         0.00000000000000000000000000000000000        0.849999999999999999999999999999999981        0.150000000000000000000000000000000019        0.724999999999999999999999999999999981        0.275000000000000000000000000000000019        0.512000024318695068359375000000000000        0.425000011920928955078125000000000000         6.30000010132789611816406250000000000E-0002  0.870056494511586616800702331296776776        0.129943505488413383199297668703223248         0.00000000000000000000000000000000000        0.683022559859958444886526535977552353        0.167811590859605266884724425470909642        0.129098359310438402074632433326122454         2500.00000000000000000000000000000000        0.300000011920928955078125000000000000        -1.00000000000000000000000000000000000         4.50000000000000000000000000000000000         50.0000000000000000000000000000000000         1.73981711713152525768088418111438150         1.73963662625653062519491849518555785         1.73963662625653062519491849518555785         1.73963662625653062519491849518555785         1.73963662625653062519491849518555785         0.00000000000000000000000000000000000        -1.03752055038657772213035400253862405E-0002   2029.04401472741484485038560924200454         10583.8573037226982127998410979048349      
   6.82607183427263972690668329495824292         0.00000000000000000000000000000000000         0.00000000000000000000000000000000000        0.849999999999999999999999999999999981        0.150000000000000000000000000000000019        0.724999999999999999999999999999999981        0.275000000000000000000000000000000019        0.512000024318695068359375000000000000        0.425000011920928955078125000000000000         6.30000010132789611816406250000000000E-0002  0.870056494511586616800702331296776776        0.129943505488413383199297668703223248         0.00000000000000000000000000000000000        0.683022559859958444886526535977552353        0.167811590859605266884724425470909642        0.129098359310438402074632433326122454         2500.00000000000000000000000000000000        0.300000011920928955078125000000000000        -1.00000000000000000000000000000000000         4.50000000000000000000000000000000000         50.0000000000000000000000000000000000         1.75913505115145933816464547811780002         1.75892929701364188377341026021423876         1.75892929701364188377341026021423876         1.75892929701364188377341026021423876         1.75892929701364188377341026021423876         0.00000000000000000000000000000000000        -1.16976923499306865909044697589554358E-0002   2139.29250094978088910688182896597591         10729.6446498590297085109300728126667      
   7.14942898659784326950660524938800231         0.00000000000000000000000000000000000         0.00000000000000000000000000000000000        0.849999999999999999999999999999999981        0.150000000000000000000000000000000019        0.724999999999999999999999999999999981        0.275000000000000000000000000000000019        0.512000024318695068359375000000000000        0.425000011920928955078125000000000000         6.30000010132789611816406250000000000E-0002  0.870056494511586616800702331296776776        0.129943505488413383199297668703223248         0.00000000000000000000000000000000000        0.683022559859958444886526535977552353        0.167811590859605266884724425470909642        0.129098359310438402074632433326122454         2500.00000000000000000000000000000000        0.300000011920928955078125000000000000        -1.00000000000000000000000000000000000         4.50000000000000000000000000000000000         50.0000000000000000000000000000000000         1.77860830291775087289259215837723623         1.77839522593786769495261947215302494         1.77839522593786769495261947215302494         1.77839522593786769495261947215302494         1.77839522593786769495261947215302494         0.00000000000000000000000000000000000        -1.19814187968710995431204765113211644E-0002   2255.82325215065694972306479370725720         10877.4372158065736360524145084129217      
   7.48810385759030229475404929283587874         0.00000000000000000000000000000000000         0.00000000000000000000000000000000000        0.849999999999999999999999999999999981        0.150000000000000000000000000000000019        0.724999999999999999999999999999999981        0.275000000000000000000000000000000019        0.512000024318695068359375000000000000        0.425000011920928955078125000000000000         6.30000010132789611816406250000000000E-0002  0.870056494511586616800702331296776776        0.129943505488413383199297668703223248         0.00000000000000000000000000000000000        0.683022559859958444886526535977552353        0.167811590859605266884724425470909642        0.129098359310438402074632433326122454         2500.00000000000000000000000000000000        0.300000011920928955078125000000000000        -1.00000000000000000000000000000000000         4.50000000000000000000000000000000000         50.0000000000000000000000000000000000         1.79821118562837606218529624785572465         1.79800781511489357980166679636142748         1.79800781511489357980166679636142748         1.79800781511489357980166679636142748         1.79800781511489357980166679636142748         0.00000000000000000000000000000000000        -1.13108803962282504447924162020035989E-0002   2378.50552302746000794825019583783249         11026.5126160234039953787136432774690      
   7.84282206133797492150195102086104320         0.00000000000000000000000000000000000         0.00000000000000000000000000000000000        0.849999999999999999999999999999999981        0.150000000000000000000000000000000019        0.724999999999999999999999999999999981        0.275000000000000000000000000000000019        0.512000024318695068359375000000000000        0.425000011920928955078125000000000000         6.30000010132789611816406250000000000E-0002  0.870056494511586616800702331296776776        0.129943505488413383199297668703223248         0.00000000000000000000000000000000000        0.683022559859958444886526535977552353        0.167811590859605266884724425470909642        0.129098359310438402074632433326122454         2500.00000000000000000000000000000000        0.300000011920928955078125000000000000        -1.00000000000000000000000000000000000         4.50000000000000000000000000000000000         50.0000000000000000000000000000000000         1.81793847212234523720289921928405910         1.81775869413073123743361814855391075         1.81775869413073123743361814855391075         1.81775869413073123743361814855391075         1.81775869413073123743361814855391075         0.00000000000000000000000000000000000        -9.89009114325657191692016418389839380E-0003   2508.98202771495039977816063967984114         11178.5152261574100913109169365672284      
   8.21434358491973787188331079880935809         0.00000000000000000000000000000000000         0.00000000000000000000000000000000000        0.849999999999999999999999999999999981        0.150000000000000000000000000000000019        0.724999999999999999999999999999999981        0.275000000000000000000000000000000019        0.512000024318695068359375000000000000        0.425000011920928955078125000000000000         6.30000010132789611816406250000000000E-0002  0.870056494511586616800702331296776776        0.129943505488413383199297668703223248         0.00000000000000000000000000000000000        0.683022559859958444886526535977552353        0.167811590859605266884724425470909642        0.129098359310438402074632433326122454         2500.00000000000000000000000000000000        0.300000011920928955078125000000000000        -1.00000000000000000000000000000000000         4.50000000000000000000000000000000000         50.0000000000000000000000000000000000         1.83779104491335900702634524976641193         1.83754704306858977669393544469890252         1.83754704306858977669393544469890252         1.83754704306858977669393544469890252         1.83754704306858977669393544469890252         0.00000000000000000000000000000000000        -1.32786720040517907401571662345367889E-0002   2649.10490989118811867313868321287732         11335.0294026722090959291916781240211      
   8.60346441668483183756181982790961157         0.00000000000000000000000000000000000         0.00000000000000000000000000000000000        0.849999999999999999999999999999999981        0.150000000000000000000000000000000019        0.724999999999999999999999999999999981        0.275000000000000000000000000000000019        0.512000024318695068359375000000000000        0.425000011920928955078125000000000000         6.30000010132789611816406250000000000E-0002  0.870056494511586616800702331296776776        0.129943505488413383199297668703223248         0.00000000000000000000000000000000000        0.683022559859958444886526535977552353        0.167811590859605266884724425470909642        0.129098359310438402074632433326122454         2500.00000000000000000000000000000000        0.300000011920928955078125000000000000        -1.00000000000000000000000000000000000         4.50000000000000000000000000000000000         50.0000000000000000000000000000000000         1.85778580202909172186376877942111157         1.85757772973357826131619770789945673         1.85757772973357826131619770789945673         1.85757772973357826131619770789945673         1.85757772973357826131619770789945673         0.00000000000000000000000000000000000        -1.12012699217331360691548946897293481E-0002   2794.44837940671395289752191717216159         11490.5907821533971834065624303826810      
   9.01101825166536630189666009569239489         0.00000000000000000000000000000000000         0.00000000000000000000000000000000000        0.849999999999999999999999999999999981        0.150000000000000000000000000000000019        0.724999999999999999999999999999999981        0.275000000000000000000000000000000019        0.512000024318695068359375000000000000        0.425000011920928955078125000000000000         6.30000010132789611816406250000000000E-0002  0.870056494511586616800702331296776776        0.129943505488413383199297668703223248         0.00000000000000000000000000000000000        0.683022559859958444886526535977552353        0.167811590859605266884724425470909642        0.129098359310438402074632433326122454         2500.00000000000000000000000000000000        0.300000011920928955078125000000000000        -1.00000000000000000000000000000000000         4.50000000000000000000000000000000000         50.0000000000000000000000000000000000         1.87789939475846394818377111002966034         1.87769962808872657524218066031226947         1.87769962808872657524218066031226947         1.87769962808872657524218066031226947         1.87769962808872657524218066031226947         0.00000000000000000000000000000000000        -1.06389044738061484031755040997781456E-0002   2950.12071466264528549948811896890795         11650.3139916693920629881003967287604      
   9.43787827777574610680776305101093867         0.00000000000000000000000000000000000         0.00000000000000000000000000000000000        0.849999999999999999999999999999999981        0.150000000000000000000000000000000019        0.724999999999999999999999999999999981        0.275000000000000000000000000000000019        0.512000024318695068359375000000000000        0.425000011920928955078125000000000000         6.30000010132789611816406250000000000E-0002  0.870056494511586616800702331296776776        0.129943505488413383199297668703223248         0.00000000000000000000000000000000000        0.683022559859958444886526535977552353        0.167811590859605266884724425470909642        0.129098359310438402074632433326122454         2500.00000000000000000000000000000000        0.300000011920928955078125000000000000        -1.00000000000000000000000000000000000         4.50000000000000000000000000000000000         50.0000000000000000000000000000000000         1.89813611156544926949920507958717948         1.89792258622659907857940170220574088         1.89792258622659907857940170220574088         1.89792258622659907857940170220574088         1.89792258622659907857940170220574088         0.00000000000000000000000000000000000        -1.12504767264884345080113058629926288E-0002   3115.89782364867981377498789600267599         11813.3548353416479455471322780591199      
   9.88495904662596879076778864032827051         0.00000000000000000000000000000000000         0.00000000000000000000000000000000000        0.849999999999999999999999999999999981        0.150000000000000000000000000000000019        0.724999999999999999999999999999999981        0.275000000000000000000000000000000019        0.512000024318695068359375000000000000        0.425000011920928955078125000000000000         6.30000010132789611816406250000000000E-0002  0.870056494511586616800702331296776776        0.129943505488413383199297668703223248         0.00000000000000000000000000000000000        0.683022559859958444886526535977552353        0.167811590859605266884724425470909642        0.129098359310438402074632433326122454         2500.00000000000000000000000000000000        0.300000011920928955078125000000000000        -1.00000000000000000000000000000000000         4.50000000000000000000000000000000000         50.0000000000000000000000000000000000         1.91849284253954525022320556616124954         1.91826093865149159520042485077197247         1.91826093865149159520042485077197247         1.91826093865149159520042485077197247         1.91826093865149159520042485077197247         0.00000000000000000000000000000000000        -1.20892775003112947684769718558152800E-0002   3291.56754298584182590399137333576773         11978.8801660717610569484919279945293      
   10.3532184329570277361739405380354267         0.00000000000000000000000000000000000         0.00000000000000000000000000000000000        0.849999999999999999999999999999999981        0.150000000000000000000000000000000019        0.724999999999999999999999999999999981        0.275000000000000000000000000000000019        0.512000024318695068359375000000000000        0.425000011920928955078125000000000000         6.30000010132789611816406250000000000E-0002  0.870056494511586616800702331296776776        0.129943505488413383199297668703223248         0.00000000000000000000000000000000000        0.683022559859958444886526535977552353        0.167811590859605266884724425470909642        0.129098359310438402074632433326122454         2500.00000000000000000000000000000000        0.300000011920928955078125000000000000        -1.00000000000000000000000000000000000         4.50000000000000000000000000000000000         50.0000000000000000000000000000000000         1.93898103804261900655926731515788228         1.93877168617770557735381028718551157         1.93877168617770557735381028718551157         1.93877168617770557735381028718551157         1.93877168617770557735381028718551157         0.00000000000000000000000000000000000        -1.07981701200808775841330096297126559E-0002   3477.08146650088022655962454405929570         12146.4854398053443052132206556135120      
   10.8436596868965298573473131194133672         0.00000000000000000000000000000000000         0.00000000000000000000000000000000000        0.849999999999999999999999999999999981        0.150000000000000000000000000000000019        0.724999999999999999999999999999999981        0.275000000000000000000000000000000019        0.512000024318695068359375000000000000        0.425000011920928955078125000000000000         6.30000010132789611816406250000000000E-0002  0.870056494511586616800702331296776776        0.129943505488413383199297668703223248         0.00000000000000000000000000000000000        0.683022559859958444886526535977552353        0.167811590859605266884724425470909642        0.129098359310438402074632433326122454         2500.00000000000000000000000000000000        0.300000011920928955078125000000000000        -1.00000000000000000000000000000000000         4.50000000000000000000000000000000000         50.0000000000000000000000000000000000         1.95958441405588820241103257693684069         1.95940327730173507681627406070251907         1.95940327730173507681627406070251907         1.95940327730173507681627406070251907         1.95940327730173507681627406070251907         0.00000000000000000000000000000000000        -9.24448561720108519447909102882682293E-0003   3673.91130572871947602670790173008960         12316.9274949159661259448419418871350      
   11.3573335834315047407380755747457535         0.00000000000000000000000000000000000         0.00000000000000000000000000000000000        0.849999999999999999999999999999999981        0.150000000000000000000000000000000019        0.724999999999999999999999999999999981        0.275000000000000000000000000000000019        0.512000024318695068359375000000000000        0.425000011920928955078125000000000000         6.30000010132789611816406250000000000E-0002  0.870056494511586616800702331296776776        0.129943505488413383199297668703223248         0.00000000000000000000000000000000000        0.683022559859958444886526535977552353        0.167811590859605266884724425470909642        0.129098359310438402074632433326122454         2500.00000000000000000000000000000000        0.300000011920928955078125000000000000        -1.00000000000000000000000000000000000         4.50000000000000000000000000000000000         50.0000000000000000000000000000000000         1.98030418911431290803488339819335468         1.98009713843414885779981018152375736         1.98009713843414885779981018152375736         1.98009713843414885779981018152375736         1.98009713843414885779981018152375736         0.00000000000000000000000000000000000        -1.04565920603160358731132594227141287E-0002   3884.89944486213620146092214277791088         12491.9614152191421693355678567878827      
   11.8953406737036708935232311939754483         0.00000000000000000000000000000000000         0.00000000000000000000000000000000000        0.849999999999999999999999999999999981        0.150000000000000000000000000000000019        0.724999999999999999999999999999999981        0.275000000000000000000000000000000019        0.512000024318695068359375000000000000        0.425000011920928955078125000000000000         6.30000010132789611816406250000000000E-0002  0.870056494511586616800702331296776776        0.129943505488413383199297668703223248         0.00000000000000000000000000000000000        0.683022559859958444886526535977552353        0.167811590859605266884724425470909642        0.129098359310438402074632433326122454         2500.00000000000000000000000000000000        0.300000011920928955078125000000000000        -1.00000000000000000000000000000000000         4.50000000000000000000000000000000000         50.0000000000000000000000000000000000         2.00114139972963258245690865576011645         2.00095661729319429957465598358475892         2.00095661729319429957465598358475892         2.00095661729319429957465598358475892         2.00095661729319429957465598358475892         0.00000000000000000000000000000000000        -9.23470478276777423241100400620781241E-0003   4104.98881774129854414695903945297138         12667.1315321201893174742851813826295      
   12.4588336429505803262590704440291315         0.00000000000000000000000000000000000         0.00000000000000000000000000000000000        0.849999999999999999999999999999999981        0.150000000000000000000000000000000019        0.724999999999999999999999999999999981        0.275000000000000000000000000000000019        0.512000024318695068359375000000000000        0.425000011920928955078125000000000000         6.30000010132789611816406250000000000E-0002  0.870056494511586616800702331296776776        0.129943505488413383199297668703223248         0.00000000000000000000000000000000000        0.683022559859958444886526535977552353        0.167811590859605266884724425470909642        0.129098359310438402074632433326122454         2500.00000000000000000000000000000000        0.300000011920928955078125000000000000        -1.00000000000000000000000000000000000         4.50000000000000000000000000000000000         50.0000000000000000000000000000000000         2.02209321415252738455355329286434570         2.02192819491787902717138462174256394         2.02192819491787902717138462174256394         2.02192819491787902717138462174256394         2.02192819491787902717138462174256394         0.00000000000000000000000000000000000        -8.16147848687869292506176574228773841E-0003   4340.60593258716720405277485315575577         12846.8589794244886887869163373611255      
   13.0490197801445524899467209692621793         0.00000000000000000000000000000000000         0.00000000000000000000000000000000000        0.849999999999999999999999999999999981        0.150000000000000000000000000000000019        0.724999999999999999999999999999999981        0.275000000000000000000000000000000019        0.512000024318695068359375000000000000        0.425000011920928955078125000000000000         6.30000010132789611816406250000000000E-0002  0.870056494511586616800702331296776776        0.129943505488413383199297668703223248         0.00000000000000000000000000000000000        0.683022559859958444886526535977552353        0.167811590859605266884724425470909642        0.129098359310438402074632433326122454         2500.00000000000000000000000000000000        0.300000011920928955078125000000000000        -1.00000000000000000000000000000000000         4.50000000000000000000000000000000000         50.0000000000000000000000000000000000         2.04311652193665737345077466418364586         2.04291061201776149867116039575354763         2.04291061201776149867116039575354763         2.04291061201776149867116039575354763         2.04291061201776149867116039575354763         0.00000000000000000000000000000000000        -1.00792427081525461797638791903519879E-0002   4593.06170873411591307605213546911072         13031.4440939889327132794597220196031      
   13.6671635646206221493148154813537214         0.00000000000000000000000000000000000         0.00000000000000000000000000000000000        0.849999999999999999999999999999999981        0.150000000000000000000000000000000019        0.724999999999999999999999999999999981        0.275000000000000000000000000000000019        0.512000024318695068359375000000000000        0.425000011920928955078125000000000000         6.30000010132789611816406250000000000E-0002  0.870056494511586616800702331296776776        0.129943505488413383199297668703223248         0.00000000000000000000000000000000000        0.683022559859958444886526535977552353        0.167811590859605266884724425470909642        0.129098359310438402074632433326122454         2500.00000000000000000000000000000000        0.300000011920928955078125000000000000        -1.00000000000000000000000000000000000         4.50000000000000000000000000000000000         50.0000000000000000000000000000000000         2.06381454326135853149761466420923804         2.06372253527426888149422143034291833         2.06372253527426888149422143034291833         2.06372253527426888149422143034291833         2.06372253527426888149422143034291833         0.00000000000000000000000000000000000        -4.45835065116552283658577430905033810E-0003   4872.65037417296569937040493389847295         13226.7862781069708883845000480597321      
   14.3145893752353758338684692231306029         0.00000000000000000000000000000000000         0.00000000000000000000000000000000000        0.849999999999999999999999999999999981        0.150000000000000000000000000000000019        0.724999999999999999999999999999999981        0.275000000000000000000000000000000019        0.512000024318695068359375000000000000        0.425000011920928955078125000000000000         6.30000010132789611816406250000000000E-0002  0.870056494511586616800702331296776776        0.129943505488413383199297668703223248         0.00000000000000000000000000000000000        0.683022559859958444886526535977552353        0.167811590859605266884724425470909642        0.129098359310438402074632433326122454         2500.00000000000000000000000000000000        0.300000011920928955078125000000000000        -1.00000000000000000000000000000000000         4.50000000000000000000000000000000000         50.0000000000000000000000000000000000         2.08453392016178933308642260680498996         2.08454830692453916338657983192645050         2.08454830692453916338657983192645050         2.08454830692453916338657983192645050         2.08454830692453916338657983192645050         0.00000000000000000000000000000000000         6.90162118193171824902333176773425348E-0004   5164.02517604847863964316704032864978         13422.3052163428559824715004907170014      
   14.9926843278610750864026478869771275         0.00000000000000000000000000000000000         0.00000000000000000000000000000000000        0.849999999999999999999999999999999981        0.150000000000000000000000000000000019        0.724999999999999999999999999999999981        0.275000000000000000000000000000000019        0.512000024318695068359375000000000000        0.425000011920928955078125000000000000         6.30000010132789611816406250000000000E-0002  0.870056494511586616800702331296776776        0.129943505488413383199297668703223248         0.00000000000000000000000000000000000        0.683022559859958444886526535977552353        0.167811590859605266884724425470909642        0.129098359310438402074632433326122454         2500.00000000000000000000000000000000        0.300000011920928955078125000000000000        -1.00000000000000000000000000000000000         4.50000000000000000000000000000000000         50.0000000000000000000000000000000000         2.10528013084523723250258059057271462         2.10532355212736042953108426016558642         2.10532355212736042953108426016558642         2.10532355212736042953108426016558642         2.10532355212736042953108426016558642         0.00000000000000000000000000000000000         2.06245173476168289763215525310939230E-0003   5478.42205930149762019317294077346077         13624.5219042325129600951578061928348      
   15.7029012472944242844593367399923914         0.00000000000000000000000000000000000         0.00000000000000000000000000000000000        0.849999999999999999999999999999999981        0.150000000000000000000000000000000019        0.724999999999999999999999999999999981        0.275000000000000000000000000000000019        0.512000024318695068359375000000000000        0.425000011920928955078125000000000000         6.30000010132789611816406250000000000E-0002  0.870056494511586616800702331296776776        0.129943505488413383199297668703223248         0.00000000000000000000000000000000000        0.683022559859958444886526535977552353        0.167811590859605266884724425470909642        0.129098359310438402074632433326122454         2500.00000000000000000000000000000000        0.300000011920928955078125000000000000        -1.00000000000000000000000000000000000         4.50000000000000000000000000000000000         50.0000000000000000000000000000000000         2.12605218606921702920418892835348605         2.12604925943717019138859691910129040         2.12604925943717019138859691910129040         2.12604925943717019138859691910129040         2.12604925943717019138859691910129040         0.00000000000000000000000000000000000        -1.37655890795897362167333947303617298E-0004   5814.49960110829881838627367763244111         13832.2085536514069344853478088133971      
   16.4467617799473254470491446022305387         0.00000000000000000000000000000000000         0.00000000000000000000000000000000000        0.849999999999999999999999999999999981        0.150000000000000000000000000000000019        0.724999999999999999999999999999999981        0.275000000000000000000000000000000019        0.512000024318695068359375000000000000        0.425000011920928955078125000000000000         6.30000010132789611816406250000000000E-0002  0.870056494511586616800702331296776776        0.129943505488413383199297668703223248         0.00000000000000000000000000000000000        0.683022559859958444886526535977552353        0.167811590859605266884724425470909642        0.129098359310438402074632433326122454         2500.00000000000000000000000000000000        0.300000011920928955078125000000000000        -1.00000000000000000000000000000000000         4.50000000000000000000000000000000000         50.0000000000000000000000000000000000         2.14685701691954754430233725449388444         2.14684297129451088946600866537387844         2.14684297129451088946600866537387844         2.14684297129451088946600866537387844         2.14684297129451088946600866537387844         0.00000000000000000000000000000000000        -6.54245570098010297409940871651134705E-0004   6170.42845726480351856207540985274224         14041.8913444427540617793164626395188      
   17.2258596539885891666448939958271182         0.00000000000000000000000000000000000         0.00000000000000000000000000000000000        0.849999999999999999999999999999999981        0.150000000000000000000000000000000019        0.724999999999999999999999999999999981        0.275000000000000000000000000000000019        0.512000024318695068359375000000000000        0.425000011920928955078125000000000000         6.30000010132789611816406250000000000E-0002  0.870056494511586616800702331296776776        0.129943505488413383199297668703223248         0.00000000000000000000000000000000000        0.683022559859958444886526535977552353        0.167811590859605266884724425470909642        0.129098359310438402074632433326122454         2500.00000000000000000000000000000000        0.300000011920928955078125000000000000        -1.00000000000000000000000000000000000         4.50000000000000000000000000000000000         50.0000000000000000000000000000000000         2.16769652864894152564466141230469578         2.16775145389570493407112263469093574         2.16775145389570493407112263469093574         2.16775145389570493407112263469093574         2.16775145389570493407112263469093574         0.00000000000000000000000000000000000         2.53374281745729117168234467442852470E-0003   6550.70527557580539449236556593553442         14256.7590861842852389967718147947406      
   18.0418640939214858630807661830989717         0.00000000000000000000000000000000000         0.00000000000000000000000000000000000        0.849999999999999999999999999999999981        0.150000000000000000000000000000000019        0.724999999999999999999999999999999981        0.275000000000000000000000000000000019        0.512000024318695068359375000000000000        0.425000011920928955078125000000000000         6.30000010132789611816406250000000000E-0002  0.870056494511586616800702331296776776        0.129943505488413383199297668703223248         0.00000000000000000000000000000000000        0.683022559859958444886526535977552353        0.167811590859605266884724425470909642        0.129098359310438402074632433326122454         2500.00000000000000000000000000000000        0.300000011920928955078125000000000000        -1.00000000000000000000000000000000000         4.50000000000000000000000000000000000         50.0000000000000000000000000000000000         2.18854088617911765375513687281444589         2.18845818731619017392122297200275923         2.18845818731619017392122297200275923         2.18845818731619017392122297200275923         2.18845818731619017392122297200275923         0.00000000000000000000000000000000000        -3.77886419794464351053067736103953094E-0003   6952.97115343511303628637731302076793         14475.9684432962733178422458034728826      
   18.8965233969129017925278720876753030         0.00000000000000000000000000000000000         0.00000000000000000000000000000000000        0.849999999999999999999999999999999981        0.150000000000000000000000000000000019        0.724999999999999999999999999999999981        0.275000000000000000000000000000000019        0.512000024318695068359375000000000000        0.425000011920928955078125000000000000         6.30000010132789611816406250000000000E-0002  0.870056494511586616800702331296776776        0.129943505488413383199297668703223248         0.00000000000000000000000000000000000        0.683022559859958444886526535977552353        0.167811590859605266884724425470909642        0.129098359310438402074632433326122454         2500.00000000000000000000000000000000        0.300000011920928955078125000000000000        -1.00000000000000000000000000000000000         4.50000000000000000000000000000000000         50.0000000000000000000000000000000000         2.20943053771714692049453218598861272         2.20942910488844620655228164821732039         2.20942910488844620655228164821732039         2.20942910488844620655228164821732039         2.20942910488844620655228164821732039         0.00000000000000000000000000000000000        -6.48506303073384012799253411408140086E-0005   7388.82883235228706555809173552287647         14701.2298718665269084711547247173274      
   19.7916686785364185751762295282302534         0.00000000000000000000000000000000000         0.00000000000000000000000000000000000        0.849999999999999999999999999999999981        0.150000000000000000000000000000000019        0.724999999999999999999999999999999981        0.275000000000000000000000000000000019        0.512000024318695068359375000000000000        0.425000011920928955078125000000000000         6.30000010132789611816406250000000000E-0002  0.870056494511586616800702331296776776        0.129943505488413383199297668703223248         0.00000000000000000000000000000000000        0.683022559859958444886526535977552353        0.167811590859605266884724425470909642        0.129098359310438402074632433326122454         2500.00000000000000000000000000000000        0.300000011920928955078125000000000000        -1.00000000000000000000000000000000000         4.50000000000000000000000000000000000         50.0000000000000000000000000000000000         2.23032688217590883122744409604800654         2.23032194224527835645311872302624476         2.23032194224527835645311872302624476         2.23032194224527835645311872302624476         2.23032194224527835645311872302624476         0.00000000000000000000000000000000000        -2.21489576769428937078447924467040071E-0004   7852.08443881532834477739368053962205         14932.4437506787360790394021579070389      
   20.7292177959546059255378205487295255         0.00000000000000000000000000000000000         0.00000000000000000000000000000000000        0.849999999999999999999999999999999981        0.150000000000000000000000000000000019        0.724999999999999999999999999999999981        0.275000000000000000000000000000000019        0.512000024318695068359375000000000000        0.425000011920928955078125000000000000         6.30000010132789611816406250000000000E-0002  0.870056494511586616800702331296776776        0.129943505488413383199297668703223248         0.00000000000000000000000000000000000        0.683022559859958444886526535977552353        0.167811590859605266884724425470909642        0.129098359310438402074632433326122454         2500.00000000000000000000000000000000        0.300000011920928955078125000000000000        -1.00000000000000000000000000000000000         4.50000000000000000000000000000000000         50.0000000000000000000000000000000000         2.25124060945040146004597611085072519         2.25129101763365675923891319842206673         2.25129101763365675923891319842206673         2.25129101763365675923891319842206673         2.25129101763365675923891319842206673         0.00000000000000000000000000000000000         2.23907894894385916844837627996066939E-0003   8342.73669138644493885806185718485427         15165.6895964034497411743253138736316      
   21.7111794569459824479971497798839502         0.00000000000000000000000000000000000         0.00000000000000000000000000000000000        0.849999999999999999999999999999999981        0.150000000000000000000000000000000019        0.724999999999999999999999999999999981        0.275000000000000000000000000000000019        0.512000024318695068359375000000000000        0.425000011920928955078125000000000000         6.30000010132789611816406250000000000E-0002  0.870056494511586616800702331296776776        0.129943505488413383199297668703223248         0.00000000000000000000000000000000000        0.683022559859958444886526535977552353        0.167811590859605266884724425470909642        0.129098359310438402074632433326122454         2500.00000000000000000000000000000000        0.300000011920928955078125000000000000        -1.00000000000000000000000000000000000         4.50000000000000000000000000000000000         50.0000000000000000000000000000000000         2.27214645082473915121860725970942617         2.27212379005671555334897779896339453         2.27212379005671555334897779896339453         2.27212379005671555334897779896339453         2.27212379005671555334897779896339453         0.00000000000000000000000000000000000        -9.97338618730462019108770150159169633E-0004   8869.25645362952340536386140455687012         15407.0137896669639165191205111840795      
   22.7396575235802733048359620889347810         0.00000000000000000000000000000000000         0.00000000000000000000000000000000000        0.849999999999999999999999999999999981        0.150000000000000000000000000000000019        0.724999999999999999999999999999999981        0.275000000000000000000000000000000019        0.512000024318695068359375000000000000        0.425000011920928955078125000000000000         6.30000010132789611816406250000000000E-0002  0.870056494511586616800702331296776776        0.129943505488413383199297668703223248         0.00000000000000000000000000000000000        0.683022559859958444886526535977552353        0.167811590859605266884724425470909642        0.129098359310438402074632433326122454         2500.00000000000000000000000000000000        0.300000011920928955078125000000000000        -1.00000000000000000000000000000000000         4.50000000000000000000000000000000000         50.0000000000000000000000000000000000         2.29306361486533295624139278566092860         2.29305982255079821754910051566192201         2.29305982255079821754910051566192201         2.29305982255079821754910051566192201         2.29305982255079821754910051566192201         0.00000000000000000000000000000000000        -1.65382276443190397562980820747822246E-0004   9432.14720498387605295920357917690421         15653.8258176018676779353551527512592      
   23.8168555197626293658587845572158158         0.00000000000000000000000000000000000         0.00000000000000000000000000000000000        0.849999999999999999999999999999999981        0.150000000000000000000000000000000019        0.724999999999999999999999999999999981        0.275000000000000000000000000000000019        0.512000024318695068359375000000000000        0.425000011920928955078125000000000000         6.30000010132789611816406250000000000E-0002  0.870056494511586616800702331296776776        0.129943505488413383199297668703223248         0.00000000000000000000000000000000000        0.683022559859958444886526535977552353        0.167811590859605266884724425470909642        0.129098359310438402074632433326122454         2500.00000000000000000000000000000000        0.300000011920928955078125000000000000        -1.00000000000000000000000000000000000         4.50000000000000000000000000000000000         50.0000000000000000000000000000000000         2.31396960095668916969831631879941447         2.31396294703154802406113318499967699         2.31396294703154802406113318499967699         2.31396294703154802406113318499967699         2.31396294703154802406113318499967699         0.00000000000000000000000000000000000        -2.87555388459507564448200703758350569E-0004   10032.7637238343374531393412381790843         15906.1264586632978445187607555302561      
   24.9450813523042636110632071495682141         0.00000000000000000000000000000000000         0.00000000000000000000000000000000000        0.849999999999999999999999999999999981        0.150000000000000000000000000000000019        0.724999999999999999999999999999999981        0.275000000000000000000000000000000019        0.512000024318695068359375000000000000        0.425000011920928955078125000000000000         6.30000010132789611816406250000000000E-0002  0.870056494511586616800702331296776776        0.129943505488413383199297668703223248         0.00000000000000000000000000000000000        0.683022559859958444886526535977552353        0.167811590859605266884724425470909642        0.129098359310438402074632433326122454         2500.00000000000000000000000000000000        0.300000011920928955078125000000000000        -1.00000000000000000000000000000000000         4.50000000000000000000000000000000000         50.0000000000000000000000000000000000         2.33485237549107407150180853800158691         2.33477579757719250380811747578239507         2.33477579757719250380811747578239507         2.33477579757719250380811747578239507         2.33477579757719250380811747578239507         0.00000000000000000000000000000000000        -3.27988297467503921651964926198922717E-0003   10666.7099079768304935266851808215565         16162.5562383880083156721259554282346      
   26.1267522556344429096957856567219458         0.00000000000000000000000000000000000         0.00000000000000000000000000000000000        0.849999999999999999999999999999999981        0.150000000000000000000000000000000019        0.724999999999999999999999999999999981        0.275000000000000000000000000000000019        0.512000024318695068359375000000000000        0.425000011920928955078125000000000000         6.30000010132789611816406250000000000E-0002  0.870056494511586616800702331296776776        0.129943505488413383199297668703223248         0.00000000000000000000000000000000000        0.683022559859958444886526535977552353        0.167811590859605266884724425470909642        0.129098359310438402074632433326122454         2500.00000000000000000000000000000000        0.300000011920928955078125000000000000        -1.00000000000000000000000000000000000         4.50000000000000000000000000000000000         50.0000000000000000000000000000000000         2.35572142810754618461335389358136778         2.35570802947660219854391397303398061         2.35570802947660219854391397303398061         2.35570802947660219854391397303398061         2.35570802947660219854391397303398061         0.00000000000000000000000000000000000        -5.68772987837674210990358842548188562E-0004   11347.9646372511326284255564373812224         16426.1641728955754061701180111975288      
   27.3643999707479270007413801432196356         0.00000000000000000000000000000000000         0.00000000000000000000000000000000000        0.849999999999999999999999999999999981        0.150000000000000000000000000000000019        0.724999999999999999999999999999999981        0.275000000000000000000000000000000019        0.512000024318695068359375000000000000        0.425000011920928955078125000000000000         6.30000010132789611816406250000000000E-0002  0.870056494511586616800702331296776776        0.129943505488413383199297668703223248         0.00000000000000000000000000000000000        0.683022559859958444886526535977552353        0.167811590859605266884724425470909642        0.129098359310438402074632433326122454         2500.00000000000000000000000000000000        0.300000011920928955078125000000000000        -1.00000000000000000000000000000000000         4.50000000000000000000000000000000000         50.0000000000000000000000000000000000         2.37656569792728603354302916019841416         2.37654385061728216419281637669530780         2.37654385061728216419281637669530780         2.37654385061728216419281637669530780         2.37654385061728216419281637669530780         0.00000000000000000000000000000000000        -9.19289160105114079426587907996898561E-0004   12094.8442777558876722785569421938818         16701.2201852334940285906436585573529      
   28.6606761694837981427111233968978527         0.00000000000000000000000000000000000         0.00000000000000000000000000000000000        0.849999999999999999999999999999999981        0.150000000000000000000000000000000019        0.724999999999999999999999999999999981        0.275000000000000000000000000000000019        0.512000024318695068359375000000000000        0.425000011920928955078125000000000000         6.30000010132789611816406250000000000E-0002  0.870056494511586616800702331296776776        0.129943505488413383199297668703223248         0.00000000000000000000000000000000000        0.683022559859958444886526535977552353        0.167811590859605266884724425470909642        0.129098359310438402074632433326122454         2500.00000000000000000000000000000000        0.300000011920928955078125000000000000        -1.00000000000000000000000000000000000         4.50000000000000000000000000000000000         50.0000000000000000000000000000000000         2.39735850488473708791401303926330252         2.39735529627528166507241524483201055         2.39735529627528166507241524483201055         2.39735529627528166507241524483201055         2.39735529627528166507241524483201055         0.00000000000000000000000000000000000        -1.33839546453877225622164490923330039E-0004   12881.4153551065000676694284828454268         16980.4128120153341906135790402970509      
   30.0183581357572497063742795553511495         0.00000000000000000000000000000000000         0.00000000000000000000000000000000000        0.849999999999999999999999999999999981        0.150000000000000000000000000000000019        0.724999999999999999999999999999999981        0.275000000000000000000000000000000019        0.512000024318695068359375000000000000        0.425000011920928955078125000000000000         6.30000010132789611816406250000000000E-0002  0.870056494511586616800702331296776776        0.129943505488413383199297668703223248         0.00000000000000000000000000000000000        0.683022559859958444886526535977552353        0.167811590859605266884724425470909642        0.129098359310438402074632433326122454         2500.00000000000000000000000000000000        0.300000011920928955078125000000000000        -1.00000000000000000000000000000000000         4.50000000000000000000000000000000000         50.0000000000000000000000000000000000         2.41809731761854655108063756841760997         2.41809324381014177644168933097316259         2.41809324381014177644168933097316259         2.41809324381014177644168933097316259         2.41809324381014177644168933097316259         0.00000000000000000000000000000000000        -1.68471931973790203661693375308281336E-0004   13723.0153552147316182795149855706890         17266.8337635500557997862541330033535      
   31.4403547159164261088988818749477531         0.00000000000000000000000000000000000         0.00000000000000000000000000000000000        0.849999999999999999999999999999999981        0.150000000000000000000000000000000019        0.724999999999999999999999999999999981        0.275000000000000000000000000000000019        0.512000024318695068359375000000000000        0.425000011920928955078125000000000000         6.30000010132789611816406250000000000E-0002  0.870056494511586616800702331296776776        0.129943505488413383199297668703223248         0.00000000000000000000000000000000000        0.683022559859958444886526535977552353        0.167811590859605266884724425470909642        0.129098359310438402074632433326122454         2500.00000000000000000000000000000000        0.300000011920928955078125000000000000        -1.00000000000000000000000000000000000         4.50000000000000000000000000000000000         50.0000000000000000000000000000000000         2.43877265623969372912257096230050456         2.43876663627348074746357621088258586         2.43876663627348074746357621088258586         2.43876663627348074746357621088258586         2.43876663627348074746357621088258586         0.00000000000000000000000000000000000        -2.46844701064976610628221240624609883E-0004   14624.9371881306231741550769423383709         17561.1643409983163890155309694054213      
   32.9297125509730094348267134385588767         0.00000000000000000000000000000000000         0.00000000000000000000000000000000000        0.849999999999999999999999999999999981        0.150000000000000000000000000000000019        0.724999999999999999999999999999999981        0.275000000000000000000000000000000019        0.512000024318695068359375000000000000        0.425000011920928955078125000000000000         6.30000010132789611816406250000000000E-0002  0.870056494511586616800702331296776776        0.129943505488413383199297668703223248         0.00000000000000000000000000000000000        0.683022559859958444886526535977552353        0.167811590859605266884724425470909642        0.129098359310438402074632433326122454         2500.00000000000000000000000000000000        0.300000011920928955078125000000000000        -1.00000000000000000000000000000000000         4.50000000000000000000000000000000000         50.0000000000000000000000000000000000         2.45936910452485907199345597753971146         2.45935271250768346942920128616619663         2.45935271250768346942920128616619663         2.45935271250768346942920128616619663         2.45935271250768346942920128616619663         0.00000000000000000000000000000000000        -6.66517539035237207088462156275120313E-0004   15592.9240466240186324710578272945387         17864.1049243229143447967445433425473      
   34.4896226040591652356324616013479640         0.00000000000000000000000000000000000         0.00000000000000000000000000000000000        0.849999999999999999999999999999999981        0.150000000000000000000000000000000019        0.724999999999999999999999999999999981        0.275000000000000000000000000000000019        0.512000024318695068359375000000000000        0.425000011920928955078125000000000000         6.30000010132789611816406250000000000E-0002  0.870056494511586616800702331296776776        0.129943505488413383199297668703223248         0.00000000000000000000000000000000000        0.683022559859958444886526535977552353        0.167811590859605266884724425470909642        0.129098359310438402074632433326122454         2500.00000000000000000000000000000000        0.300000011920928955078125000000000000        -1.00000000000000000000000000000000000         4.50000000000000000000000000000000000         50.0000000000000000000000000000000000         2.47987842282226571711893241281345383         2.47986830357536630881350217100094523         2.47986830357536630881350217100094523         2.47986830357536630881350217100094523         2.47986830357536630881350217100094523         0.00000000000000000000000000000000000        -4.08055818319820257425836863897642498E-0004   16629.5192065057903813530322946168082         18175.1087770797123971258573402278316      
   36.1234269970959852434556329432163891         0.00000000000000000000000000000000000         0.00000000000000000000000000000000000        0.849999999999999999999999999999999981        0.150000000000000000000000000000000019        0.724999999999999999999999999999999981        0.275000000000000000000000000000000019        0.512000024318695068359375000000000000        0.425000011920928955078125000000000000         6.30000010132789611816406250000000000E-0002  0.870056494511586616800702331296776776        0.129943505488413383199297668703223248         0.00000000000000000000000000000000000        0.683022559859958444886526535977552353        0.167811590859605266884724425470909642        0.129098359310438402074632433326122454         2500.00000000000000000000000000000000        0.300000011920928955078125000000000000        -1.00000000000000000000000000000000000         4.50000000000000000000000000000000000         50.0000000000000000000000000000000000         2.50028306000886456054110724297732546         2.50025929022662104330905680586447832         2.50025929022662104330905680586447832         2.50025929022662104330905680586447832         2.50025929022662104330905680586447832         0.00000000000000000000000000000000000        -9.50692687611722157149089759023587778E-0004   17742.9022521530912803330230024825052         18495.5028310039175637693056227003969      
   37.8346261713210532672152332780757538         0.00000000000000000000000000000000000         0.00000000000000000000000000000000000        0.849999999999999999999999999999999981        0.150000000000000000000000000000000019        0.724999999999999999999999999999999981        0.275000000000000000000000000000000019        0.512000024318695068359375000000000000        0.425000011920928955078125000000000000         6.30000010132789611816406250000000000E-0002  0.870056494511586616800702331296776776        0.129943505488413383199297668703223248         0.00000000000000000000000000000000000        0.683022559859958444886526535977552353        0.167811590859605266884724425470909642        0.129098359310438402074632433326122454         2500.00000000000000000000000000000000        0.300000011920928955078125000000000000        -1.00000000000000000000000000000000000         4.50000000000000000000000000000000000         50.0000000000000000000000000000000000         2.52057474477296588880566649169266872         2.52056812134880505145826275594771258         2.52056812134880505145826275594771258         2.52056812134880505145826275594771258         2.52056812134880505145826275594771258         0.00000000000000000000000000000000000        -2.62775050780735267128315998399771087E-0004   18939.3615625522779179115551830974420         18825.5454709315234698100075793261024      
   39.6268863870166317486167498635414547         0.00000000000000000000000000000000000         0.00000000000000000000000000000000000        0.849999999999999999999999999999999981        0.150000000000000000000000000000000019        0.724999999999999999999999999999999981        0.275000000000000000000000000000000019        0.512000024318695068359375000000000000        0.425000011920928955078125000000000000         6.30000010132789611816406250000000000E-0002  0.870056494511586616800702331296776776        0.129943505488413383199297668703223248         0.00000000000000000000000000000000000        0.683022559859958444886526535977552353        0.167811590859605266884724425470909642        0.129098359310438402074632433326122454         2500.00000000000000000000000000000000        0.300000011920928955078125000000000000        -1.00000000000000000000000000000000000         4.50000000000000000000000000000000000         50.0000000000000000000000000000000000         2.54073322503906029137868271032348449         2.54071915658527391296533257969573292         2.54071915658527391296533257969573292         2.54071915658527391296533257969573292         2.54071915658527391296533257969573292         0.00000000000000000000000000000000000        -5.53719357368344980527018212383260799E-0004   20223.2525243649804327209904992520764         19165.1238385325047946193607475196265      
   41.5040475785067069671132337416860269         0.00000000000000000000000000000000000         0.00000000000000000000000000000000000        0.849999999999999999999999999999999981        0.150000000000000000000000000000000019        0.724999999999999999999999999999999981        0.275000000000000000000000000000000019        0.512000024318695068359375000000000000        0.425000011920928955078125000000000000         6.30000010132789611816406250000000000E-0002  0.870056494511586616800702331296776776        0.129943505488413383199297668703223248         0.00000000000000000000000000000000000        0.683022559859958444886526535977552353        0.167811590859605266884724425470909642        0.129098359310438402074632433326122454         2500.00000000000000000000000000000000        0.300000011920928955078125000000000000        -1.00000000000000000000000000000000000         4.50000000000000000000000000000000000         50.0000000000000000000000000000000000         2.56074024619554344537779042358858483         2.56069959977415894472435307949696948         2.56069959977415894472435307949696948         2.56069959977415894472435307949696948         2.56069959977415894472435307949696948         0.00000000000000000000000000000000000        -1.58731705148411266268741930452080434E-0003   21602.7995122154551691180926586704776         19514.9524859442268745951150497703876      
   43.4701315812522977450502814228557596         0.00000000000000000000000000000000000         0.00000000000000000000000000000000000        0.849999999999999999999999999999999981        0.150000000000000000000000000000000019        0.724999999999999999999999999999999981        0.275000000000000000000000000000000019        0.512000024318695068359375000000000000        0.425000011920928955078125000000000000         6.30000010132789611816406250000000000E-0002  0.870056494511586616800702331296776776        0.129943505488413383199297668703223248         0.00000000000000000000000000000000000        0.683022559859958444886526535977552353        0.167811590859605266884724425470909642        0.129098359310438402074632433326122454         2500.00000000000000000000000000000000        0.300000011920928955078125000000000000        -1.00000000000000000000000000000000000         4.50000000000000000000000000000000000         50.0000000000000000000000000000000000         2.58059971364821235266364901479050287         2.58065034545143485497715453183922744         2.58065034545143485497715453183922744         2.58065034545143485497715453183922744         2.58065034545143485497715453183922744         0.00000000000000000000000000000000000         1.96197843352719909095009495682482459E-0003   23089.9105921628857423246200796585778         19876.3397441899247920342848678822430      
   45.5293507486716565241505913849878156         0.00000000000000000000000000000000000         0.00000000000000000000000000000000000        0.849999999999999999999999999999999981        0.150000000000000000000000000000000019        0.724999999999999999999999999999999981        0.275000000000000000000000000000000019        0.512000024318695068359375000000000000        0.425000011920928955078125000000000000         6.30000010132789611816406250000000000E-0002  0.870056494511586616800702331296776776        0.129943505488413383199297668703223248         0.00000000000000000000000000000000000        0.683022559859958444886526535977552353        0.167811590859605266884724425470909642        0.129098359310438402074632433326122454         2500.00000000000000000000000000000000        0.300000011920928955078125000000000000        -1.00000000000000000000000000000000000         4.50000000000000000000000000000000000         50.0000000000000000000000000000000000         2.60025573315587751771372820326727441         2.60021587002855664847118490862865006         2.60021587002855664847118490862865006         2.60021587002855664847118490862865006         2.60021587002855664847118490862865006         0.00000000000000000000000000000000000        -1.53306991855377950430845401407605685E-0003   24685.4329648917026438733699499282125         20248.1614533007529087901875474367222      
   47.6861169771469809221183781797401387         0.00000000000000000000000000000000000         0.00000000000000000000000000000000000        0.849999999999999999999999999999999981        0.150000000000000000000000000000000019        0.724999999999999999999999999999999981        0.275000000000000000000000000000000019        0.512000024318695068359375000000000000        0.425000011920928955078125000000000000         6.30000010132789611816406250000000000E-0002  0.870056494511586616800702331296776776        0.129943505488413383199297668703223248         0.00000000000000000000000000000000000        0.683022559859958444886526535977552353        0.167811590859605266884724425470909642        0.129098359310438402074632433326122454         2500.00000000000000000000000000000000        0.300000011920928955078125000000000000        -1.00000000000000000000000000000000000         4.50000000000000000000000000000000000         50.0000000000000000000000000000000000         2.61973807737201340254785221575873158         2.61979265747598212176643713923753095         2.61979265747598212176643713923753095         2.61979265747598212176643713923753095         2.61979265747598212176643713923753095         0.00000000000000000000000000000000000         2.08337495003531977200266326774458828E-0003   26407.0837253129498994029224302010250         20632.3231163223696726252339460536164      
   49.9450511585537973057412883106299450         0.00000000000000000000000000000000000         0.00000000000000000000000000000000000        0.849999999999999999999999999999999981        0.150000000000000000000000000000000019        0.724999999999999999999999999999999981        0.275000000000000000000000000000000019        0.512000024318695068359375000000000000        0.425000011920928955078125000000000000         6.30000010132789611816406250000000000E-0002  0.870056494511586616800702331296776776        0.129943505488413383199297668703223248         0.00000000000000000000000000000000000        0.683022559859958444886526535977552353        0.167811590859605266884724425470909642        0.129098359310438402074632433326122454         2500.00000000000000000000000000000000        0.300000011920928955078125000000000000        -1.00000000000000000000000000000000000         4.50000000000000000000000000000000000         50.0000000000000000000000000000000000         2.63897529105282497536168588198597697         2.63892833351317463629685466106395724         2.63892833351317463629685466106395724         2.63892833351317463629685466106395724         2.63892833351317463629685466106395724         0.00000000000000000000000000000000000        -1.77941701007943015107039819322395337E-0003   28259.9782201864114199840052488329742         21028.9942492390820477466046160623916      
   52.3109930805651492519346455020741169         0.00000000000000000000000000000000000         0.00000000000000000000000000000000000        0.849999999999999999999999999999999981        0.150000000000000000000000000000000019        0.724999999999999999999999999999999981        0.275000000000000000000000000000000019        0.512000024318695068359375000000000000        0.425000011920928955078125000000000000         6.30000010132789611816406250000000000E-0002  0.870056494511586616800702331296776776        0.129943505488413383199297668703223248         0.00000000000000000000000000000000000        0.683022559859958444886526535977552353        0.167811590859605266884724425470909642        0.129098359310438402074632433326122454         2500.00000000000000000000000000000000        0.300000011920928955078125000000000000        -1.00000000000000000000000000000000000         4.50000000000000000000000000000000000         50.0000000000000000000000000000000000         2.65799684491065918863450576197659021         2.65798236579436385800445095691874214         2.65798236579436385800445095691874214         2.65798236579436385800445095691874214         2.65798236579436385800445095691874214         0.00000000000000000000000000000000000        -5.44740871183447654452183192767480517E-0004   30259.5915798417097128432423337233428         21439.0165864221600944621772682650134      
   54.7890117959420854878872849816232285         0.00000000000000000000000000000000000         0.00000000000000000000000000000000000        0.849999999999999999999999999999999981        0.150000000000000000000000000000000019        0.724999999999999999999999999999999981        0.275000000000000000000000000000000019        0.512000024318695068359375000000000000        0.425000011920928955078125000000000000         6.30000010132789611816406250000000000E-0002  0.870056494511586616800702331296776776        0.129943505488413383199297668703223248         0.00000000000000000000000000000000000        0.683022559859958444886526535977552353        0.167811590859605266884724425470909642        0.129098359310438402074632433326122454         2500.00000000000000000000000000000000        0.300000011920928955078125000000000000        -1.00000000000000000000000000000000000         4.50000000000000000000000000000000000         50.0000000000000000000000000000000000         2.67675712560252249852405356528872358         2.67674881128131344983282727077295736         2.67674881128131344983282727077295736         2.67674881128131344983282727077295736         2.67674881128131344983282727077295736         0.00000000000000000000000000000000000        -3.10612679606226076387563377898077300E-0004   32416.4001947731161746288241174604600         21862.6532346922197722009034991689279      
   57.3844164830267494473134630390337038         0.00000000000000000000000000000000000         0.00000000000000000000000000000000000        0.849999999999999999999999999999999981        0.150000000000000000000000000000000019        0.724999999999999999999999999999999981        0.275000000000000000000000000000000019        0.512000024318695068359375000000000000        0.425000011920928955078125000000000000         6.30000010132789611816406250000000000E-0002  0.870056494511586616800702331296776776        0.129943505488413383199297668703223248         0.00000000000000000000000000000000000        0.683022559859958444886526535977552353        0.167811590859605266884724425470909642        0.129098359310438402074632433326122454         2500.00000000000000000000000000000000        0.300000011920928955078125000000000000        -1.00000000000000000000000000000000000         4.50000000000000000000000000000000000         50.0000000000000000000000000000000000         2.69524189869164161782970718801502382         2.69525053241692640302444652245234135         2.69525053241692640302444652245234135         2.69525053241692640302444652245234135         2.69525053241692640302444652245234135         0.00000000000000000000000000000000000         3.20331085401661275590840809014752454E-0004   34744.7715728325932932214024741728263         22300.6063811606765286723963617079280      
   60.1027678207067787613836741752440859         0.00000000000000000000000000000000000         0.00000000000000000000000000000000000        0.849999999999999999999999999999999981        0.150000000000000000000000000000000019        0.724999999999999999999999999999999981        0.275000000000000000000000000000000019        0.512000024318695068359375000000000000        0.425000011920928955078125000000000000         6.30000010132789611816406250000000000E-0002  0.870056494511586616800702331296776776        0.129943505488413383199297668703223248         0.00000000000000000000000000000000000        0.683022559859958444886526535977552353        0.167811590859605266884724425470909642        0.129098359310438402074632433326122454         2500.00000000000000000000000000000000        0.300000011920928955078125000000000000        -1.00000000000000000000000000000000000         4.50000000000000000000000000000000000         50.0000000000000000000000000000000000         2.71341688313676548784009110465907166         2.71335264402356081031548461592719600         2.71335264402356081031548461592719600         2.71335264402356081031548461592719600         2.71335264402356081031548461592719600         0.00000000000000000000000000000000000        -2.36751803515738362584323235274887185E-0003   37260.0309912650512166339883753816754         22754.1408071907939450231557839696482      
   62.9498899022219826103145225233349426         0.00000000000000000000000000000000000         0.00000000000000000000000000000000000        0.849999999999999999999999999999999981        0.150000000000000000000000000000000019        0.724999999999999999999999999999999981        0.275000000000000000000000000000000019        0.512000024318695068359375000000000000        0.425000011920928955078125000000000000         6.30000010132789611816406250000000000E-0002  0.870056494511586616800702331296776776        0.129943505488413383199297668703223248         0.00000000000000000000000000000000000        0.683022559859958444886526535977552353        0.167811590859605266884724425470909642        0.129098359310438402074632433326122454         2500.00000000000000000000000000000000        0.300000011920928955078125000000000000        -1.00000000000000000000000000000000000         4.50000000000000000000000000000000000         50.0000000000000000000000000000000000         2.73129117157702181480231212852120071         2.73131169003379065770022523774136452         2.73131169003379065770022523774136452         2.73131169003379065770022523774136452         2.73131169003379065770022523774136452         0.00000000000000000000000000000000000         7.51230877226943368695026689628959578E-0004   39979.3627206766017007558702931094785         23222.6120835442683781640875596502039      
   65.9318827133387394963924236784617628         0.00000000000000000000000000000000000         0.00000000000000000000000000000000000        0.849999999999999999999999999999999981        0.150000000000000000000000000000000019        0.724999999999999999999999999999999981        0.275000000000000000000000000000000019        0.512000024318695068359375000000000000        0.425000011920928955078125000000000000         6.30000010132789611816406250000000000E-0002  0.870056494511586616800702331296776776        0.129943505488413383199297668703223248         0.00000000000000000000000000000000000        0.683022559859958444886526535977552353        0.167811590859605266884724425470909642        0.129098359310438402074632433326122454         2500.00000000000000000000000000000000        0.300000011920928955078125000000000000        -1.00000000000000000000000000000000000         4.50000000000000000000000000000000000         50.0000000000000000000000000000000000         2.74880760163773683748326451482640572         2.74879346305898604666198608114078346         2.74879346305898604666198608114078346         2.74879346305898604666198608114078346         2.74879346305898604666198608114078346         0.00000000000000000000000000000000000        -5.14355805221420636183939593639729377E-0004   42921.3031107088957594158048979263580         23708.3466852260960121174529624143487      
   69.0551352016267211341221719941803480         0.00000000000000000000000000000000000         0.00000000000000000000000000000000000        0.849999999999999999999999999999999981        0.150000000000000000000000000000000019        0.724999999999999999999999999999999981        0.275000000000000000000000000000000019        0.512000024318695068359375000000000000        0.425000011920928955078125000000000000         6.30000010132789611816406250000000000E-0002  0.870056494511586616800702331296776776        0.129943505488413383199297668703223248         0.00000000000000000000000000000000000        0.683022559859958444886526535977552353        0.167811590859605266884724425470909642        0.129098359310438402074632433326122454         2500.00000000000000000000000000000000        0.300000011920928955078125000000000000        -1.00000000000000000000000000000000000         4.50000000000000000000000000000000000         50.0000000000000000000000000000000000         2.76595844888607435715379395377089909         2.76594587998278154663835943477947752         2.76594587998278154663835943477947752         2.76594587998278154663835943477947752         2.76594587998278154663835943477947752         0.00000000000000000000000000000000000        -4.54416096271874952886762625361309966E-0004   46106.1085719484539746541744017310492         24211.2422882576669474665786956114375      
   72.3263389648389904315881138559222429         0.00000000000000000000000000000000000         0.00000000000000000000000000000000000        0.849999999999999999999999999999999981        0.150000000000000000000000000000000019        0.724999999999999999999999999999999981        0.275000000000000000000000000000000019        0.512000024318695068359375000000000000        0.425000011920928955078125000000000000         6.30000010132789611816406250000000000E-0002  0.870056494511586616800702331296776776        0.129943505488413383199297668703223248         0.00000000000000000000000000000000000        0.683022559859958444886526535977552353        0.167811590859605266884724425470909642        0.129098359310438402074632433326122454         2500.00000000000000000000000000000000        0.300000011920928955078125000000000000        -1.00000000000000000000000000000000000         4.50000000000000000000000000000000000         50.0000000000000000000000000000000000         2.78271426728024828818680716804960513         2.78269383957661995043838632458837982         2.78269383957661995043838632458837982         2.78269383957661995043838632458837982         2.78269383957661995043838632458837982         0.00000000000000000000000000000000000        -7.34098136769720001828515360972981771E-0004   49556.6942465618264209580874255580121         24732.4479740929466607049700809854406      
   75.7525025877229563234538363456045364         0.00000000000000000000000000000000000         0.00000000000000000000000000000000000        0.849999999999999999999999999999999981        0.150000000000000000000000000000000019        0.724999999999999999999999999999999981        0.275000000000000000000000000000000019        0.512000024318695068359375000000000000        0.425000011920928955078125000000000000         6.30000010132789611816406250000000000E-0002  0.870056494511586616800702331296776776        0.129943505488413383199297668703223248         0.00000000000000000000000000000000000        0.683022559859958444886526535977552353        0.167811590859605266884724425470909642        0.129098359310438402074632433326122454         2500.00000000000000000000000000000000        0.300000011920928955078125000000000000        -1.00000000000000000000000000000000000         4.50000000000000000000000000000000000         50.0000000000000000000000000000000000         2.79905579601754868148446764100385057         2.79907615405393018569770536807232273         2.79907615405393018569770536807232273         2.79907615405393018569770536807232273         2.79907615405393018569770536807232273         0.00000000000000000000000000000000000         7.27312701086015973662872456820062766E-0004   53297.7905875401702930526833470906595         25272.5037779976977904381555168405378      
   79.3409666579789374092779396113335383         0.00000000000000000000000000000000000         0.00000000000000000000000000000000000        0.849999999999999999999999999999999981        0.150000000000000000000000000000000019        0.724999999999999999999999999999999981        0.275000000000000000000000000000000019        0.512000024318695068359375000000000000        0.425000011920928955078125000000000000         6.30000010132789611816406250000000000E-0002  0.870056494511586616800702331296776776        0.129943505488413383199297668703223248         0.00000000000000000000000000000000000        0.683022559859958444886526535977552353        0.167811590859605266884724425470909642        0.129098359310438402074632433326122454         2500.00000000000000000000000000000000        0.300000011920928955078125000000000000        -1.00000000000000000000000000000000000         4.50000000000000000000000000000000000         50.0000000000000000000000000000000000         2.81495703731648734050152809628751548         2.81506114906854691596920395918761926         2.81506114906854691596920395918761926         2.81506114906854691596920395918761926         2.81506114906854691596920395918761926         0.00000000000000000000000000000000000         3.69838332265088355874525784999051839E-0003   57357.0632490554968195411976351496296         25832.4493783220877420470846818489163      
   83.0994194935381664732668516345784739         0.00000000000000000000000000000000000         0.00000000000000000000000000000000000        0.849999999999999999999999999999999981        0.150000000000000000000000000000000019        0.724999999999999999999999999999999981        0.275000000000000000000000000000000019        0.512000024318695068359375000000000000        0.425000011920928955078125000000000000         6.30000010132789611816406250000000000E-0002  0.870056494511586616800702331296776776        0.129943505488413383199297668703223248         0.00000000000000000000000000000000000        0.683022559859958444886526535977552353        0.167811590859605266884724425470909642        0.129098359310438402074632433326122454         2500.00000000000000000000000000000000        0.300000011920928955078125000000000000        -1.00000000000000000000000000000000000         4.50000000000000000000000000000000000         50.0000000000000000000000000000000000         2.83036024989624544089072315389879092         2.83026616612411748593991928911953071         2.83026616612411748593991928911953071         2.83026616612411748593991928911953071         2.83026616612411748593991928911953071         0.00000000000000000000000000000000000        -3.32420226952707862456813291590573574E-0003   61776.7078993385447637869539979957303         26415.8842087848343080790524024252957      
   87.0359136148560765360321240320169501         0.00000000000000000000000000000000000         0.00000000000000000000000000000000000        0.849999999999999999999999999999999981        0.150000000000000000000000000000000019        0.724999999999999999999999999999999981        0.275000000000000000000000000000000019        0.512000024318695068359375000000000000        0.425000011920928955078125000000000000         6.30000010132789611816406250000000000E-0002  0.870056494511586616800702331296776776        0.129943505488413383199297668703223248         0.00000000000000000000000000000000000        0.683022559859958444886526535977552353        0.167811590859605266884724425470909642        0.129098359310438402074632433326122454         2500.00000000000000000000000000000000        0.300000011920928955078125000000000000        -1.00000000000000000000000000000000000         4.50000000000000000000000000000000000         50.0000000000000000000000000000000000         2.84528588640274404107109424076511484         2.84523543316943501568732303568095667         2.84523543316943501568732303568095667         2.84523543316943501568732303568095667         2.84523543316943501568732303568095667         0.00000000000000000000000000000000000        -1.77325337372251372631005604551119138E-0003   66559.7920340460512185597234789569505         27018.2475585647983371550805398796406      
   91.1588829975129113180355582295095585         0.00000000000000000000000000000000000         0.00000000000000000000000000000000000        0.849999999999999999999999999999999981        0.150000000000000000000000000000000019        0.724999999999999999999999999999999981        0.275000000000000000000000000000000019        0.512000024318695068359375000000000000        0.425000011920928955078125000000000000         6.30000010132789611816406250000000000E-0002  0.870056494511586616800702331296776776        0.129943505488413383199297668703223248         0.00000000000000000000000000000000000        0.683022559859958444886526535977552353        0.167811590859605266884724425470909642        0.129098359310438402074632433326122454         2500.00000000000000000000000000000000        0.300000011920928955078125000000000000        -1.00000000000000000000000000000000000         4.50000000000000000000000000000000000         50.0000000000000000000000000000000000         2.85969280300919844724241534038804662         2.85971295951864830766371878242906757         2.85971295951864830766371878242906757         2.85971295951864830766371878242906757         2.85971295951864830766371878242906757         0.00000000000000000000000000000000000         7.04843798492740993690995392726356774E-0004   71792.2682862039359414205088295147425         27646.3728351588656172567094512289368      
   95.4771611420855187564395181622441053         0.00000000000000000000000000000000000         0.00000000000000000000000000000000000        0.849999999999999999999999999999999981        0.150000000000000000000000000000000019        0.724999999999999999999999999999999981        0.275000000000000000000000000000000019        0.512000024318695068359375000000000000        0.425000011920928955078125000000000000         6.30000010132789611816406250000000000E-0002  0.870056494511586616800702331296776776        0.129943505488413383199297668703223248         0.00000000000000000000000000000000000        0.683022559859958444886526535977552353        0.167811590859605266884724425470909642        0.129098359310438402074632433326122454         2500.00000000000000000000000000000000        0.300000011920928955078125000000000000        -1.00000000000000000000000000000000000         4.50000000000000000000000000000000000         50.0000000000000000000000000000000000         2.87444673050305795409108294951153743         2.87441621720413546128434050453386005         2.87441621720413546128434050453386005         2.87441621720413546128434050453386005         2.87441621720413546128434050453386005         0.00000000000000000000000000000000000        -1.06154768887896973171713207840750883E-0003   77266.0104661315267108047575305590647         28270.2870246920676281615340699898807      
   100.000000000005197392984105217599543         0.00000000000000000000000000000000000         0.00000000000000000000000000000000000        0.849999999999999999999999999999999981        0.150000000000000000000000000000000019        0.724999999999999999999999999999999981        0.275000000000000000000000000000000019        0.512000024318695068359375000000000000        0.425000011920928955078125000000000000         6.30000010132789611816406250000000000E-0002  0.870056494511586616800702331296776776        0.129943505488413383199297668703223248         0.00000000000000000000000000000000000        0.683022559859958444886526535977552353        0.167811590859605266884724425470909642        0.129098359310438402074632433326122454         2500.00000000000000000000000000000000        0.300000011920928955078125000000000000        -1.00000000000000000000000000000000000         4.50000000000000000000000000000000000         50.0000000000000000000000000000000000         2.89413132224262503300322706554889682         2.89405247329231100976594628765504671         2.89405247329231100976594628765504671         2.89405247329231100976594628765504671         2.89405247329231100976594628765504671         0.00000000000000000000000000000000000        -2.72451695474352148206964098029165240E-0003   81980.8899279892579175914959196009494         28796.4798461387583971276437559637594      
