 mass envelope_frac water_frac mantle_frac core_frac H_frac_envelope He_frac_envelope MgO_frac_mantle SiO2_frac_mantle FeO_frac_mantle Fe_frac_solid_core FeS_frac_solid_core FeO_frac_solid_core Fe_frac_liquid_core FeS_frac_liquid_core FeO_frac_liquid_core T_eq albedo rotation_period age atmospheric_Z 100pa_radius 2000pa_radius transit_radius twothirdsopt_radius condensed_radius diff_v_2000pa diff_v_100pa inner_pressure inner_temperature
   1.00000000000000000000000000000000002E-0002   0.00000000000000000000000000000000000        0.400000000000000000000000000000000019        0.405220884126807094621475073680977824        0.194779115873192905378524926319022157        0.724999999999999999999999999999999981        0.275000000000000000000000000000000019        0.512000024318695068359375000000000000        0.425000011920928955078125000000000000         6.30000010132789611816406250000000000E-0002  0.870056494511586616800702331296776776        0.129943505488413383199297668703223248         0.00000000000000000000000000000000000        0.683022559859958444886526535977552353        0.167811590859605266884724425470909642        0.129098359310438402074632433326122454         278.311176733591166694393935160429533        0.300000011920928955078125000000000000        -1.00000000000000000000000000000000000         4.50000000000000000000000000000000000         50.0000000000000000000000000000000000        0.311208589156063018289682032401002617        0.311208589156063018289682032401002617        0.311208589156063018289682032401002617        0.311208589156063018289682032401002617        0.311208589156063018289682032401002617         0.00000000000000000000000000000000000         0.00000000000000000000000000000000000         7.23843658975317403130835300636917764         1619.27442193801663555906516602549879      
   1.04737089795944979999999999999999994E-0002   0.00000000000000000000000000000000000        0.400000000000000000000000000000000019        0.405220884126807094621475073680977824        0.194779115873192905378524926319022157        0.724999999999999999999999999999999981        0.275000000000000000000000000000000019        0.512000024318695068359375000000000000        0.425000011920928955078125000000000000         6.30000010132789611816406250000000000E-0002  0.870056494511586616800702331296776776        0.129943505488413383199297668703223248         0.00000000000000000000000000000000000        0.683022559859958444886526535977552353        0.167811590859605266884724425470909642        0.129098359310438402074632433326122454         278.311176733591166694393935160429533        0.300000011920928955078125000000000000        -1.00000000000000000000000000000000000         4.50000000000000000000000000000000000         50.0000000000000000000000000000000000        0.315480187991130238041729753827628062        0.315480187991130238041729753827628062        0.315480187991130238041729753827628062        0.315480187991130238041729753827628062        0.315480187991130238041729753827628062         0.00000000000000000000000000000000000         0.00000000000000000000000000000000000         7.47653740809638602787281557392619953         1628.74136402961354418013078856017498      
   1.09698579789238420522548511872003990E-0002   0.00000000000000000000000000000000000        0.400000000000000000000000000000000019        0.405220884126807094621475073680977824        0.194779115873192905378524926319022157        0.724999999999999999999999999999999981        0.275000000000000000000000000000000019        0.512000024318695068359375000000000000        0.425000011920928955078125000000000000         6.30000010132789611816406250000000000E-0002  0.870056494511586616800702331296776776        0.129943505488413383199297668703223248         0.00000000000000000000000000000000000        0.683022559859958444886526535977552353        0.167811590859605266884724425470909642        0.129098359310438402074632433326122454         278.311176733591166694393935160429533        0.300000011920928955078125000000000000        -1.00000000000000000000000000000000000         4.50000000000000000000000000000000000         50.0000000000000000000000000000000000        0.319796616315108421783195648327181260        0.319796616315108421783195648327181260        0.319796616315108421783195648327181260        0.319796616315108421783195648327181260        0.319796616315108421783195648327181260         0.00000000000000000000000000000000000         0.00000000000000000000000000000000000         7.72198259459692530793206088713318800         1638.38888201114170228599234308632835      
   1.14895100018730995888633688328071024E-0002   0.00000000000000000000000000000000000        0.400000000000000000000000000000000019        0.405220884126807094621475073680977824        0.194779115873192905378524926319022157        0.724999999999999999999999999999999981        0.275000000000000000000000000000000019        0.512000024318695068359375000000000000        0.425000011920928955078125000000000000         6.30000010132789611816406250000000000E-0002  0.870056494511586616800702331296776776        0.129943505488413383199297668703223248         0.00000000000000000000000000000000000        0.683022559859958444886526535977552353        0.167811590859605266884724425470909642        0.129098359310438402074632433326122454         278.311176733591166694393935160429533        0.300000011920928955078125000000000000        -1.00000000000000000000000000000000000         4.50000000000000000000000000000000000         50.0000000000000000000000000000000000        0.324160716330937807146470513219014488        0.324160716330937807146470513219014488        0.324160716330937807146470513219014488        0.324160716330937807146470513219014488        0.324160716330937807146470513219014488         0.00000000000000000000000000000000000         0.00000000000000000000000000000000000         7.97486255414534208103802989459118472         1648.32953812615667787996057911493240      
   1.20337784077759080699533028507740594E-0002   0.00000000000000000000000000000000000        0.400000000000000000000000000000000019        0.405220884126807094621475073680977824        0.194779115873192905378524926319022157        0.724999999999999999999999999999999981        0.275000000000000000000000000000000019        0.512000024318695068359375000000000000        0.425000011920928955078125000000000000         6.30000010132789611816406250000000000E-0002  0.870056494511586616800702331296776776        0.129943505488413383199297668703223248         0.00000000000000000000000000000000000        0.683022559859958444886526535977552353        0.167811590859605266884724425470909642        0.129098359310438402074632433326122454         278.311176733591166694393935160429533        0.300000011920928955078125000000000000        -1.00000000000000000000000000000000000         4.50000000000000000000000000000000000         50.0000000000000000000000000000000000        0.328627672184301562331070229216088964        0.328627672184301562331070229216088964        0.328627672184301562331070229216088964        0.328627672184301562331070229216088964        0.328627672184301562331070229216088964         0.00000000000000000000000000000000000         0.00000000000000000000000000000000000         8.23692033491260026692827018053548128         1658.46209146507572307389475937156391      
   1.26038292967972908968014429974629652E-0002   0.00000000000000000000000000000000000        0.400000000000000000000000000000000019        0.405220884126807094621475073680977824        0.194779115873192905378524926319022157        0.724999999999999999999999999999999981        0.275000000000000000000000000000000019        0.512000024318695068359375000000000000        0.425000011920928955078125000000000000         6.30000010132789611816406250000000000E-0002  0.870056494511586616800702331296776776        0.129943505488413383199297668703223248         0.00000000000000000000000000000000000        0.683022559859958444886526535977552353        0.167811590859605266884724425470909642        0.129098359310438402074632433326122454         278.311176733591166694393935160429533        0.300000011920928955078125000000000000        -1.00000000000000000000000000000000000         4.50000000000000000000000000000000000         50.0000000000000000000000000000000000        0.333165556362764701293622220481340894        0.333165556362764701293622220481340894        0.333165556362764701293622220481340894        0.333165556362764701293622220481340894        0.333165556362764701293622220481340894         0.00000000000000000000000000000000000         0.00000000000000000000000000000000000         8.50861984490144216582045763908053817         1668.89543663121071590633273950317131      
   1.32008840083141992917991631746251185E-0002   0.00000000000000000000000000000000000        0.400000000000000000000000000000000019        0.405220884126807094621475073680977824        0.194779115873192905378524926319022157        0.724999999999999999999999999999999981        0.275000000000000000000000000000000019        0.512000024318695068359375000000000000        0.425000011920928955078125000000000000         6.30000010132789611816406250000000000E-0002  0.870056494511586616800702331296776776        0.129943505488413383199297668703223248         0.00000000000000000000000000000000000        0.683022559859958444886526535977552353        0.167811590859605266884724425470909642        0.129098359310438402074632433326122454         278.311176733591166694393935160429533        0.300000011920928955078125000000000000        -1.00000000000000000000000000000000000         4.50000000000000000000000000000000000         50.0000000000000000000000000000000000        0.337797534228430854558209217243556325        0.337797534228430854558209217243556325        0.337797534228430854558209217243556325        0.337797534228430854558209217243556325        0.337797534228430854558209217243556325         0.00000000000000000000000000000000000         0.00000000000000000000000000000000000         8.79005395976386094141257948531276628         1679.62510384909211305967791199247845      
   1.38262217376465838916887111257333255E-0002   0.00000000000000000000000000000000000        0.400000000000000000000000000000000019        0.405220884126807094621475073680977824        0.194779115873192905378524926319022157        0.724999999999999999999999999999999981        0.275000000000000000000000000000000019        0.512000024318695068359375000000000000        0.425000011920928955078125000000000000         6.30000010132789611816406250000000000E-0002  0.870056494511586616800702331296776776        0.129943505488413383199297668703223248         0.00000000000000000000000000000000000        0.683022559859958444886526535977552353        0.167811590859605266884724425470909642        0.129098359310438402074632433326122454         278.311176733591166694393935160429533        0.300000011920928955078125000000000000        -1.00000000000000000000000000000000000         4.50000000000000000000000000000000000         50.0000000000000000000000000000000000        0.342479363573171395604927271021659108        0.342479363573171395604927271021659108        0.342479363573171395604927271021659108        0.342479363573171395604927271021659108        0.342479363573171395604927271021659108         0.00000000000000000000000000000000000         0.00000000000000000000000000000000000         9.07241168678239146688880925114772388         1690.51336667035849265520922723529806      
   1.44811822767453669205644236020971476E-0002   0.00000000000000000000000000000000000        0.400000000000000000000000000000000019        0.405220884126807094621475073680977824        0.194779115873192905378524926319022157        0.724999999999999999999999999999999981        0.275000000000000000000000000000000019        0.512000024318695068359375000000000000        0.425000011920928955078125000000000000         6.30000010132789611816406250000000000E-0002  0.870056494511586616800702331296776776        0.129943505488413383199297668703223248         0.00000000000000000000000000000000000        0.683022559859958444886526535977552353        0.167811590859605266884724425470909642        0.129098359310438402074632433326122454         278.311176733591166694393935160429533        0.300000011920928955078125000000000000        -1.00000000000000000000000000000000000         4.50000000000000000000000000000000000         50.0000000000000000000000000000000000        0.347219223447840210352282930565162124        0.347219223447840210352282930565162124        0.347219223447840210352282930565162124        0.347219223447840210352282930565162124        0.347219223447840210352282930565162124         0.00000000000000000000000000000000000         0.00000000000000000000000000000000000         9.37990197418400463018487991038831496         1701.84010141742571511973090276106121      
   1.51671688847092646313725750372786121E-0002   0.00000000000000000000000000000000000        0.400000000000000000000000000000000019        0.405220884126807094621475073680977824        0.194779115873192905378524926319022157        0.724999999999999999999999999999999981        0.275000000000000000000000000000000019        0.512000024318695068359375000000000000        0.425000011920928955078125000000000000         6.30000010132789611816406250000000000E-0002  0.870056494511586616800702331296776776        0.129943505488413383199297668703223248         0.00000000000000000000000000000000000        0.683022559859958444886526535977552353        0.167811590859605266884724425470909642        0.129098359310438402074632433326122454         278.311176733591166694393935160429533        0.300000011920928955078125000000000000        -1.00000000000000000000000000000000000         4.50000000000000000000000000000000000         50.0000000000000000000000000000000000        0.352120181808535249401017036762053256        0.352120181808535249401017036762053256        0.352120181808535249401017036762053256        0.352120181808535249401017036762053256        0.352120181808535249401017036762053256         0.00000000000000000000000000000000000         0.00000000000000000000000000000000000         9.68900818131637594051034595811615184         1713.28056824949416495660022483532308      
   1.58856512942805692341715952667117983E-0002   0.00000000000000000000000000000000000        0.400000000000000000000000000000000019        0.405220884126807094621475073680977824        0.194779115873192905378524926319022157        0.724999999999999999999999999999999981        0.275000000000000000000000000000000019        0.512000024318695068359375000000000000        0.425000011920928955078125000000000000         6.30000010132789611816406250000000000E-0002  0.870056494511586616800702331296776776        0.129943505488413383199297668703223248         0.00000000000000000000000000000000000        0.683022559859958444886526535977552353        0.167811590859605266884724425470909642        0.129098359310438402074632433326122454         278.311176733591166694393935160429533        0.300000011920928955078125000000000000        -1.00000000000000000000000000000000000         4.50000000000000000000000000000000000         50.0000000000000000000000000000000000        0.357035894718303451107816858887471510        0.357035894718303451107816858887471510        0.357035894718303451107816858887471510        0.357035894718303451107816858887471510        0.357035894718303451107816858887471510         0.00000000000000000000000000000000000         0.00000000000000000000000000000000000         10.0107529069297437492890987298189464         1725.11580382543848137681460941945624      
   1.66381688607613357256321400820289791E-0002   0.00000000000000000000000000000000000        0.400000000000000000000000000000000019        0.405220884126807094621475073680977824        0.194779115873192905378524926319022157        0.724999999999999999999999999999999981        0.275000000000000000000000000000000019        0.512000024318695068359375000000000000        0.425000011920928955078125000000000000         6.30000010132789611816406250000000000E-0002  0.870056494511586616800702331296776776        0.129943505488413383199297668703223248         0.00000000000000000000000000000000000        0.683022559859958444886526535977552353        0.167811590859605266884724425470909642        0.129098359310438402074632433326122454         278.311176733591166694393935160429533        0.300000011920928955078125000000000000        -1.00000000000000000000000000000000000         4.50000000000000000000000000000000000         50.0000000000000000000000000000000000        0.361952385594074256833726062785418191        0.361952385594074256833726062785418191        0.361952385594074256833726062785418191        0.361952385594074256833726062785418191        0.361952385594074256833726062785418191         0.00000000000000000000000000000000000         0.00000000000000000000000000000000000         10.3443212714182089530730383714432199         1737.26131349966591666071894845583070      
   1.74263338600965560876971718594349557E-0002   0.00000000000000000000000000000000000        0.400000000000000000000000000000000019        0.405220884126807094621475073680977824        0.194779115873192905378524926319022157        0.724999999999999999999999999999999981        0.275000000000000000000000000000000019        0.512000024318695068359375000000000000        0.425000011920928955078125000000000000         6.30000010132789611816406250000000000E-0002  0.870056494511586616800702331296776776        0.129943505488413383199297668703223248         0.00000000000000000000000000000000000        0.683022559859958444886526535977552353        0.167811590859605266884724425470909642        0.129098359310438402074632433326122454         278.311176733591166694393935160429533        0.300000011920928955078125000000000000        -1.00000000000000000000000000000000000         4.50000000000000000000000000000000000         50.0000000000000000000000000000000000        0.367032507227436754676636564761313481        0.367032507227436754676636564761313481        0.367032507227436754676636564761313481        0.367032507227436754676636564761313481        0.367032507227436754676636564761313481         0.00000000000000000000000000000000000         0.00000000000000000000000000000000000         10.6851175903355741822362498501229567         1749.61853681955760214065191649074998      
   1.82518349431904949929850662738093818E-0002   0.00000000000000000000000000000000000        0.400000000000000000000000000000000019        0.405220884126807094621475073680977824        0.194779115873192905378524926319022157        0.724999999999999999999999999999999981        0.275000000000000000000000000000000019        0.512000024318695068359375000000000000        0.425000011920928955078125000000000000         6.30000010132789611816406250000000000E-0002  0.870056494511586616800702331296776776        0.129943505488413383199297668703223248         0.00000000000000000000000000000000000        0.683022559859958444886526535977552353        0.167811590859605266884724425470909642        0.129098359310438402074632433326122454         278.311176733591166694393935160429533        0.300000011920928955078125000000000000        -1.00000000000000000000000000000000000         4.50000000000000000000000000000000000         50.0000000000000000000000000000000000        0.372158604996394378131594549705988867        0.372158604996394378131594549705988867        0.372158604996394378131594549705988867        0.372158604996394378131594549705988867        0.372158604996394378131594549705988867         0.00000000000000000000000000000000000         0.00000000000000000000000000000000000         11.0414134797301202652547928261207681         1762.35540999198546266427701868756490      
   1.91164407538570921685539093537247029E-0002   0.00000000000000000000000000000000000        0.400000000000000000000000000000000019        0.405220884126807094621475073680977824        0.194779115873192905378524926319022157        0.724999999999999999999999999999999981        0.275000000000000000000000000000000019        0.512000024318695068359375000000000000        0.425000011920928955078125000000000000         6.30000010132789611816406250000000000E-0002  0.870056494511586616800702331296776776        0.129943505488413383199297668703223248         0.00000000000000000000000000000000000        0.683022559859958444886526535977552353        0.167811590859605266884724425470909642        0.129098359310438402074632433326122454         278.311176733591166694393935160429533        0.300000011920928955078125000000000000        -1.00000000000000000000000000000000000         4.50000000000000000000000000000000000         50.0000000000000000000000000000000000        0.377433536430410257574339475295332674        0.377433536430410257574339475295332674        0.377433536430410257574339475295332674        0.377433536430410257574339475295332674        0.377433536430410257574339475295332674         0.00000000000000000000000000000000000         0.00000000000000000000000000000000000         11.4045970632778350483531757567214435         1775.31284289991388334972264110378509      
   2.00220037181559240923900195423679447E-0002   0.00000000000000000000000000000000000        0.400000000000000000000000000000000019        0.405220884126807094621475073680977824        0.194779115873192905378524926319022157        0.724999999999999999999999999999999981        0.275000000000000000000000000000000019        0.512000024318695068359375000000000000        0.425000011920928955078125000000000000         6.30000010132789611816406250000000000E-0002  0.870056494511586616800702331296776776        0.129943505488413383199297668703223248         0.00000000000000000000000000000000000        0.683022559859958444886526535977552353        0.167811590859605266884724425470909642        0.129098359310438402074632433326122454         278.311176733591166694393935160429533        0.300000011920928955078125000000000000        -1.00000000000000000000000000000000000         4.50000000000000000000000000000000000         50.0000000000000000000000000000000000        0.382679700201761387318264308418350052        0.382679700201761387318264308418350052        0.382679700201761387318264308418350052        0.382679700201761387318264308418350052        0.382679700201761387318264308418350052         0.00000000000000000000000000000000000         0.00000000000000000000000000000000000         11.7880755088062954468885301224315353         1788.67907788076643739670142808215762      
   2.09704640132324128654944033811962271E-0002   0.00000000000000000000000000000000000        0.400000000000000000000000000000000019        0.405220884126807094621475073680977824        0.194779115873192905378524926319022157        0.724999999999999999999999999999999981        0.275000000000000000000000000000000019        0.512000024318695068359375000000000000        0.425000011920928955078125000000000000         6.30000010132789611816406250000000000E-0002  0.870056494511586616800702331296776776        0.129943505488413383199297668703223248         0.00000000000000000000000000000000000        0.683022559859958444886526535977552353        0.167811590859605266884724425470909642        0.129098359310438402074632433326122454         278.311176733591166694393935160429533        0.300000011920928955078125000000000000        -1.00000000000000000000000000000000000         4.50000000000000000000000000000000000         50.0000000000000000000000000000000000        0.388147659061272049350948227754090503        0.388147659061272049350948227754090503        0.388147659061272049350948227754090503        0.388147659061272049350948227754090503        0.388147659061272049350948227754090503         0.00000000000000000000000000000000000         0.00000000000000000000000000000000000         12.1807098151908496743323348947253441         1802.26128543839593548144288389059458      
   2.19638537241655596358102494951593575E-0002   0.00000000000000000000000000000000000        0.400000000000000000000000000000000019        0.405220884126807094621475073680977824        0.194779115873192905378524926319022157        0.724999999999999999999999999999999981        0.275000000000000000000000000000000019        0.512000024318695068359375000000000000        0.425000011920928955078125000000000000         6.30000010132789611816406250000000000E-0002  0.870056494511586616800702331296776776        0.129943505488413383199297668703223248         0.00000000000000000000000000000000000        0.683022559859958444886526535977552353        0.167811590859605266884724425470909642        0.129098359310438402074632433326122454         278.311176733591166694393935160429533        0.300000011920928955078125000000000000        -1.00000000000000000000000000000000000         4.50000000000000000000000000000000000         50.0000000000000000000000000000000000        0.393618865962436054382100371236632487        0.393618865962436054382100371236632487        0.393618865962436054382100371236632487        0.393618865962436054382100371236632487        0.393618865962436054382100371236632487         0.00000000000000000000000000000000000         0.00000000000000000000000000000000000         12.5870593072597587245192178178191796         1816.25520796548503314021217896943592      
   2.30043011977292878351454756950050690E-0002   0.00000000000000000000000000000000000        0.400000000000000000000000000000000019        0.405220884126807094621475073680977824        0.194779115873192905378524926319022157        0.724999999999999999999999999999999981        0.275000000000000000000000000000000019        0.512000024318695068359375000000000000        0.425000011920928955078125000000000000         6.30000010132789611816406250000000000E-0002  0.870056494511586616800702331296776776        0.129943505488413383199297668703223248         0.00000000000000000000000000000000000        0.683022559859958444886526535977552353        0.167811590859605266884724425470909642        0.129098359310438402074632433326122454         278.311176733591166694393935160429533        0.300000011920928955078125000000000000        -1.00000000000000000000000000000000000         4.50000000000000000000000000000000000         50.0000000000000000000000000000000000        0.399171933974645403216280206321734181        0.399171933974645403216280206321734181        0.399171933974645403216280206321734181        0.399171933974645403216280206321734181        0.399171933974645403216280206321734181         0.00000000000000000000000000000000000         0.00000000000000000000000000000000000         13.0139792427664380972899267836717735         1830.70902676430736365273897429501976      
   2.40940356023953707463686306717419161E-0002   0.00000000000000000000000000000000000        0.400000000000000000000000000000000019        0.405220884126807094621475073680977824        0.194779115873192905378524926319022157        0.724999999999999999999999999999999981        0.275000000000000000000000000000000019        0.512000024318695068359375000000000000        0.425000011920928955078125000000000000         6.30000010132789611816406250000000000E-0002  0.870056494511586616800702331296776776        0.129943505488413383199297668703223248         0.00000000000000000000000000000000000        0.683022559859958444886526535977552353        0.167811590859605266884724425470909642        0.129098359310438402074632433326122454         278.311176733591166694393935160429533        0.300000011920928955078125000000000000        -1.00000000000000000000000000000000000         4.50000000000000000000000000000000000         50.0000000000000000000000000000000000        0.404774835098222158531307748891829093        0.404774835098222158531307748891829093        0.404774835098222158531307748891829093        0.404774835098222158531307748891829093        0.404774835098222158531307748891829093         0.00000000000000000000000000000000000         0.00000000000000000000000000000000000         13.4467651115568867779859171584530274         1845.35296828393546739998998565164600      
   2.52353917043477924471827901828532746E-0002   0.00000000000000000000000000000000000        0.400000000000000000000000000000000019        0.405220884126807094621475073680977824        0.194779115873192905378524926319022157        0.724999999999999999999999999999999981        0.275000000000000000000000000000000019        0.512000024318695068359375000000000000        0.425000011920928955078125000000000000         6.30000010132789611816406250000000000E-0002  0.870056494511586616800702331296776776        0.129943505488413383199297668703223248         0.00000000000000000000000000000000000        0.683022559859958444886526535977552353        0.167811590859605266884724425470909642        0.129098359310438402074632433326122454         278.311176733591166694393935160429533        0.300000011920928955078125000000000000        -1.00000000000000000000000000000000000         4.50000000000000000000000000000000000         50.0000000000000000000000000000000000        0.410473191317337468292773185830983876        0.410473191317337468292773185830983876        0.410473191317337468292773185830983876        0.410473191317337468292773185830983876        0.410473191317337468292773185830983876         0.00000000000000000000000000000000000         0.00000000000000000000000000000000000         13.9040009488579875715255280419608033         1860.57046037435380892194366358557166      
   2.64308148697411976990338126706688651E-0002   0.00000000000000000000000000000000000        0.400000000000000000000000000000000019        0.405220884126807094621475073680977824        0.194779115873192905378524926319022157        0.724999999999999999999999999999999981        0.275000000000000000000000000000000019        0.512000024318695068359375000000000000        0.425000011920928955078125000000000000         6.30000010132789611816406250000000000E-0002  0.870056494511586616800702331296776776        0.129943505488413383199297668703223248         0.00000000000000000000000000000000000        0.683022559859958444886526535977552353        0.167811590859605266884724425470909642        0.129098359310438402074632433326122454         278.311176733591166694393935160429533        0.300000011920928955078125000000000000        -1.00000000000000000000000000000000000         4.50000000000000000000000000000000000         50.0000000000000000000000000000000000        0.416339807441163640684934113941062915        0.416339807441163640684934113941062915        0.416339807441163640684934113941062915        0.416339807441163640684934113941062915        0.416339807441163640684934113941062915         0.00000000000000000000000000000000000         0.00000000000000000000000000000000000         14.3654869080145536807174320690267573         1875.75813336529605785160857211862775      
   2.76828663039208164325015985943068658E-0002   0.00000000000000000000000000000000000        0.400000000000000000000000000000000019        0.405220884126807094621475073680977824        0.194779115873192905378524926319022157        0.724999999999999999999999999999999981        0.275000000000000000000000000000000019        0.512000024318695068359375000000000000        0.425000011920928955078125000000000000         6.30000010132789611816406250000000000E-0002  0.870056494511586616800702331296776776        0.129943505488413383199297668703223248         0.00000000000000000000000000000000000        0.683022559859958444886526535977552353        0.167811590859605266884724425470909642        0.129098359310438402074632433326122454         278.311176733591166694393935160429533        0.300000011920928955078125000000000000        -1.00000000000000000000000000000000000         4.50000000000000000000000000000000000         50.0000000000000000000000000000000000        0.422211650855157197448490636327077353        0.422211650855157197448490636327077353        0.422211650855157197448490636327077353        0.422211650855157197448490636327077353        0.422211650855157197448490636327077353         0.00000000000000000000000000000000000         0.00000000000000000000000000000000000         14.8499713188649805160427895810111832         1891.51735883175500948812641152715665      
   2.89942285388289406626051058156534930E-0002   0.00000000000000000000000000000000000        0.400000000000000000000000000000000019        0.405220884126807094621475073680977824        0.194779115873192905378524926319022157        0.724999999999999999999999999999999981        0.275000000000000000000000000000000019        0.512000024318695068359375000000000000        0.425000011920928955078125000000000000         6.30000010132789611816406250000000000E-0002  0.870056494511586616800702331296776776        0.129943505488413383199297668703223248         0.00000000000000000000000000000000000        0.683022559859958444886526535977552353        0.167811590859605266884724425470909642        0.129098359310438402074632433326122454         278.311176733591166694393935160429533        0.300000011920928955078125000000000000        -1.00000000000000000000000000000000000         4.50000000000000000000000000000000000         50.0000000000000000000000000000000000        0.428245127658983982831555243407966983        0.428245127658983982831555243407966983        0.428245127658983982831555243407966983        0.428245127658983982831555243407966983        0.428245127658983982831555243407966983         0.00000000000000000000000000000000000         0.00000000000000000000000000000000000         15.3518892117949869863962098045111513         1907.76138040705445882646893062046032      
   3.03677111803547736840862033878692513E-0002   0.00000000000000000000000000000000000        0.400000000000000000000000000000000019        0.405220884126807094621475073680977824        0.194779115873192905378524926319022157        0.724999999999999999999999999999999981        0.275000000000000000000000000000000019        0.512000024318695068359375000000000000        0.425000011920928955078125000000000000         6.30000010132789611816406250000000000E-0002  0.870056494511586616800702331296776776        0.129943505488413383199297668703223248         0.00000000000000000000000000000000000        0.683022559859958444886526535977552353        0.167811590859605266884724425470909642        0.129098359310438402074632433326122454         278.311176733591166694393935160429533        0.300000011920928955078125000000000000        -1.00000000000000000000000000000000000         4.50000000000000000000000000000000000         50.0000000000000000000000000000000000        0.434286119735651274758937758405655513        0.434286119735651274758937758405655513        0.434286119735651274758937758405655513        0.434286119735651274758937758405655513        0.434286119735651274758937758405655513         0.00000000000000000000000000000000000         0.00000000000000000000000000000000000         15.8716164917812586768106195299888422         1924.37285549532730914908527134247309      
   3.18062569279414025101825130079188269E-0002   0.00000000000000000000000000000000000        0.400000000000000000000000000000000019        0.405220884126807094621475073680977824        0.194779115873192905378524926319022157        0.724999999999999999999999999999999981        0.275000000000000000000000000000000019        0.512000024318695068359375000000000000        0.425000011920928955078125000000000000         6.30000010132789611816406250000000000E-0002  0.870056494511586616800702331296776776        0.129943505488413383199297668703223248         0.00000000000000000000000000000000000        0.683022559859958444886526535977552353        0.167811590859605266884724425470909642        0.129098359310438402074632433326122454         278.311176733591166694393935160429533        0.300000011920928955078125000000000000        -1.00000000000000000000000000000000000         4.50000000000000000000000000000000000         50.0000000000000000000000000000000000        0.440357825960086336116433504946864296        0.440357825960086336116433504946864296        0.440357825960086336116433504946864296        0.440357825960086336116433504946864296        0.440357825960086336116433504946864296         0.00000000000000000000000000000000000         0.00000000000000000000000000000000000         16.4138739438708125112982876864339746         1941.68203008320973609856867622319270      
   3.33129478793469579587899033329322212E-0002   0.00000000000000000000000000000000000        0.400000000000000000000000000000000019        0.405220884126807094621475073680977824        0.194779115873192905378524926319022157        0.724999999999999999999999999999999981        0.275000000000000000000000000000000019        0.512000024318695068359375000000000000        0.425000011920928955078125000000000000         6.30000010132789611816406250000000000E-0002  0.870056494511586616800702331296776776        0.129943505488413383199297668703223248         0.00000000000000000000000000000000000        0.683022559859958444886526535977552353        0.167811590859605266884724425470909642        0.129098359310438402074632433326122454         278.311176733591166694393935160429533        0.300000011920928955078125000000000000        -1.00000000000000000000000000000000000         4.50000000000000000000000000000000000         50.0000000000000000000000000000000000        0.446508188860661487223126689531746928        0.446508188860661487223126689531746928        0.446508188860661487223126689531746928        0.446508188860661487223126689531746928        0.446508188860661487223126689531746928         0.00000000000000000000000000000000000         0.00000000000000000000000000000000000         16.9755898113314515666588888842951208         1959.64537626604753307396864681688810      
   3.48910121340679723117689330325258897E-0002   0.00000000000000000000000000000000000        0.400000000000000000000000000000000019        0.405220884126807094621475073680977824        0.194779115873192905378524926319022157        0.724999999999999999999999999999999981        0.275000000000000000000000000000000019        0.512000024318695068359375000000000000        0.425000011920928955078125000000000000         6.30000010132789611816406250000000000E-0002  0.870056494511586616800702331296776776        0.129943505488413383199297668703223248         0.00000000000000000000000000000000000        0.683022559859958444886526535977552353        0.167811590859605266884724425470909642        0.129098359310438402074632433326122454         278.311176733591166694393935160429533        0.300000011920928955078125000000000000        -1.00000000000000000000000000000000000         4.50000000000000000000000000000000000         50.0000000000000000000000000000000000        0.452703061911623172211092806898954567        0.452703061911623172211092806898954567        0.452703061911623172211092806898954567        0.452703061911623172211092806898954567        0.452703061911623172211092806898954567         0.00000000000000000000000000000000000         0.00000000000000000000000000000000000         17.5645795719831748414399824602635805         1978.64097293992296254666737955307117      
   3.65438307095728310329776802679418081E-0002   0.00000000000000000000000000000000000        0.400000000000000000000000000000000019        0.405220884126807094621475073680977824        0.194779115873192905378524926319022157        0.724999999999999999999999999999999981        0.275000000000000000000000000000000019        0.512000024318695068359375000000000000        0.425000011920928955078125000000000000         6.30000010132789611816406250000000000E-0002  0.870056494511586616800702331296776776        0.129943505488413383199297668703223248         0.00000000000000000000000000000000000        0.683022559859958444886526535977552353        0.167811590859605266884724425470909642        0.129098359310438402074632433326122454         278.311176733591166694393935160429533        0.300000011920928955078125000000000000        -1.00000000000000000000000000000000000         4.50000000000000000000000000000000000         50.0000000000000000000000000000000000        0.458938335420896984000864444573748832        0.458938335420896984000864444573748832        0.458938335420896984000864444573748832        0.458938335420896984000864444573748832        0.458938335420896984000864444573748832         0.00000000000000000000000000000000000         0.00000000000000000000000000000000000         18.1671587812866365537065220917545706         1999.24189330131321794356452534404576      
   3.82749447851634135913727803832376407E-0002   0.00000000000000000000000000000000000        0.400000000000000000000000000000000019        0.405220884126807094621475073680977824        0.194779115873192905378524926319022157        0.724999999999999999999999999999999981        0.275000000000000000000000000000000019        0.512000024318695068359375000000000000        0.425000011920928955078125000000000000         6.30000010132789611816406250000000000E-0002  0.870056494511586616800702331296776776        0.129943505488413383199297668703223248         0.00000000000000000000000000000000000        0.683022559859958444886526535977552353        0.167811590859605266884724425470909642        0.129098359310438402074632433326122454         278.311176733591166694393935160429533        0.300000011920928955078125000000000000        -1.00000000000000000000000000000000000         4.50000000000000000000000000000000000         50.0000000000000000000000000000000000        0.465459761417311751323268098121974204        0.465459761417311751323268098121974204        0.465459761417311751323268098121974204        0.465459761417311751323268098121974204        0.465459761417311751323268098121974204         0.00000000000000000000000000000000000         0.00000000000000000000000000000000000         18.7954330054408099264168272183284740         2022.76367934006331235317611160010127      
   4.00880632889849649039141805889355062E-0002   0.00000000000000000000000000000000000        0.400000000000000000000000000000000019        0.405220884126807094621475073680977824        0.194779115873192905378524926319022157        0.724999999999999999999999999999999981        0.275000000000000000000000000000000019        0.512000024318695068359375000000000000        0.425000011920928955078125000000000000         6.30000010132789611816406250000000000E-0002  0.870056494511586616800702331296776776        0.129943505488413383199297668703223248         0.00000000000000000000000000000000000        0.683022559859958444886526535977552353        0.167811590859605266884724425470909642        0.129098359310438402074632433326122454         278.311176733591166694393935160429533        0.300000011920928955078125000000000000        -1.00000000000000000000000000000000000         4.50000000000000000000000000000000000         50.0000000000000000000000000000000000        0.471919214125218792011338109860040025        0.471919214125218792011338109860040025        0.471919214125218792011338109860040025        0.471919214125218792011338109860040025        0.471919214125218792011338109860040025         0.00000000000000000000000000000000000         0.00000000000000000000000000000000000         19.4551112713930931614250265760886588         2048.95607861189596906945962527477803      
   4.19870708444394372159300809145208468E-0002   0.00000000000000000000000000000000000        0.400000000000000000000000000000000019        0.405220884126807094621475073680977824        0.194779115873192905378524926319022157        0.724999999999999999999999999999999981        0.275000000000000000000000000000000019        0.512000024318695068359375000000000000        0.425000011920928955078125000000000000         6.30000010132789611816406250000000000E-0002  0.870056494511586616800702331296776776        0.129943505488413383199297668703223248         0.00000000000000000000000000000000000        0.683022559859958444886526535977552353        0.167811590859605266884724425470909642        0.129098359310438402074632433326122454         278.311176733591166694393935160429533        0.300000011920928955078125000000000000        -1.00000000000000000000000000000000000         4.50000000000000000000000000000000000         50.0000000000000000000000000000000000        0.478471932600995035286747721361230550        0.478471932600995035286747721361230550        0.478471932600995035286747721361230550        0.478471932600995035286747721361230550        0.478471932600995035286747721361230550         0.00000000000000000000000000000000000         0.00000000000000000000000000000000000         20.1293034267795103046243006304900062         2074.12642250291869563975329441809511      
   4.39760360930275675433071206856609502E-0002   0.00000000000000000000000000000000000        0.400000000000000000000000000000000019        0.405220884126807094621475073680977824        0.194779115873192905378524926319022157        0.724999999999999999999999999999999981        0.275000000000000000000000000000000019        0.512000024318695068359375000000000000        0.425000011920928955078125000000000000         6.30000010132789611816406250000000000E-0002  0.870056494511586616800702331296776776        0.129943505488413383199297668703223248         0.00000000000000000000000000000000000        0.683022559859958444886526535977552353        0.167811590859605266884724425470909642        0.129098359310438402074632433326122454         278.311176733591166694393935160429533        0.300000011920928955078125000000000000        -1.00000000000000000000000000000000000         4.50000000000000000000000000000000000         50.0000000000000000000000000000000000        0.484963416415253640786157798728604977        0.484963416415253640786157798728604977        0.484963416415253640786157798728604977        0.484963416415253640786157798728604977        0.484963416415253640786157798728604977         0.00000000000000000000000000000000000         0.00000000000000000000000000000000000         20.8281593395832713567099914954718171         2097.57389869827997605320756812027093      
   4.60592204114514578978097464129404699E-0002   0.00000000000000000000000000000000000        0.400000000000000000000000000000000019        0.405220884126807094621475073680977824        0.194779115873192905378524926319022157        0.724999999999999999999999999999999981        0.275000000000000000000000000000000019        0.512000024318695068359375000000000000        0.425000011920928955078125000000000000         6.30000010132789611816406250000000000E-0002  0.870056494511586616800702331296776776        0.129943505488413383199297668703223248         0.00000000000000000000000000000000000        0.683022559859958444886526535977552353        0.167811590859605266884724425470909642        0.129098359310438402074632433326122454         278.311176733591166694393935160429533        0.300000011920928955078125000000000000        -1.00000000000000000000000000000000000         4.50000000000000000000000000000000000         50.0000000000000000000000000000000000        0.491745592344164493339309233184168307        0.491745592344164493339309233184168307        0.491745592344164493339309233184168307        0.491745592344164493339309233184168307        0.491745592344164493339309233184168307         0.00000000000000000000000000000000000         0.00000000000000000000000000000000000         21.5572831545841850471453823166834699         2120.44321285019933956050787448560498      
   4.82410870416541323423097474256259733E-0002   0.00000000000000000000000000000000000        0.400000000000000000000000000000000019        0.405220884126807094621475073680977824        0.194779115873192905378524926319022157        0.724999999999999999999999999999999981        0.275000000000000000000000000000000019        0.512000024318695068359375000000000000        0.425000011920928955078125000000000000         6.30000010132789611816406250000000000E-0002  0.870056494511586616800702331296776776        0.129943505488413383199297668703223248         0.00000000000000000000000000000000000        0.683022559859958444886526535977552353        0.167811590859605266884724425470909642        0.129098359310438402074632433326122454         278.311176733591166694393935160429533        0.300000011920928955078125000000000000        -1.00000000000000000000000000000000000         4.50000000000000000000000000000000000         50.0000000000000000000000000000000000        0.498743940165518903052466503475121877        0.498743940165518903052466503475121877        0.498743940165518903052466503475121877        0.498743940165518903052466503475121877        0.498743940165518903052466503475121877         0.00000000000000000000000000000000000         0.00000000000000000000000000000000000         22.3100023472273351963036653765893278         2143.24341591292720002528778780067979      
   5.05263106533572662690193201580239323E-0002   0.00000000000000000000000000000000000        0.400000000000000000000000000000000019        0.405220884126807094621475073680977824        0.194779115873192905378524926319022157        0.724999999999999999999999999999999981        0.275000000000000000000000000000000019        0.512000024318695068359375000000000000        0.425000011920928955078125000000000000         6.30000010132789611816406250000000000E-0002  0.870056494511586616800702331296776776        0.129943505488413383199297668703223248         0.00000000000000000000000000000000000        0.683022559859958444886526535977552353        0.167811590859605266884724425470909642        0.129098359310438402074632433326122454         278.311176733591166694393935160429533        0.300000011920928955078125000000000000        -1.00000000000000000000000000000000000         4.50000000000000000000000000000000000         50.0000000000000000000000000000000000        0.505555400900794368073345744968083668        0.505555400900794368073345744968083668        0.505555400900794368073345744968083668        0.505555400900794368073345744968083668        0.505555400900794368073345744968083668         0.00000000000000000000000000000000000         0.00000000000000000000000000000000000         23.0875117393336428928367772414040701         2165.79987663956178929332724445375168      
   5.29197873595849146847521071145970371E-0002   0.00000000000000000000000000000000000        0.400000000000000000000000000000000019        0.405220884126807094621475073680977824        0.194779115873192905378524926319022157        0.724999999999999999999999999999999981        0.275000000000000000000000000000000019        0.512000024318695068359375000000000000        0.425000011920928955078125000000000000         6.30000010132789611816406250000000000E-0002  0.870056494511586616800702331296776776        0.129943505488413383199297668703223248         0.00000000000000000000000000000000000        0.683022559859958444886526535977552353        0.167811590859605266884724425470909642        0.129098359310438402074632433326122454         278.311176733591166694393935160429533        0.300000011920928955078125000000000000        -1.00000000000000000000000000000000000         4.50000000000000000000000000000000000         50.0000000000000000000000000000000000        0.512650030398424362913537431778007819        0.512650030398424362913537431778007819        0.512650030398424362913537431778007819        0.512650030398424362913537431778007819        0.512650030398424362913537431778007819         0.00000000000000000000000000000000000         0.00000000000000000000000000000000000         23.8939751366731073831240920653400826         2188.77798678864264265218360709360419      
   5.54266452066315930392335611285580509E-0002   0.00000000000000000000000000000000000        0.400000000000000000000000000000000019        0.405220884126807094621475073680977824        0.194779115873192905378524926319022157        0.724999999999999999999999999999999981        0.275000000000000000000000000000000019        0.512000024318695068359375000000000000        0.425000011920928955078125000000000000         6.30000010132789611816406250000000000E-0002  0.870056494511586616800702331296776776        0.129943505488413383199297668703223248         0.00000000000000000000000000000000000        0.683022559859958444886526535977552353        0.167811590859605266884724425470909642        0.129098359310438402074632433326122454         278.311176733591166694393935160429533        0.300000011920928955078125000000000000        -1.00000000000000000000000000000000000         4.50000000000000000000000000000000000         50.0000000000000000000000000000000000        0.519825883000148190186119421800484361        0.519825883000148190186119421800484361        0.519825883000148190186119421800484361        0.519825883000148190186119421800484361        0.519825883000148190186119421800484361         0.00000000000000000000000000000000000         0.00000000000000000000000000000000000         24.7298608994866501932457223376222252         2212.21901054824805661752224595688461      
   5.80522551609495656082146517268962107E-0002   0.00000000000000000000000000000000000        0.400000000000000000000000000000000019        0.405220884126807094621475073680977824        0.194779115873192905378524926319022157        0.724999999999999999999999999999999981        0.275000000000000000000000000000000019        0.512000024318695068359375000000000000        0.425000011920928955078125000000000000         6.30000010132789611816406250000000000E-0002  0.870056494511586616800702331296776776        0.129943505488413383199297668703223248         0.00000000000000000000000000000000000        0.683022559859958444886526535977552353        0.167811590859605266884724425470909642        0.129098359310438402074632433326122454         278.311176733591166694393935160429533        0.300000011920928955078125000000000000        -1.00000000000000000000000000000000000         4.50000000000000000000000000000000000         50.0000000000000000000000000000000000        0.527082881239130318568443920499520358        0.527082881239130318568443920499520358        0.527082881239130318568443920499520358        0.527082881239130318568443920499520358        0.527082881239130318568443920499520358         0.00000000000000000000000000000000000         0.00000000000000000000000000000000000         25.5995753130947978242535866189043064         2236.24332179850339236016692146842130      
   6.08022426164948505065581588806303073E-0002   0.00000000000000000000000000000000000        0.400000000000000000000000000000000019        0.405220884126807094621475073680977824        0.194779115873192905378524926319022157        0.724999999999999999999999999999999981        0.275000000000000000000000000000000019        0.512000024318695068359375000000000000        0.425000011920928955078125000000000000         6.30000010132789611816406250000000000E-0002  0.870056494511586616800702331296776776        0.129943505488413383199297668703223248         0.00000000000000000000000000000000000        0.683022559859958444886526535977552353        0.167811590859605266884724425470909642        0.129098359310438402074632433326122454         278.311176733591166694393935160429533        0.300000011920928955078125000000000000        -1.00000000000000000000000000000000000         4.50000000000000000000000000000000000         50.0000000000000000000000000000000000        0.534446421994885796644512386874635104        0.534446421994885796644512386874635104        0.534446421994885796644512386874635104        0.534446421994885796644512386874635104        0.534446421994885796644512386874635104         0.00000000000000000000000000000000000         0.00000000000000000000000000000000000         26.5154928096854546292414615407210499         2260.96002227780824809991572749888465      
   6.36824994471865380888821842690214039E-0002   0.00000000000000000000000000000000000        0.400000000000000000000000000000000019        0.405220884126807094621475073680977824        0.194779115873192905378524926319022157        0.724999999999999999999999999999999981        0.275000000000000000000000000000000019        0.512000024318695068359375000000000000        0.425000011920928955078125000000000000         6.30000010132789611816406250000000000E-0002  0.870056494511586616800702331296776776        0.129943505488413383199297668703223248         0.00000000000000000000000000000000000        0.683022559859958444886526535977552353        0.167811590859605266884724425470909642        0.129098359310438402074632433326122454         278.311176733591166694393935160429533        0.300000011920928955078125000000000000        -1.00000000000000000000000000000000000         4.50000000000000000000000000000000000         50.0000000000000000000000000000000000        0.541896246700807628386041543742565697        0.541896246700807628386041543742565697        0.541896246700807628386041543742565697        0.541896246700807628386041543742565697        0.541896246700807628386041543742565697         0.00000000000000000000000000000000000         0.00000000000000000000000000000000000         27.4525988793897605656970874965870781         2286.05500230031099361572851746320432      
   6.66991966303019298825804335972346273E-0002   0.00000000000000000000000000000000000        0.400000000000000000000000000000000019        0.405220884126807094621475073680977824        0.194779115873192905378524926319022157        0.724999999999999999999999999999999981        0.275000000000000000000000000000000019        0.512000024318695068359375000000000000        0.425000011920928955078125000000000000         6.30000010132789611816406250000000000E-0002  0.870056494511586616800702331296776776        0.129943505488413383199297668703223248         0.00000000000000000000000000000000000        0.683022559859958444886526535977552353        0.167811590859605266884724425470909642        0.129098359310438402074632433326122454         278.311176733591166694393935160429533        0.300000011920928955078125000000000000        -1.00000000000000000000000000000000000         4.50000000000000000000000000000000000         50.0000000000000000000000000000000000        0.549503059977270638491431009576280015        0.549503059977270638491431009576280015        0.549503059977270638491431009576280015        0.549503059977270638491431009576280015        0.549503059977270638491431009576280015         0.00000000000000000000000000000000000         0.00000000000000000000000000000000000         28.4020617772388412476425370004510994         2311.09782044605952833400146695566408      
   6.98587974678532405490532339768403819E-0002   0.00000000000000000000000000000000000        0.400000000000000000000000000000000019        0.405220884126807094621475073680977824        0.194779115873192905378524926319022157        0.724999999999999999999999999999999981        0.275000000000000000000000000000000019        0.512000024318695068359375000000000000        0.425000011920928955078125000000000000         6.30000010132789611816406250000000000E-0002  0.870056494511586616800702331296776776        0.129943505488413383199297668703223248         0.00000000000000000000000000000000000        0.683022559859958444886526535977552353        0.167811590859605266884724425470909642        0.129098359310438402074632433326122454         278.311176733591166694393935160429533        0.300000011920928955078125000000000000        -1.00000000000000000000000000000000000         4.50000000000000000000000000000000000         50.0000000000000000000000000000000000        0.557196315085561019914506125048793253        0.557196315085561019914506125048793253        0.557196315085561019914506125048793253        0.557196315085561019914506125048793253        0.557196315085561019914506125048793253         0.00000000000000000000000000000000000         0.00000000000000000000000000000000000         29.3985365046957560550810118929378130         2337.17852888559178539940919625517643      
   7.31680714342727864769909562452151975E-0002   0.00000000000000000000000000000000000        0.400000000000000000000000000000000019        0.405220884126807094621475073680977824        0.194779115873192905378524926319022157        0.724999999999999999999999999999999981        0.275000000000000000000000000000000019        0.512000024318695068359375000000000000        0.425000011920928955078125000000000000         6.30000010132789611816406250000000000E-0002  0.870056494511586616800702331296776776        0.129943505488413383199297668703223248         0.00000000000000000000000000000000000        0.683022559859958444886526535977552353        0.167811590859605266884724425470909642        0.129098359310438402074632433326122454         278.311176733591166694393935160429533        0.300000011920928955078125000000000000        -1.00000000000000000000000000000000000         4.50000000000000000000000000000000000         50.0000000000000000000000000000000000        0.565158724948332778282890328686662107        0.565158724948332778282890328686662107        0.565158724948332778282890328686662107        0.565158724948332778282890328686662107        0.565158724948332778282890328686662107         0.00000000000000000000000000000000000         0.00000000000000000000000000000000000         30.4935034736023554803860541571530304         2364.80385579810087182245295565125911      
   7.66341086800754564190942258342304675E-0002   0.00000000000000000000000000000000000        0.400000000000000000000000000000000019        0.405220884126807094621475073680977824        0.194779115873192905378524926319022157        0.724999999999999999999999999999999981        0.275000000000000000000000000000000019        0.512000024318695068359375000000000000        0.425000011920928955078125000000000000         6.30000010132789611816406250000000000E-0002  0.870056494511586616800702331296776776        0.129943505488413383199297668703223248         0.00000000000000000000000000000000000        0.683022559859958444886526535977552353        0.167811590859605266884724425470909642        0.129098359310438402074632433326122454         278.311176733591166694393935160429533        0.300000011920928955078125000000000000        -1.00000000000000000000000000000000000         4.50000000000000000000000000000000000         50.0000000000000000000000000000000000        0.573098580522591731780371673589169443        0.573098580522591731780371673589169443        0.573098580522591731780371673589169443        0.573098580522591731780371673589169443        0.573098580522591731780371673589169443         0.00000000000000000000000000000000000         0.00000000000000000000000000000000000         31.5815071307287064470127471657699829         2392.20493569320282827261373020732582      
   8.02643352225726970636277878857272017E-0002   0.00000000000000000000000000000000000        0.400000000000000000000000000000000019        0.405220884126807094621475073680977824        0.194779115873192905378524926319022157        0.724999999999999999999999999999999981        0.275000000000000000000000000000000019        0.512000024318695068359375000000000000        0.425000011920928955078125000000000000         6.30000010132789611816406250000000000E-0002  0.870056494511586616800702331296776776        0.129943505488413383199297668703223248         0.00000000000000000000000000000000000        0.683022559859958444886526535977552353        0.167811590859605266884724425470909642        0.129098359310438402074632433326122454         278.311176733591166694393935160429533        0.300000011920928955078125000000000000        -1.00000000000000000000000000000000000         4.50000000000000000000000000000000000         50.0000000000000000000000000000000000        0.580923725027945546557825684982488053        0.580923725027945546557825684982488053        0.580923725027945546557825684982488053        0.580923725027945546557825684982488053        0.580923725027945546557825684982488053         0.00000000000000000000000000000000000         0.00000000000000000000000000000000000         32.7037623342685485975958967630301212         2420.14697426116523723862375374447301      
   8.40665288561842607476714319551580939E-0002   0.00000000000000000000000000000000000        0.400000000000000000000000000000000019        0.405220884126807094621475073680977824        0.194779115873192905378524926319022157        0.724999999999999999999999999999999981        0.275000000000000000000000000000000019        0.512000024318695068359375000000000000        0.425000011920928955078125000000000000         6.30000010132789611816406250000000000E-0002  0.870056494511586616800702331296776776        0.129943505488413383199297668703223248         0.00000000000000000000000000000000000        0.683022559859958444886526535977552353        0.167811590859605266884724425470909642        0.129098359310438402074632433326122454         278.311176733591166694393935160429533        0.300000011920928955078125000000000000        -1.00000000000000000000000000000000000         4.50000000000000000000000000000000000         50.0000000000000000000000000000000000        0.589037356126767713102492081613317195        0.589037356126767713102492081613317195        0.589037356126767713102492081613317195        0.589037356126767713102492081613317195        0.589037356126767713102492081613317195         0.00000000000000000000000000000000000         0.00000000000000000000000000000000000         33.9234355549260443897482620865778920         2449.60487839334719526445765152888427      
   8.80488358164357074743307360856496004E-0002   0.00000000000000000000000000000000000        0.400000000000000000000000000000000019        0.405220884126807094621475073680977824        0.194779115873192905378524926319022157        0.724999999999999999999999999999999981        0.275000000000000000000000000000000019        0.512000024318695068359375000000000000        0.425000011920928955078125000000000000         6.30000010132789611816406250000000000E-0002  0.870056494511586616800702331296776776        0.129943505488413383199297668703223248         0.00000000000000000000000000000000000        0.683022559859958444886526535977552353        0.167811590859605266884724425470909642        0.129098359310438402074632433326122454         278.311176733591166694393935160429533        0.300000011920928955078125000000000000        -1.00000000000000000000000000000000000         4.50000000000000000000000000000000000         50.0000000000000000000000000000000000        0.597522573132024447797244576554309085        0.597522573132024447797244576554309085        0.597522573132024447797244576554309085        0.597522573132024447797244576554309085        0.597522573132024447797244576554309085         0.00000000000000000000000000000000000         0.00000000000000000000000000000000000         35.1111105743411255148275068356978533         2478.17638260840214989826496039488117      
   9.22197882333444321945314637778022181E-0002   0.00000000000000000000000000000000000        0.400000000000000000000000000000000019        0.405220884126807094621475073680977824        0.194779115873192905378524926319022157        0.724999999999999999999999999999999981        0.275000000000000000000000000000000019        0.512000024318695068359375000000000000        0.425000011920928955078125000000000000         6.30000010132789611816406250000000000E-0002  0.870056494511586616800702331296776776        0.129943505488413383199297668703223248         0.00000000000000000000000000000000000        0.683022559859958444886526535977552353        0.167811590859605266884724425470909642        0.129098359310438402074632433326122454         278.311176733591166694393935160429533        0.300000011920928955078125000000000000        -1.00000000000000000000000000000000000         4.50000000000000000000000000000000000         50.0000000000000000000000000000000000        0.605801143265318196085788539186905836        0.605801143265318196085788539186905836        0.605801143265318196085788539186905836        0.605801143265318196085788539186905836        0.605801143265318196085788539186905836         0.00000000000000000000000000000000000         0.00000000000000000000000000000000000         36.4029273936474202298811391146909433         2508.61931520330843785663085169615786      
   9.65883224115882606340667665118364882E-0002   0.00000000000000000000000000000000000        0.400000000000000000000000000000000019        0.405220884126807094621475073680977824        0.194779115873192905378524926319022157        0.724999999999999999999999999999999981        0.275000000000000000000000000000000019        0.512000024318695068359375000000000000        0.425000011920928955078125000000000000         6.30000010132789611816406250000000000E-0002  0.870056494511586616800702331296776776        0.129943505488413383199297668703223248         0.00000000000000000000000000000000000        0.683022559859958444886526535977552353        0.167811590859605266884724425470909642        0.129098359310438402074632433326122454         278.311176733591166694393935160429533        0.300000011920928955078125000000000000        -1.00000000000000000000000000000000000         4.50000000000000000000000000000000000         50.0000000000000000000000000000000000        0.614050885764658537735292058906004272        0.614050885764658537735292058906004272        0.614050885764658537735292058906004272        0.614050885764658537735292058906004272        0.614050885764658537735292058906004272         0.00000000000000000000000000000000000         0.00000000000000000000000000000000000         37.7785517306949687028483001814422432         2540.64753136500740615375173219677792      
  0.101163797976622046355106172347094973         0.00000000000000000000000000000000000        0.400000000000000000000000000000000019        0.405220884126807094621475073680977824        0.194779115873192905378524926319022157        0.724999999999999999999999999999999981        0.275000000000000000000000000000000019        0.512000024318695068359375000000000000        0.425000011920928955078125000000000000         6.30000010132789611816406250000000000E-0002  0.870056494511586616800702331296776776        0.129943505488413383199297668703223248         0.00000000000000000000000000000000000        0.683022559859958444886526535977552353        0.167811590859605266884724425470909642        0.129098359310438402074632433326122454         278.311176733591166694393935160429533        0.300000011920928955078125000000000000        -1.00000000000000000000000000000000000         4.50000000000000000000000000000000000         50.0000000000000000000000000000000000        0.622640632291027755735743108885964590        0.622640632291027755735743108885964590        0.622640632291027755735743108885964590        0.622640632291027755735743108885964590        0.622640632291027755735743108885964590         0.00000000000000000000000000000000000         0.00000000000000000000000000000000000         39.2458211002299642878717443450860452         2574.01349315139566833165673605788532      
  0.105956017927763003456833559312410793         0.00000000000000000000000000000000000        0.400000000000000000000000000000000019        0.405220884126807094621475073680977824        0.194779115873192905378524926319022157        0.724999999999999999999999999999999981        0.275000000000000000000000000000000019        0.512000024318695068359375000000000000        0.425000011920928955078125000000000000         6.30000010132789611816406250000000000E-0002  0.870056494511586616800702331296776776        0.129943505488413383199297668703223248         0.00000000000000000000000000000000000        0.683022559859958444886526535977552353        0.167811590859605266884724425470909642        0.129098359310438402074632433326122454         278.311176733591166694393935160429533        0.300000011920928955078125000000000000        -1.00000000000000000000000000000000000         4.50000000000000000000000000000000000         50.0000000000000000000000000000000000        0.631230494235133012883412799878450509        0.631230494235133012883412799878450509        0.631230494235133012883412799878450509        0.631230494235133012883412799878450509        0.631230494235133012883412799878450509         0.00000000000000000000000000000000000         0.00000000000000000000000000000000000         40.6952093187567543063146513924001977         2606.62204208608007557992868247438088      
  0.110975249641208698343586493910800654         0.00000000000000000000000000000000000        0.400000000000000000000000000000000019        0.405220884126807094621475073680977824        0.194779115873192905378524926319022157        0.724999999999999999999999999999999981        0.275000000000000000000000000000000019        0.512000024318695068359375000000000000        0.425000011920928955078125000000000000         6.30000010132789611816406250000000000E-0002  0.870056494511586616800702331296776776        0.129943505488413383199297668703223248         0.00000000000000000000000000000000000        0.683022559859958444886526535977552353        0.167811590859605266884724425470909642        0.129098359310438402074632433326122454         278.311176733591166694393935160429533        0.300000011920928955078125000000000000        -1.00000000000000000000000000000000000         4.50000000000000000000000000000000000         50.0000000000000000000000000000000000        0.639949771053492102367626723209018244        0.639949771053492102367626723209018244        0.639949771053492102367626723209018244        0.639949771053492102367626723209018244        0.639949771053492102367626723209018244         0.00000000000000000000000000000000000         0.00000000000000000000000000000000000         42.2294056626312092239451859032440451         2640.66346755122581397907367435692947      
  0.116232246867986863621532357708454707         0.00000000000000000000000000000000000        0.400000000000000000000000000000000019        0.405220884126807094621475073680977824        0.194779115873192905378524926319022157        0.724999999999999999999999999999999981        0.275000000000000000000000000000000019        0.512000024318695068359375000000000000        0.425000011920928955078125000000000000         6.30000010132789611816406250000000000E-0002  0.870056494511586616800702331296776776        0.129943505488413383199297668703223248         0.00000000000000000000000000000000000        0.683022559859958444886526535977552353        0.167811590859605266884724425470909642        0.129098359310438402074632433326122454         278.311176733591166694393935160429533        0.300000011920928955078125000000000000        -1.00000000000000000000000000000000000         4.50000000000000000000000000000000000         50.0000000000000000000000000000000000        0.648739674709544951170194034596148481        0.648739674709544951170194034596148481        0.648739674709544951170194034596148481        0.648739674709544951170194034596148481        0.648739674709544951170194034596148481         0.00000000000000000000000000000000000         0.00000000000000000000000000000000000         43.9103997957352534576178815731332534         2676.62123839367991244309259284458673      
  0.121738272773967847946541636711935559         0.00000000000000000000000000000000000        0.400000000000000000000000000000000019        0.405220884126807094621475073680977824        0.194779115873192905378524926319022157        0.724999999999999999999999999999999981        0.275000000000000000000000000000000019        0.512000024318695068359375000000000000        0.425000011920928955078125000000000000         6.30000010132789611816406250000000000E-0002  0.870056494511586616800702331296776776        0.129943505488413383199297668703223248         0.00000000000000000000000000000000000        0.683022559859958444886526535977552353        0.167811590859605266884724425470909642        0.129098359310438402074632433326122454         278.311176733591166694393935160429533        0.300000011920928955078125000000000000        -1.00000000000000000000000000000000000         4.50000000000000000000000000000000000         50.0000000000000000000000000000000000        0.657643618051281215550176226322410606        0.657643618051281215550176226322410606        0.657643618051281215550176226322410606        0.657643618051281215550176226322410606        0.657643618051281215550176226322410606         0.00000000000000000000000000000000000         0.00000000000000000000000000000000000         45.5918924529891231172038298919209888         2712.16964240141458114947887667021949      
  0.127505124071303144618257819009567858         0.00000000000000000000000000000000000        0.400000000000000000000000000000000019        0.405220884126807094621475073680977824        0.194779115873192905378524926319022157        0.724999999999999999999999999999999981        0.275000000000000000000000000000000019        0.512000024318695068359375000000000000        0.425000011920928955078125000000000000         6.30000010132789611816406250000000000E-0002  0.870056494511586616800702331296776776        0.129943505488413383199297668703223248         0.00000000000000000000000000000000000        0.683022559859958444886526535977552353        0.167811590859605266884724425470909642        0.129098359310438402074632433326122454         278.311176733591166694393935160429533        0.300000011920928955078125000000000000        -1.00000000000000000000000000000000000         4.50000000000000000000000000000000000         50.0000000000000000000000000000000000        0.666662953239104015327447303709828165        0.666662953239104015327447303709828165        0.666662953239104015327447303709828165        0.666662953239104015327447303709828165        0.666662953239104015327447303709828165         0.00000000000000000000000000000000000         0.00000000000000000000000000000000000         47.3299685112230968208658277883370334         2748.09813767434548516508185503577637      
  0.133545156292991832326932402316673282         0.00000000000000000000000000000000000        0.400000000000000000000000000000000019        0.405220884126807094621475073680977824        0.194779115873192905378524926319022157        0.724999999999999999999999999999999981        0.275000000000000000000000000000000019        0.512000024318695068359375000000000000        0.425000011920928955078125000000000000         6.30000010132789611816406250000000000E-0002  0.870056494511586616800702331296776776        0.129943505488413383199297668703223248         0.00000000000000000000000000000000000        0.683022559859958444886526535977552353        0.167811590859605266884724425470909642        0.129098359310438402074632433326122454         278.311176733591166694393935160429533        0.300000011920928955078125000000000000        -1.00000000000000000000000000000000000         4.50000000000000000000000000000000000         50.0000000000000000000000000000000000        0.675742893039610503815197391025384858        0.675742893039610503815197391025384858        0.675742893039610503815197391025384858        0.675742893039610503815197391025384858        0.675742893039610503815197391025384858         0.00000000000000000000000000000000000         0.00000000000000000000000000000000000         49.2344861088700659174412383262980641         2786.80054083770141336931964776569159      
  0.139871310264725923734212542400487802         0.00000000000000000000000000000000000        0.400000000000000000000000000000000019        0.405220884126807094621475073680977824        0.194779115873192905378524926319022157        0.724999999999999999999999999999999981        0.275000000000000000000000000000000019        0.512000024318695068359375000000000000        0.425000011920928955078125000000000000         6.30000010132789611816406250000000000E-0002  0.870056494511586616800702331296776776        0.129943505488413383199297668703223248         0.00000000000000000000000000000000000        0.683022559859958444886526535977552353        0.167811590859605266884724425470909642        0.129098359310438402074632433326122454         278.311176733591166694393935160429533        0.300000011920928955078125000000000000        -1.00000000000000000000000000000000000         4.50000000000000000000000000000000000         50.0000000000000000000000000000000000        0.685131798150398883346897926928604650        0.685131798150398883346897926928604650        0.685131798150398883346897926928604650        0.685131798150398883346897926928604650        0.685131798150398883346897926928604650         0.00000000000000000000000000000000000         0.00000000000000000000000000000000000         51.1984894601214451410051142598380926         2826.11200972249056162258772775944008      
  0.146497139830730798859885014704254904         0.00000000000000000000000000000000000        0.400000000000000000000000000000000019        0.405220884126807094621475073680977824        0.194779115873192905378524926319022157        0.724999999999999999999999999999999981        0.275000000000000000000000000000000019        0.512000024318695068359375000000000000        0.425000011920928955078125000000000000         6.30000010132789611816406250000000000E-0002  0.870056494511586616800702331296776776        0.129943505488413383199297668703223248         0.00000000000000000000000000000000000        0.683022559859958444886526535977552353        0.167811590859605266884724425470909642        0.129098359310438402074632433326122454         278.311176733591166694393935160429533        0.300000011920928955078125000000000000        -1.00000000000000000000000000000000000         4.50000000000000000000000000000000000         50.0000000000000000000000000000000000        0.694180876397679133904992782245854282        0.694180876397679133904992782245854282        0.694180876397679133904992782245854282        0.694180876397679133904992782245854282        0.694180876397679133904992782245854282         0.00000000000000000000000000000000000         0.00000000000000000000000000000000000         53.2692462451625697911045190016090712         2866.48694549224430126539509550371230      
  0.153436840893003596478571043987610540         0.00000000000000000000000000000000000        0.400000000000000000000000000000000019        0.405220884126807094621475073680977824        0.194779115873192905378524926319022157        0.724999999999999999999999999999999981        0.275000000000000000000000000000000019        0.512000024318695068359375000000000000        0.425000011920928955078125000000000000         6.30000010132789611816406250000000000E-0002  0.870056494511586616800702331296776776        0.129943505488413383199297668703223248         0.00000000000000000000000000000000000        0.683022559859958444886526535977552353        0.167811590859605266884724425470909642        0.129098359310438402074632433326122454         278.311176733591166694393935160429533        0.300000011920928955078125000000000000        -1.00000000000000000000000000000000000         4.50000000000000000000000000000000000         50.0000000000000000000000000000000000        0.703504408095492425676846237837215819        0.703504408095492425676846237837215819        0.703504408095492425676846237837215819        0.703504408095492425676846237837215819        0.703504408095492425676846237837215819         0.00000000000000000000000000000000000         0.00000000000000000000000000000000000         55.4087083298757438731654793309281053         2907.48831343655645465976148461835597      
  0.160705281826166404175411117660175785         0.00000000000000000000000000000000000        0.400000000000000000000000000000000019        0.405220884126807094621475073680977824        0.194779115873192905378524926319022157        0.724999999999999999999999999999999981        0.275000000000000000000000000000000019        0.512000024318695068359375000000000000        0.425000011920928955078125000000000000         6.30000010132789611816406250000000000E-0002  0.870056494511586616800702331296776776        0.129943505488413383199297668703223248         0.00000000000000000000000000000000000        0.683022559859958444886526535977552353        0.167811590859605266884724425470909642        0.129098359310438402074632433326122454         278.311176733591166694393935160429533        0.300000011920928955078125000000000000        -1.00000000000000000000000000000000000         4.50000000000000000000000000000000000         50.0000000000000000000000000000000000        0.713216344444161709944036310815994306        0.713216344444161709944036310815994306        0.713216344444161709944036310815994306        0.713216344444161709944036310815994306        0.713216344444161709944036310815994306         0.00000000000000000000000000000000000         0.00000000000000000000000000000000000         57.7236742853660390847970007148824535         2950.19180088082411787418067346804953      
  0.168318035333098355319523878900328206         0.00000000000000000000000000000000000        0.400000000000000000000000000000000019        0.405220884126807094621475073680977824        0.194779115873192905378524926319022157        0.724999999999999999999999999999999981        0.275000000000000000000000000000000019        0.512000024318695068359375000000000000        0.425000011920928955078125000000000000         6.30000010132789611816406250000000000E-0002  0.870056494511586616800702331296776776        0.129943505488413383199297668703223248         0.00000000000000000000000000000000000        0.683022559859958444886526535977552353        0.167811590859605266884724425470909642        0.129098359310438402074632433326122454         278.311176733591166694393935160429533        0.300000011920928955078125000000000000        -1.00000000000000000000000000000000000         4.50000000000000000000000000000000000         50.0000000000000000000000000000000000        0.722813481590548866443864320152790201        0.722813481590548866443864320152790201        0.722813481590548866443864320152790201        0.722813481590548866443864320152790201        0.722813481590548866443864320152790201         0.00000000000000000000000000000000000         0.00000000000000000000000000000000000         60.0487206995368042426022895952718355         2992.49951033019458047763589675693507      
  0.176291411809597623536968597048402244         0.00000000000000000000000000000000000        0.400000000000000000000000000000000019        0.405220884126807094621475073680977824        0.194779115873192905378524926319022157        0.724999999999999999999999999999999981        0.275000000000000000000000000000000019        0.512000024318695068359375000000000000        0.425000011920928955078125000000000000         6.30000010132789611816406250000000000E-0002  0.870056494511586616800702331296776776        0.129943505488413383199297668703223248         0.00000000000000000000000000000000000        0.683022559859958444886526535977552353        0.167811590859605266884724425470909642        0.129098359310438402074632433326122454         278.311176733591166694393935160429533        0.300000011920928955078125000000000000        -1.00000000000000000000000000000000000         4.50000000000000000000000000000000000         50.0000000000000000000000000000000000        0.732517090810010611233587952620390923        0.732517090810010611233587952620390923        0.732517090810010611233587952620390923        0.732517090810010611233587952620390923        0.732517090810010611233587952620390923         0.00000000000000000000000000000000000         0.00000000000000000000000000000000000         62.4508349084340307044853935551608495         3035.13550767401935266956955824511141      
  0.184642494289557415975419190134436407         0.00000000000000000000000000000000000        0.400000000000000000000000000000000019        0.405220884126807094621475073680977824        0.194779115873192905378524926319022157        0.724999999999999999999999999999999981        0.275000000000000000000000000000000019        0.512000024318695068359375000000000000        0.425000011920928955078125000000000000         6.30000010132789611816406250000000000E-0002  0.870056494511586616800702331296776776        0.129943505488413383199297668703223248         0.00000000000000000000000000000000000        0.683022559859958444886526535977552353        0.167811590859605266884724425470909642        0.129098359310438402074632433326122454         278.311176733591166694393935160429533        0.300000011920928955078125000000000000        -1.00000000000000000000000000000000000         4.50000000000000000000000000000000000         50.0000000000000000000000000000000000        0.742157273161030144077280503561081398        0.742157273161030144077280503561081398        0.742157273161030144077280503561081398        0.742157273161030144077280503561081398        0.742157273161030144077280503561081398         0.00000000000000000000000000000000000         0.00000000000000000000000000000000000         64.9967964929619453132205248194641995         3078.97117670332174174287018255096604      
  0.193389175045526332720793931968250954         0.00000000000000000000000000000000000        0.400000000000000000000000000000000019        0.405220884126807094621475073680977824        0.194779115873192905378524926319022157        0.724999999999999999999999999999999981        0.275000000000000000000000000000000019        0.512000024318695068359375000000000000        0.425000011920928955078125000000000000         6.30000010132789611816406250000000000E-0002  0.870056494511586616800702331296776776        0.129943505488413383199297668703223248         0.00000000000000000000000000000000000        0.683022559859958444886526535977552353        0.167811590859605266884724425470909642        0.129098359310438402074632433326122454         278.311176733591166694393935160429533        0.300000011920928955078125000000000000        -1.00000000000000000000000000000000000         4.50000000000000000000000000000000000         50.0000000000000000000000000000000000        0.752182276486834602633092286067580348        0.752182276486834602633092286067580348        0.752182276486834602633092286067580348        0.752182276486834602633092286067580348        0.752182276486834602633092286067580348         0.00000000000000000000000000000000000         0.00000000000000000000000000000000000         67.5607318471034332801428969231064368         3122.48257762742149527305080657303502      
  0.202550193923070136258493621901443151         0.00000000000000000000000000000000000        0.400000000000000000000000000000000019        0.405220884126807094621475073680977824        0.194779115873192905378524926319022157        0.724999999999999999999999999999999981        0.275000000000000000000000000000000019        0.512000024318695068359375000000000000        0.425000011920928955078125000000000000         6.30000010132789611816406250000000000E-0002  0.870056494511586616800702331296776776        0.129943505488413383199297668703223248         0.00000000000000000000000000000000000        0.683022559859958444886526535977552353        0.167811590859605266884724425470909642        0.129098359310438402074632433326122454         278.311176733591166694393935160429533        0.300000011920928955078125000000000000        -1.00000000000000000000000000000000000         4.50000000000000000000000000000000000         50.0000000000000000000000000000000000        0.762274399908381890135704464673092755        0.762274399908381890135704464673092755        0.762274399908381890135704464673092755        0.762274399908381890135704464673092755        0.762274399908381890135704464673092755         0.00000000000000000000000000000000000         0.00000000000000000000000000000000000         70.3020381074126129456250157018893498         3167.60752163431325022402959503758011      
  0.212145178491066660656421546258877797         0.00000000000000000000000000000000000        0.400000000000000000000000000000000019        0.405220884126807094621475073680977824        0.194779115873192905378524926319022157        0.724999999999999999999999999999999981        0.275000000000000000000000000000000019        0.512000024318695068359375000000000000        0.425000011920928955078125000000000000         6.30000010132789611816406250000000000E-0002  0.870056494511586616800702331296776776        0.129943505488413383199297668703223248         0.00000000000000000000000000000000000        0.683022559859958444886526535977552353        0.167811590859605266884724425470909642        0.129098359310438402074632433326122454         278.311176733591166694393935160429533        0.300000011920928955078125000000000000        -1.00000000000000000000000000000000000         4.50000000000000000000000000000000000         50.0000000000000000000000000000000000        0.772684973463356698821667353105100763        0.772684973463356698821667353105100763        0.772684973463356698821667353105100763        0.772684973463356698821667353105100763        0.772684973463356698821667353105100763         0.00000000000000000000000000000000000         0.00000000000000000000000000000000000         73.1261486717975489346938202430929227         3212.96846344379745530294627773638976      
  0.222194686093956243932729053068759355         0.00000000000000000000000000000000000        0.400000000000000000000000000000000019        0.405220884126807094621475073680977824        0.194779115873192905378524926319022157        0.724999999999999999999999999999999981        0.275000000000000000000000000000000019        0.512000024318695068359375000000000000        0.425000011920928955078125000000000000         6.30000010132789611816406250000000000E-0002  0.870056494511586616800702331296776776        0.129943505488413383199297668703223248         0.00000000000000000000000000000000000        0.683022559859958444886526535977552353        0.167811590859605266884724425470909642        0.129098359310438402074632433326122454         278.311176733591166694393935160429533        0.300000011920928955078125000000000000        -1.00000000000000000000000000000000000         4.50000000000000000000000000000000000         50.0000000000000000000000000000000000        0.783045573810103082099739859415207755        0.783045573810103082099739859415207755        0.783045573810103082099739859415207755        0.783045573810103082099739859415207755        0.783045573810103082099739859415207755         0.00000000000000000000000000000000000         0.00000000000000000000000000000000000         75.9756132153913346391452841372117044         3257.91704313597630960445941048527622      
  0.232720247896045024620482335420595173         0.00000000000000000000000000000000000        0.400000000000000000000000000000000019        0.405220884126807094621475073680977824        0.194779115873192905378524926319022157        0.724999999999999999999999999999999981        0.275000000000000000000000000000000019        0.512000024318695068359375000000000000        0.425000011920928955078125000000000000         6.30000010132789611816406250000000000E-0002  0.870056494511586616800702331296776776        0.129943505488413383199297668703223248         0.00000000000000000000000000000000000        0.683022559859958444886526535977552353        0.167811590859605266884724425470909642        0.129098359310438402074632433326122454         278.311176733591166694393935160429533        0.300000011920928955078125000000000000        -1.00000000000000000000000000000000000         4.50000000000000000000000000000000000         50.0000000000000000000000000000000000        0.793301275879100869190899751385219741        0.793301275879100869190899751385219741        0.793301275879100869190899751385219741        0.793301275879100869190899751385219741        0.793301275879100869190899751385219741         0.00000000000000000000000000000000000         0.00000000000000000000000000000000000         79.0477594146430888574554480196160860         3304.95559481417710784223705652978303      
  0.243744415012226435488952487885240485         0.00000000000000000000000000000000000        0.400000000000000000000000000000000019        0.405220884126807094621475073680977824        0.194779115873192905378524926319022157        0.724999999999999999999999999999999981        0.275000000000000000000000000000000019        0.512000024318695068359375000000000000        0.425000011920928955078125000000000000         6.30000010132789611816406250000000000E-0002  0.870056494511586616800702331296776776        0.129943505488413383199297668703223248         0.00000000000000000000000000000000000        0.683022559859958444886526535977552353        0.167811590859605266884724425470909642        0.129098359310438402074632433326122454         278.311176733591166694393935160429533        0.300000011920928955078125000000000000        -1.00000000000000000000000000000000000         4.50000000000000000000000000000000000         50.0000000000000000000000000000000000        0.803977172043684730477778997461276282        0.803977172043684730477778997461276282        0.803977172043684730477778997461276282        0.803977172043684730477778997461276282        0.803977172043684730477778997461276282         0.00000000000000000000000000000000000         0.00000000000000000000000000000000000         82.2932368045774417355466911458239240         3353.24087967747824635544916910264668      
  0.255290806823956397939774451911334331         0.00000000000000000000000000000000000        0.400000000000000000000000000000000019        0.405220884126807094621475073680977824        0.194779115873192905378524926319022157        0.724999999999999999999999999999999981        0.275000000000000000000000000000000019        0.512000024318695068359375000000000000        0.425000011920928955078125000000000000         6.30000010132789611816406250000000000E-0002  0.870056494511586616800702331296776776        0.129943505488413383199297668703223248         0.00000000000000000000000000000000000        0.683022559859958444886526535977552353        0.167811590859605266884724425470909642        0.129098359310438402074632433326122454         278.311176733591166694393935160429533        0.300000011920928955078125000000000000        -1.00000000000000000000000000000000000         4.50000000000000000000000000000000000         50.0000000000000000000000000000000000        0.814770492548961764796750581557489637        0.814770492548961764796750581557489637        0.814770492548961764796750581557489637        0.814770492548961764796750581557489637        0.814770492548961764796750581557489637         0.00000000000000000000000000000000000         0.00000000000000000000000000000000000         85.5697020469110626355631352279819341         3401.04912746296708470304664662250478      
  0.267384161583999647148154120888094587         0.00000000000000000000000000000000000        0.400000000000000000000000000000000019        0.405220884126807094621475073680977824        0.194779115873192905378524926319022157        0.724999999999999999999999999999999981        0.275000000000000000000000000000000019        0.512000024318695068359375000000000000        0.425000011920928955078125000000000000         6.30000010132789611816406250000000000E-0002  0.870056494511586616800702331296776776        0.129943505488413383199297668703223248         0.00000000000000000000000000000000000        0.683022559859958444886526535977552353        0.167811590859605266884724425470909642        0.129098359310438402074632433326122454         278.311176733591166694393935160429533        0.300000011920928955078125000000000000        -1.00000000000000000000000000000000000         4.50000000000000000000000000000000000         50.0000000000000000000000000000000000        0.825693627573061410348405526698160234        0.825693627573061410348405526698160234        0.825693627573061410348405526698160234        0.825693627573061410348405526698160234        0.825693627573061410348405526698160234         0.00000000000000000000000000000000000         0.00000000000000000000000000000000000         89.0558686593185622131063759832519493         3450.46980470318817438864474888423260      
  0.280050389418368331636181818145177102         0.00000000000000000000000000000000000        0.400000000000000000000000000000000019        0.405220884126807094621475073680977824        0.194779115873192905378524926319022157        0.724999999999999999999999999999999981        0.275000000000000000000000000000000019        0.512000024318695068359375000000000000        0.425000011920928955078125000000000000         6.30000010132789611816406250000000000E-0002  0.870056494511586616800702331296776776        0.129943505488413383199297668703223248         0.00000000000000000000000000000000000        0.683022559859958444886526535977552353        0.167811590859605266884724425470909642        0.129098359310438402074632433326122454         278.311176733591166694393935160429533        0.300000011920928955078125000000000000        -1.00000000000000000000000000000000000         4.50000000000000000000000000000000000         50.0000000000000000000000000000000000        0.836653974589693671027979529521490607        0.836653974589693671027979529521490607        0.836653974589693671027979529521490607        0.836653974589693671027979529521490607        0.836653974589693671027979529521490607         0.00000000000000000000000000000000000         0.00000000000000000000000000000000000         92.6657708208436750488995993163322249         3500.41087561182187681937242279160803      
  0.293316627839010037899556840640473318         0.00000000000000000000000000000000000        0.400000000000000000000000000000000019        0.405220884126807094621475073680977824        0.194779115873192905378524926319022157        0.724999999999999999999999999999999981        0.275000000000000000000000000000000019        0.512000024318695068359375000000000000        0.425000011920928955078125000000000000         6.30000010132789611816406250000000000E-0002  0.870056494511586616800702331296776776        0.129943505488413383199297668703223248         0.00000000000000000000000000000000000        0.683022559859958444886526535977552353        0.167811590859605266884724425470909642        0.129098359310438402074632433326122454         278.311176733591166694393935160429533        0.300000011920928955078125000000000000        -1.00000000000000000000000000000000000         4.50000000000000000000000000000000000         50.0000000000000000000000000000000000        0.847787899711358224572313687602561038        0.847787899711358224572313687602561038        0.847787899711358224572313687602561038        0.847787899711358224572313687602561038        0.847787899711358224572313687602561038         0.00000000000000000000000000000000000         0.00000000000000000000000000000000000         96.4425977903287528631675368197147808         3551.14014809170536639545254958593870      
  0.307211299886181694903675457144820827         0.00000000000000000000000000000000000        0.400000000000000000000000000000000019        0.405220884126807094621475073680977824        0.194779115873192905378524926319022157        0.724999999999999999999999999999999981        0.275000000000000000000000000000000019        0.512000024318695068359375000000000000        0.425000011920928955078125000000000000         6.30000010132789611816406250000000000E-0002  0.870056494511586616800702331296776776        0.129943505488413383199297668703223248         0.00000000000000000000000000000000000        0.683022559859958444886526535977552353        0.167811590859605266884724425470909642        0.129098359310438402074632433326122454         278.311176733591166694393935160429533        0.300000011920928955078125000000000000        -1.00000000000000000000000000000000000         4.50000000000000000000000000000000000         50.0000000000000000000000000000000000        0.859177280232575625683893828216938510        0.859177280232575625683893828216938510        0.859177280232575625683893828216938510        0.859177280232575625683893828216938510        0.859177280232575625683893828216938510         0.00000000000000000000000000000000000         0.00000000000000000000000000000000000         100.232724417892633418742929980831787         3601.59904006154537488164663231390938      
  0.321764175025079939929779942085648449         0.00000000000000000000000000000000000        0.400000000000000000000000000000000019        0.405220884126807094621475073680977824        0.194779115873192905378524926319022157        0.724999999999999999999999999999999981        0.275000000000000000000000000000000019        0.512000024318695068359375000000000000        0.425000011920928955078125000000000000         6.30000010132789611816406250000000000E-0002  0.870056494511586616800702331296776776        0.129943505488413383199297668703223248         0.00000000000000000000000000000000000        0.683022559859958444886526535977552353        0.167811590859605266884724425470909642        0.129098359310438402074632433326122454         278.311176733591166694393935160429533        0.300000011920928955078125000000000000        -1.00000000000000000000000000000000000         4.50000000000000000000000000000000000         50.0000000000000000000000000000000000        0.870618143432681109362524695353329982        0.870618143432681109362524695353329982        0.870618143432681109362524695353329982        0.870618143432681109362524695353329982        0.870618143432681109362524695353329982         0.00000000000000000000000000000000000         0.00000000000000000000000000000000000         103.942624537580334150155619616618218         3650.95619770519128568430131000925125      
  0.337006432927199547555937678304493054         0.00000000000000000000000000000000000        0.400000000000000000000000000000000019        0.405220884126807094621475073680977824        0.194779115873192905378524926319022157        0.724999999999999999999999999999999981        0.275000000000000000000000000000000019        0.512000024318695068359375000000000000        0.425000011920928955078125000000000000         6.30000010132789611816406250000000000E-0002  0.870056494511586616800702331296776776        0.129943505488413383199297668703223248         0.00000000000000000000000000000000000        0.683022559859958444886526535977552353        0.167811590859605266884724425470909642        0.129098359310438402074632433326122454         278.311176733591166694393935160429533        0.300000011920928955078125000000000000        -1.00000000000000000000000000000000000         4.50000000000000000000000000000000000         50.0000000000000000000000000000000000        0.882247872637788066617759661940898656        0.882247872637788066617759661940898656        0.882247872637788066617759661940898656        0.882247872637788066617759661940898656        0.882247872637788066617759661940898656         0.00000000000000000000000000000000000         0.00000000000000000000000000000000000         107.863205897824753931159274950119369         3701.75280599808071497980213174778410      
  0.352970730273072080492371624264509206         0.00000000000000000000000000000000000        0.400000000000000000000000000000000019        0.405220884126807094621475073680977824        0.194779115873192905378524926319022157        0.724999999999999999999999999999999981        0.275000000000000000000000000000000019        0.512000024318695068359375000000000000        0.425000011920928955078125000000000000         6.30000010132789611816406250000000000E-0002  0.870056494511586616800702331296776776        0.129943505488413383199297668703223248         0.00000000000000000000000000000000000        0.683022559859958444886526535977552353        0.167811590859605266884724425470909642        0.129098359310438402074632433326122454         278.311176733591166694393935160429533        0.300000011920928955078125000000000000        -1.00000000000000000000000000000000000         4.50000000000000000000000000000000000         50.0000000000000000000000000000000000        0.894077161802663040885609915515893190        0.894077161802663040885609915515893190        0.894077161802663040885609915515893190        0.894077161802663040885609915515893190        0.894077161802663040885609915515893190         0.00000000000000000000000000000000000         0.00000000000000000000000000000000000         111.868470585684234421411811128489339         3752.78278860625559733353398860690546      
  0.369691270719510256457304422777255813         0.00000000000000000000000000000000000        0.400000000000000000000000000000000019        0.405220884126807094621475073680977824        0.194779115873192905378524926319022157        0.724999999999999999999999999999999981        0.275000000000000000000000000000000019        0.512000024318695068359375000000000000        0.425000011920928955078125000000000000         6.30000010132789611816406250000000000E-0002  0.870056494511586616800702331296776776        0.129943505488413383199297668703223248         0.00000000000000000000000000000000000        0.683022559859958444886526535977552353        0.167811590859605266884724425470909642        0.129098359310438402074632433326122454         278.311176733591166694393935160429533        0.300000011920928955078125000000000000        -1.00000000000000000000000000000000000         4.50000000000000000000000000000000000         50.0000000000000000000000000000000000        0.906020049388547414420130319011410272        0.906020049388547414420130319011410272        0.906020049388547414420130319011410272        0.906020049388547414420130319011410272        0.906020049388547414420130319011410272         0.00000000000000000000000000000000000         0.00000000000000000000000000000000000         116.289430638608893788696608546578853         3807.53173405005195340246155719347659      
  0.387203878181263508459966947142191053         0.00000000000000000000000000000000000        0.400000000000000000000000000000000019        0.405220884126807094621475073680977824        0.194779115873192905378524926319022157        0.724999999999999999999999999999999981        0.275000000000000000000000000000000019        0.512000024318695068359375000000000000        0.425000011920928955078125000000000000         6.30000010132789611816406250000000000E-0002  0.870056494511586616800702331296776776        0.129943505488413383199297668703223248         0.00000000000000000000000000000000000        0.683022559859958444886526535977552353        0.167811590859605266884724425470909642        0.129098359310438402074632433326122454         278.311176733591166694393935160429533        0.300000011920928955078125000000000000        -1.00000000000000000000000000000000000         4.50000000000000000000000000000000000         50.0000000000000000000000000000000000        0.918171408050237589691434219346101386        0.918171408050237589691434219346101386        0.918171408050237589691434219346101386        0.918171408050237589691434219346101386        0.918171408050237589691434219346101386         0.00000000000000000000000000000000000         0.00000000000000000000000000000000000         120.697400058732354458156282857673018         3861.02589100940409937937732956823497      
  0.405546073584091372929320306957881816         0.00000000000000000000000000000000000        0.400000000000000000000000000000000019        0.405220884126807094621475073680977824        0.194779115873192905378524926319022157        0.724999999999999999999999999999999981        0.275000000000000000000000000000000019        0.512000024318695068359375000000000000        0.425000011920928955078125000000000000         6.30000010132789611816406250000000000E-0002  0.870056494511586616800702331296776776        0.129943505488413383199297668703223248         0.00000000000000000000000000000000000        0.683022559859958444886526535977552353        0.167811590859605266884724425470909642        0.129098359310438402074632433326122454         278.311176733591166694393935160429533        0.300000011920928955078125000000000000        -1.00000000000000000000000000000000000         4.50000000000000000000000000000000000         50.0000000000000000000000000000000000        0.930404455281158863359826377744278659        0.930404455281158863359826377744278659        0.930404455281158863359826377744278659        0.930404455281158863359826377744278659        0.930404455281158863359826377744278659         0.00000000000000000000000000000000000         0.00000000000000000000000000000000000         125.529063504894528096500284500199545         3918.22614012219268724411916880222091      
  0.424757155253698885385985478437553801         0.00000000000000000000000000000000000        0.400000000000000000000000000000000019        0.405220884126807094621475073680977824        0.194779115873192905378524926319022157        0.724999999999999999999999999999999981        0.275000000000000000000000000000000019        0.512000024318695068359375000000000000        0.425000011920928955078125000000000000         6.30000010132789611816406250000000000E-0002  0.870056494511586616800702331296776776        0.129943505488413383199297668703223248         0.00000000000000000000000000000000000        0.683022559859958444886526535977552353        0.167811590859605266884724425470909642        0.129098359310438402074632433326122454         278.311176733591166694393935160429533        0.300000011920928955078125000000000000        -1.00000000000000000000000000000000000         4.50000000000000000000000000000000000         50.0000000000000000000000000000000000        0.942885245399938225452507355013548347        0.942885245399938225452507355013548347        0.942885245399938225452507355013548347        0.942885245399938225452507355013548347        0.942885245399938225452507355013548347         0.00000000000000000000000000000000000         0.00000000000000000000000000000000000         130.329036762309882418342974655196204         3973.92658586376432122915482154070063      
  0.444878283112768031811350146623921564         0.00000000000000000000000000000000000        0.400000000000000000000000000000000019        0.405220884126807094621475073680977824        0.194779115873192905378524926319022157        0.724999999999999999999999999999999981        0.275000000000000000000000000000000019        0.512000024318695068359375000000000000        0.425000011920928955078125000000000000         6.30000010132789611816406250000000000E-0002  0.870056494511586616800702331296776776        0.129943505488413383199297668703223248         0.00000000000000000000000000000000000        0.683022559859958444886526535977552353        0.167811590859605266884724425470909642        0.129098359310438402074632433326122454         278.311176733591166694393935160429533        0.300000011920928955078125000000000000        -1.00000000000000000000000000000000000         4.50000000000000000000000000000000000         50.0000000000000000000000000000000000        0.955669914336059697328248546089008135        0.955669914336059697328248546089008135        0.955669914336059697328248546089008135        0.955669914336059697328248546089008135        0.955669914336059697328248546089008135         0.00000000000000000000000000000000000         0.00000000000000000000000000000000000         135.539563403506430447972273741596949         4032.91222741344537648322324185840073      
  0.465952566866478185388067003418371743         0.00000000000000000000000000000000000        0.400000000000000000000000000000000019        0.405220884126807094621475073680977824        0.194779115873192905378524926319022157        0.724999999999999999999999999999999981        0.275000000000000000000000000000000019        0.512000024318695068359375000000000000        0.425000011920928955078125000000000000         6.30000010132789611816406250000000000E-0002  0.870056494511586616800702331296776776        0.129943505488413383199297668703223248         0.00000000000000000000000000000000000        0.683022559859958444886526535977552353        0.167811590859605266884724425470909642        0.129098359310438402074632433326122454         278.311176733591166694393935160429533        0.300000011920928955078125000000000000        -1.00000000000000000000000000000000000         4.50000000000000000000000000000000000         50.0000000000000000000000000000000000        0.968272819668850837719642056887328508        0.968272819668850837719642056887328508        0.968272819668850837719642056887328508        0.968272819668850837719642056887328508        0.968272819668850837719642056887328508         0.00000000000000000000000000000000000         0.00000000000000000000000000000000000         141.035537460604956565293212796623056         4093.61406718186711139661129873834007      
  0.488025158365453833350361152141345848         0.00000000000000000000000000000000000        0.400000000000000000000000000000000019        0.405220884126807094621475073680977824        0.194779115873192905378524926319022157        0.724999999999999999999999999999999981        0.275000000000000000000000000000000019        0.512000024318695068359375000000000000        0.425000011920928955078125000000000000         6.30000010132789611816406250000000000E-0002  0.870056494511586616800702331296776776        0.129943505488413383199297668703223248         0.00000000000000000000000000000000000        0.683022559859958444886526535977552353        0.167811590859605266884724425470909642        0.129098359310438402074632433326122454         278.311176733591166694393935160429533        0.300000011920928955078125000000000000        -1.00000000000000000000000000000000000         4.50000000000000000000000000000000000         50.0000000000000000000000000000000000        0.981354170653826216184689521312048955        0.981354170653826216184689521312048955        0.981354170653826216184689521312048955        0.981354170653826216184689521312048955        0.981354170653826216184689521312048955         0.00000000000000000000000000000000000         0.00000000000000000000000000000000000         146.491093566091366154880772983451602         4152.75543883489253781097071740147693      
  0.511143348344028075836959282509472174         0.00000000000000000000000000000000000        0.400000000000000000000000000000000019        0.405220884126807094621475073680977824        0.194779115873192905378524926319022157        0.724999999999999999999999999999999981        0.275000000000000000000000000000000019        0.512000024318695068359375000000000000        0.425000011920928955078125000000000000         6.30000010132789611816406250000000000E-0002  0.870056494511586616800702331296776776        0.129943505488413383199297668703223248         0.00000000000000000000000000000000000        0.683022559859958444886526535977552353        0.167811590859605266884724425470909642        0.129098359310438402074632433326122454         278.311176733591166694393935160429533        0.300000011920928955078125000000000000        -1.00000000000000000000000000000000000         4.50000000000000000000000000000000000         50.0000000000000000000000000000000000        0.994554759669048496404861537766167408        0.994554759669048496404861537766167408        0.994554759669048496404861537766167408        0.994554759669048496404861537766167408        0.994554759669048496404861537766167408         0.00000000000000000000000000000000000         0.00000000000000000000000000000000000         152.384800397503624992272192160716558         4215.08123744838137597994473256597664      
  0.535356667741084533722548138030577650         0.00000000000000000000000000000000000        0.400000000000000000000000000000000019        0.405220884126807094621475073680977824        0.194779115873192905378524926319022157        0.724999999999999999999999999999999981        0.275000000000000000000000000000000019        0.512000024318695068359375000000000000        0.425000011920928955078125000000000000         6.30000010132789611816406250000000000E-0002  0.870056494511586616800702331296776776        0.129943505488413383199297668703223248         0.00000000000000000000000000000000000        0.683022559859958444886526535977552353        0.167811590859605266884724425470909642        0.129098359310438402074632433326122454         278.311176733591166694393935160429533        0.300000011920928955078125000000000000        -1.00000000000000000000000000000000000         4.50000000000000000000000000000000000         50.0000000000000000000000000000000000         1.00791423570333839810989642699848861         1.00791423570333839810989642699848861         1.00791423570333839810989642699848861         1.00791423570333839810989642699848861         1.00791423570333839810989642699848861         0.00000000000000000000000000000000000         0.00000000000000000000000000000000000         158.573489459389911265257095783735476         4279.10990904775531845994154710077557      
  0.560716993820558519630662000117957924         0.00000000000000000000000000000000000        0.400000000000000000000000000000000019        0.405220884126807094621475073680977824        0.194779115873192905378524926319022157        0.724999999999999999999999999999999981        0.275000000000000000000000000000000019        0.512000024318695068359375000000000000        0.425000011920928955078125000000000000         6.30000010132789611816406250000000000E-0002  0.870056494511586616800702331296776776        0.129943505488413383199297668703223248         0.00000000000000000000000000000000000        0.683022559859958444886526535977552353        0.167811590859605266884724425470909642        0.129098359310438402074632433326122454         278.311176733591166694393935160429533        0.300000011920928955078125000000000000        -1.00000000000000000000000000000000000         4.50000000000000000000000000000000000         50.0000000000000000000000000000000000         1.02159559011836353144056245407609761         1.02159559011836353144056245407609761         1.02159559011836353144056245407609761         1.02159559011836353144056245407609761         1.02159559011836353144056245407609761         0.00000000000000000000000000000000000         0.00000000000000000000000000000000000         165.057260517334889778803228771994838         4344.68927913676539515562413799631967      
  0.587278661318961641324294675315294360         0.00000000000000000000000000000000000        0.400000000000000000000000000000000019        0.405220884126807094621475073680977824        0.194779115873192905378524926319022157        0.724999999999999999999999999999999981        0.275000000000000000000000000000000019        0.512000024318695068359375000000000000        0.425000011920928955078125000000000000         6.30000010132789611816406250000000000E-0002  0.870056494511586616800702331296776776        0.129943505488413383199297668703223248         0.00000000000000000000000000000000000        0.683022559859958444886526535977552353        0.167811590859605266884724425470909642        0.129098359310438402074632433326122454         278.311176733591166694393935160429533        0.300000011920928955078125000000000000        -1.00000000000000000000000000000000000         4.50000000000000000000000000000000000         50.0000000000000000000000000000000000         1.03552689822353062614356790331831733         1.03552689822353062614356790331831733         1.03552689822353062614356790331831733         1.03552689822353062614356790331831733         1.03552689822353062614356790331831733         0.00000000000000000000000000000000000         0.00000000000000000000000000000000000         171.860492988285120959149817834633558         4411.91673569402063238779038242171444      
  0.615098578858064451529164264953569834         0.00000000000000000000000000000000000        0.400000000000000000000000000000000019        0.405220884126807094621475073680977824        0.194779115873192905378524926319022157        0.724999999999999999999999999999999981        0.275000000000000000000000000000000019        0.512000024318695068359375000000000000        0.425000011920928955078125000000000000         6.30000010132789611816406250000000000E-0002  0.870056494511586616800702331296776776        0.129943505488413383199297668703223248         0.00000000000000000000000000000000000        0.683022559859958444886526535977552353        0.167811590859605266884724425470909642        0.129098359310438402074632433326122454         278.311176733591166694393935160429533        0.300000011920928955078125000000000000        -1.00000000000000000000000000000000000         4.50000000000000000000000000000000000         50.0000000000000000000000000000000000         1.04944662070972003713885629467712971         1.04944662070972003713885629467712971         1.04944662070972003713885629467712971         1.04944662070972003713885629467712971         1.04944662070972003713885629467712971         0.00000000000000000000000000000000000         0.00000000000000000000000000000000000         178.943233498495910258934135790228165         4480.26649213616335521056859870786151      
  0.644236350872152408747567964251532425         0.00000000000000000000000000000000000        0.400000000000000000000000000000000019        0.405220884126807094621475073680977824        0.194779115873192905378524926319022157        0.724999999999999999999999999999999981        0.275000000000000000000000000000000019        0.512000024318695068359375000000000000        0.425000011920928955078125000000000000         6.30000010132789611816406250000000000E-0002  0.870056494511586616800702331296776776        0.129943505488413383199297668703223248         0.00000000000000000000000000000000000        0.683022559859958444886526535977552353        0.167811590859605266884724425470909642        0.129098359310438402074632433326122454         278.311176733591166694393935160429533        0.300000011920928955078125000000000000        -1.00000000000000000000000000000000000         4.50000000000000000000000000000000000         50.0000000000000000000000000000000000         1.06377434043247278196105745674666140         1.06377434043247278196105745674666140         1.06377434043247278196105745674666140         1.06377434043247278196105745674666140         1.06377434043247278196105745674666140         0.00000000000000000000000000000000000         0.00000000000000000000000000000000000         186.421550375537194553963500960287069         4551.21098072193544907997949105631110      
  0.674754405311085438667667359428963781         0.00000000000000000000000000000000000        0.400000000000000000000000000000000019        0.405220884126807094621475073680977824        0.194779115873192905378524926319022157        0.724999999999999999999999999999999981        0.275000000000000000000000000000000019        0.512000024318695068359375000000000000        0.425000011920928955078125000000000000         6.30000010132789611816406250000000000E-0002  0.870056494511586616800702331296776776        0.129943505488413383199297668703223248         0.00000000000000000000000000000000000        0.683022559859958444886526535977552353        0.167811590859605266884724425470909642        0.129098359310438402074632433326122454         278.311176733591166694393935160429533        0.300000011920928955078125000000000000        -1.00000000000000000000000000000000000         4.50000000000000000000000000000000000         50.0000000000000000000000000000000000         1.07801080648865932717037260963760070         1.07801080648865932717037260963760070         1.07801080648865932717037260963760070         1.07801080648865932717037260963760070         1.07801080648865932717037260963760070         0.00000000000000000000000000000000000         0.00000000000000000000000000000000000         194.124629692393295891636454888126528         4622.13899685634304382914929558192276      
  0.706718127392766099165833109055340844         0.00000000000000000000000000000000000        0.400000000000000000000000000000000019        0.405220884126807094621475073680977824        0.194779115873192905378524926319022157        0.724999999999999999999999999999999981        0.275000000000000000000000000000000019        0.512000024318695068359375000000000000        0.425000011920928955078125000000000000         6.30000010132789611816406250000000000E-0002  0.870056494511586616800702331296776776        0.129943505488413383199297668703223248         0.00000000000000000000000000000000000        0.683022559859958444886526535977552353        0.167811590859605266884724425470909642        0.129098359310438402074632433326122454         278.311176733591166694393935160429533        0.300000011920928955078125000000000000        -1.00000000000000000000000000000000000         4.50000000000000000000000000000000000         50.0000000000000000000000000000000000         1.09266091445256504971587607497386503         1.09266091445256504971587607497386503         1.09266091445256504971587607497386503         1.09266091445256504971587607497386503         1.09266091445256504971587607497386503         0.00000000000000000000000000000000000         0.00000000000000000000000000000000000         202.258508034989952898887046198487770         4695.73517431540779503766692611380955      
  0.740195999691582266577873530475029904         0.00000000000000000000000000000000000        0.400000000000000000000000000000000019        0.405220884126807094621475073680977824        0.194779115873192905378524926319022157        0.724999999999999999999999999999999981        0.275000000000000000000000000000000019        0.512000024318695068359375000000000000        0.425000011920928955078125000000000000         6.30000010132789611816406250000000000E-0002  0.870056494511586616800702331296776776        0.129943505488413383199297668703223248         0.00000000000000000000000000000000000        0.683022559859958444886526535977552353        0.167811590859605266884724425470909642        0.129098359310438402074632433326122454         278.311176733591166694393935160429533        0.300000011920928955078125000000000000        -1.00000000000000000000000000000000000         4.50000000000000000000000000000000000         50.0000000000000000000000000000000000         1.10727279841744317407262926715601045         1.10727279841744317407262926715601045         1.10727279841744317407262926715601045         1.10727279841744317407262926715601045         1.10727279841744317407262926715601045         0.00000000000000000000000000000000000         0.00000000000000000000000000000000000         210.834695530162025043478878445776660         4771.19146765237170612282398159569443      
  0.775259748862965145759849187317876307         0.00000000000000000000000000000000000        0.400000000000000000000000000000000019        0.405220884126807094621475073680977824        0.194779115873192905378524926319022157        0.724999999999999999999999999999999981        0.275000000000000000000000000000000019        0.512000024318695068359375000000000000        0.425000011920928955078125000000000000         6.30000010132789611816406250000000000E-0002  0.870056494511586616800702331296776776        0.129943505488413383199297668703223248         0.00000000000000000000000000000000000        0.683022559859958444886526535977552353        0.167811590859605266884724425470909642        0.129098359310438402074632433326122454         278.311176733591166694393935160429533        0.300000011920928955078125000000000000        -1.00000000000000000000000000000000000         4.50000000000000000000000000000000000         50.0000000000000000000000000000000000         1.12202603277270970390603042636842872         1.12202603277270970390603042636842872         1.12202603277270970390603042636842872         1.12202603277270970390603042636842872         1.12202603277270970390603042636842872         0.00000000000000000000000000000000000         0.00000000000000000000000000000000000         219.783596507751185775782400025491530         4846.40959838932063408471159282904428      
  0.811984499318421345788851126412103227         0.00000000000000000000000000000000000        0.400000000000000000000000000000000019        0.405220884126807094621475073680977824        0.194779115873192905378524926319022157        0.724999999999999999999999999999999981        0.275000000000000000000000000000000019        0.512000024318695068359375000000000000        0.425000011920928955078125000000000000         6.30000010132789611816406250000000000E-0002  0.870056494511586616800702331296776776        0.129943505488413383199297668703223248         0.00000000000000000000000000000000000        0.683022559859958444886526535977552353        0.167811590859605266884724425470909642        0.129098359310438402074632433326122454         278.311176733591166694393935160429533        0.300000011920928955078125000000000000        -1.00000000000000000000000000000000000         4.50000000000000000000000000000000000         50.0000000000000000000000000000000000         1.13695313880306054969219255809170101         1.13695313880306054969219255809170101         1.13695313880306054969219255809170101         1.13695313880306054969219255809170101         1.13695313880306054969219255809170101         0.00000000000000000000000000000000000         0.00000000000000000000000000000000000         229.437585144018661119585607438756636         4925.26127274033277107091733687290469      
  0.850448934180289219036975673402549010         0.00000000000000000000000000000000000        0.400000000000000000000000000000000019        0.405220884126807094621475073680977824        0.194779115873192905378524926319022157        0.724999999999999999999999999999999981        0.275000000000000000000000000000000019        0.512000024318695068359375000000000000        0.425000011920928955078125000000000000         6.30000010132789611816406250000000000E-0002  0.870056494511586616800702331296776776        0.129943505488413383199297668703223248         0.00000000000000000000000000000000000        0.683022559859958444886526535977552353        0.167811590859605266884724425470909642        0.129098359310438402074632433326122454         278.311176733591166694393935160429533        0.300000011920928955078125000000000000        -1.00000000000000000000000000000000000         4.50000000000000000000000000000000000         50.0000000000000000000000000000000000         1.15200032804964560214889394837593066         1.15200032804964560214889394837593066         1.15200032804964560214889394837593066         1.15200032804964560214889394837593066         1.15200032804964560214889394837593066         0.00000000000000000000000000000000000         0.00000000000000000000000000000000000         239.507191626097970901070826835944638         5005.48989877517749754809242676501589      
  0.890735463861066538871678342365989236         0.00000000000000000000000000000000000        0.400000000000000000000000000000000019        0.405220884126807094621475073680977824        0.194779115873192905378524926319022157        0.724999999999999999999999999999999981        0.275000000000000000000000000000000019        0.512000024318695068359375000000000000        0.425000011920928955078125000000000000         6.30000010132789611816406250000000000E-0002  0.870056494511586616800702331296776776        0.129943505488413383199297668703223248         0.00000000000000000000000000000000000        0.683022559859958444886526535977552353        0.167811590859605266884724425470909642        0.129098359310438402074632433326122454         278.311176733591166694393935160429533        0.300000011920928955078125000000000000        -1.00000000000000000000000000000000000         4.50000000000000000000000000000000000         50.0000000000000000000000000000000000         1.16733343460854125420285978251750265         1.16733343460854125420285978251750265         1.16733343460854125420285978251750265         1.16733343460854125420285978251750265         1.16733343460854125420285978251750265         0.00000000000000000000000000000000000         0.00000000000000000000000000000000000         249.795270607953952140303297727042022         5085.39285970946075208563313398755399      
  0.932930402628492306849122631846463221         0.00000000000000000000000000000000000        0.400000000000000000000000000000000019        0.405220884126807094621475073680977824        0.194779115873192905378524926319022157        0.724999999999999999999999999999999981        0.275000000000000000000000000000000019        0.512000024318695068359375000000000000        0.425000011920928955078125000000000000         6.30000010132789611816406250000000000E-0002  0.870056494511586616800702331296776776        0.129943505488413383199297668703223248         0.00000000000000000000000000000000000        0.683022559859958444886526535977552353        0.167811590859605266884724425470909642        0.129098359310438402074632433326122454         278.311176733591166694393935160429533        0.300000011920928955078125000000000000        -1.00000000000000000000000000000000000         4.50000000000000000000000000000000000         50.0000000000000000000000000000000000         1.18265542865852462108587221548802685         1.18265542865852462108587221548802685         1.18265542865852462108587221548802685         1.18265542865852462108587221548802685         1.18265542865852462108587221548802685         0.00000000000000000000000000000000000         0.00000000000000000000000000000000000         260.678741859201426499515908765716027         5167.54574883049937277844662010321944      
  0.977124153534675033397991232687960264         0.00000000000000000000000000000000000        0.400000000000000000000000000000000019        0.405220884126807094621475073680977824        0.194779115873192905378524926319022157        0.724999999999999999999999999999999981        0.275000000000000000000000000000000019        0.512000024318695068359375000000000000        0.425000011920928955078125000000000000         6.30000010132789611816406250000000000E-0002  0.870056494511586616800702331296776776        0.129943505488413383199297668703223248         0.00000000000000000000000000000000000        0.683022559859958444886526535977552353        0.167811590859605266884724425470909642        0.129098359310438402074632433326122454         278.311176733591166694393935160429533        0.300000011920928955078125000000000000        -1.00000000000000000000000000000000000         4.50000000000000000000000000000000000         50.0000000000000000000000000000000000         1.19818205886975186538516841852081827         1.19818205886975186538516841852081827         1.19818205886975186538516841852081827         1.19818205886975186538516841852081827         1.19818205886975186538516841852081827         0.00000000000000000000000000000000000         0.00000000000000000000000000000000000         272.119365523234598577391983197204383         5251.78549770152685457093229267084569      
   1.02341140210547988401757228923722065         0.00000000000000000000000000000000000        0.400000000000000000000000000000000019        0.405220884126807094621475073680977824        0.194779115873192905378524926319022157        0.724999999999999999999999999999999981        0.275000000000000000000000000000000019        0.512000024318695068359375000000000000        0.425000011920928955078125000000000000         6.30000010132789611816406250000000000E-0002  0.870056494511586616800702331296776776        0.129943505488413383199297668703223248         0.00000000000000000000000000000000000        0.683022559859958444886526535977552353        0.167811590859605266884724425470909642        0.129098359310438402074632433326122454         278.311176733591166694393935160429533        0.300000011920928955078125000000000000        -1.00000000000000000000000000000000000         4.50000000000000000000000000000000000         50.0000000000000000000000000000000000         1.21389145387411479796337511731751249         1.21389145387411479796337511731751249         1.21389145387411479796337511731751249         1.21389145387411479796337511731751249         1.21389145387411479796337511731751249         0.00000000000000000000000000000000000         0.00000000000000000000000000000000000         284.174302735009891838252527256682161         5338.05228203554444355339092337916834      
   1.07189131920515601980676290596541418         0.00000000000000000000000000000000000        0.400000000000000000000000000000000019        0.405220884126807094621475073680977824        0.194779115873192905378524926319022157        0.724999999999999999999999999999999981        0.275000000000000000000000000000000019        0.512000024318695068359375000000000000        0.425000011920928955078125000000000000         6.30000010132789611816406250000000000E-0002  0.870056494511586616800702331296776776        0.129943505488413383199297668703223248         0.00000000000000000000000000000000000        0.683022559859958444886526535977552353        0.167811590859605266884724425470909642        0.129098359310438402074632433326122454         278.311176733591166694393935160429533        0.300000011920928955078125000000000000        -1.00000000000000000000000000000000000         4.50000000000000000000000000000000000         50.0000000000000000000000000000000000         1.22972171507184034796220108998109296         1.22972171507184034796220108998109296         1.22972171507184034796220108998109296         1.22972171507184034796220108998109296         1.22972171507184034796220108998109296         0.00000000000000000000000000000000000         0.00000000000000000000000000000000000         296.881512380737701721075073209256170         5426.75858449103559736025660077893353      
   1.12266777351084349932308213365971722         0.00000000000000000000000000000000000        0.400000000000000000000000000000000019        0.405220884126807094621475073680977824        0.194779115873192905378524926319022157        0.724999999999999999999999999999999981        0.275000000000000000000000000000000019        0.512000024318695068359375000000000000        0.425000011920928955078125000000000000         6.30000010132789611816406250000000000E-0002  0.870056494511586616800702331296776776        0.129943505488413383199297668703223248         0.00000000000000000000000000000000000        0.683022559859958444886526535977552353        0.167811590859605266884724425470909642        0.129098359310438402074632433326122454         278.311176733591166694393935160429533        0.300000011920928955078125000000000000        -1.00000000000000000000000000000000000         4.50000000000000000000000000000000000         50.0000000000000000000000000000000000         1.24576643479495864980007489040654667         1.24576643479495864980007489040654667         1.24576643479495864980007489040654667         1.24576643479495864980007489040654667         1.24576643479495864980007489040654667         0.00000000000000000000000000000000000         0.00000000000000000000000000000000000         310.473310874810476436011235225044402         5519.63628720613522239771435429751523      
   1.17584955405218836587405952039268318         0.00000000000000000000000000000000000        0.400000000000000000000000000000000019        0.405220884126807094621475073680977824        0.194779115873192905378524926319022157        0.724999999999999999999999999999999981        0.275000000000000000000000000000000019        0.512000024318695068359375000000000000        0.425000011920928955078125000000000000         6.30000010132789611816406250000000000E-0002  0.870056494511586616800702331296776776        0.129943505488413383199297668703223248         0.00000000000000000000000000000000000        0.683022559859958444886526535977552353        0.167811590859605266884724425470909642        0.129098359310438402074632433326122454         278.311176733591166694393935160429533        0.300000011920928955078125000000000000        -1.00000000000000000000000000000000000         4.50000000000000000000000000000000000         50.0000000000000000000000000000000000         1.26178714466355616158617803952165227         1.26178714466355616158617803952165227         1.26178714466355616158617803952165227         1.26178714466355616158617803952165227         1.26178714466355616158617803952165227         0.00000000000000000000000000000000000         0.00000000000000000000000000000000000         326.407677666802715819034127527523257         5627.32620749067209453031604983816605      
   1.23155060329285913304393922610526752         0.00000000000000000000000000000000000        0.400000000000000000000000000000000019        0.405220884126807094621475073680977824        0.194779115873192905378524926319022157        0.724999999999999999999999999999999981        0.275000000000000000000000000000000019        0.512000024318695068359375000000000000        0.425000011920928955078125000000000000         6.30000010132789611816406250000000000E-0002  0.870056494511586616800702331296776776        0.129943505488413383199297668703223248         0.00000000000000000000000000000000000        0.683022559859958444886526535977552353        0.167811590859605266884724425470909642        0.129098359310438402074632433326122454         278.311176733591166694393935160429533        0.300000011920928955078125000000000000        -1.00000000000000000000000000000000000         4.50000000000000000000000000000000000         50.0000000000000000000000000000000000         1.27760012905434654436292482786794783         1.27760012905434654436292482786794783         1.27760012905434654436292482786794783         1.27760012905434654436292482786794783         1.27760012905434654436292482786794783         0.00000000000000000000000000000000000         0.00000000000000000000000000000000000         344.774341262293334332245668445627753         5754.95239132653382625013669577810839      
   1.28989026125334400389008600428654072         0.00000000000000000000000000000000000        0.400000000000000000000000000000000019        0.405220884126807094621475073680977824        0.194779115873192905378524926319022157        0.724999999999999999999999999999999981        0.275000000000000000000000000000000019        0.512000024318695068359375000000000000        0.425000011920928955078125000000000000         6.30000010132789611816406250000000000E-0002  0.870056494511586616800702331296776776        0.129943505488413383199297668703223248         0.00000000000000000000000000000000000        0.683022559859958444886526535977552353        0.167811590859605266884724425470909642        0.129098359310438402074632433326122454         278.311176733591166694393935160429533        0.300000011920928955078125000000000000        -1.00000000000000000000000000000000000         4.50000000000000000000000000000000000         50.0000000000000000000000000000000000         1.29385067356166915563726563018075173         1.29385067356166915563726563018075173         1.29385067356166915563726563018075173         1.29385067356166915563726563018075173         1.29385067356166915563726563018075173         0.00000000000000000000000000000000000         0.00000000000000000000000000000000000         363.589090257651103848082916981999102         5877.81268599743668344202777998077577      
   1.35099352119806420678539952158028216         0.00000000000000000000000000000000000        0.400000000000000000000000000000000019        0.405220884126807094621475073680977824        0.194779115873192905378524926319022157        0.724999999999999999999999999999999981        0.275000000000000000000000000000000019        0.512000024318695068359375000000000000        0.425000011920928955078125000000000000         6.30000010132789611816406250000000000E-0002  0.870056494511586616800702331296776776        0.129943505488413383199297668703223248         0.00000000000000000000000000000000000        0.683022559859958444886526535977552353        0.167811590859605266884724425470909642        0.129098359310438402074632433326122454         278.311176733591166694393935160429533        0.300000011920928955078125000000000000        -1.00000000000000000000000000000000000         4.50000000000000000000000000000000000         50.0000000000000000000000000000000000         1.30997900845903901370188777240301205         1.30997900845903901370188777240301205         1.30997900845903901370188777240301205         1.30997900845903901370188777240301205         1.30997900845903901370188777240301205         0.00000000000000000000000000000000000         0.00000000000000000000000000000000000         382.918013069429384824151985627962107         5999.54422951862912825044238711752752      
   1.41499129743461548663919584700832116         0.00000000000000000000000000000000000        0.400000000000000000000000000000000019        0.405220884126807094621475073680977824        0.194779115873192905378524926319022157        0.724999999999999999999999999999999981        0.275000000000000000000000000000000019        0.512000024318695068359375000000000000        0.425000011920928955078125000000000000         6.30000010132789611816406250000000000E-0002  0.870056494511586616800702331296776776        0.129943505488413383199297668703223248         0.00000000000000000000000000000000000        0.683022559859958444886526535977552353        0.167811590859605266884724425470909642        0.129098359310438402074632433326122454         278.311176733591166694393935160429533        0.300000011920928955078125000000000000        -1.00000000000000000000000000000000000         4.50000000000000000000000000000000000         50.0000000000000000000000000000000000         1.32643220979597095562231641637600209         1.32643220979597095562231641637600209         1.32643220979597095562231641637600209         1.32643220979597095562231641637600209         1.32643220979597095562231641637600209         0.00000000000000000000000000000000000         0.00000000000000000000000000000000000         403.578946601697236111890230733993294         6122.31267132834436576548593811245656      
   1.48202070579890013841676841137265918         0.00000000000000000000000000000000000        0.400000000000000000000000000000000019        0.405220884126807094621475073680977824        0.194779115873192905378524926319022157        0.724999999999999999999999999999999981        0.275000000000000000000000000000000019        0.512000024318695068359375000000000000        0.425000011920928955078125000000000000         6.30000010132789611816406250000000000E-0002  0.870056494511586616800702331296776776        0.129943505488413383199297668703223248         0.00000000000000000000000000000000000        0.683022559859958444886526535977552353        0.167811590859605266884724425470909642        0.129098359310438402074632433326122454         278.311176733591166694393935160429533        0.300000011920928955078125000000000000        -1.00000000000000000000000000000000000         4.50000000000000000000000000000000000         50.0000000000000000000000000000000000         1.34272044993649410938172097825982580         1.34272044993649410938172097825982580         1.34272044993649410938172097825982580         1.34272044993649410938172097825982580         1.34272044993649410938172097825982580         0.00000000000000000000000000000000000         0.00000000000000000000000000000000000         424.203983073557418107356995382865705         6242.09403215969141184479652764694359      
   1.55222535742709160936160846888458776         0.00000000000000000000000000000000000        0.400000000000000000000000000000000019        0.405220884126807094621475073680977824        0.194779115873192905378524926319022157        0.724999999999999999999999999999999981        0.275000000000000000000000000000000019        0.512000024318695068359375000000000000        0.425000011920928955078125000000000000         6.30000010132789611816406250000000000E-0002  0.870056494511586616800702331296776776        0.129943505488413383199297668703223248         0.00000000000000000000000000000000000        0.683022559859958444886526535977552353        0.167811590859605266884724425470909642        0.129098359310438402074632433326122454         278.311176733591166694393935160429533        0.300000011920928955078125000000000000        -1.00000000000000000000000000000000000         4.50000000000000000000000000000000000         50.0000000000000000000000000000000000         1.35940055284829991459652605669662391         1.35940055284829991459652605669662391         1.35940055284829991459652605669662391         1.35940055284829991459652605669662391         1.35940055284829991459652605669662391         0.00000000000000000000000000000000000         0.00000000000000000000000000000000000         446.285131269268319648713662354925067         6366.30140861605082729008065308660608      
   1.62575566644384085973659301860212051         0.00000000000000000000000000000000000        0.400000000000000000000000000000000019        0.405220884126807094621475073680977824        0.194779115873192905378524926319022157        0.724999999999999999999999999999999981        0.275000000000000000000000000000000019        0.512000024318695068359375000000000000        0.425000011920928955078125000000000000         6.30000010132789611816406250000000000E-0002  0.870056494511586616800702331296776776        0.129943505488413383199297668703223248         0.00000000000000000000000000000000000        0.683022559859958444886526535977552353        0.167811590859605266884724425470909642        0.129098359310438402074632433326122454         278.311176733591166694393935160429533        0.300000011920928955078125000000000000        -1.00000000000000000000000000000000000         4.50000000000000000000000000000000000         50.0000000000000000000000000000000000         1.37632971669396053712904804835474732         1.37632971669396053712904804835474732         1.37632971669396053712904804835474732         1.37632971669396053712904804835474732         1.37632971669396053712904804835474732         0.00000000000000000000000000000000000         0.00000000000000000000000000000000000         467.453587775457222805541464568511237         6516.62725829982621254688803842708999      
   1.70276917222594935040597643772334275         0.00000000000000000000000000000000000        0.400000000000000000000000000000000019        0.405220884126807094621475073680977824        0.194779115873192905378524926319022157        0.724999999999999999999999999999999981        0.275000000000000000000000000000000019        0.512000024318695068359375000000000000        0.425000011920928955078125000000000000         6.30000010132789611816406250000000000E-0002  0.870056494511586616800702331296776776        0.129943505488413383199297668703223248         0.00000000000000000000000000000000000        0.683022559859958444886526535977552353        0.167811590859605266884724425470909642        0.129098359310438402074632433326122454         278.311176733591166694393935160429533        0.300000011920928955078125000000000000        -1.00000000000000000000000000000000000         4.50000000000000000000000000000000000         50.0000000000000000000000000000000000         1.39338302266183846843605871667983447         1.39338302266183846843605871667983447         1.39338302266183846843605871667983447         1.39338302266183846843605871667983447         1.39338302266183846843605871667983447         0.00000000000000000000000000000000000         0.00000000000000000000000000000000000         489.915485704571824241497258283022059         6670.70677323987128451397378968313440      
   1.78343087693196159954962751479630605         0.00000000000000000000000000000000000        0.400000000000000000000000000000000019        0.405220884126807094621475073680977824        0.194779115873192905378524926319022157        0.724999999999999999999999999999999981        0.275000000000000000000000000000000019        0.512000024318695068359375000000000000        0.425000011920928955078125000000000000         6.30000010132789611816406250000000000E-0002  0.870056494511586616800702331296776776        0.129943505488413383199297668703223248         0.00000000000000000000000000000000000        0.683022559859958444886526535977552353        0.167811590859605266884724425470909642        0.129098359310438402074632433326122454         278.311176733591166694393935160429533        0.300000011920928955078125000000000000        -1.00000000000000000000000000000000000         4.50000000000000000000000000000000000         50.0000000000000000000000000000000000         1.41050972643570090149107263718795040         1.41050972643570090149107263718795040         1.41050972643570090149107263718795040         1.41050972643570090149107263718795040         1.41050972643570090149107263718795040         0.00000000000000000000000000000000000         0.00000000000000000000000000000000000         513.321919026432617737741979510181923         6827.20848345096217154286219791875344      
   1.86791359902083762667604333648365787         0.00000000000000000000000000000000000        0.400000000000000000000000000000000019        0.405220884126807094621475073680977824        0.194779115873192905378524926319022157        0.724999999999999999999999999999999981        0.275000000000000000000000000000000019        0.512000024318695068359375000000000000        0.425000011920928955078125000000000000         6.30000010132789611816406250000000000E-0002  0.870056494511586616800702331296776776        0.129943505488413383199297668703223248         0.00000000000000000000000000000000000        0.683022559859958444886526535977552353        0.167811590859605266884724425470909642        0.129098359310438402074632433326122454         278.311176733591166694393935160429533        0.300000011920928955078125000000000000        -1.00000000000000000000000000000000000         4.50000000000000000000000000000000000         50.0000000000000000000000000000000000         1.42806298271255098532801575108568067         1.42806298271255098532801575108568067         1.42806298271255098532801575108568067         1.42806298271255098532801575108568067         1.42806298271255098532801575108568067         0.00000000000000000000000000000000000         0.00000000000000000000000000000000000         538.148793864840102546436608549541538         6987.21530051348592044998661749390356      
   1.95639834351712235574086149449056598         0.00000000000000000000000000000000000        0.400000000000000000000000000000000019        0.405220884126807094621475073680977824        0.194779115873192905378524926319022157        0.724999999999999999999999999999999981        0.275000000000000000000000000000000019        0.512000024318695068359375000000000000        0.425000011920928955078125000000000000         6.30000010132789611816406250000000000E-0002  0.870056494511586616800702331296776776        0.129943505488413383199297668703223248         0.00000000000000000000000000000000000        0.683022559859958444886526535977552353        0.167811590859605266884724425470909642        0.129098359310438402074632433326122454         278.311176733591166694393935160429533        0.300000011920928955078125000000000000        -1.00000000000000000000000000000000000         4.50000000000000000000000000000000000         50.0000000000000000000000000000000000         1.44556884262627159554210601262749245         1.44556884262627159554210601262749245         1.44556884262627159554210601262749245         1.44556884262627159554210601262749245         1.44556884262627159554210601262749245         0.00000000000000000000000000000000000         0.00000000000000000000000000000000000         564.132766057236665112384927131689486         7149.89427246320970997876190884634827      
   2.04907468981590857599889354382844297         0.00000000000000000000000000000000000        0.400000000000000000000000000000000019        0.405220884126807094621475073680977824        0.194779115873192905378524926319022157        0.724999999999999999999999999999999981        0.275000000000000000000000000000000019        0.512000024318695068359375000000000000        0.425000011920928955078125000000000000         6.30000010132789611816406250000000000E-0002  0.870056494511586616800702331296776776        0.129943505488413383199297668703223248         0.00000000000000000000000000000000000        0.683022559859958444886526535977552353        0.167811590859605266884724425470909642        0.129098359310438402074632433326122454         278.311176733591166694393935160429533        0.300000011920928955078125000000000000        -1.00000000000000000000000000000000000         4.50000000000000000000000000000000000         50.0000000000000000000000000000000000         1.46303521560972128584765802894596791         1.46303521560972128584765802894596791         1.46303521560972128584765802894596791         1.46303521560972128584765802894596791         1.46303521560972128584765802894596791         0.00000000000000000000000000000000000         0.00000000000000000000000000000000000         592.255321104877506304165449348463249         7317.62925516730083953867640255688518      
   2.14614119785846923144288932206752821         0.00000000000000000000000000000000000        0.400000000000000000000000000000000019        0.405220884126807094621475073680977824        0.194779115873192905378524926319022157        0.724999999999999999999999999999999981        0.275000000000000000000000000000000019        0.512000024318695068359375000000000000        0.425000011920928955078125000000000000         6.30000010132789611816406250000000000E-0002  0.870056494511586616800702331296776776        0.129943505488413383199297668703223248         0.00000000000000000000000000000000000        0.683022559859958444886526535977552353        0.167811590859605266884724425470909642        0.129098359310438402074632433326122454         278.311176733591166694393935160429533        0.300000011920928955078125000000000000        -1.00000000000000000000000000000000000         4.50000000000000000000000000000000000         50.0000000000000000000000000000000000         1.48083117179561725481073545172542318         1.48083117179561725481073545172542318         1.48083117179561725481073545172542318         1.48083117179561725481073545172542318         1.48083117179561725481073545172542318         0.00000000000000000000000000000000000         0.00000000000000000000000000000000000         621.302801048764161996850120413887951         7486.58577310227032450578751086170494      
   2.24780583354879414104030832593962274         0.00000000000000000000000000000000000        0.400000000000000000000000000000000019        0.405220884126807094621475073680977824        0.194779115873192905378524926319022157        0.724999999999999999999999999999999981        0.275000000000000000000000000000000019        0.512000024318695068359375000000000000        0.425000011920928955078125000000000000         6.30000010132789611816406250000000000E-0002  0.870056494511586616800702331296776776        0.129943505488413383199297668703223248         0.00000000000000000000000000000000000        0.683022559859958444886526535977552353        0.167811590859605266884724425470909642        0.129098359310438402074632433326122454         278.311176733591166694393935160429533        0.300000011920928955078125000000000000        -1.00000000000000000000000000000000000         4.50000000000000000000000000000000000         50.0000000000000000000000000000000000         1.49835119997225036163112742313205758         1.49835119997225036163112742313205758         1.49835119997225036163112742313205758         1.49835119997225036163112742313205758         1.49835119997225036163112742313205758         0.00000000000000000000000000000000000         0.00000000000000000000000000000000000         652.181551630501111307005089944581247         7660.31870388206605605140202847654796      
   2.35428641432249007020695607335824657         0.00000000000000000000000000000000000        0.400000000000000000000000000000000019        0.405220884126807094621475073680977824        0.194779115873192905378524926319022157        0.724999999999999999999999999999999981        0.275000000000000000000000000000000019        0.512000024318695068359375000000000000        0.425000011920928955078125000000000000         6.30000010132789611816406250000000000E-0002  0.870056494511586616800702331296776776        0.129943505488413383199297668703223248         0.00000000000000000000000000000000000        0.683022559859958444886526535977552353        0.167811590859605266884724425470909642        0.129098359310438402074632433326122454         278.311176733591166694393935160429533        0.300000011920928955078125000000000000        -1.00000000000000000000000000000000000         4.50000000000000000000000000000000000         50.0000000000000000000000000000000000         1.51714205546895429784733686243588536         1.51714205546895429784733686243588536         1.51714205546895429784733686243588536         1.51714205546895429784733686243588536         1.51714205546895429784733686243588536         0.00000000000000000000000000000000000         0.00000000000000000000000000000000000         683.163828521748203525695373547459755         7829.61579395487036142059684664068427      
   2.46581107582267970147068279155487439         0.00000000000000000000000000000000000        0.400000000000000000000000000000000019        0.405220884126807094621475073680977824        0.194779115873192905378524926319022157        0.724999999999999999999999999999999981        0.275000000000000000000000000000000019        0.512000024318695068359375000000000000        0.425000011920928955078125000000000000         6.30000010132789611816406250000000000E-0002  0.870056494511586616800702331296776776        0.129943505488413383199297668703223248         0.00000000000000000000000000000000000        0.683022559859958444886526535977552353        0.167811590859605266884724425470909642        0.129098359310438402074632433326122454         278.311176733591166694393935160429533        0.300000011920928955078125000000000000        -1.00000000000000000000000000000000000         4.50000000000000000000000000000000000         50.0000000000000000000000000000000000         1.53536481010697842470890960293120272         1.53536481010697842470890960293120272         1.53536481010697842470890960293120272         1.53536481010697842470890960293120272         1.53536481010697842470890960293120272         0.00000000000000000000000000000000000         0.00000000000000000000000000000000000         717.309851319429616219857436574436603         8007.02313634537017274419416125067743      
   2.58261876068275699540889612963339913         0.00000000000000000000000000000000000        0.400000000000000000000000000000000019        0.405220884126807094621475073680977824        0.194779115873192905378524926319022157        0.724999999999999999999999999999999981        0.275000000000000000000000000000000019        0.512000024318695068359375000000000000        0.425000011920928955078125000000000000         6.30000010132789611816406250000000000E-0002  0.870056494511586616800702331296776776        0.129943505488413383199297668703223248         0.00000000000000000000000000000000000        0.683022559859958444886526535977552353        0.167811590859605266884724425470909642        0.129098359310438402074632433326122454         278.311176733591166694393935160429533        0.300000011920928955078125000000000000        -1.00000000000000000000000000000000000         4.50000000000000000000000000000000000         50.0000000000000000000000000000000000         1.55387074778945901872187760539546216         1.55387074778945901872187760539546216         1.55387074778945901872187760539546216         1.55387074778945901872187760539546216         1.55387074778945901872187760539546216         0.00000000000000000000000000000000000         0.00000000000000000000000000000000000         752.400511712234980111094880967119041         8183.69653782416823511519399316134124      
   2.70495973046322058012775948376762777         0.00000000000000000000000000000000000        0.400000000000000000000000000000000019        0.405220884126807094621475073680977824        0.194779115873192905378524926319022157        0.724999999999999999999999999999999981        0.275000000000000000000000000000000019        0.512000024318695068359375000000000000        0.425000011920928955078125000000000000         6.30000010132789611816406250000000000E-0002  0.870056494511586616800702331296776776        0.129943505488413383199297668703223248         0.00000000000000000000000000000000000        0.683022559859958444886526535977552353        0.167811590859605266884724425470909642        0.129098359310438402074632433326122454         278.311176733591166694393935160429533        0.300000011920928955078125000000000000        -1.00000000000000000000000000000000000         4.50000000000000000000000000000000000         50.0000000000000000000000000000000000         1.57239356030669928286265156977024953         1.57239356030669928286265156977024953         1.57239356030669928286265156977024953         1.57239356030669928286265156977024953         1.57239356030669928286265156977024953         0.00000000000000000000000000000000000         0.00000000000000000000000000000000000         790.287694781108966062941858646626725         8365.57940692663540261601510886633918      
   2.83309610183941463691826271807341983         0.00000000000000000000000000000000000        0.400000000000000000000000000000000019        0.405220884126807094621475073680977824        0.194779115873192905378524926319022157        0.724999999999999999999999999999999981        0.275000000000000000000000000000000019        0.512000024318695068359375000000000000        0.425000011920928955078125000000000000         6.30000010132789611816406250000000000E-0002  0.870056494511586616800702331296776776        0.129943505488413383199297668703223248         0.00000000000000000000000000000000000        0.683022559859958444886526535977552353        0.167811590859605266884724425470909642        0.129098359310438402074632433326122454         278.311176733591166694393935160429533        0.300000011920928955078125000000000000        -1.00000000000000000000000000000000000         4.50000000000000000000000000000000000         50.0000000000000000000000000000000000         1.59134924991951878919974911709241939         1.59134924991951878919974911709241939         1.59134924991951878919974911709241939         1.59134924991951878919974911709241939         1.59134924991951878919974911709241939         0.00000000000000000000000000000000000         0.00000000000000000000000000000000000         829.513663995163755820212594802710748         8502.35950583422889573477721898373533      
   2.96730240818896454651461614421851563         0.00000000000000000000000000000000000        0.400000000000000000000000000000000019        0.405220884126807094621475073680977824        0.194779115873192905378524926319022157        0.724999999999999999999999999999999981        0.275000000000000000000000000000000019        0.512000024318695068359375000000000000        0.425000011920928955078125000000000000         6.30000010132789611816406250000000000E-0002  0.870056494511586616800702331296776776        0.129943505488413383199297668703223248         0.00000000000000000000000000000000000        0.683022559859958444886526535977552353        0.167811590859605266884724425470909642        0.129098359310438402074632433326122454         278.311176733591166694393935160429533        0.300000011920928955078125000000000000        -1.00000000000000000000000000000000000         4.50000000000000000000000000000000000         50.0000000000000000000000000000000000         1.61053052883436688246590003254786849         1.61053052883436688246590003254786849         1.61053052883436688246590003254786849         1.61053052883436688246590003254786849         1.61053052883436688246590003254786849         0.00000000000000000000000000000000000         0.00000000000000000000000000000000000         869.291525621153903417551514790652875         8609.58886197693946466776938337657115      
   3.10786618778211364466063213094136699         0.00000000000000000000000000000000000        0.400000000000000000000000000000000019        0.405220884126807094621475073680977824        0.194779115873192905378524926319022157        0.724999999999999999999999999999999981        0.275000000000000000000000000000000019        0.512000024318695068359375000000000000        0.425000011920928955078125000000000000         6.30000010132789611816406250000000000E-0002  0.870056494511586616800702331296776776        0.129943505488413383199297668703223248         0.00000000000000000000000000000000000        0.683022559859958444886526535977552353        0.167811590859605266884724425470909642        0.129098359310438402074632433326122454         278.311176733591166694393935160429533        0.300000011920928955078125000000000000        -1.00000000000000000000000000000000000         4.50000000000000000000000000000000000         50.0000000000000000000000000000000000         1.62999524890286612124234932239118515         1.62999524890286612124234932239118515         1.62999524890286612124234932239118515         1.62999524890286612124234932239118515         1.62999524890286612124234932239118515         0.00000000000000000000000000000000000         0.00000000000000000000000000000000000         914.267309442211932853512245990974951         8727.36004713938501267350250660442090      
   3.25508859983516440085845691551799553         0.00000000000000000000000000000000000        0.400000000000000000000000000000000019        0.405220884126807094621475073680977824        0.194779115873192905378524926319022157        0.724999999999999999999999999999999981        0.275000000000000000000000000000000019        0.512000024318695068359375000000000000        0.425000011920928955078125000000000000         6.30000010132789611816406250000000000E-0002  0.870056494511586616800702331296776776        0.129943505488413383199297668703223248         0.00000000000000000000000000000000000        0.683022559859958444886526535977552353        0.167811590859605266884724425470909642        0.129098359310438402074632433326122454         278.311176733591166694393935160429533        0.300000011920928955078125000000000000        -1.00000000000000000000000000000000000         4.50000000000000000000000000000000000         50.0000000000000000000000000000000000         1.64942748964653533874611735780877143         1.64942748964653533874611735780877143         1.64942748964653533874611735780877143         1.64942748964653533874611735780877143         1.64942748964653533874611735780877143         0.00000000000000000000000000000000000         0.00000000000000000000000000000000000         960.445290036251221830968260978225694         8842.42702697397515296163178212405684      
   3.40928506974692429676371810701270237         0.00000000000000000000000000000000000        0.400000000000000000000000000000000019        0.405220884126807094621475073680977824        0.194779115873192905378524926319022157        0.724999999999999999999999999999999981        0.275000000000000000000000000000000019        0.512000024318695068359375000000000000        0.425000011920928955078125000000000000         6.30000010132789611816406250000000000E-0002  0.870056494511586616800702331296776776        0.129943505488413383199297668703223248         0.00000000000000000000000000000000000        0.683022559859958444886526535977552353        0.167811590859605266884724425470909642        0.129098359310438402074632433326122454         278.311176733591166694393935160429533        0.300000011920928955078125000000000000        -1.00000000000000000000000000000000000         4.50000000000000000000000000000000000         50.0000000000000000000000000000000000         1.66889263137769758330356336166258205         1.66889263137769758330356336166258205         1.66889263137769758330356336166258205         1.66889263137769758330356336166258205         1.66889263137769758330356336166258205         0.00000000000000000000000000000000000         0.00000000000000000000000000000000000         1008.51070753906878633717153039212852         8958.21454615031753322771164909538794      
   3.57078596490058154200418219794212579         0.00000000000000000000000000000000000        0.400000000000000000000000000000000019        0.405220884126807094621475073680977824        0.194779115873192905378524926319022157        0.724999999999999999999999999999999981        0.275000000000000000000000000000000019        0.512000024318695068359375000000000000        0.425000011920928955078125000000000000         6.30000010132789611816406250000000000E-0002  0.870056494511586616800702331296776776        0.129943505488413383199297668703223248         0.00000000000000000000000000000000000        0.683022559859958444886526535977552353        0.167811590859605266884724425470909642        0.129098359310438402074632433326122454         278.311176733591166694393935160429533        0.300000011920928955078125000000000000        -1.00000000000000000000000000000000000         4.50000000000000000000000000000000000         50.0000000000000000000000000000000000         1.68881052495732499610365733368203010         1.68881052495732499610365733368203010         1.68881052495732499610365733368203010         1.68881052495732499610365733368203010         1.68881052495732499610365733368203010         0.00000000000000000000000000000000000         0.00000000000000000000000000000000000         1059.77555295315343121180967999648116         9076.12471100194569219838394163953094      
   3.73993730247892248533723346676967991         0.00000000000000000000000000000000000        0.400000000000000000000000000000000019        0.405220884126807094621475073680977824        0.194779115873192905378524926319022157        0.724999999999999999999999999999999981        0.275000000000000000000000000000000019        0.512000024318695068359375000000000000        0.425000011920928955078125000000000000         6.30000010132789611816406250000000000E-0002  0.870056494511586616800702331296776776        0.129943505488413383199297668703223248         0.00000000000000000000000000000000000        0.683022559859958444886526535977552353        0.167811590859605266884724425470909642        0.129098359310438402074632433326122454         278.311176733591166694393935160429533        0.300000011920928955078125000000000000        -1.00000000000000000000000000000000000         4.50000000000000000000000000000000000         50.0000000000000000000000000000000000         1.70895442805206292605171581048707855         1.70895442805206292605171581048707855         1.70895442805206292605171581048707855         1.70895442805206292605171581048707855         1.70895442805206292605171581048707855         0.00000000000000000000000000000000000         0.00000000000000000000000000000000000         1112.49615215229654509073019098201094         9191.25477155212135289197309059324081      
   3.91710149080939146393706924636129076         0.00000000000000000000000000000000000        0.400000000000000000000000000000000019        0.405220884126807094621475073680977824        0.194779115873192905378524926319022157        0.724999999999999999999999999999999981        0.275000000000000000000000000000000019        0.512000024318695068359375000000000000        0.425000011920928955078125000000000000         6.30000010132789611816406250000000000E-0002  0.870056494511586616800702331296776776        0.129943505488413383199297668703223248         0.00000000000000000000000000000000000        0.683022559859958444886526535977552353        0.167811590859605266884724425470909642        0.129098359310438402074632433326122454         278.311176733591166694393935160429533        0.300000011920928955078125000000000000        -1.00000000000000000000000000000000000         4.50000000000000000000000000000000000         50.0000000000000000000000000000000000         1.72922476556527394368701901560134260         1.72922476556527394368701901560134260         1.72922476556527394368701901560134260         1.72922476556527394368701901560134260         1.72922476556527394368701901560134260         0.00000000000000000000000000000000000         0.00000000000000000000000000000000000         1171.08815949890959082340001233463530         9313.85931105421867873525787467027208      
   4.10265810582733183554468384630866708         0.00000000000000000000000000000000000        0.400000000000000000000000000000000019        0.405220884126807094621475073680977824        0.194779115873192905378524926319022157        0.724999999999999999999999999999999981        0.275000000000000000000000000000000019        0.512000024318695068359375000000000000        0.425000011920928955078125000000000000         6.30000010132789611816406250000000000E-0002  0.870056494511586616800702331296776776        0.129943505488413383199297668703223248         0.00000000000000000000000000000000000        0.683022559859958444886526535977552353        0.167811590859605266884724425470909642        0.129098359310438402074632433326122454         278.311176733591166694393935160429533        0.300000011920928955078125000000000000        -1.00000000000000000000000000000000000         4.50000000000000000000000000000000000         50.0000000000000000000000000000000000         1.74941969254750252833816421911713370         1.74941969254750252833816421911713370         1.74941969254750252833816421911713370         1.74941969254750252833816421911713370         1.74941969254750252833816421911713370         0.00000000000000000000000000000000000         0.00000000000000000000000000000000000         1230.38763809570944223683147851687770         9435.81879494844530872150086640644774      
   4.29700470432098797081550436783669861         0.00000000000000000000000000000000000        0.400000000000000000000000000000000019        0.405220884126807094621475073680977824        0.194779115873192905378524926319022157        0.724999999999999999999999999999999981        0.275000000000000000000000000000000019        0.512000024318695068359375000000000000        0.425000011920928955078125000000000000         6.30000010132789611816406250000000000E-0002  0.870056494511586616800702331296776776        0.129943505488413383199297668703223248         0.00000000000000000000000000000000000        0.683022559859958444886526535977552353        0.167811590859605266884724425470909642        0.129098359310438402074632433326122454         278.311176733591166694393935160429533        0.300000011920928955078125000000000000        -1.00000000000000000000000000000000000         4.50000000000000000000000000000000000         50.0000000000000000000000000000000000         1.77007372430334885943386471311592329         1.77007372430334885943386471311592329         1.77007372430334885943386471311592329         1.77007372430334885943386471311592329         1.77007372430334885943386471311592329         0.00000000000000000000000000000000000         0.00000000000000000000000000000000000         1294.86191825783726593012381728606902         9560.51298014685909763644316868241682      
   4.50055767570065325107907567564988206         0.00000000000000000000000000000000000        0.400000000000000000000000000000000019        0.405220884126807094621475073680977824        0.194779115873192905378524926319022157        0.724999999999999999999999999999999981        0.275000000000000000000000000000000019        0.512000024318695068359375000000000000        0.425000011920928955078125000000000000         6.30000010132789611816406250000000000E-0002  0.870056494511586616800702331296776776        0.129943505488413383199297668703223248         0.00000000000000000000000000000000000        0.683022559859958444886526535977552353        0.167811590859605266884724425470909642        0.129098359310438402074632433326122454         278.311176733591166694393935160429533        0.300000011920928955078125000000000000        -1.00000000000000000000000000000000000         4.50000000000000000000000000000000000         50.0000000000000000000000000000000000         1.79108626902803499045799603460476498         1.79108626902803499045799603460476498         1.79108626902803499045799603460476498         1.79108626902803499045799603460476498         1.79108626902803499045799603460476498         0.00000000000000000000000000000000000         0.00000000000000000000000000000000000         1361.30647066658607537789199579355450         9684.80438172916648868905446395905697      
   4.71375313411688746090811432995346639         0.00000000000000000000000000000000000        0.400000000000000000000000000000000019        0.405220884126807094621475073680977824        0.194779115873192905378524926319022157        0.724999999999999999999999999999999981        0.275000000000000000000000000000000019        0.512000024318695068359375000000000000        0.425000011920928955078125000000000000         6.30000010132789611816406250000000000E-0002  0.870056494511586616800702331296776776        0.129943505488413383199297668703223248         0.00000000000000000000000000000000000        0.683022559859958444886526535977552353        0.167811590859605266884724425470909642        0.129098359310438402074632433326122454         278.311176733591166694393935160429533        0.300000011920928955078125000000000000        -1.00000000000000000000000000000000000         4.50000000000000000000000000000000000         50.0000000000000000000000000000000000         1.81238084359464650321038778530193757         1.81238084359464650321038778530193757         1.81238084359464650321038778530193757         1.81238084359464650321038778530193757         1.81238084359464650321038778530193757         0.00000000000000000000000000000000000         0.00000000000000000000000000000000000         1429.96685782284256637022011828708589         9806.28502372285025333896172388983573      
   4.93704785283917522455720499133271388         0.00000000000000000000000000000000000        0.400000000000000000000000000000000019        0.405220884126807094621475073680977824        0.194779115873192905378524926319022157        0.724999999999999999999999999999999981        0.275000000000000000000000000000000019        0.512000024318695068359375000000000000        0.425000011920928955078125000000000000         6.30000010132789611816406250000000000E-0002  0.870056494511586616800702331296776776        0.129943505488413383199297668703223248         0.00000000000000000000000000000000000        0.683022559859958444886526535977552353        0.167811590859605266884724425470909642        0.129098359310438402074632433326122454         278.311176733591166694393935160429533        0.300000011920928955078125000000000000        -1.00000000000000000000000000000000000         4.50000000000000000000000000000000000         50.0000000000000000000000000000000000         1.83350366017986467611076967070471730         1.83350366017986467611076967070471730         1.83350366017986467611076967070471730         1.83350366017986467611076967070471730         1.83350366017986467611076967070471730         0.00000000000000000000000000000000000         0.00000000000000000000000000000000000         1506.79510751629679610466924320996814         9938.56515796629288928490236866614030      
   5.17092024289694052668163232095138689         0.00000000000000000000000000000000000        0.400000000000000000000000000000000019        0.405220884126807094621475073680977824        0.194779115873192905378524926319022157        0.724999999999999999999999999999999981        0.275000000000000000000000000000000019        0.512000024318695068359375000000000000        0.425000011920928955078125000000000000         6.30000010132789611816406250000000000E-0002  0.870056494511586616800702331296776776        0.129943505488413383199297668703223248         0.00000000000000000000000000000000000        0.683022559859958444886526535977552353        0.167811590859605266884724425470909642        0.129098359310438402074632433326122454         278.311176733591166694393935160429533        0.300000011920928955078125000000000000        -1.00000000000000000000000000000000000         4.50000000000000000000000000000000000         50.0000000000000000000000000000000000         1.85497960446932601481896026153340954         1.85497960446932601481896026153340954         1.85497960446932601481896026153340954         1.85497960446932601481896026153340954         1.85497960446932601481896026153340954         0.00000000000000000000000000000000000         0.00000000000000000000000000000000000         1587.41667239710656872425177002013283         10066.6788232761728467341822970208620      
   5.41587137807966487084961468635563235         0.00000000000000000000000000000000000        0.400000000000000000000000000000000019        0.405220884126807094621475073680977824        0.194779115873192905378524926319022157        0.724999999999999999999999999999999981        0.275000000000000000000000000000000019        0.512000024318695068359375000000000000        0.425000011920928955078125000000000000         6.30000010132789611816406250000000000E-0002  0.870056494511586616800702331296776776        0.129943505488413383199297668703223248         0.00000000000000000000000000000000000        0.683022559859958444886526535977552353        0.167811590859605266884724425470909642        0.129098359310438402074632433326122454         278.311176733591166694393935160429533        0.300000011920928955078125000000000000        -1.00000000000000000000000000000000000         4.50000000000000000000000000000000000         50.0000000000000000000000000000000000         1.87671544901530437070436905984439756         1.87671544901530437070436905984439756         1.87671544901530437070436905984439756         1.87671544901530437070436905984439756         1.87671544901530437070436905984439756         0.00000000000000000000000000000000000         0.00000000000000000000000000000000000         1668.65840586187253821594403863492732         10197.3971369057995664231678708563361      
   5.67242606849218144376540893055636070         0.00000000000000000000000000000000000        0.400000000000000000000000000000000019        0.405220884126807094621475073680977824        0.194779115873192905378524926319022157        0.724999999999999999999999999999999981        0.275000000000000000000000000000000019        0.512000024318695068359375000000000000        0.425000011920928955078125000000000000         6.30000010132789611816406250000000000E-0002  0.870056494511586616800702331296776776        0.129943505488413383199297668703223248         0.00000000000000000000000000000000000        0.683022559859958444886526535977552353        0.167811590859605266884724425470909642        0.129098359310438402074632433326122454         278.311176733591166694393935160429533        0.300000011920928955078125000000000000        -1.00000000000000000000000000000000000         4.50000000000000000000000000000000000         50.0000000000000000000000000000000000         1.89846169640372134716537211033288613         1.89846169640372134716537211033288613         1.89846169640372134716537211033288613         1.89846169640372134716537211033288613         1.89846169640372134716537211033288613         0.00000000000000000000000000000000000         0.00000000000000000000000000000000000         1758.30894990619335593692595368362011         10331.7481305278310711609578414998493      
   5.94113398496524757317294119695305884         0.00000000000000000000000000000000000        0.400000000000000000000000000000000019        0.405220884126807094621475073680977824        0.194779115873192905378524926319022157        0.724999999999999999999999999999999981        0.275000000000000000000000000000000019        0.512000024318695068359375000000000000        0.425000011920928955078125000000000000         6.30000010132789611816406250000000000E-0002  0.870056494511586616800702331296776776        0.129943505488413383199297668703223248         0.00000000000000000000000000000000000        0.683022559859958444886526535977552353        0.167811590859605266884724425470909642        0.129098359310438402074632433326122454         278.311176733591166694393935160429533        0.300000011920928955078125000000000000        -1.00000000000000000000000000000000000         4.50000000000000000000000000000000000         50.0000000000000000000000000000000000         1.92078007003240367409801164192369533         1.92078007003240367409801164192369533         1.92078007003240367409801164192369533         1.92078007003240367409801164192369533         1.92078007003240367409801164192369533         0.00000000000000000000000000000000000         0.00000000000000000000000000000000000         1850.19336651083049283434313937307661         10464.0351685801908801135048658743400      
   6.22257083673045567818932634861224246         0.00000000000000000000000000000000000        0.400000000000000000000000000000000019        0.405220884126807094621475073680977824        0.194779115873192905378524926319022157        0.724999999999999999999999999999999981        0.275000000000000000000000000000000019        0.512000024318695068359375000000000000        0.425000011920928955078125000000000000         6.30000010132789611816406250000000000E-0002  0.870056494511586616800702331296776776        0.129943505488413383199297668703223248         0.00000000000000000000000000000000000        0.683022559859958444886526535977552353        0.167811590859605266884724425470909642        0.129098359310438402074632433326122454         278.311176733591166694393935160429533        0.300000011920928955078125000000000000        -1.00000000000000000000000000000000000         4.50000000000000000000000000000000000         50.0000000000000000000000000000000000         1.94284886468052883557660908511827014         1.94284886468052883557660908511827014         1.94284886468052883557660908511827014         1.94284886468052883557660908511827014         1.94284886468052883557660908511827014         0.00000000000000000000000000000000000         0.00000000000000000000000000000000000         1949.45853568675229783544398406848435         10600.1799915287324686648362884841511      
   6.51733960488266225567076642791935208         0.00000000000000000000000000000000000        0.400000000000000000000000000000000019        0.405220884126807094621475073680977824        0.194779115873192905378524926319022157        0.724999999999999999999999999999999981        0.275000000000000000000000000000000019        0.512000024318695068359375000000000000        0.425000011920928955078125000000000000         6.30000010132789611816406250000000000E-0002  0.870056494511586616800702331296776776        0.129943505488413383199297668703223248         0.00000000000000000000000000000000000        0.683022559859958444886526535977552353        0.167811590859605266884724425470909642        0.129098359310438402074632433326122454         278.311176733591166694393935160429533        0.300000011920928955078125000000000000        -1.00000000000000000000000000000000000         4.50000000000000000000000000000000000         50.0000000000000000000000000000000000         1.96545966018502724563522137475609950         1.96545966018502724563522137475609950         1.96545966018502724563522137475609950         1.96545966018502724563522137475609950         1.96545966018502724563522137475609950         0.00000000000000000000000000000000000         0.00000000000000000000000000000000000         2053.81048047422899865014034775718716         10737.3432676821692932249662378799861      
   6.82607183427263972690668329495824292         0.00000000000000000000000000000000000        0.400000000000000000000000000000000019        0.405220884126807094621475073680977824        0.194779115873192905378524926319022157        0.724999999999999999999999999999999981        0.275000000000000000000000000000000019        0.512000024318695068359375000000000000        0.425000011920928955078125000000000000         6.30000010132789611816406250000000000E-0002  0.870056494511586616800702331296776776        0.129943505488413383199297668703223248         0.00000000000000000000000000000000000        0.683022559859958444886526535977552353        0.167811590859605266884724425470909642        0.129098359310438402074632433326122454         278.311176733591166694393935160429533        0.300000011920928955078125000000000000        -1.00000000000000000000000000000000000         4.50000000000000000000000000000000000         50.0000000000000000000000000000000000         1.98795964443454756592408356859861074         1.98795964443454756592408356859861074         1.98795964443454756592408356859861074         1.98795964443454756592408356859861074         1.98795964443454756592408356859861074         0.00000000000000000000000000000000000         0.00000000000000000000000000000000000         2164.34154606106811209423305688729430         10876.6436871307576322242019501821539      
   7.14942898659784326950660524938800231         0.00000000000000000000000000000000000        0.400000000000000000000000000000000019        0.405220884126807094621475073680977824        0.194779115873192905378524926319022157        0.724999999999999999999999999999999981        0.275000000000000000000000000000000019        0.512000024318695068359375000000000000        0.425000011920928955078125000000000000         6.30000010132789611816406250000000000E-0002  0.870056494511586616800702331296776776        0.129943505488413383199297668703223248         0.00000000000000000000000000000000000        0.683022559859958444886526535977552353        0.167811590859605266884724425470909642        0.129098359310438402074632433326122454         278.311176733591166694393935160429533        0.300000011920928955078125000000000000        -1.00000000000000000000000000000000000         4.50000000000000000000000000000000000         50.0000000000000000000000000000000000         2.01092593605022279769979605608636553         2.01092593605022279769979605608636553         2.01092593605022279769979605608636553         2.01092593605022279769979605608636553         2.01092593605022279769979605608636553         0.00000000000000000000000000000000000         0.00000000000000000000000000000000000         2281.22359606153823487314592581636383         11017.4282184272605910063115852302126      
   7.48810385759030229475404929283587874         0.00000000000000000000000000000000000        0.400000000000000000000000000000000019        0.405220884126807094621475073680977824        0.194779115873192905378524926319022157        0.724999999999999999999999999999999981        0.275000000000000000000000000000000019        0.512000024318695068359375000000000000        0.425000011920928955078125000000000000         6.30000010132789611816406250000000000E-0002  0.870056494511586616800702331296776776        0.129943505488413383199297668703223248         0.00000000000000000000000000000000000        0.683022559859958444886526535977552353        0.167811590859605266884724425470909642        0.129098359310438402074632433326122454         278.311176733591166694393935160429533        0.300000011920928955078125000000000000        -1.00000000000000000000000000000000000         4.50000000000000000000000000000000000         50.0000000000000000000000000000000000         2.03391658847843765865259240192007769         2.03391658847843765865259240192007769         2.03391658847843765865259240192007769         2.03391658847843765865259240192007769         2.03391658847843765865259240192007769         0.00000000000000000000000000000000000         0.00000000000000000000000000000000000         2404.37692148063858813796427762747357         11159.9134357255982542150058815687208      
   7.84282206133797492150195102086104320         0.00000000000000000000000000000000000        0.400000000000000000000000000000000019        0.405220884126807094621475073680977824        0.194779115873192905378524926319022157        0.724999999999999999999999999999999981        0.275000000000000000000000000000000019        0.512000024318695068359375000000000000        0.425000011920928955078125000000000000         6.30000010132789611816406250000000000E-0002  0.870056494511586616800702331296776776        0.129943505488413383199297668703223248         0.00000000000000000000000000000000000        0.683022559859958444886526535977552353        0.167811590859605266884724425470909642        0.129098359310438402074632433326122454         278.311176733591166694393935160429533        0.300000011920928955078125000000000000        -1.00000000000000000000000000000000000         4.50000000000000000000000000000000000         50.0000000000000000000000000000000000         2.05690958519968435261819950796826685         2.05690958519968435261819950796826685         2.05690958519968435261819950796826685         2.05690958519968435261819950796826685         2.05690958519968435261819950796826685         0.00000000000000000000000000000000000         0.00000000000000000000000000000000000         2539.33382836049265395764861572759005         11308.0118168142365340176805460764315      
   8.21434358491973787188331079880935809         0.00000000000000000000000000000000000        0.400000000000000000000000000000000019        0.405220884126807094621475073680977824        0.194779115873192905378524926319022157        0.724999999999999999999999999999999981        0.275000000000000000000000000000000019        0.512000024318695068359375000000000000        0.425000011920928955078125000000000000         6.30000010132789611816406250000000000E-0002  0.870056494511586616800702331296776776        0.129943505488413383199297668703223248         0.00000000000000000000000000000000000        0.683022559859958444886526535977552353        0.167811590859605266884724425470909642        0.129098359310438402074632433326122454         278.311176733591166694393935160429533        0.300000011920928955078125000000000000        -1.00000000000000000000000000000000000         4.50000000000000000000000000000000000         50.0000000000000000000000000000000000         2.08031774856681959889230416033832115         2.08031774856681959889230416033832115         2.08031774856681959889230416033832115         2.08031774856681959889230416033832115         2.08031774856681959889230416033832115         0.00000000000000000000000000000000000         0.00000000000000000000000000000000000         2675.58449206331738723114263767074554         11452.1571856186044077495356582034402      
   8.60346441668483183756181982790961157         0.00000000000000000000000000000000000        0.400000000000000000000000000000000019        0.405220884126807094621475073680977824        0.194779115873192905378524926319022157        0.724999999999999999999999999999999981        0.275000000000000000000000000000000019        0.512000024318695068359375000000000000        0.425000011920928955078125000000000000         6.30000010132789611816406250000000000E-0002  0.870056494511586616800702331296776776        0.129943505488413383199297668703223248         0.00000000000000000000000000000000000        0.683022559859958444886526535977552353        0.167811590859605266884724425470909642        0.129098359310438402074632433326122454         278.311176733591166694393935160429533        0.300000011920928955078125000000000000        -1.00000000000000000000000000000000000         4.50000000000000000000000000000000000         50.0000000000000000000000000000000000         2.10380778181374682565451782313630061         2.10380778181374682565451782313630061         2.10380778181374682565451782313630061         2.10380778181374682565451782313630061         2.10380778181374682565451782313630061         0.00000000000000000000000000000000000         0.00000000000000000000000000000000000         2824.07906128050271570884363418620438         11602.0914725719632811263259267254130      
   9.01101825166536630189666009569239489         0.00000000000000000000000000000000000        0.400000000000000000000000000000000019        0.405220884126807094621475073680977824        0.194779115873192905378524926319022157        0.724999999999999999999999999999999981        0.275000000000000000000000000000000019        0.512000024318695068359375000000000000        0.425000011920928955078125000000000000         6.30000010132789611816406250000000000E-0002  0.870056494511586616800702331296776776        0.129943505488413383199297668703223248         0.00000000000000000000000000000000000        0.683022559859958444886526535977552353        0.167811590859605266884724425470909642        0.129098359310438402074632433326122454         278.311176733591166694393935160429533        0.300000011920928955078125000000000000        -1.00000000000000000000000000000000000         4.50000000000000000000000000000000000         50.0000000000000000000000000000000000         2.12765661953134660954677176635734530         2.12765661953134660954677176635734530         2.12765661953134660954677176635734530         2.12765661953134660954677176635734530         2.12765661953134660954677176635734530         0.00000000000000000000000000000000000         0.00000000000000000000000000000000000         2979.71734860782463963049229597743248         11752.6638624019440334299161243094068      
   9.43787827777574610680776305101093867         0.00000000000000000000000000000000000        0.400000000000000000000000000000000019        0.405220884126807094621475073680977824        0.194779115873192905378524926319022157        0.724999999999999999999999999999999981        0.275000000000000000000000000000000019        0.512000024318695068359375000000000000        0.425000011920928955078125000000000000         6.30000010132789611816406250000000000E-0002  0.870056494511586616800702331296776776        0.129943505488413383199297668703223248         0.00000000000000000000000000000000000        0.683022559859958444886526535977552353        0.167811590859605266884724425470909642        0.129098359310438402074632433326122454         278.311176733591166694393935160429533        0.300000011920928955078125000000000000        -1.00000000000000000000000000000000000         4.50000000000000000000000000000000000         50.0000000000000000000000000000000000         2.15157092456122598671705473115905416         2.15157092456122598671705473115905416         2.15157092456122598671705473115905416         2.15157092456122598671705473115905416         2.15157092456122598671705473115905416         0.00000000000000000000000000000000000         0.00000000000000000000000000000000000         3146.34429231998399320742115214718576         11906.2949885700639613273269651080297      
   9.88495904662596879076778864032827051         0.00000000000000000000000000000000000        0.400000000000000000000000000000000019        0.405220884126807094621475073680977824        0.194779115873192905378524926319022157        0.724999999999999999999999999999999981        0.275000000000000000000000000000000019        0.512000024318695068359375000000000000        0.425000011920928955078125000000000000         6.30000010132789611816406250000000000E-0002  0.870056494511586616800702331296776776        0.129943505488413383199297668703223248         0.00000000000000000000000000000000000        0.683022559859958444886526535977552353        0.167811590859605266884724425470909642        0.129098359310438402074632433326122454         278.311176733591166694393935160429533        0.300000011920928955078125000000000000        -1.00000000000000000000000000000000000         4.50000000000000000000000000000000000         50.0000000000000000000000000000000000         2.17574346881818800699526609230454352         2.17574346881818800699526609230454352         2.17574346881818800699526609230454352         2.17574346881818800699526609230454352         2.17574346881818800699526609230454352         0.00000000000000000000000000000000000         0.00000000000000000000000000000000000         3317.45670923626687744367540172742313         12058.1213394506897531016326378543554      
   10.3532184329570277361739405380354267         0.00000000000000000000000000000000000        0.400000000000000000000000000000000019        0.405220884126807094621475073680977824        0.194779115873192905378524926319022157        0.724999999999999999999999999999999981        0.275000000000000000000000000000000019        0.512000024318695068359375000000000000        0.425000011920928955078125000000000000         6.30000010132789611816406250000000000E-0002  0.870056494511586616800702331296776776        0.129943505488413383199297668703223248         0.00000000000000000000000000000000000        0.683022559859958444886526535977552353        0.167811590859605266884724425470909642        0.129098359310438402074632433326122454         278.311176733591166694393935160429533        0.300000011920928955078125000000000000        -1.00000000000000000000000000000000000         4.50000000000000000000000000000000000         50.0000000000000000000000000000000000         2.20075723883290603076679820632255837         2.20075723883290603076679820632255837         2.20075723883290603076679820632255837         2.20075723883290603076679820632255837         2.20075723883290603076679820632255837         0.00000000000000000000000000000000000         0.00000000000000000000000000000000000         3502.52110440607776757646951599876516         12215.0420538731862885714529086450683      
   10.8436596868965298573473131194133672         0.00000000000000000000000000000000000        0.400000000000000000000000000000000019        0.405220884126807094621475073680977824        0.194779115873192905378524926319022157        0.724999999999999999999999999999999981        0.275000000000000000000000000000000019        0.512000024318695068359375000000000000        0.425000011920928955078125000000000000         6.30000010132789611816406250000000000E-0002  0.870056494511586616800702331296776776        0.129943505488413383199297668703223248         0.00000000000000000000000000000000000        0.683022559859958444886526535977552353        0.167811590859605266884724425470909642        0.129098359310438402074632433326122454         278.311176733591166694393935160429533        0.300000011920928955078125000000000000        -1.00000000000000000000000000000000000         4.50000000000000000000000000000000000         50.0000000000000000000000000000000000         2.22644040474357312602478659967078407         2.22644040474357312602478659967078407         2.22644040474357312602478659967078407         2.22644040474357312602478659967078407         2.22644040474357312602478659967078407         0.00000000000000000000000000000000000         0.00000000000000000000000000000000000         3682.83911581612423877791070921371028         12490.0297061725245316626761813840939      
   11.3573335834315047407380755747457535         0.00000000000000000000000000000000000        0.400000000000000000000000000000000019        0.405220884126807094621475073680977824        0.194779115873192905378524926319022157        0.724999999999999999999999999999999981        0.275000000000000000000000000000000019        0.512000024318695068359375000000000000        0.425000011920928955078125000000000000         6.30000010132789611816406250000000000E-0002  0.870056494511586616800702331296776776        0.129943505488413383199297668703223248         0.00000000000000000000000000000000000        0.683022559859958444886526535977552353        0.167811590859605266884724425470909642        0.129098359310438402074632433326122454         278.311176733591166694393935160429533        0.300000011920928955078125000000000000        -1.00000000000000000000000000000000000         4.50000000000000000000000000000000000         50.0000000000000000000000000000000000         2.25407461640793987011113661881825568         2.25407461640793987011113661881825568         2.25407461640793987011113661881825568         2.25407461640793987011113661881825568         2.25407461640793987011113661881825568         0.00000000000000000000000000000000000         0.00000000000000000000000000000000000         3859.34408998613727694389609511795783         13002.1730658914204288437568542149710      
   11.8953406737036708935232311939754483         0.00000000000000000000000000000000000        0.400000000000000000000000000000000019        0.405220884126807094621475073680977824        0.194779115873192905378524926319022157        0.724999999999999999999999999999999981        0.275000000000000000000000000000000019        0.512000024318695068359375000000000000        0.425000011920928955078125000000000000         6.30000010132789611816406250000000000E-0002  0.870056494511586616800702331296776776        0.129943505488413383199297668703223248         0.00000000000000000000000000000000000        0.683022559859958444886526535977552353        0.167811590859605266884724425470909642        0.129098359310438402074632433326122454         278.311176733591166694393935160429533        0.300000011920928955078125000000000000        -1.00000000000000000000000000000000000         4.50000000000000000000000000000000000         50.0000000000000000000000000000000000         2.28096798679123206058244751585180114         2.28096798679123206058244751585180114         2.28096798679123206058244751585180114         2.28096798679123206058244751585180114         2.28096798679123206058244751585180114         0.00000000000000000000000000000000000         0.00000000000000000000000000000000000         4059.81391033058433721458298278913080         13405.4119440246512481500960767836874      
   12.4588336429505803262590704440291315         0.00000000000000000000000000000000000        0.400000000000000000000000000000000019        0.405220884126807094621475073680977824        0.194779115873192905378524926319022157        0.724999999999999999999999999999999981        0.275000000000000000000000000000000019        0.512000024318695068359375000000000000        0.425000011920928955078125000000000000         6.30000010132789611816406250000000000E-0002  0.870056494511586616800702331296776776        0.129943505488413383199297668703223248         0.00000000000000000000000000000000000        0.683022559859958444886526535977552353        0.167811590859605266884724425470909642        0.129098359310438402074632433326122454         278.311176733591166694393935160429533        0.300000011920928955078125000000000000        -1.00000000000000000000000000000000000         4.50000000000000000000000000000000000         50.0000000000000000000000000000000000         2.30748828285455571204837479732674489         2.30748828285455571204837479732674489         2.30748828285455571204837479732674489         2.30748828285455571204837479732674489         2.30748828285455571204837479732674489         0.00000000000000000000000000000000000         0.00000000000000000000000000000000000         4279.75601418587945504824180764361039         13765.4880294932858348756708205116423      
   13.0490197801445524899467209692621793         0.00000000000000000000000000000000000        0.400000000000000000000000000000000019        0.405220884126807094621475073680977824        0.194779115873192905378524926319022157        0.724999999999999999999999999999999981        0.275000000000000000000000000000000019        0.512000024318695068359375000000000000        0.425000011920928955078125000000000000         6.30000010132789611816406250000000000E-0002  0.870056494511586616800702331296776776        0.129943505488413383199297668703223248         0.00000000000000000000000000000000000        0.683022559859958444886526535977552353        0.167811590859605266884724425470909642        0.129098359310438402074632433326122454         278.311176733591166694393935160429533        0.300000011920928955078125000000000000        -1.00000000000000000000000000000000000         4.50000000000000000000000000000000000         50.0000000000000000000000000000000000         2.33337175700128365515788565628876515         2.33337175700128365515788565628876515         2.33337175700128365515788565628876515         2.33337175700128365515788565628876515         2.33337175700128365515788565628876515         0.00000000000000000000000000000000000         0.00000000000000000000000000000000000         4521.02207485426181500960418541203954         14110.8796001961399679384114573680264      
   13.6671635646206221493148154813537214         0.00000000000000000000000000000000000        0.400000000000000000000000000000000019        0.405220884126807094621475073680977824        0.194779115873192905378524926319022157        0.724999999999999999999999999999999981        0.275000000000000000000000000000000019        0.512000024318695068359375000000000000        0.425000011920928955078125000000000000         6.30000010132789611816406250000000000E-0002  0.870056494511586616800702331296776776        0.129943505488413383199297668703223248         0.00000000000000000000000000000000000        0.683022559859958444886526535977552353        0.167811590859605266884724425470909642        0.129098359310438402074632433326122454         278.311176733591166694393935160429533        0.300000011920928955078125000000000000        -1.00000000000000000000000000000000000         4.50000000000000000000000000000000000         50.0000000000000000000000000000000000         2.35914710644246084067500255610018396         2.35914710644246084067500255610018396         2.35914710644246084067500255610018396         2.35914710644246084067500255610018396         2.35914710644246084067500255610018396         0.00000000000000000000000000000000000         0.00000000000000000000000000000000000         4778.39645712253729786728304599837762         14450.2762542593586883570869665655269      
   14.3145893752353758338684692231306029         0.00000000000000000000000000000000000        0.400000000000000000000000000000000019        0.405220884126807094621475073680977824        0.194779115873192905378524926319022157        0.724999999999999999999999999999999981        0.275000000000000000000000000000000019        0.512000024318695068359375000000000000        0.425000011920928955078125000000000000         6.30000010132789611816406250000000000E-0002  0.870056494511586616800702331296776776        0.129943505488413383199297668703223248         0.00000000000000000000000000000000000        0.683022559859958444886526535977552353        0.167811590859605266884724425470909642        0.129098359310438402074632433326122454         278.311176733591166694393935160429533        0.300000011920928955078125000000000000        -1.00000000000000000000000000000000000         4.50000000000000000000000000000000000         50.0000000000000000000000000000000000         2.38464598617865724430046717803705074         2.38464598617865724430046717803705074         2.38464598617865724430046717803705074         2.38464598617865724430046717803705074         2.38464598617865724430046717803705074         0.00000000000000000000000000000000000         0.00000000000000000000000000000000000         5057.56706135163132393480681932412208         14794.6713070385902654641367571943482      
   14.9926843278610750864026478869771275         0.00000000000000000000000000000000000        0.400000000000000000000000000000000019        0.405220884126807094621475073680977824        0.194779115873192905378524926319022157        0.724999999999999999999999999999999981        0.275000000000000000000000000000000019        0.512000024318695068359375000000000000        0.425000011920928955078125000000000000         6.30000010132789611816406250000000000E-0002  0.870056494511586616800702331296776776        0.129943505488413383199297668703223248         0.00000000000000000000000000000000000        0.683022559859958444886526535977552353        0.167811590859605266884724425470909642        0.129098359310438402074632433326122454         278.311176733591166694393935160429533        0.300000011920928955078125000000000000        -1.00000000000000000000000000000000000         4.50000000000000000000000000000000000         50.0000000000000000000000000000000000         2.40992794496225790394838948745185510         2.40992794496225790394838948745185510         2.40992794496225790394838948745185510         2.40992794496225790394838948745185510         2.40992794496225790394838948745185510         0.00000000000000000000000000000000000         0.00000000000000000000000000000000000         5351.56866326757405814040943083016531         15144.2298240938768163668242504948804      
   15.7029012472944242844593367399923914         0.00000000000000000000000000000000000        0.400000000000000000000000000000000019        0.405220884126807094621475073680977824        0.194779115873192905378524926319022157        0.724999999999999999999999999999999981        0.275000000000000000000000000000000019        0.512000024318695068359375000000000000        0.425000011920928955078125000000000000         6.30000010132789611816406250000000000E-0002  0.870056494511586616800702331296776776        0.129943505488413383199297668703223248         0.00000000000000000000000000000000000        0.683022559859958444886526535977552353        0.167811590859605266884724425470909642        0.129098359310438402074632433326122454         278.311176733591166694393935160429533        0.300000011920928955078125000000000000        -1.00000000000000000000000000000000000         4.50000000000000000000000000000000000         50.0000000000000000000000000000000000         2.43512760752272097243241658478217293         2.43512760752272097243241658478217293         2.43512760752272097243241658478217293         2.43512760752272097243241658478217293         2.43512760752272097243241658478217293         0.00000000000000000000000000000000000         0.00000000000000000000000000000000000         5658.98411804354111014322462271114501         15500.1364424060895680781598447542871      
   16.4467617799473254470491446022305387         0.00000000000000000000000000000000000        0.400000000000000000000000000000000019        0.405220884126807094621475073680977824        0.194779115873192905378524926319022157        0.724999999999999999999999999999999981        0.275000000000000000000000000000000019        0.512000024318695068359375000000000000        0.425000011920928955078125000000000000         6.30000010132789611816406250000000000E-0002  0.870056494511586616800702331296776776        0.129943505488413383199297668703223248         0.00000000000000000000000000000000000        0.683022559859958444886526535977552353        0.167811590859605266884724425470909642        0.129098359310438402074632433326122454         278.311176733591166694393935160429533        0.300000011920928955078125000000000000        -1.00000000000000000000000000000000000         4.50000000000000000000000000000000000         50.0000000000000000000000000000000000         2.45998340655141396450769468666603910         2.45998340655141396450769468666603910         2.45998340655141396450769468666603910         2.45998340655141396450769468666603910         2.45998340655141396450769468666603910         0.00000000000000000000000000000000000         0.00000000000000000000000000000000000         6001.22290161517822566686418191474390         15875.7844874663686396108765142739255      
   17.2258596539885891666448939958271182         0.00000000000000000000000000000000000        0.400000000000000000000000000000000019        0.405220884126807094621475073680977824        0.194779115873192905378524926319022157        0.724999999999999999999999999999999981        0.275000000000000000000000000000000019        0.512000024318695068359375000000000000        0.425000011920928955078125000000000000         6.30000010132789611816406250000000000E-0002  0.870056494511586616800702331296776776        0.129943505488413383199297668703223248         0.00000000000000000000000000000000000        0.683022559859958444886526535977552353        0.167811590859605266884724425470909642        0.129098359310438402074632433326122454         278.311176733591166694393935160429533        0.300000011920928955078125000000000000        -1.00000000000000000000000000000000000         4.50000000000000000000000000000000000         50.0000000000000000000000000000000000         2.48477688832134058657301147171998886         2.48477688832134058657301147171998886         2.48477688832134058657301147171998886         2.48477688832134058657301147171998886         2.48477688832134058657301147171998886         0.00000000000000000000000000000000000         0.00000000000000000000000000000000000         6357.15324553635369060605224515847500         16256.4858411601669836672657330254304      
   18.0418640939214858630807661830989717         0.00000000000000000000000000000000000        0.400000000000000000000000000000000019        0.405220884126807094621475073680977824        0.194779115873192905378524926319022157        0.724999999999999999999999999999999981        0.275000000000000000000000000000000019        0.512000024318695068359375000000000000        0.425000011920928955078125000000000000         6.30000010132789611816406250000000000E-0002  0.870056494511586616800702331296776776        0.129943505488413383199297668703223248         0.00000000000000000000000000000000000        0.683022559859958444886526535977552353        0.167811590859605266884724425470909642        0.129098359310438402074632433326122454         278.311176733591166694393935160429533        0.300000011920928955078125000000000000        -1.00000000000000000000000000000000000         4.50000000000000000000000000000000000         50.0000000000000000000000000000000000         2.50917850630276167038366330481568027         2.50917850630276167038366330481568027         2.50917850630276167038366330481568027         2.50917850630276167038366330481568027         2.50917850630276167038366330481568027         0.00000000000000000000000000000000000         0.00000000000000000000000000000000000         6743.90968518796097792326054615076878         16646.6940005616365180945050679530999      
   18.8965233969129017925278720876753030         0.00000000000000000000000000000000000        0.400000000000000000000000000000000019        0.405220884126807094621475073680977824        0.194779115873192905378524926319022157        0.724999999999999999999999999999999981        0.275000000000000000000000000000000019        0.512000024318695068359375000000000000        0.425000011920928955078125000000000000         6.30000010132789611816406250000000000E-0002  0.870056494511586616800702331296776776        0.129943505488413383199297668703223248         0.00000000000000000000000000000000000        0.683022559859958444886526535977552353        0.167811590859605266884724425470909642        0.129098359310438402074632433326122454         278.311176733591166694393935160429533        0.300000011920928955078125000000000000        -1.00000000000000000000000000000000000         4.50000000000000000000000000000000000         50.0000000000000000000000000000000000         2.53425780432450640205197785671487571         2.53425780432450640205197785671487571         2.53425780432450640205197785671487571         2.53425780432450640205197785671487571         2.53425780432450640205197785671487571         0.00000000000000000000000000000000000         0.00000000000000000000000000000000000         7146.80895546923271268402478102786413         17058.2617032458479600055879198560193      
   19.7916686785364185751762295282302534         0.00000000000000000000000000000000000        0.400000000000000000000000000000000019        0.405220884126807094621475073680977824        0.194779115873192905378524926319022157        0.724999999999999999999999999999999981        0.275000000000000000000000000000000019        0.512000024318695068359375000000000000        0.425000011920928955078125000000000000         6.30000010132789611816406250000000000E-0002  0.870056494511586616800702331296776776        0.129943505488413383199297668703223248         0.00000000000000000000000000000000000        0.683022559859958444886526535977552353        0.167811590859605266884724425470909642        0.129098359310438402074632433326122454         278.311176733591166694393935160429533        0.300000011920928955078125000000000000        -1.00000000000000000000000000000000000         4.50000000000000000000000000000000000         50.0000000000000000000000000000000000         2.55907755286704188765616761529566065         2.55907755286704188765616761529566065         2.55907755286704188765616761529566065         2.55907755286704188765616761529566065         2.55907755286704188765616761529566065         0.00000000000000000000000000000000000         0.00000000000000000000000000000000000         7571.89911807146477878903525462861765         17475.2790531619919346451600726998719      
   20.7292177959546059255378205487295255         0.00000000000000000000000000000000000        0.400000000000000000000000000000000019        0.405220884126807094621475073680977824        0.194779115873192905378524926319022157        0.724999999999999999999999999999999981        0.275000000000000000000000000000000019        0.512000024318695068359375000000000000        0.425000011920928955078125000000000000         6.30000010132789611816406250000000000E-0002  0.870056494511586616800702331296776776        0.129943505488413383199297668703223248         0.00000000000000000000000000000000000        0.683022559859958444886526535977552353        0.167811590859605266884724425470909642        0.129098359310438402074632433326122454         278.311176733591166694393935160429533        0.300000011920928955078125000000000000        -1.00000000000000000000000000000000000         4.50000000000000000000000000000000000         50.0000000000000000000000000000000000         2.58387697937102161984568833528330943         2.58387697937102161984568833528330943         2.58387697937102161984568833528330943         2.58387697937102161984568833528330943         2.58387697937102161984568833528330943         0.00000000000000000000000000000000000         0.00000000000000000000000000000000000         8038.60247082758418397095989142211776         17911.0559442970014512642811838442796      
   21.7111794569459824479971497798839502         0.00000000000000000000000000000000000        0.400000000000000000000000000000000019        0.405220884126807094621475073680977824        0.194779115873192905378524926319022157        0.724999999999999999999999999999999981        0.275000000000000000000000000000000019        0.512000024318695068359375000000000000        0.425000011920928955078125000000000000         6.30000010132789611816406250000000000E-0002  0.870056494511586616800702331296776776        0.129943505488413383199297668703223248         0.00000000000000000000000000000000000        0.683022559859958444886526535977552353        0.167811590859605266884724425470909642        0.129098359310438402074632433326122454         278.311176733591166694393935160429533        0.300000011920928955078125000000000000        -1.00000000000000000000000000000000000         4.50000000000000000000000000000000000         50.0000000000000000000000000000000000         2.60878366982246141292279528101516305         2.60878366982246141292279528101516305         2.60878366982246141292279528101516305         2.60878366982246141292279528101516305         2.60878366982246141292279528101516305         0.00000000000000000000000000000000000         0.00000000000000000000000000000000000         8531.29464390375844183469240549881134         18359.5382038022275464195739474424837      
   22.7396575235802733048359620889347810         0.00000000000000000000000000000000000        0.400000000000000000000000000000000019        0.405220884126807094621475073680977824        0.194779115873192905378524926319022157        0.724999999999999999999999999999999981        0.275000000000000000000000000000000019        0.512000024318695068359375000000000000        0.425000011920928955078125000000000000         6.30000010132789611816406250000000000E-0002  0.870056494511586616800702331296776776        0.129943505488413383199297668703223248         0.00000000000000000000000000000000000        0.683022559859958444886526535977552353        0.167811590859605266884724425470909642        0.129098359310438402074632433326122454         278.311176733591166694393935160429533        0.300000011920928955078125000000000000        -1.00000000000000000000000000000000000         4.50000000000000000000000000000000000         50.0000000000000000000000000000000000         2.63357512207087921835499054137660954         2.63357512207087921835499054137660954         2.63357512207087921835499054137660954         2.63357512207087921835499054137660954         2.63357512207087921835499054137660954         0.00000000000000000000000000000000000         0.00000000000000000000000000000000000         9057.67373287426226274945154602034094         18825.2742367700146899789274232711651      
   23.8168555197626293658587845572158158         0.00000000000000000000000000000000000        0.400000000000000000000000000000000019        0.405220884126807094621475073680977824        0.194779115873192905378524926319022157        0.724999999999999999999999999999999981        0.275000000000000000000000000000000019        0.512000024318695068359375000000000000        0.425000011920928955078125000000000000         6.30000010132789611816406250000000000E-0002  0.870056494511586616800702331296776776        0.129943505488413383199297668703223248         0.00000000000000000000000000000000000        0.683022559859958444886526535977552353        0.167811590859605266884724425470909642        0.129098359310438402074632433326122454         278.311176733591166694393935160429533        0.300000011920928955078125000000000000        -1.00000000000000000000000000000000000         4.50000000000000000000000000000000000         50.0000000000000000000000000000000000         2.65859018906361433316149506448171370         2.65859018906361433316149506448171370         2.65859018906361433316149506448171370         2.65859018906361433316149506448171370         2.65859018906361433316149506448171370         0.00000000000000000000000000000000000         0.00000000000000000000000000000000000         9617.35122213878438085480997656287910         19302.8919598245830021213959620347966      
   24.9450813523042636110632071495682141         0.00000000000000000000000000000000000        0.400000000000000000000000000000000019        0.405220884126807094621475073680977824        0.194779115873192905378524926319022157        0.724999999999999999999999999999999981        0.275000000000000000000000000000000019        0.512000024318695068359375000000000000        0.425000011920928955078125000000000000         6.30000010132789611816406250000000000E-0002  0.870056494511586616800702331296776776        0.129943505488413383199297668703223248         0.00000000000000000000000000000000000        0.683022559859958444886526535977552353        0.167811590859605266884724425470909642        0.129098359310438402074632433326122454         278.311176733591166694393935160429533        0.300000011920928955078125000000000000        -1.00000000000000000000000000000000000         4.50000000000000000000000000000000000         50.0000000000000000000000000000000000         2.68350199051329212905766794446934552         2.68350199051329212905766794446934552         2.68350199051329212905766794446934552         2.68350199051329212905766794446934552         2.68350199051329212905766794446934552         0.00000000000000000000000000000000000         0.00000000000000000000000000000000000         10215.4368310244515649590586408315357         19801.2139552272212134216766104689872      
   26.1267522556344429096957856567219458         0.00000000000000000000000000000000000        0.400000000000000000000000000000000019        0.405220884126807094621475073680977824        0.194779115873192905378524926319022157        0.724999999999999999999999999999999981        0.275000000000000000000000000000000019        0.512000024318695068359375000000000000        0.425000011920928955078125000000000000         6.30000010132789611816406250000000000E-0002  0.870056494511586616800702331296776776        0.129943505488413383199297668703223248         0.00000000000000000000000000000000000        0.683022559859958444886526535977552353        0.167811590859605266884724425470909642        0.129098359310438402074632433326122454         278.311176733591166694393935160429533        0.300000011920928955078125000000000000        -1.00000000000000000000000000000000000         4.50000000000000000000000000000000000         50.0000000000000000000000000000000000         2.70873534783082096050351761035673195         2.70873534783082096050351761035673195         2.70873534783082096050351761035673195         2.70873534783082096050351761035673195         2.70873534783082096050351761035673195         0.00000000000000000000000000000000000         0.00000000000000000000000000000000000         10852.1814863989818784922488676651948         20312.7086007484853950102202865697792      
   27.3643999707479270007413801432196356         0.00000000000000000000000000000000000        0.400000000000000000000000000000000019        0.405220884126807094621475073680977824        0.194779115873192905378524926319022157        0.724999999999999999999999999999999981        0.275000000000000000000000000000000019        0.512000024318695068359375000000000000        0.425000011920928955078125000000000000         6.30000010132789611816406250000000000E-0002  0.870056494511586616800702331296776776        0.129943505488413383199297668703223248         0.00000000000000000000000000000000000        0.683022559859958444886526535977552353        0.167811590859605266884724425470909642        0.129098359310438402074632433326122454         278.311176733591166694393935160429533        0.300000011920928955078125000000000000        -1.00000000000000000000000000000000000         4.50000000000000000000000000000000000         50.0000000000000000000000000000000000         2.73356738819840207493813563064794575         2.73356738819840207493813563064794575         2.73356738819840207493813563064794575         2.73356738819840207493813563064794575         2.73356738819840207493813563064794575         0.00000000000000000000000000000000000         0.00000000000000000000000000000000000         11532.4200323912312446848927924664684         20845.5975124511905349276415248563732      
   28.6606761694837981427111233968978527         0.00000000000000000000000000000000000        0.400000000000000000000000000000000019        0.405220884126807094621475073680977824        0.194779115873192905378524926319022157        0.724999999999999999999999999999999981        0.275000000000000000000000000000000019        0.512000024318695068359375000000000000        0.425000011920928955078125000000000000         6.30000010132789611816406250000000000E-0002  0.870056494511586616800702331296776776        0.129943505488413383199297668703223248         0.00000000000000000000000000000000000        0.683022559859958444886526535977552353        0.167811590859605266884724425470909642        0.129098359310438402074632433326122454         278.311176733591166694393935160429533        0.300000011920928955078125000000000000        -1.00000000000000000000000000000000000         4.50000000000000000000000000000000000         50.0000000000000000000000000000000000         2.75882212214058423564148621521732292         2.75882212214058423564148621521732292         2.75882212214058423564148621521732292         2.75882212214058423564148621521732292         2.75882212214058423564148621521732292         0.00000000000000000000000000000000000         0.00000000000000000000000000000000000         12256.6012159164352498342262791042254         21392.5994115219989522402138114649859      
   30.0183581357572497063742795553511495         0.00000000000000000000000000000000000        0.400000000000000000000000000000000019        0.405220884126807094621475073680977824        0.194779115873192905378524926319022157        0.724999999999999999999999999999999981        0.275000000000000000000000000000000019        0.512000024318695068359375000000000000        0.425000011920928955078125000000000000         6.30000010132789611816406250000000000E-0002  0.870056494511586616800702331296776776        0.129943505488413383199297668703223248         0.00000000000000000000000000000000000        0.683022559859958444886526535977552353        0.167811590859605266884724425470909642        0.129098359310438402074632433326122454         278.311176733591166694393935160429533        0.300000011920928955078125000000000000        -1.00000000000000000000000000000000000         4.50000000000000000000000000000000000         50.0000000000000000000000000000000000         2.78377753145066473765982495289278269         2.78377753145066473765982495289278269         2.78377753145066473765982495289278269         2.78377753145066473765982495289278269         2.78377753145066473765982495289278269         0.00000000000000000000000000000000000         0.00000000000000000000000000000000000         13031.0863480927600881580213146263738         21963.5121506232735957051122108030074      
   31.4403547159164261088988818749477531         0.00000000000000000000000000000000000        0.400000000000000000000000000000000019        0.405220884126807094621475073680977824        0.194779115873192905378524926319022157        0.724999999999999999999999999999999981        0.275000000000000000000000000000000019        0.512000024318695068359375000000000000        0.425000011920928955078125000000000000         6.30000010132789611816406250000000000E-0002  0.870056494511586616800702331296776776        0.129943505488413383199297668703223248         0.00000000000000000000000000000000000        0.683022559859958444886526535977552353        0.167811590859605266884724425470909642        0.129098359310438402074632433326122454         278.311176733591166694393935160429533        0.300000011920928955078125000000000000        -1.00000000000000000000000000000000000         4.50000000000000000000000000000000000         50.0000000000000000000000000000000000         2.80905149274661293261810230833273771         2.80905149274661293261810230833273771         2.80905149274661293261810230833273771         2.80905149274661293261810230833273771         2.80905149274661293261810230833273771         0.00000000000000000000000000000000000         0.00000000000000000000000000000000000         13859.7654048115119676876344013853184         22554.6418464601316345766316083931312      
   32.9297125509730094348267134385588767         0.00000000000000000000000000000000000        0.400000000000000000000000000000000019        0.405220884126807094621475073680977824        0.194779115873192905378524926319022157        0.724999999999999999999999999999999981        0.275000000000000000000000000000000019        0.512000024318695068359375000000000000        0.425000011920928955078125000000000000         6.30000010132789611816406250000000000E-0002  0.870056494511586616800702331296776776        0.129943505488413383199297668703223248         0.00000000000000000000000000000000000        0.683022559859958444886526535977552353        0.167811590859605266884724425470909642        0.129098359310438402074632433326122454         278.311176733591166694393935160429533        0.300000011920928955078125000000000000        -1.00000000000000000000000000000000000         4.50000000000000000000000000000000000         50.0000000000000000000000000000000000         2.83440978567275575693290675791932907         2.83440978567275575693290675791932907         2.83440978567275575693290675791932907         2.83440978567275575693290675791932907         2.83440978567275575693290675791932907         0.00000000000000000000000000000000000         0.00000000000000000000000000000000000         14739.1668833234202691315234275358517         23160.5861011596409194062982739910501      
   34.4896226040591652356324616013479640         0.00000000000000000000000000000000000        0.400000000000000000000000000000000019        0.405220884126807094621475073680977824        0.194779115873192905378524926319022157        0.724999999999999999999999999999999981        0.275000000000000000000000000000000019        0.512000024318695068359375000000000000        0.425000011920928955078125000000000000         6.30000010132789611816406250000000000E-0002  0.870056494511586616800702331296776776        0.129943505488413383199297668703223248         0.00000000000000000000000000000000000        0.683022559859958444886526535977552353        0.167811590859605266884724425470909642        0.129098359310438402074632433326122454         278.311176733591166694393935160429533        0.300000011920928955078125000000000000        -1.00000000000000000000000000000000000         4.50000000000000000000000000000000000         50.0000000000000000000000000000000000         2.85953242165352183434614174494814660         2.85953242165352183434614174494814660         2.85953242165352183434614174494814660         2.85953242165352183434614174494814660         2.85953242165352183434614174494814660         0.00000000000000000000000000000000000         0.00000000000000000000000000000000000         15680.8212839717259488872189118082279         23814.0398729447556803080763234012277      
   36.1234269970959852434556329432163891         0.00000000000000000000000000000000000        0.400000000000000000000000000000000019        0.405220884126807094621475073680977824        0.194779115873192905378524926319022157        0.724999999999999999999999999999999981        0.275000000000000000000000000000000019        0.512000024318695068359375000000000000        0.425000011920928955078125000000000000         6.30000010132789611816406250000000000E-0002  0.870056494511586616800702331296776776        0.129943505488413383199297668703223248         0.00000000000000000000000000000000000        0.683022559859958444886526535977552353        0.167811590859605266884724425470909642        0.129098359310438402074632433326122454         278.311176733591166694393935160429533        0.300000011920928955078125000000000000        -1.00000000000000000000000000000000000         4.50000000000000000000000000000000000         50.0000000000000000000000000000000000         2.88475403614917108560783891030735500         2.88475403614917108560783891030735500         2.88475403614917108560783891030735500         2.88475403614917108560783891030735500         2.88475403614917108560783891030735500         0.00000000000000000000000000000000000         0.00000000000000000000000000000000000         16686.3378604725076932192876709056626         24493.4826049208271030276262844099175      
   37.8346261713210532672152332780757538         0.00000000000000000000000000000000000        0.400000000000000000000000000000000019        0.405220884126807094621475073680977824        0.194779115873192905378524926319022157        0.724999999999999999999999999999999981        0.275000000000000000000000000000000019        0.512000024318695068359375000000000000        0.425000011920928955078125000000000000         6.30000010132789611816406250000000000E-0002  0.870056494511586616800702331296776776        0.129943505488413383199297668703223248         0.00000000000000000000000000000000000        0.683022559859958444886526535977552353        0.167811590859605266884724425470909642        0.129098359310438402074632433326122454         278.311176733591166694393935160429533        0.300000011920928955078125000000000000        -1.00000000000000000000000000000000000         4.50000000000000000000000000000000000         50.0000000000000000000000000000000000         2.91010041365187864419130311452219915         2.91010041365187864419130311452219915         2.91010041365187864419130311452219915         2.91010041365187864419130311452219915         2.91010041365187864419130311452219915         0.00000000000000000000000000000000000         0.00000000000000000000000000000000000         17762.2237256664281129449649682933756         25189.4967027290343770567348018014545      
   39.6268863870166317486167498635414547         0.00000000000000000000000000000000000        0.400000000000000000000000000000000019        0.405220884126807094621475073680977824        0.194779115873192905378524926319022157        0.724999999999999999999999999999999981        0.275000000000000000000000000000000019        0.512000024318695068359375000000000000        0.425000011920928955078125000000000000         6.30000010132789611816406250000000000E-0002  0.870056494511586616800702331296776776        0.129943505488413383199297668703223248         0.00000000000000000000000000000000000        0.683022559859958444886526535977552353        0.167811590859605266884724425470909642        0.129098359310438402074632433326122454         278.311176733591166694393935160429533        0.300000011920928955078125000000000000        -1.00000000000000000000000000000000000         4.50000000000000000000000000000000000         50.0000000000000000000000000000000000         2.93543295813134224432259596628595435         2.93543295813134224432259596628595435         2.93543295813134224432259596628595435         2.93543295813134224432259596628595435         2.93543295813134224432259596628595435         0.00000000000000000000000000000000000         0.00000000000000000000000000000000000         18910.5408443926637895261942717046802         25900.3441598996208304293954702022663      
   41.5040475785067069671132337416860269         0.00000000000000000000000000000000000        0.400000000000000000000000000000000019        0.405220884126807094621475073680977824        0.194779115873192905378524926319022157        0.724999999999999999999999999999999981        0.275000000000000000000000000000000019        0.512000024318695068359375000000000000        0.425000011920928955078125000000000000         6.30000010132789611816406250000000000E-0002  0.870056494511586616800702331296776776        0.129943505488413383199297668703223248         0.00000000000000000000000000000000000        0.683022559859958444886526535977552353        0.167811590859605266884724425470909642        0.129098359310438402074632433326122454         278.311176733591166694393935160429533        0.300000011920928955078125000000000000        -1.00000000000000000000000000000000000         4.50000000000000000000000000000000000         50.0000000000000000000000000000000000         2.96078139856386301695732296362326744         2.96078139856386301695732296362326744         2.96078139856386301695732296362326744         2.96078139856386301695732296362326744         2.96078139856386301695732296362326744         0.00000000000000000000000000000000000         0.00000000000000000000000000000000000         20137.8392639918345405457460551814177         26631.1665329431386755417877797678467      
   43.4701315812522977450502814228557596         0.00000000000000000000000000000000000        0.400000000000000000000000000000000019        0.405220884126807094621475073680977824        0.194779115873192905378524926319022157        0.724999999999999999999999999999999981        0.275000000000000000000000000000000019        0.512000024318695068359375000000000000        0.425000011920928955078125000000000000         6.30000010132789611816406250000000000E-0002  0.870056494511586616800702331296776776        0.129943505488413383199297668703223248         0.00000000000000000000000000000000000        0.683022559859958444886526535977552353        0.167811590859605266884724425470909642        0.129098359310438402074632433326122454         278.311176733591166694393935160429533        0.300000011920928955078125000000000000        -1.00000000000000000000000000000000000         4.50000000000000000000000000000000000         50.0000000000000000000000000000000000         2.98598269398459213606717318838799474         2.98598269398459213606717318838799474         2.98598269398459213606717318838799474         2.98598269398459213606717318838799474         2.98598269398459213606717318838799474         0.00000000000000000000000000000000000         0.00000000000000000000000000000000000         21446.2841560032917164971925460136493         27399.7064423746470172658328530779078      
   45.5293507486716565241505913849878156         0.00000000000000000000000000000000000        0.400000000000000000000000000000000019        0.405220884126807094621475073680977824        0.194779115873192905378524926319022157        0.724999999999999999999999999999999981        0.275000000000000000000000000000000019        0.512000024318695068359375000000000000        0.425000011920928955078125000000000000         6.30000010132789611816406250000000000E-0002  0.870056494511586616800702331296776776        0.129943505488413383199297668703223248         0.00000000000000000000000000000000000        0.683022559859958444886526535977552353        0.167811590859605266884724425470909642        0.129098359310438402074632433326122454         278.311176733591166694393935160429533        0.300000011920928955078125000000000000        -1.00000000000000000000000000000000000         4.50000000000000000000000000000000000         50.0000000000000000000000000000000000         3.01130746841460077684174310687277413         3.01130746841460077684174310687277413         3.01130746841460077684174310687277413         3.01130746841460077684174310687277413         3.01130746841460077684174310687277413         0.00000000000000000000000000000000000         0.00000000000000000000000000000000000         22847.0564245661839084077044651888030         28182.8447589075371184649605805515435      
   47.6861169771469809221183781797401387         0.00000000000000000000000000000000000        0.400000000000000000000000000000000019        0.405220884126807094621475073680977824        0.194779115873192905378524926319022157        0.724999999999999999999999999999999981        0.275000000000000000000000000000000019        0.512000024318695068359375000000000000        0.425000011920928955078125000000000000         6.30000010132789611816406250000000000E-0002  0.870056494511586616800702331296776776        0.129943505488413383199297668703223248         0.00000000000000000000000000000000000        0.683022559859958444886526535977552353        0.167811590859605266884724425470909642        0.129098359310438402074632433326122454         278.311176733591166694393935160429533        0.300000011920928955078125000000000000        -1.00000000000000000000000000000000000         4.50000000000000000000000000000000000         50.0000000000000000000000000000000000         3.03664118981670029674553761936865932         3.03664118981670029674553761936865932         3.03664118981670029674553761936865932         3.03664118981670029674553761936865932         3.03664118981670029674553761936865932         0.00000000000000000000000000000000000         0.00000000000000000000000000000000000         24344.8060755086794109753007608946804         28995.6692359383303214011696734281419      
   49.9450511585537973057412883106299450         0.00000000000000000000000000000000000        0.400000000000000000000000000000000019        0.405220884126807094621475073680977824        0.194779115873192905378524926319022157        0.724999999999999999999999999999999981        0.275000000000000000000000000000000019        0.512000024318695068359375000000000000        0.425000011920928955078125000000000000         6.30000010132789611816406250000000000E-0002  0.870056494511586616800702331296776776        0.129943505488413383199297668703223248         0.00000000000000000000000000000000000        0.683022559859958444886526535977552353        0.167811590859605266884724425470909642        0.129098359310438402074632433326122454         278.311176733591166694393935160429533        0.300000011920928955078125000000000000        -1.00000000000000000000000000000000000         4.50000000000000000000000000000000000         50.0000000000000000000000000000000000         3.06203205337268270879280558761489361         3.06203205337268270879280558761489361         3.06203205337268270879280558761489361         3.06203205337268270879280558761489361         3.06203205337268270879280558761489361         0.00000000000000000000000000000000000         0.00000000000000000000000000000000000         25949.8142761437872023526513233748829         29837.9711314275738771297016371150467      
   52.3109930805651492519346455020741169         0.00000000000000000000000000000000000        0.400000000000000000000000000000000019        0.405220884126807094621475073680977824        0.194779115873192905378524926319022157        0.724999999999999999999999999999999981        0.275000000000000000000000000000000019        0.512000024318695068359375000000000000        0.425000011920928955078125000000000000         6.30000010132789611816406250000000000E-0002  0.870056494511586616800702331296776776        0.129943505488413383199297668703223248         0.00000000000000000000000000000000000        0.683022559859958444886526535977552353        0.167811590859605266884724425470909642        0.129098359310438402074632433326122454         278.311176733591166694393935160429533        0.300000011920928955078125000000000000        -1.00000000000000000000000000000000000         4.50000000000000000000000000000000000         50.0000000000000000000000000000000000         3.08734506365172959069533852010741853         3.08734506365172959069533852010741853         3.08734506365172959069533852010741853         3.08734506365172959069533852010741853         3.08734506365172959069533852010741853         0.00000000000000000000000000000000000         0.00000000000000000000000000000000000         27663.0318119261825694081711767909234         30710.1427727986276318870087976348220      
   54.7890117959420854878872849816232285         0.00000000000000000000000000000000000        0.400000000000000000000000000000000019        0.405220884126807094621475073680977824        0.194779115873192905378524926319022157        0.724999999999999999999999999999999981        0.275000000000000000000000000000000019        0.512000024318695068359375000000000000        0.425000011920928955078125000000000000         6.30000010132789611816406250000000000E-0002  0.870056494511586616800702331296776776        0.129943505488413383199297668703223248         0.00000000000000000000000000000000000        0.683022559859958444886526535977552353        0.167811590859605266884724425470909642        0.129098359310438402074632433326122454         278.311176733591166694393935160429533        0.300000011920928955078125000000000000        -1.00000000000000000000000000000000000         4.50000000000000000000000000000000000         50.0000000000000000000000000000000000         3.11259814004047263100804707035489069         3.11259814004047263100804707035489069         3.11259814004047263100804707035489069         3.11259814004047263100804707035489069         3.11259814004047263100804707035489069         0.00000000000000000000000000000000000         0.00000000000000000000000000000000000         29495.9896103075204816122917959762198         31613.2414841287489793030775682085901      
   57.3844164830267494473134630390337038         0.00000000000000000000000000000000000        0.400000000000000000000000000000000019        0.405220884126807094621475073680977824        0.194779115873192905378524926319022157        0.724999999999999999999999999999999981        0.275000000000000000000000000000000019        0.512000024318695068359375000000000000        0.425000011920928955078125000000000000         6.30000010132789611816406250000000000E-0002  0.870056494511586616800702331296776776        0.129943505488413383199297668703223248         0.00000000000000000000000000000000000        0.683022559859958444886526535977552353        0.167811590859605266884724425470909642        0.129098359310438402074632433326122454         278.311176733591166694393935160429533        0.300000011920928955078125000000000000        -1.00000000000000000000000000000000000         4.50000000000000000000000000000000000         50.0000000000000000000000000000000000         3.13783789542875375524882237629837082         3.13783789542875375524882237629837082         3.13783789542875375524882237629837082         3.13783789542875375524882237629837082         3.13783789542875375524882237629837082         0.00000000000000000000000000000000000         0.00000000000000000000000000000000000         31459.3832465292063392479272121252755         32551.6027915981771761062864985126488      
   60.1027678207067787613836741752440859         0.00000000000000000000000000000000000        0.400000000000000000000000000000000019        0.405220884126807094621475073680977824        0.194779115873192905378524926319022157        0.724999999999999999999999999999999981        0.275000000000000000000000000000000019        0.512000024318695068359375000000000000        0.425000011920928955078125000000000000         6.30000010132789611816406250000000000E-0002  0.870056494511586616800702331296776776        0.129943505488413383199297668703223248         0.00000000000000000000000000000000000        0.683022559859958444886526535977552353        0.167811590859605266884724425470909642        0.129098359310438402074632433326122454         278.311176733591166694393935160429533        0.300000011920928955078125000000000000        -1.00000000000000000000000000000000000         4.50000000000000000000000000000000000         50.0000000000000000000000000000000000         3.16311468662086147505632082332953226         3.16311468662086147505632082332953226         3.16311468662086147505632082332953226         3.16311468662086147505632082332953226         3.16311468662086147505632082332953226         0.00000000000000000000000000000000000         0.00000000000000000000000000000000000         33562.8337682219595644473688159337535         33523.3568179032932301381643058115906      
   62.9498899022219826103145225233349426         0.00000000000000000000000000000000000        0.400000000000000000000000000000000019        0.405220884126807094621475073680977824        0.194779115873192905378524926319022157        0.724999999999999999999999999999999981        0.275000000000000000000000000000000019        0.512000024318695068359375000000000000        0.425000011920928955078125000000000000         6.30000010132789611816406250000000000E-0002  0.870056494511586616800702331296776776        0.129943505488413383199297668703223248         0.00000000000000000000000000000000000        0.683022559859958444886526535977552353        0.167811590859605266884724425470909642        0.129098359310438402074632433326122454         278.311176733591166694393935160429533        0.300000011920928955078125000000000000        -1.00000000000000000000000000000000000         4.50000000000000000000000000000000000         50.0000000000000000000000000000000000         3.18824592151845641933788683083908167         3.18824592151845641933788683083908167         3.18824592151845641933788683083908167         3.18824592151845641933788683083908167         3.18824592151845641933788683083908167         0.00000000000000000000000000000000000         0.00000000000000000000000000000000000         35811.7226850228423938818151916498885         34529.5084273290555839077739778492250      
   65.9318827133387394963924236784617628         0.00000000000000000000000000000000000        0.400000000000000000000000000000000019        0.405220884126807094621475073680977824        0.194779115873192905378524926319022157        0.724999999999999999999999999999999981        0.275000000000000000000000000000000019        0.512000024318695068359375000000000000        0.425000011920928955078125000000000000         6.30000010132789611816406250000000000E-0002  0.870056494511586616800702331296776776        0.129943505488413383199297668703223248         0.00000000000000000000000000000000000        0.683022559859958444886526535977552353        0.167811590859605266884724425470909642        0.129098359310438402074632433326122454         278.311176733591166694393935160429533        0.300000011920928955078125000000000000        -1.00000000000000000000000000000000000         4.50000000000000000000000000000000000         50.0000000000000000000000000000000000         3.21340603062757575832343439365077766         3.21340603062757575832343439365077766         3.21340603062757575832343439365077766         3.21340603062757575832343439365077766         3.21340603062757575832343439365077766         0.00000000000000000000000000000000000         0.00000000000000000000000000000000000         38224.0370864803075305088627180266804         35573.5510870705051739956320752512458      
   69.0551352016267211341221719941803480         0.00000000000000000000000000000000000        0.400000000000000000000000000000000019        0.405220884126807094621475073680977824        0.194779115873192905378524926319022157        0.724999999999999999999999999999999981        0.275000000000000000000000000000000019        0.512000024318695068359375000000000000        0.425000011920928955078125000000000000         6.30000010132789611816406250000000000E-0002  0.870056494511586616800702331296776776        0.129943505488413383199297668703223248         0.00000000000000000000000000000000000        0.683022559859958444886526535977552353        0.167811590859605266884724425470909642        0.129098359310438402074632433326122454         278.311176733591166694393935160429533        0.300000011920928955078125000000000000        -1.00000000000000000000000000000000000         4.50000000000000000000000000000000000         50.0000000000000000000000000000000000         3.23843923893627058297018442940864768         3.23843923893627058297018442940864768         3.23843923893627058297018442940864768         3.23843923893627058297018442940864768         3.23843923893627058297018442940864768         0.00000000000000000000000000000000000         0.00000000000000000000000000000000000         40804.3330374890193477170671928880535         36654.8530963070707559977962605400237      
   72.3263389648389904315881138559222429         0.00000000000000000000000000000000000        0.400000000000000000000000000000000019        0.405220884126807094621475073680977824        0.194779115873192905378524926319022157        0.724999999999999999999999999999999981        0.275000000000000000000000000000000019        0.512000024318695068359375000000000000        0.425000011920928955078125000000000000         6.30000010132789611816406250000000000E-0002  0.870056494511586616800702331296776776        0.129943505488413383199297668703223248         0.00000000000000000000000000000000000        0.683022559859958444886526535977552353        0.167811590859605266884724425470909642        0.129098359310438402074632433326122454         278.311176733591166694393935160429533        0.300000011920928955078125000000000000        -1.00000000000000000000000000000000000         4.50000000000000000000000000000000000         50.0000000000000000000000000000000000         3.26328976714759939598032920815658851         3.26328976714759939598032920815658851         3.26328976714759939598032920815658851         3.26328976714759939598032920815658851         3.26328976714759939598032920815658851         0.00000000000000000000000000000000000         0.00000000000000000000000000000000000         43567.6242916987281262721696437435004         37777.8968232420084457395605663717982      
   75.7525025877229563234538363456045364         0.00000000000000000000000000000000000        0.400000000000000000000000000000000019        0.405220884126807094621475073680977824        0.194779115873192905378524926319022157        0.724999999999999999999999999999999981        0.275000000000000000000000000000000019        0.512000024318695068359375000000000000        0.425000011920928955078125000000000000         6.30000010132789611816406250000000000E-0002  0.870056494511586616800702331296776776        0.129943505488413383199297668703223248         0.00000000000000000000000000000000000        0.683022559859958444886526535977552353        0.167811590859605266884724425470909642        0.129098359310438402074632433326122454         278.311176733591166694393935160429533        0.300000011920928955078125000000000000        -1.00000000000000000000000000000000000         4.50000000000000000000000000000000000         50.0000000000000000000000000000000000         3.28830999850748865516347212751144441         3.28830999850748865516347212751144441         3.28830999850748865516347212751144441         3.28830999850748865516347212751144441         3.28830999850748865516347212751144441         0.00000000000000000000000000000000000         0.00000000000000000000000000000000000         46538.7308665076628451405356418090866         38940.3315025979197348537729683651153      
   79.3409666579789374092779396113335383         0.00000000000000000000000000000000000        0.400000000000000000000000000000000019        0.405220884126807094621475073680977824        0.194779115873192905378524926319022157        0.724999999999999999999999999999999981        0.275000000000000000000000000000000019        0.512000024318695068359375000000000000        0.425000011920928955078125000000000000         6.30000010132789611816406250000000000E-0002  0.870056494511586616800702331296776776        0.129943505488413383199297668703223248         0.00000000000000000000000000000000000        0.683022559859958444886526535977552353        0.167811590859605266884724425470909642        0.129098359310438402074632433326122454         278.311176733591166694393935160429533        0.300000011920928955078125000000000000        -1.00000000000000000000000000000000000         4.50000000000000000000000000000000000         50.0000000000000000000000000000000000         3.31314102144927151868385951081826952         3.31314102144927151868385951081826952         3.31314102144927151868385951081826952         3.31314102144927151868385951081826952         3.31314102144927151868385951081826952         0.00000000000000000000000000000000000         0.00000000000000000000000000000000000         49717.5961827449308418532955689072175         40144.2071581640043901653676119845098      
   83.0994194935381664732668516345784739         0.00000000000000000000000000000000000        0.400000000000000000000000000000000019        0.405220884126807094621475073680977824        0.194779115873192905378524926319022157        0.724999999999999999999999999999999981        0.275000000000000000000000000000000019        0.512000024318695068359375000000000000        0.425000011920928955078125000000000000         6.30000010132789611816406250000000000E-0002  0.870056494511586616800702331296776776        0.129943505488413383199297668703223248         0.00000000000000000000000000000000000        0.683022559859958444886526535977552353        0.167811590859605266884724425470909642        0.129098359310438402074632433326122454         278.311176733591166694393935160429533        0.300000011920928955078125000000000000        -1.00000000000000000000000000000000000         4.50000000000000000000000000000000000         50.0000000000000000000000000000000000         3.33777304143948563985407193023152567         3.33777304143948563985407193023152567         3.33777304143948563985407193023152567         3.33777304143948563985407193023152567         3.33777304143948563985407193023152567         0.00000000000000000000000000000000000         0.00000000000000000000000000000000000         53127.3695812924455788225666897521057         41395.1223265342314659610701212091674      
   87.0359136148560765360321240320169501         0.00000000000000000000000000000000000        0.400000000000000000000000000000000019        0.405220884126807094621475073680977824        0.194779115873192905378524926319022157        0.724999999999999999999999999999999981        0.275000000000000000000000000000000019        0.512000024318695068359375000000000000        0.425000011920928955078125000000000000         6.30000010132789611816406250000000000E-0002  0.870056494511586616800702331296776776        0.129943505488413383199297668703223248         0.00000000000000000000000000000000000        0.683022559859958444886526535977552353        0.167811590859605266884724425470909642        0.129098359310438402074632433326122454         278.311176733591166694393935160429533        0.300000011920928955078125000000000000        -1.00000000000000000000000000000000000         4.50000000000000000000000000000000000         50.0000000000000000000000000000000000         3.36239984893842239195491040670917637         3.36239984893842239195491040670917637         3.36239984893842239195491040670917637         3.36239984893842239195491040670917637         3.36239984893842239195491040670917637         0.00000000000000000000000000000000000         0.00000000000000000000000000000000000         56786.6861412219137603816938169579499         42689.2647562458455565555188493952604      
   91.1588829975129113180355582295095585         0.00000000000000000000000000000000000        0.400000000000000000000000000000000019        0.405220884126807094621475073680977824        0.194779115873192905378524926319022157        0.724999999999999999999999999999999981        0.275000000000000000000000000000000019        0.512000024318695068359375000000000000        0.425000011920928955078125000000000000         6.30000010132789611816406250000000000E-0002  0.870056494511586616800702331296776776        0.129943505488413383199297668703223248         0.00000000000000000000000000000000000        0.683022559859958444886526535977552353        0.167811590859605266884724425470909642        0.129098359310438402074632433326122454         278.311176733591166694393935160429533        0.300000011920928955078125000000000000        -1.00000000000000000000000000000000000         4.50000000000000000000000000000000000         50.0000000000000000000000000000000000         3.38691645402327153263638969986394825         3.38691645402327153263638969986394825         3.38691645402327153263638969986394825         3.38691645402327153263638969986394825         3.38691645402327153263638969986394825         0.00000000000000000000000000000000000         0.00000000000000000000000000000000000         60705.8073038608901018138126367714227         42908.9497049360441665755277261429770      
   95.4771611420855187564395181622441053         0.00000000000000000000000000000000000        0.400000000000000000000000000000000019        0.405220884126807094621475073680977824        0.194779115873192905378524926319022157        0.724999999999999999999999999999999981        0.275000000000000000000000000000000019        0.512000024318695068359375000000000000        0.425000011920928955078125000000000000         6.30000010132789611816406250000000000E-0002  0.870056494511586616800702331296776776        0.129943505488413383199297668703223248         0.00000000000000000000000000000000000        0.683022559859958444886526535977552353        0.167811590859605266884724425470909642        0.129098359310438402074632433326122454         278.311176733591166694393935160429533        0.300000011920928955078125000000000000        -1.00000000000000000000000000000000000         4.50000000000000000000000000000000000         50.0000000000000000000000000000000000         3.41197087140282175394169138456776933         3.41197087140282175394169138456776933         3.41197087140282175394169138456776933         3.41197087140282175394169138456776933         3.41197087140282175394169138456776933         0.00000000000000000000000000000000000         0.00000000000000000000000000000000000         64803.2618834871892163909164984494180         42698.8850404930601206014459893680622      
   100.000000000005197392984105217599543         0.00000000000000000000000000000000000        0.400000000000000000000000000000000019        0.405220884126807094621475073680977824        0.194779115873192905378524926319022157        0.724999999999999999999999999999999981        0.275000000000000000000000000000000019        0.512000024318695068359375000000000000        0.425000011920928955078125000000000000         6.30000010132789611816406250000000000E-0002  0.870056494511586616800702331296776776        0.129943505488413383199297668703223248         0.00000000000000000000000000000000000        0.683022559859958444886526535977552353        0.167811590859605266884724425470909642        0.129098359310438402074632433326122454         278.311176733591166694393935160429533        0.300000011920928955078125000000000000        -1.00000000000000000000000000000000000         4.50000000000000000000000000000000000         50.0000000000000000000000000000000000         3.43762606242917869995995653632262504         3.43762606242917869995995653632262504         3.43762606242917869995995653632262504         3.43762606242917869995995653632262504         3.43762606242917869995995653632262504         0.00000000000000000000000000000000000         0.00000000000000000000000000000000000         69079.5441672088403046827103485449224         42442.4606516886293446429479747048574      
