 mass envelope_frac water_frac mantle_frac core_frac H_frac_envelope He_frac_envelope MgO_frac_mantle SiO2_frac_mantle FeO_frac_mantle Fe_frac_solid_core FeS_frac_solid_core FeO_frac_solid_core Fe_frac_liquid_core FeS_frac_liquid_core FeO_frac_liquid_core T_eq albedo rotation_period age atmospheric_Z 100pa_radius 2000pa_radius transit_radius twothirdsopt_radius condensed_radius diff_v_2000pa diff_v_100pa inner_pressure inner_temperature
   1.00000000000000000000000000000000002E-0002   0.00000000000000000000000000000000000         0.00000000000000000000000000000000000        0.250000000000000000000000000000000000        0.750000000000000000000000000000000000        0.724999999999999999999999999999999981        0.275000000000000000000000000000000019        0.512000024318695068359375000000000000        0.425000011920928955078125000000000000         6.30000010132789611816406250000000000E-0002  0.870056494511586616800702331296776776        0.129943505488413383199297668703223248         0.00000000000000000000000000000000000        0.683022559859958444886526535977552353        0.167811590859605266884724425470909642        0.129098359310438402074632433326122454         2250.00000000000000000000000000000000        0.300000011920928955078125000000000000        -1.00000000000000000000000000000000000         4.50000000000000000000000000000000000         50.0000000000000000000000000000000000        0.221805380606708196847517926840951640        0.221765757786826434222844566486424840        0.221765757786826434222844566486424840        0.221765757786826434222844566486424840        0.221765757786826434222844566486424840         0.00000000000000000000000000000000000        -1.78669693090536908974829639689272005E-0002   10.6204017041455396552226540662708860         2379.75633912070620530735920992249509      
   1.04737089795944979999999999999999994E-0002   0.00000000000000000000000000000000000         0.00000000000000000000000000000000000        0.250000000000000000000000000000000000        0.750000000000000000000000000000000000        0.724999999999999999999999999999999981        0.275000000000000000000000000000000019        0.512000024318695068359375000000000000        0.425000011920928955078125000000000000         6.30000010132789611816406250000000000E-0002  0.870056494511586616800702331296776776        0.129943505488413383199297668703223248         0.00000000000000000000000000000000000        0.683022559859958444886526535977552353        0.167811590859605266884724425470909642        0.129098359310438402074632433326122454         2250.00000000000000000000000000000000        0.300000011920928955078125000000000000        -1.00000000000000000000000000000000000         4.50000000000000000000000000000000000         50.0000000000000000000000000000000000        0.225209776857316789106350031649216851        0.225201010594541484489492129973320071        0.225201010594541484489492129973320071        0.225201010594541484489492129973320071        0.225201010594541484489492129973320071         0.00000000000000000000000000000000000        -3.89263918139677174760703550098183086E-0003   10.9757018341039694946177212317740648         2388.98999849486198426607639192734386      
   1.09698579789238420522548511872003990E-0002   0.00000000000000000000000000000000000         0.00000000000000000000000000000000000        0.250000000000000000000000000000000000        0.750000000000000000000000000000000000        0.724999999999999999999999999999999981        0.275000000000000000000000000000000019        0.512000024318695068359375000000000000        0.425000011920928955078125000000000000         6.30000010132789611816406250000000000E-0002  0.870056494511586616800702331296776776        0.129943505488413383199297668703223248         0.00000000000000000000000000000000000        0.683022559859958444886526535977552353        0.167811590859605266884724425470909642        0.129098359310438402074632433326122454         2250.00000000000000000000000000000000        0.300000011920928955078125000000000000        -1.00000000000000000000000000000000000         4.50000000000000000000000000000000000         50.0000000000000000000000000000000000        0.228623864463682906839497144238624055        0.228662149764412663755456210344495778        0.228662149764412663755456210344495778        0.228662149764412663755456210344495778        0.228662149764412663755456210344495778         0.00000000000000000000000000000000000         1.67431736162726155966092397553023156E-0002   11.3451698738467793269688172386065926         2398.56749810346110802826918461087653      
   1.14895100018730995888633688328071024E-0002   0.00000000000000000000000000000000000         0.00000000000000000000000000000000000        0.250000000000000000000000000000000000        0.750000000000000000000000000000000000        0.724999999999999999999999999999999981        0.275000000000000000000000000000000019        0.512000024318695068359375000000000000        0.425000011920928955078125000000000000         6.30000010132789611816406250000000000E-0002  0.870056494511586616800702331296776776        0.129943505488413383199297668703223248         0.00000000000000000000000000000000000        0.683022559859958444886526535977552353        0.167811590859605266884724425470909642        0.129098359310438402074632433326122454         2250.00000000000000000000000000000000        0.300000011920928955078125000000000000        -1.00000000000000000000000000000000000         4.50000000000000000000000000000000000         50.0000000000000000000000000000000000        0.232154711785299669917131148388211884        0.232179297497670723793724784190301552        0.232179297497670723793724784190301552        0.232179297497670723793724784190301552        0.232179297497670723793724784190301552         0.00000000000000000000000000000000000         1.05891061933721830322340585048975373E-0002   11.7251180945144856879294530651816998         2408.22524124509772571492725450330906      
   1.20337784077759080699533028507740594E-0002   0.00000000000000000000000000000000000         0.00000000000000000000000000000000000        0.250000000000000000000000000000000000        0.750000000000000000000000000000000000        0.724999999999999999999999999999999981        0.275000000000000000000000000000000019        0.512000024318695068359375000000000000        0.425000011920928955078125000000000000         6.30000010132789611816406250000000000E-0002  0.870056494511586616800702331296776776        0.129943505488413383199297668703223248         0.00000000000000000000000000000000000        0.683022559859958444886526535977552353        0.167811590859605266884724425470909642        0.129098359310438402074632433326122454         2250.00000000000000000000000000000000        0.300000011920928955078125000000000000        -1.00000000000000000000000000000000000         4.50000000000000000000000000000000000         50.0000000000000000000000000000000000        0.235678546353467098930988489203186257        0.235685822701504454784027966428920802        0.235685822701504454784027966428920802        0.235685822701504454784027966428920802        0.235685822701504454784027966428920802         0.00000000000000000000000000000000000         3.08730833019656463265318401836804825E-0003   12.1209275021244217561771732095193836         2418.29175536632736762346381602015856      
   1.26038292967972908968014429974629652E-0002   0.00000000000000000000000000000000000         0.00000000000000000000000000000000000        0.250000000000000000000000000000000000        0.750000000000000000000000000000000000        0.724999999999999999999999999999999981        0.275000000000000000000000000000000019        0.512000024318695068359375000000000000        0.425000011920928955078125000000000000         6.30000010132789611816406250000000000E-0002  0.870056494511586616800702331296776776        0.129943505488413383199297668703223248         0.00000000000000000000000000000000000        0.683022559859958444886526535977552353        0.167811590859605266884724425470909642        0.129098359310438402074632433326122454         2250.00000000000000000000000000000000        0.300000011920928955078125000000000000        -1.00000000000000000000000000000000000         4.50000000000000000000000000000000000         50.0000000000000000000000000000000000        0.239250079509617506976794626591140951        0.239244621692303375396259231744971258        0.239244621692303375396259231744971258        0.239244621692303375396259231744971258        0.239244621692303375396259231744971258         0.00000000000000000000000000000000000        -2.28127064070471489842701024775578118E-0003   12.5310295236203120781064493900453057         2428.63873357722363045647909037033995      
   1.32008840083141992917991631746251185E-0002   0.00000000000000000000000000000000000         0.00000000000000000000000000000000000        0.250000000000000000000000000000000000        0.750000000000000000000000000000000000        0.724999999999999999999999999999999981        0.275000000000000000000000000000000019        0.512000024318695068359375000000000000        0.425000011920928955078125000000000000         6.30000010132789611816406250000000000E-0002  0.870056494511586616800702331296776776        0.129943505488413383199297668703223248         0.00000000000000000000000000000000000        0.683022559859958444886526535977552353        0.167811590859605266884724425470909642        0.129098359310438402074632433326122454         2250.00000000000000000000000000000000        0.300000011920928955078125000000000000        -1.00000000000000000000000000000000000         4.50000000000000000000000000000000000         50.0000000000000000000000000000000000        0.242922412107981637356418724748862331        0.242925790788674905708855237559841696        0.242925790788674905708855237559841696        0.242925790788674905708855237559841696        0.242925790788674905708855237559841696         0.00000000000000000000000000000000000         1.39082831933951454902743697787596540E-0003   12.9537061276281678745324672434158177         2439.13493555639466250268914279165740      
   1.38262217376465838916887111257333255E-0002   0.00000000000000000000000000000000000         0.00000000000000000000000000000000000        0.250000000000000000000000000000000000        0.750000000000000000000000000000000000        0.724999999999999999999999999999999981        0.275000000000000000000000000000000019        0.512000024318695068359375000000000000        0.425000011920928955078125000000000000         6.30000010132789611816406250000000000E-0002  0.870056494511586616800702331296776776        0.129943505488413383199297668703223248         0.00000000000000000000000000000000000        0.683022559859958444886526535977552353        0.167811590859605266884724425470909642        0.129098359310438402074632433326122454         2250.00000000000000000000000000000000        0.300000011920928955078125000000000000        -1.00000000000000000000000000000000000         4.50000000000000000000000000000000000         50.0000000000000000000000000000000000        0.246586030611935309991877354334073691        0.246632385694463081674617143462951977        0.246632385694463081674617143462951977        0.246632385694463081674617143462951977        0.246632385694463081674617143462951977         0.00000000000000000000000000000000000         1.87952131254968265668564737148642124E-0002   13.3943261078546372424755479438381189         2450.06458444048483806960446466527996      
   1.44811822767453669205644236020971476E-0002   0.00000000000000000000000000000000000         0.00000000000000000000000000000000000        0.250000000000000000000000000000000000        0.750000000000000000000000000000000000        0.724999999999999999999999999999999981        0.275000000000000000000000000000000019        0.512000024318695068359375000000000000        0.425000011920928955078125000000000000         6.30000010132789611816406250000000000E-0002  0.870056494511586616800702331296776776        0.129943505488413383199297668703223248         0.00000000000000000000000000000000000        0.683022559859958444886526535977552353        0.167811590859605266884724425470909642        0.129098359310438402074632433326122454         2250.00000000000000000000000000000000        0.300000011920928955078125000000000000        -1.00000000000000000000000000000000000         4.50000000000000000000000000000000000         50.0000000000000000000000000000000000        0.250343886652665461585847051594031229        0.250340179186322774835445588157108839        0.250340179186322774835445588157108839        0.250340179186322774835445588157108839        0.250340179186322774835445588157108839         0.00000000000000000000000000000000000        -1.48097135455326309371286020178958276E-0003   13.8488459160587926844839118669160302         2461.18980671729203567725008537578946      
   1.51671688847092646313725750372786121E-0002   0.00000000000000000000000000000000000         0.00000000000000000000000000000000000        0.250000000000000000000000000000000000        0.750000000000000000000000000000000000        0.724999999999999999999999999999999981        0.275000000000000000000000000000000019        0.512000024318695068359375000000000000        0.425000011920928955078125000000000000         6.30000010132789611816406250000000000E-0002  0.870056494511586616800702331296776776        0.129943505488413383199297668703223248         0.00000000000000000000000000000000000        0.683022559859958444886526535977552353        0.167811590859605266884724425470909642        0.129098359310438402074632433326122454         2250.00000000000000000000000000000000        0.300000011920928955078125000000000000        -1.00000000000000000000000000000000000         4.50000000000000000000000000000000000         50.0000000000000000000000000000000000        0.254159168505570435642231418421998382        0.254147094338223748650073728792053346        0.254147094338223748650073728792053346        0.254147094338223748650073728792053346        0.254147094338223748650073728792053346         0.00000000000000000000000000000000000        -4.75085791483355006416121750343617424E-0003   14.3197647488883155131125363552796661         2472.56645783231363315754644580108858      
   1.58856512942805692341715952667117983E-0002   0.00000000000000000000000000000000000         0.00000000000000000000000000000000000        0.250000000000000000000000000000000000        0.750000000000000000000000000000000000        0.724999999999999999999999999999999981        0.275000000000000000000000000000000019        0.512000024318695068359375000000000000        0.425000011920928955078125000000000000         6.30000010132789611816406250000000000E-0002  0.870056494511586616800702331296776776        0.129943505488413383199297668703223248         0.00000000000000000000000000000000000        0.683022559859958444886526535977552353        0.167811590859605266884724425470909642        0.129098359310438402074632433326122454         2250.00000000000000000000000000000000        0.300000011920928955078125000000000000        -1.00000000000000000000000000000000000         4.50000000000000000000000000000000000         50.0000000000000000000000000000000000        0.258029895541379340309149741651495603        0.258025253991031442148584282623939409        0.258025253991031442148584282623939409        0.258025253991031442148584282623939409        0.258025253991031442148584282623939409         0.00000000000000000000000000000000000        -1.79887444197981243357765232455488676E-0003   14.8076458320678456168309500959959212         2484.24353441822822204044917213951617      
   1.66381688607613357256321400820289791E-0002   0.00000000000000000000000000000000000         0.00000000000000000000000000000000000        0.250000000000000000000000000000000000        0.750000000000000000000000000000000000        0.724999999999999999999999999999999981        0.275000000000000000000000000000000019        0.512000024318695068359375000000000000        0.425000011920928955078125000000000000         6.30000010132789611816406250000000000E-0002  0.870056494511586616800702331296776776        0.129943505488413383199297668703223248         0.00000000000000000000000000000000000        0.683022559859958444886526535977552353        0.167811590859605266884724425470909642        0.129098359310438402074632433326122454         2250.00000000000000000000000000000000        0.300000011920928955078125000000000000        -1.00000000000000000000000000000000000         4.50000000000000000000000000000000000         50.0000000000000000000000000000000000        0.261937416347817747255374948095239863        0.261910755987089430976585311046580945        0.261910755987089430976585311046580945        0.261910755987089430976585311046580945        0.261910755987089430976585311046580945         0.00000000000000000000000000000000000        -1.01791774941959499082355787309892830E-0002   15.3141800576531637586341154518119453         2496.27253559035125271272747180827081      
   1.74263338600965560876971718594349557E-0002   0.00000000000000000000000000000000000         0.00000000000000000000000000000000000        0.250000000000000000000000000000000000        0.750000000000000000000000000000000000        0.724999999999999999999999999999999981        0.275000000000000000000000000000000019        0.512000024318695068359375000000000000        0.425000011920928955078125000000000000         6.30000010132789611816406250000000000E-0002  0.870056494511586616800702331296776776        0.129943505488413383199297668703223248         0.00000000000000000000000000000000000        0.683022559859958444886526535977552353        0.167811590859605266884724425470909642        0.129098359310438402074632433326122454         2250.00000000000000000000000000000000        0.300000011920928955078125000000000000        -1.00000000000000000000000000000000000         4.50000000000000000000000000000000000         50.0000000000000000000000000000000000        0.265874212623277622128459162250847472        0.265874731865699607799824546779033442        0.265874731865699607799824546779033442        0.265874731865699607799824546779033442        0.265874731865699607799824546779033442         0.00000000000000000000000000000000000         1.95295889286671480555492734679979856E-0004   15.8404776366322260311049413131311808         2508.70211416183117105287920794116250      
   1.82518349431904949929850662738093818E-0002   0.00000000000000000000000000000000000         0.00000000000000000000000000000000000        0.250000000000000000000000000000000000        0.750000000000000000000000000000000000        0.724999999999999999999999999999999981        0.275000000000000000000000000000000019        0.512000024318695068359375000000000000        0.425000011920928955078125000000000000         6.30000010132789611816406250000000000E-0002  0.870056494511586616800702331296776776        0.129943505488413383199297668703223248         0.00000000000000000000000000000000000        0.683022559859958444886526535977552353        0.167811590859605266884724425470909642        0.129098359310438402074632433326122454         2250.00000000000000000000000000000000        0.300000011920928955078125000000000000        -1.00000000000000000000000000000000000         4.50000000000000000000000000000000000         50.0000000000000000000000000000000000        0.269934647827222177163965047628372152        0.269937510425794784810271153311737126        0.269937510425794784810271153311737126        0.269937510425794784810271153311737126        0.269937510425794784810271153311737126         0.00000000000000000000000000000000000         1.06046713111202387812037876519972211E-0003   16.3827052622152385971717129599260796         2521.25953010495508988703900938939931      
   1.91164407538570921685539093537247029E-0002   0.00000000000000000000000000000000000         0.00000000000000000000000000000000000        0.250000000000000000000000000000000000        0.750000000000000000000000000000000000        0.724999999999999999999999999999999981        0.275000000000000000000000000000000019        0.512000024318695068359375000000000000        0.425000011920928955078125000000000000         6.30000010132789611816406250000000000E-0002  0.870056494511586616800702331296776776        0.129943505488413383199297668703223248         0.00000000000000000000000000000000000        0.683022559859958444886526535977552353        0.167811590859605266884724425470909642        0.129098359310438402074632433326122454         2250.00000000000000000000000000000000        0.300000011920928955078125000000000000        -1.00000000000000000000000000000000000         4.50000000000000000000000000000000000         50.0000000000000000000000000000000000        0.274022589727962062981287442165027435        0.273994600169979608966260809186994413        0.273994600169979608966260809186994413        0.273994600169979608966260809186994413        0.273994600169979608966260809186994413         0.00000000000000000000000000000000000        -1.02153684653237588094119135499196137E-0002   16.9464007439571476374524592057654972         2534.21839471111629377306276790731628      
   2.00220037181559240923900195423679447E-0002   0.00000000000000000000000000000000000         0.00000000000000000000000000000000000        0.250000000000000000000000000000000000        0.750000000000000000000000000000000000        0.724999999999999999999999999999999981        0.275000000000000000000000000000000019        0.512000024318695068359375000000000000        0.425000011920928955078125000000000000         6.30000010132789611816406250000000000E-0002  0.870056494511586616800702331296776776        0.129943505488413383199297668703223248         0.00000000000000000000000000000000000        0.683022559859958444886526535977552353        0.167811590859605266884724425470909642        0.129098359310438402074632433326122454         2250.00000000000000000000000000000000        0.300000011920928955078125000000000000        -1.00000000000000000000000000000000000         4.50000000000000000000000000000000000         50.0000000000000000000000000000000000        0.278165984672882863052480060886116934        0.278145493698849669297438727339208612        0.278145493698849669297438727339208612        0.278145493698849669297438727339208612        0.278145493698849669297438727339208612         0.00000000000000000000000000000000000        -7.36699838659960281270298205127876178E-0003   17.5309413131266692937436501007186082         2547.49695616184630918732546831582496      
   2.09704640132324128654944033811962271E-0002   0.00000000000000000000000000000000000         0.00000000000000000000000000000000000        0.250000000000000000000000000000000000        0.750000000000000000000000000000000000        0.724999999999999999999999999999999981        0.275000000000000000000000000000000019        0.512000024318695068359375000000000000        0.425000011920928955078125000000000000         6.30000010132789611816406250000000000E-0002  0.870056494511586616800702331296776776        0.129943505488413383199297668703223248         0.00000000000000000000000000000000000        0.683022559859958444886526535977552353        0.167811590859605266884724425470909642        0.129098359310438402074632433326122454         2250.00000000000000000000000000000000        0.300000011920928955078125000000000000        -1.00000000000000000000000000000000000         4.50000000000000000000000000000000000         50.0000000000000000000000000000000000        0.282366926595165429162492537767925716        0.282363479388227417131658350784237213        0.282363479388227417131658350784237213        0.282363479388227417131658350784237213        0.282363479388227417131658350784237213         0.00000000000000000000000000000000000        -1.22084022532970503599906133297971219E-0003   18.1372104738469141701452963325135430         2561.12392476219487182274034705126361      
   2.19638537241655596358102494951593575E-0002   0.00000000000000000000000000000000000         0.00000000000000000000000000000000000        0.250000000000000000000000000000000000        0.750000000000000000000000000000000000        0.724999999999999999999999999999999981        0.275000000000000000000000000000000019        0.512000024318695068359375000000000000        0.425000011920928955078125000000000000         6.30000010132789611816406250000000000E-0002  0.870056494511586616800702331296776776        0.129943505488413383199297668703223248         0.00000000000000000000000000000000000        0.683022559859958444886526535977552353        0.167811590859605266884724425470909642        0.129098359310438402074632433326122454         2250.00000000000000000000000000000000        0.300000011920928955078125000000000000        -1.00000000000000000000000000000000000         4.50000000000000000000000000000000000         50.0000000000000000000000000000000000        0.286637566531534526803579590807199856        0.286647592248272027522583533098796829        0.286647592248272027522583533098796829        0.286647592248272027522583533098796829        0.286647592248272027522583533098796829         0.00000000000000000000000000000000000         3.49757577200132793044915627095085237E-0003   18.7653547604241909904062378524925421         2575.06574838300782499944841510741547      
   2.30043011977292878351454756950050690E-0002   0.00000000000000000000000000000000000         0.00000000000000000000000000000000000        0.250000000000000000000000000000000000        0.750000000000000000000000000000000000        0.724999999999999999999999999999999981        0.275000000000000000000000000000000019        0.512000024318695068359375000000000000        0.425000011920928955078125000000000000         6.30000010132789611816406250000000000E-0002  0.870056494511586616800702331296776776        0.129943505488413383199297668703223248         0.00000000000000000000000000000000000        0.683022559859958444886526535977552353        0.167811590859605266884724425470909642        0.129098359310438402074632433326122454         2250.00000000000000000000000000000000        0.300000011920928955078125000000000000        -1.00000000000000000000000000000000000         4.50000000000000000000000000000000000         50.0000000000000000000000000000000000        0.290952692069856546016310112022372678        0.290965791773701796273383615494754064        0.290965791773701796273383615494754064        0.290965791773701796273383615494754064        0.290965791773701796273383615494754064         0.00000000000000000000000000000000000         4.50214568709112440700452447125895023E-0003   19.4177254562946538183888795722151935         2589.42193478055989696223147508463686      
   2.40940356023953707463686306717419161E-0002   0.00000000000000000000000000000000000         0.00000000000000000000000000000000000        0.250000000000000000000000000000000000        0.750000000000000000000000000000000000        0.724999999999999999999999999999999981        0.275000000000000000000000000000000019        0.512000024318695068359375000000000000        0.425000011920928955078125000000000000         6.30000010132789611816406250000000000E-0002  0.870056494511586616800702331296776776        0.129943505488413383199297668703223248         0.00000000000000000000000000000000000        0.683022559859958444886526535977552353        0.167811590859605266884724425470909642        0.129098359310438402074632433326122454         2250.00000000000000000000000000000000        0.300000011920928955078125000000000000        -1.00000000000000000000000000000000000         4.50000000000000000000000000000000000         50.0000000000000000000000000000000000        0.295328394122282353875104308773331752        0.295319539472667008752136302412894582        0.295319539472667008752136302412894582        0.295319539472667008752136302412894582        0.295319539472667008752136302412894582         0.00000000000000000000000000000000000        -2.99832839748981655393461151377546844E-0003   20.0945671655975185131122938998429555         2604.11681796203518790491347008436850      
   2.52353917043477924471827901828532746E-0002   0.00000000000000000000000000000000000         0.00000000000000000000000000000000000        0.250000000000000000000000000000000000        0.750000000000000000000000000000000000        0.724999999999999999999999999999999981        0.275000000000000000000000000000000019        0.512000024318695068359375000000000000        0.425000011920928955078125000000000000         6.30000010132789611816406250000000000E-0002  0.870056494511586616800702331296776776        0.129943505488413383199297668703223248         0.00000000000000000000000000000000000        0.683022559859958444886526535977552353        0.167811590859605266884724425470909642        0.129098359310438402074632433326122454         2250.00000000000000000000000000000000        0.300000011920928955078125000000000000        -1.00000000000000000000000000000000000         4.50000000000000000000000000000000000         50.0000000000000000000000000000000000        0.299792892377359529709210980627836174        0.299783719407525785103349928425263718        0.299783719407525785103349928425263718        0.299783719407525785103349928425263718        0.299783719407525785103349928425263718         0.00000000000000000000000000000000000        -3.05986257421633924102245616008643416E-0003   20.7951283642668739947009406083966934         2619.08560024148145384699606183032110      
   2.64308148697411976990338126706688651E-0002   0.00000000000000000000000000000000000         0.00000000000000000000000000000000000        0.250000000000000000000000000000000000        0.750000000000000000000000000000000000        0.724999999999999999999999999999999981        0.275000000000000000000000000000000019        0.512000024318695068359375000000000000        0.425000011920928955078125000000000000         6.30000010132789611816406250000000000E-0002  0.870056494511586616800702331296776776        0.129943505488413383199297668703223248         0.00000000000000000000000000000000000        0.683022559859958444886526535977552353        0.167811590859605266884724425470909642        0.129098359310438402074632433326122454         2250.00000000000000000000000000000000        0.300000011920928955078125000000000000        -1.00000000000000000000000000000000000         4.50000000000000000000000000000000000         50.0000000000000000000000000000000000        0.304308819530910143809445420544366087        0.304309429797015010242718141522991507        0.304309429797015010242718141522991507        0.304309429797015010242718141522991507        0.304309429797015010242718141522991507         0.00000000000000000000000000000000000         2.00541306023116675093217214820007773E-0004   21.5227080528501271857839916560307562         2634.46153361817571570757063820044632      
   2.76828663039208164325015985943068658E-0002   0.00000000000000000000000000000000000         0.00000000000000000000000000000000000        0.250000000000000000000000000000000000        0.750000000000000000000000000000000000        0.724999999999999999999999999999999981        0.275000000000000000000000000000000019        0.512000024318695068359375000000000000        0.425000011920928955078125000000000000         6.30000010132789611816406250000000000E-0002  0.870056494511586616800702331296776776        0.129943505488413383199297668703223248         0.00000000000000000000000000000000000        0.683022559859958444886526535977552353        0.167811590859605266884724425470909642        0.129098359310438402074632433326122454         2250.00000000000000000000000000000000        0.300000011920928955078125000000000000        -1.00000000000000000000000000000000000         4.50000000000000000000000000000000000         50.0000000000000000000000000000000000        0.308892847135927077759805577332514502        0.308917814270098834383394764006022634        0.308917814270098834383394764006022634        0.308917814270098834383394764006022634        0.308917814270098834383394764006022634         0.00000000000000000000000000000000000         8.08212832618545241511698416797460453E-0003   22.2775216757991447330002569062869532         2650.19367763877460718879056135416023      
   2.89942285388289406626051058156534930E-0002   0.00000000000000000000000000000000000         0.00000000000000000000000000000000000        0.250000000000000000000000000000000000        0.750000000000000000000000000000000000        0.724999999999999999999999999999999981        0.275000000000000000000000000000000019        0.512000024318695068359375000000000000        0.425000011920928955078125000000000000         6.30000010132789611816406250000000000E-0002  0.870056494511586616800702331296776776        0.129943505488413383199297668703223248         0.00000000000000000000000000000000000        0.683022559859958444886526535977552353        0.167811590859605266884724425470909642        0.129098359310438402074632433326122454         2250.00000000000000000000000000000000        0.300000011920928955078125000000000000        -1.00000000000000000000000000000000000         4.50000000000000000000000000000000000         50.0000000000000000000000000000000000        0.313533561124107333552455886444634146        0.313551886939289293519623641858877781        0.313551886939289293519623641858877781        0.313551886939289293519623641858877781        0.313551886939289293519623641858877781         0.00000000000000000000000000000000000         5.84458775255537138043035634599897510E-0003   23.0611333802200508753638951638291762         2666.36718860919728524465682269758914      
   3.03677111803547736840862033878692513E-0002   0.00000000000000000000000000000000000         0.00000000000000000000000000000000000        0.250000000000000000000000000000000000        0.750000000000000000000000000000000000        0.724999999999999999999999999999999981        0.275000000000000000000000000000000019        0.512000024318695068359375000000000000        0.425000011920928955078125000000000000         6.30000010132789611816406250000000000E-0002  0.870056494511586616800702331296776776        0.129943505488413383199297668703223248         0.00000000000000000000000000000000000        0.683022559859958444886526535977552353        0.167811590859605266884724425470909642        0.129098359310438402074632433326122454         2250.00000000000000000000000000000000        0.300000011920928955078125000000000000        -1.00000000000000000000000000000000000         4.50000000000000000000000000000000000         50.0000000000000000000000000000000000        0.318239454840016096175912468814287084        0.318268688126022346668841111419042029        0.318268688126022346668841111419042029        0.318268688126022346668841111419042029        0.318268688126022346668841111419042029         0.00000000000000000000000000000000000         9.18509645996819480589118888093330364E-0003   23.8748085271863508238992016939588970         2682.87864351681734964829567726642136      
   3.18062569279414025101825130079188269E-0002   0.00000000000000000000000000000000000         0.00000000000000000000000000000000000        0.250000000000000000000000000000000000        0.750000000000000000000000000000000000        0.724999999999999999999999999999999981        0.275000000000000000000000000000000019        0.512000024318695068359375000000000000        0.425000011920928955078125000000000000         6.30000010132789611816406250000000000E-0002  0.870056494511586616800702331296776776        0.129943505488413383199297668703223248         0.00000000000000000000000000000000000        0.683022559859958444886526535977552353        0.167811590859605266884724425470909642        0.129098359310438402074632433326122454         2250.00000000000000000000000000000000        0.300000011920928955078125000000000000        -1.00000000000000000000000000000000000         4.50000000000000000000000000000000000         50.0000000000000000000000000000000000        0.323032079633022840818171901727008487        0.323036610707390533012669580556218536        0.323036610707390533012669580556218536        0.323036610707390533012669580556218536        0.323036610707390533012669580556218536         0.00000000000000000000000000000000000         1.40265041716788020880064583753764547E-0003   24.7178777031045538340446944960569946         2699.73725058426011105410161461301843      
   3.33129478793469579587899033329322212E-0002   0.00000000000000000000000000000000000         0.00000000000000000000000000000000000        0.250000000000000000000000000000000000        0.750000000000000000000000000000000000        0.724999999999999999999999999999999981        0.275000000000000000000000000000000019        0.512000024318695068359375000000000000        0.425000011920928955078125000000000000         6.30000010132789611816406250000000000E-0002  0.870056494511586616800702331296776776        0.129943505488413383199297668703223248         0.00000000000000000000000000000000000        0.683022559859958444886526535977552353        0.167811590859605266884724425470909642        0.129098359310438402074632433326122454         2250.00000000000000000000000000000000        0.300000011920928955078125000000000000        -1.00000000000000000000000000000000000         4.50000000000000000000000000000000000         50.0000000000000000000000000000000000        0.327851553474255774228931984360810901        0.327890665009512488493108696376365695        0.327890665009512488493108696376365695        0.327890665009512488493108696376365695        0.327890665009512488493108696376365695         0.00000000000000000000000000000000000         1.19282246890376074523912300356099240E-0002   25.5960728389279391603100905664989899         2717.12747672711385636242780613757195      
   3.48910121340679723117689330325258897E-0002   0.00000000000000000000000000000000000         0.00000000000000000000000000000000000        0.250000000000000000000000000000000000        0.750000000000000000000000000000000000        0.724999999999999999999999999999999981        0.275000000000000000000000000000000019        0.512000024318695068359375000000000000        0.425000011920928955078125000000000000         6.30000010132789611816406250000000000E-0002  0.870056494511586616800702331296776776        0.129943505488413383199297668703223248         0.00000000000000000000000000000000000        0.683022559859958444886526535977552353        0.167811590859605266884724425470909642        0.129098359310438402074632433326122454         2250.00000000000000000000000000000000        0.300000011920928955078125000000000000        -1.00000000000000000000000000000000000         4.50000000000000000000000000000000000         50.0000000000000000000000000000000000        0.332793042168564227774907775021800317        0.332799827208508089067655715539220657        0.332799827208508089067655715539220657        0.332799827208508089067655715539220657        0.332799827208508089067655715539220657         0.00000000000000000000000000000000000         2.03877508013556803560546262883216327E-0003   26.5039252621899073750701061772903402         2734.77141593050350257543376586744020      
   3.65438307095728310329776802679418081E-0002   0.00000000000000000000000000000000000         0.00000000000000000000000000000000000        0.250000000000000000000000000000000000        0.750000000000000000000000000000000000        0.724999999999999999999999999999999981        0.275000000000000000000000000000000019        0.512000024318695068359375000000000000        0.425000011920928955078125000000000000         6.30000010132789611816406250000000000E-0002  0.870056494511586616800702331296776776        0.129943505488413383199297668703223248         0.00000000000000000000000000000000000        0.683022559859958444886526535977552353        0.167811590859605266884724425470909642        0.129098359310438402074632433326122454         2250.00000000000000000000000000000000        0.300000011920928955078125000000000000        -1.00000000000000000000000000000000000         4.50000000000000000000000000000000000         50.0000000000000000000000000000000000        0.337724170937559237097047409223481194        0.337714350203490957850290592453928396        0.337714350203490957850290592453928396        0.337714350203490957850290592453928396        0.337714350203490957850290592453928396         0.00000000000000000000000000000000000        -2.90800022633380229236971923180410624E-0003   27.4505106473455707652319154287007346         2753.05552766467755534725515961367172      
   3.82749447851634135913727803832376407E-0002   0.00000000000000000000000000000000000         0.00000000000000000000000000000000000        0.250000000000000000000000000000000000        0.750000000000000000000000000000000000        0.724999999999999999999999999999999981        0.275000000000000000000000000000000019        0.512000024318695068359375000000000000        0.425000011920928955078125000000000000         6.30000010132789611816406250000000000E-0002  0.870056494511586616800702331296776776        0.129943505488413383199297668703223248         0.00000000000000000000000000000000000        0.683022559859958444886526535977552353        0.167811590859605266884724425470909642        0.129098359310438402074632433326122454         2250.00000000000000000000000000000000        0.300000011920928955078125000000000000        -1.00000000000000000000000000000000000         4.50000000000000000000000000000000000         50.0000000000000000000000000000000000        0.342777267121903356326725472605340170        0.342780394569036290113375557606333439        0.342780394569036290113375557606333439        0.342780394569036290113375557606333439        0.342780394569036290113375557606333439         0.00000000000000000000000000000000000         9.12376315123213935810676426677289086E-0004   28.4337869067262731925185776296060293         2771.62139709876209510354390703025910      
   4.00880632889849649039141805889355062E-0002   0.00000000000000000000000000000000000         0.00000000000000000000000000000000000        0.250000000000000000000000000000000000        0.750000000000000000000000000000000000        0.724999999999999999999999999999999981        0.275000000000000000000000000000000019        0.512000024318695068359375000000000000        0.425000011920928955078125000000000000         6.30000010132789611816406250000000000E-0002  0.870056494511586616800702331296776776        0.129943505488413383199297668703223248         0.00000000000000000000000000000000000        0.683022559859958444886526535977552353        0.167811590859605266884724425470909642        0.129098359310438402074632433326122454         2250.00000000000000000000000000000000        0.300000011920928955078125000000000000        -1.00000000000000000000000000000000000         4.50000000000000000000000000000000000         50.0000000000000000000000000000000000        0.347941483894474832075628107108670818        0.347949938631205213258980017487200705        0.347949938631205213258980017487200705        0.347949938631205213258980017487200705        0.347949938631205213258980017487200705         0.00000000000000000000000000000000000         2.42987159694326692379098718728145984E-0003   29.4503177520395661759534702515355781         2790.43182216044466723726304461231658      
   4.19870708444394372159300809145208468E-0002   0.00000000000000000000000000000000000         0.00000000000000000000000000000000000        0.250000000000000000000000000000000000        0.750000000000000000000000000000000000        0.724999999999999999999999999999999981        0.275000000000000000000000000000000019        0.512000024318695068359375000000000000        0.425000011920928955078125000000000000         6.30000010132789611816406250000000000E-0002  0.870056494511586616800702331296776776        0.129943505488413383199297668703223248         0.00000000000000000000000000000000000        0.683022559859958444886526535977552353        0.167811590859605266884724425470909642        0.129098359310438402074632433326122454         2250.00000000000000000000000000000000        0.300000011920928955078125000000000000        -1.00000000000000000000000000000000000         4.50000000000000000000000000000000000         50.0000000000000000000000000000000000        0.353122009639100613285706806748985510        0.353162859400071680036014587394652333        0.353162859400071680036014587394652333        0.353162859400071680036014587394652333        0.353162859400071680036014587394652333         0.00000000000000000000000000000000000         1.15668337946010126786143379479001335E-0002   30.5107479866109031414007665412778309         2809.88839596128553644996140341920481      
   4.39760360930275675433071206856609502E-0002   0.00000000000000000000000000000000000         0.00000000000000000000000000000000000        0.250000000000000000000000000000000000        0.750000000000000000000000000000000000        0.724999999999999999999999999999999981        0.275000000000000000000000000000000019        0.512000024318695068359375000000000000        0.425000011920928955078125000000000000         6.30000010132789611816406250000000000E-0002  0.870056494511586616800702331296776776        0.129943505488413383199297668703223248         0.00000000000000000000000000000000000        0.683022559859958444886526535977552353        0.167811590859605266884724425470909642        0.129098359310438402074632433326122454         2250.00000000000000000000000000000000        0.300000011920928955078125000000000000        -1.00000000000000000000000000000000000         4.50000000000000000000000000000000000         50.0000000000000000000000000000000000        0.358345230149853204427756820043001454        0.358373862959983606359878565813606723        0.358373862959983606359878565813606723        0.358373862959983606359878565813606723        0.358373862959983606359878565813606723         0.00000000000000000000000000000000000         7.98964798769353922190504673639761883E-0003   31.6143582455794990519449459974956057         2829.90798678741981321513114545072574      
   4.60592204114514578978097464129404699E-0002   0.00000000000000000000000000000000000         0.00000000000000000000000000000000000        0.250000000000000000000000000000000000        0.750000000000000000000000000000000000        0.724999999999999999999999999999999981        0.275000000000000000000000000000000019        0.512000024318695068359375000000000000        0.425000011920928955078125000000000000         6.30000010132789611816406250000000000E-0002  0.870056494511586616800702331296776776        0.129943505488413383199297668703223248         0.00000000000000000000000000000000000        0.683022559859958444886526535977552353        0.167811590859605266884724425470909642        0.129098359310438402074632433326122454         2250.00000000000000000000000000000000        0.300000011920928955078125000000000000        -1.00000000000000000000000000000000000         4.50000000000000000000000000000000000         50.0000000000000000000000000000000000        0.363693207702537098688989008425448490        0.363733756356549301188674658427896533        0.363733756356549301188674658427896533        0.363733756356549301188674658427896533        0.363733756356549301188674658427896533         0.00000000000000000000000000000000000         1.11478941130926438205435022323564392E-0002   32.7575876904218804228053743518538960         2850.14567796482437141692847610220393      
   4.82410870416541323423097474256259733E-0002   0.00000000000000000000000000000000000         0.00000000000000000000000000000000000        0.250000000000000000000000000000000000        0.750000000000000000000000000000000000        0.724999999999999999999999999999999981        0.275000000000000000000000000000000019        0.512000024318695068359375000000000000        0.425000011920928955078125000000000000         6.30000010132789611816406250000000000E-0002  0.870056494511586616800702331296776776        0.129943505488413383199297668703223248         0.00000000000000000000000000000000000        0.683022559859958444886526535977552353        0.167811590859605266884724425470909642        0.129098359310438402074632433326122454         2250.00000000000000000000000000000000        0.300000011920928955078125000000000000        -1.00000000000000000000000000000000000         4.50000000000000000000000000000000000         50.0000000000000000000000000000000000        0.369100293660281193726678706320133671        0.369124716402355289985266708553594839        0.369124716402355289985266708553594839        0.369124716402355289985266708553594839        0.369124716402355289985266708553594839         0.00000000000000000000000000000000000         6.61639304789193556835452050560818541E-0003   33.9466154530218416971182904749218175         2870.94082464461236736535412483223657      
   5.05263106533572662690193201580239323E-0002   0.00000000000000000000000000000000000         0.00000000000000000000000000000000000        0.250000000000000000000000000000000000        0.750000000000000000000000000000000000        0.724999999999999999999999999999999981        0.275000000000000000000000000000000019        0.512000024318695068359375000000000000        0.425000011920928955078125000000000000         6.30000010132789611816406250000000000E-0002  0.870056494511586616800702331296776776        0.129943505488413383199297668703223248         0.00000000000000000000000000000000000        0.683022559859958444886526535977552353        0.167811590859605266884724425470909642        0.129098359310438402074632433326122454         2250.00000000000000000000000000000000        0.300000011920928955078125000000000000        -1.00000000000000000000000000000000000         4.50000000000000000000000000000000000         50.0000000000000000000000000000000000        0.374576904350017002894803456195616388        0.374604302370774483727627593446991108        0.374604302370774483727627593446991108        0.374604302370774483727627593446991108        0.374604302370774483727627593446991108         0.00000000000000000000000000000000000         7.31385640370006201977315151383789761E-0003   35.1830115053930710153525514141625127         2892.20521999374327738935030051323070      
   5.29197873595849146847521071145970371E-0002   0.00000000000000000000000000000000000         0.00000000000000000000000000000000000        0.250000000000000000000000000000000000        0.750000000000000000000000000000000000        0.724999999999999999999999999999999981        0.275000000000000000000000000000000019        0.512000024318695068359375000000000000        0.425000011920928955078125000000000000         6.30000010132789611816406250000000000E-0002  0.870056494511586616800702331296776776        0.129943505488413383199297668703223248         0.00000000000000000000000000000000000        0.683022559859958444886526535977552353        0.167811590859605266884724425470909642        0.129098359310438402074632433326122454         2250.00000000000000000000000000000000        0.300000011920928955078125000000000000        -1.00000000000000000000000000000000000         4.50000000000000000000000000000000000         50.0000000000000000000000000000000000        0.380155147617545174564328019420814830        0.380121819853295250970669056421069450        0.380121819853295250970669056421069450        0.380121819853295250970669056421069450        0.380121819853295250970669056421069450         0.00000000000000000000000000000000000        -8.76765355453316460546834499499814456E-0003   36.4667355327992779260742117372082502         2913.79885686059747795413388075245138      
   5.54266452066315930392335611285580509E-0002   0.00000000000000000000000000000000000         0.00000000000000000000000000000000000        0.250000000000000000000000000000000000        0.750000000000000000000000000000000000        0.724999999999999999999999999999999981        0.275000000000000000000000000000000019        0.512000024318695068359375000000000000        0.425000011920928955078125000000000000         6.30000010132789611816406250000000000E-0002  0.870056494511586616800702331296776776        0.129943505488413383199297668703223248         0.00000000000000000000000000000000000        0.683022559859958444886526535977552353        0.167811590859605266884724425470909642        0.129098359310438402074632433326122454         2250.00000000000000000000000000000000        0.300000011920928955078125000000000000        -1.00000000000000000000000000000000000         4.50000000000000000000000000000000000         50.0000000000000000000000000000000000        0.385760099100040962043632529175868587        0.385779304273336360975018705199135456        0.385779304273336360975018705199135456        0.385779304273336360975018705199135456        0.385779304273336360975018705199135456         0.00000000000000000000000000000000000         4.97827983063380778404023679682460672E-0003   37.8055134959920476903225304252625224         2936.08409927434608257229027888573173      
   5.80522551609495656082146517268962107E-0002   0.00000000000000000000000000000000000         0.00000000000000000000000000000000000        0.250000000000000000000000000000000000        0.750000000000000000000000000000000000        0.724999999999999999999999999999999981        0.275000000000000000000000000000000019        0.512000024318695068359375000000000000        0.425000011920928955078125000000000000         6.30000010132789611816406250000000000E-0002  0.870056494511586616800702331296776776        0.129943505488413383199297668703223248         0.00000000000000000000000000000000000        0.683022559859958444886526535977552353        0.167811590859605266884724425470909642        0.129098359310438402074632433326122454         2250.00000000000000000000000000000000        0.300000011920928955078125000000000000        -1.00000000000000000000000000000000000         4.50000000000000000000000000000000000         50.0000000000000000000000000000000000        0.391482851343909109200881405261017592        0.391514228237760989120797555786627508        0.391514228237760989120797555786627508        0.391514228237760989120797555786627508        0.391514228237760989120797555786627508         0.00000000000000000000000000000000000         8.01424101318360803293221606908177847E-0003   39.1945182411885894954238275040862183         2958.68448399829938207806701366721141      
   6.08022426164948505065581588806303073E-0002   0.00000000000000000000000000000000000         0.00000000000000000000000000000000000        0.250000000000000000000000000000000000        0.750000000000000000000000000000000000        0.724999999999999999999999999999999981        0.275000000000000000000000000000000019        0.512000024318695068359375000000000000        0.425000011920928955078125000000000000         6.30000010132789611816406250000000000E-0002  0.870056494511586616800702331296776776        0.129943505488413383199297668703223248         0.00000000000000000000000000000000000        0.683022559859958444886526535977552353        0.167811590859605266884724425470909642        0.129098359310438402074632433326122454         2250.00000000000000000000000000000000        0.300000011920928955078125000000000000        -1.00000000000000000000000000000000000         4.50000000000000000000000000000000000         50.0000000000000000000000000000000000        0.397269648976743721160915943694884906        0.397294218475147263093496323396197410        0.397294218475147263093496323396197410        0.397294218475147263093496323396197410        0.397294218475147263093496323396197410         0.00000000000000000000000000000000000         6.18420738611349245491299682142892873E-0003   40.6400724108954198996103919098569804         2981.81288530561741477341603569933504      
   6.36824994471865380888821842690214039E-0002   0.00000000000000000000000000000000000         0.00000000000000000000000000000000000        0.250000000000000000000000000000000000        0.750000000000000000000000000000000000        0.724999999999999999999999999999999981        0.275000000000000000000000000000000019        0.512000024318695068359375000000000000        0.425000011920928955078125000000000000         6.30000010132789611816406250000000000E-0002  0.870056494511586616800702331296776776        0.129943505488413383199297668703223248         0.00000000000000000000000000000000000        0.683022559859958444886526535977552353        0.167811590859605266884724425470909642        0.129098359310438402074632433326122454         2250.00000000000000000000000000000000        0.300000011920928955078125000000000000        -1.00000000000000000000000000000000000         4.50000000000000000000000000000000000         50.0000000000000000000000000000000000        0.403156323203015456212955814616561002        0.403170854717135639305263503637681413        0.403170854717135639305263503637681413        0.403170854717135639305263503637681413        0.403170854717135639305263503637681413         0.00000000000000000000000000000000000         3.60430669780889578586322225069320539E-0003   42.1425290051542446876031975589736310         3005.32409795686528553966396450626398      
   6.66991966303019298825804335972346273E-0002   0.00000000000000000000000000000000000         0.00000000000000000000000000000000000        0.250000000000000000000000000000000000        0.750000000000000000000000000000000000        0.724999999999999999999999999999999981        0.275000000000000000000000000000000019        0.512000024318695068359375000000000000        0.425000011920928955078125000000000000         6.30000010132789611816406250000000000E-0002  0.870056494511586616800702331296776776        0.129943505488413383199297668703223248         0.00000000000000000000000000000000000        0.683022559859958444886526535977552353        0.167811590859605266884724425470909642        0.129098359310438402074632433326122454         2250.00000000000000000000000000000000        0.300000011920928955078125000000000000        -1.00000000000000000000000000000000000         4.50000000000000000000000000000000000         50.0000000000000000000000000000000000        0.409076073190432913966270714266986471        0.409083360839623707875507050781359485        0.409083360839623707875507050781359485        0.409083360839623707875507050781359485        0.409083360839623707875507050781359485         0.00000000000000000000000000000000000         1.78145822793583283580353225401648350E-0003   43.7152839946070487579124183421190508         3027.09949736293878060483200794301491      
   6.98587974678532405490532339768403819E-0002   0.00000000000000000000000000000000000         0.00000000000000000000000000000000000        0.250000000000000000000000000000000000        0.750000000000000000000000000000000000        0.724999999999999999999999999999999981        0.275000000000000000000000000000000019        0.512000024318695068359375000000000000        0.425000011920928955078125000000000000         6.30000010132789611816406250000000000E-0002  0.870056494511586616800702331296776776        0.129943505488413383199297668703223248         0.00000000000000000000000000000000000        0.683022559859958444886526535977552353        0.167811590859605266884724425470909642        0.129098359310438402074632433326122454         2250.00000000000000000000000000000000        0.300000011920928955078125000000000000        -1.00000000000000000000000000000000000         4.50000000000000000000000000000000000         50.0000000000000000000000000000000000        0.415093172964512568252265830388730636        0.415070624218878482200941699643972710        0.415070624218878482200941699643972710        0.415070624218878482200941699643972710        0.415070624218878482200941699643972710         0.00000000000000000000000000000000000        -5.43250818496744782002015842372698363E-0003   45.3548966495849811580599624545106874         3047.42875606937274195694965811100311      
   7.31680714342727864769909562452151975E-0002   0.00000000000000000000000000000000000         0.00000000000000000000000000000000000        0.250000000000000000000000000000000000        0.750000000000000000000000000000000000        0.724999999999999999999999999999999981        0.275000000000000000000000000000000019        0.512000024318695068359375000000000000        0.425000011920928955078125000000000000         6.30000010132789611816406250000000000E-0002  0.870056494511586616800702331296776776        0.129943505488413383199297668703223248         0.00000000000000000000000000000000000        0.683022559859958444886526535977552353        0.167811590859605266884724425470909642        0.129098359310438402074632433326122454         2250.00000000000000000000000000000000        0.300000011920928955078125000000000000        -1.00000000000000000000000000000000000         4.50000000000000000000000000000000000         50.0000000000000000000000000000000000        0.421171171989511337022044565564305624        0.421190431670808537067652083597269202        0.421190431670808537067652083597269202        0.421190431670808537067652083597269202        0.421190431670808537067652083597269202         0.00000000000000000000000000000000000         4.57267778396564110452941023500395970E-0003   47.0640089829988259156416988907687145         3068.13236585215587237857463257638013      
   7.66341086800754564190942258342304675E-0002   0.00000000000000000000000000000000000         0.00000000000000000000000000000000000        0.250000000000000000000000000000000000        0.750000000000000000000000000000000000        0.724999999999999999999999999999999981        0.275000000000000000000000000000000019        0.512000024318695068359375000000000000        0.425000011920928955078125000000000000         6.30000010132789611816406250000000000E-0002  0.870056494511586616800702331296776776        0.129943505488413383199297668703223248         0.00000000000000000000000000000000000        0.683022559859958444886526535977552353        0.167811590859605266884724425470909642        0.129098359310438402074632433326122454         2250.00000000000000000000000000000000        0.300000011920928955078125000000000000        -1.00000000000000000000000000000000000         4.50000000000000000000000000000000000         50.0000000000000000000000000000000000        0.427341076161182173275660140888140179        0.427346213612084937599851878079220249        0.427346213612084937599851878079220249        0.427346213612084937599851878079220249        0.427346213612084937599851878079220249         0.00000000000000000000000000000000000         1.20217536487353635676425531752593311E-0003   48.8426050478888120526102455822086714         3089.05778868543622175244137991759717      
   8.02643352225726970636277878857272017E-0002   0.00000000000000000000000000000000000         0.00000000000000000000000000000000000        0.250000000000000000000000000000000000        0.750000000000000000000000000000000000        0.724999999999999999999999999999999981        0.275000000000000000000000000000000019        0.512000024318695068359375000000000000        0.425000011920928955078125000000000000         6.30000010132789611816406250000000000E-0002  0.870056494511586616800702331296776776        0.129943505488413383199297668703223248         0.00000000000000000000000000000000000        0.683022559859958444886526535977552353        0.167811590859605266884724425470909642        0.129098359310438402074632433326122454         2250.00000000000000000000000000000000        0.300000011920928955078125000000000000        -1.00000000000000000000000000000000000         4.50000000000000000000000000000000000         50.0000000000000000000000000000000000        0.433576623645185472407901375723877754        0.433576623645185472407901375723877754        0.433576623645185472407901375723877754        0.433576623645185472407901375723877754        0.433576623645185472407901375723877754         0.00000000000000000000000000000000000         0.00000000000000000000000000000000000         50.6449422916707226092429388170554129         3109.53496912264596560192681031203922      
   8.40665288561842607476714319551580939E-0002   0.00000000000000000000000000000000000         0.00000000000000000000000000000000000        0.250000000000000000000000000000000000        0.750000000000000000000000000000000000        0.724999999999999999999999999999999981        0.275000000000000000000000000000000019        0.512000024318695068359375000000000000        0.425000011920928955078125000000000000         6.30000010132789611816406250000000000E-0002  0.870056494511586616800702331296776776        0.129943505488413383199297668703223248         0.00000000000000000000000000000000000        0.683022559859958444886526535977552353        0.167811590859605266884724425470909642        0.129098359310438402074632433326122454         2250.00000000000000000000000000000000        0.300000011920928955078125000000000000        -1.00000000000000000000000000000000000         4.50000000000000000000000000000000000         50.0000000000000000000000000000000000        0.439911648622252920261683513918634377        0.439972878822936153875801897374642678        0.439972878822936153875801897374642678        0.439972878822936153875801897374642678        0.439972878822936153875801897374642678         0.00000000000000000000000000000000000         1.39168125196815273751511152635521951E-0002   52.6277933423033775910055732112725798         3131.84730919614078024471356768197223      
   8.80488358164357074743307360856496004E-0002   0.00000000000000000000000000000000000         0.00000000000000000000000000000000000        0.250000000000000000000000000000000000        0.750000000000000000000000000000000000        0.724999999999999999999999999999999981        0.275000000000000000000000000000000019        0.512000024318695068359375000000000000        0.425000011920928955078125000000000000         6.30000010132789611816406250000000000E-0002  0.870056494511586616800702331296776776        0.129943505488413383199297668703223248         0.00000000000000000000000000000000000        0.683022559859958444886526535977552353        0.167811590859605266884724425470909642        0.129098359310438402074632433326122454         2250.00000000000000000000000000000000        0.300000011920928955078125000000000000        -1.00000000000000000000000000000000000         4.50000000000000000000000000000000000         50.0000000000000000000000000000000000        0.446326514224148174090748564216379367        0.446329570158583783836389635159173664        0.446329570158583783836389635159173664        0.446329570158583783836389635159173664        0.446329570158583783836389635159173664         0.00000000000000000000000000000000000         6.84681150416261321320546422189903016E-0004   54.6377271851787838328957722818228458         3153.76116505804399374195825519809793      
   9.22197882333444321945314637778022181E-0002   0.00000000000000000000000000000000000         0.00000000000000000000000000000000000        0.250000000000000000000000000000000000        0.750000000000000000000000000000000000        0.724999999999999999999999999999999981        0.275000000000000000000000000000000019        0.512000024318695068359375000000000000        0.425000011920928955078125000000000000         6.30000010132789611816406250000000000E-0002  0.870056494511586616800702331296776776        0.129943505488413383199297668703223248         0.00000000000000000000000000000000000        0.683022559859958444886526535977552353        0.167811590859605266884724425470909642        0.129098359310438402074632433326122454         2250.00000000000000000000000000000000        0.300000011920928955078125000000000000        -1.00000000000000000000000000000000000         4.50000000000000000000000000000000000         50.0000000000000000000000000000000000        0.452832658221669784599018299311049083        0.452838268038788355940836091535965976        0.452838268038788355940836091535965976        0.452838268038788355940836091535965976        0.452838268038788355940836091535965976         0.00000000000000000000000000000000000         1.23881251089204033693279019328054241E-0003   56.7327043247805467801632703723686161         3175.84705986161691878467841444496395      
   9.65883224115882606340667665118364882E-0002   0.00000000000000000000000000000000000         0.00000000000000000000000000000000000        0.250000000000000000000000000000000000        0.750000000000000000000000000000000000        0.724999999999999999999999999999999981        0.275000000000000000000000000000000019        0.512000024318695068359375000000000000        0.425000011920928955078125000000000000         6.30000010132789611816406250000000000E-0002  0.870056494511586616800702331296776776        0.129943505488413383199297668703223248         0.00000000000000000000000000000000000        0.683022559859958444886526535977552353        0.167811590859605266884724425470909642        0.129098359310438402074632433326122454         2250.00000000000000000000000000000000        0.300000011920928955078125000000000000        -1.00000000000000000000000000000000000         4.50000000000000000000000000000000000         50.0000000000000000000000000000000000        0.459381390580818057260403796920514622        0.459385823113899735556721100069410497        0.459385823113899735556721100069410497        0.459385823113899735556721100069410497        0.459385823113899735556721100069410497         0.00000000000000000000000000000000000         9.64882427505669408509570018842456743E-0004   58.9202647586331464443675710348563811         3198.61953423093052809010406532643185      
  0.101163797976622046355106172347094973         0.00000000000000000000000000000000000         0.00000000000000000000000000000000000        0.250000000000000000000000000000000000        0.750000000000000000000000000000000000        0.724999999999999999999999999999999981        0.275000000000000000000000000000000019        0.512000024318695068359375000000000000        0.425000011920928955078125000000000000         6.30000010132789611816406250000000000E-0002  0.870056494511586616800702331296776776        0.129943505488413383199297668703223248         0.00000000000000000000000000000000000        0.683022559859958444886526535977552353        0.167811590859605266884724425470909642        0.129098359310438402074632433326122454         2250.00000000000000000000000000000000        0.300000011920928955078125000000000000        -1.00000000000000000000000000000000000         4.50000000000000000000000000000000000         50.0000000000000000000000000000000000        0.466030669251390472744676039936642227        0.466051668279907540943664607755520336        0.466051668279907540943664607755520336        0.466051668279907540943664607755520336        0.466051668279907540943664607755520336         0.00000000000000000000000000000000000         4.50572971760210967305449704731588930E-0003   61.1993492889055275740646722077453119         3221.55291652236373174547473531094349      
  0.105956017927763003456833559312410793         0.00000000000000000000000000000000000         0.00000000000000000000000000000000000        0.250000000000000000000000000000000000        0.750000000000000000000000000000000000        0.724999999999999999999999999999999981        0.275000000000000000000000000000000019        0.512000024318695068359375000000000000        0.425000011920928955078125000000000000         6.30000010132789611816406250000000000E-0002  0.870056494511586616800702331296776776        0.129943505488413383199297668703223248         0.00000000000000000000000000000000000        0.683022559859958444886526535977552353        0.167811590859605266884724425470909642        0.129098359310438402074632433326122454         2250.00000000000000000000000000000000        0.300000011920928955078125000000000000        -1.00000000000000000000000000000000000         4.50000000000000000000000000000000000         50.0000000000000000000000000000000000        0.472806682886301065502207315875155974        0.472770408125599957126533838833947028        0.472770408125599957126533838833947028        0.472770408125599957126533838833947028        0.472770408125599957126533838833947028         0.00000000000000000000000000000000000        -7.67280694342259540113529057533687478E-0003   63.5708687348006351915833068742170591         3244.44364392099694899224881886280868      
  0.110975249641208698343586493910800654         0.00000000000000000000000000000000000         0.00000000000000000000000000000000000        0.250000000000000000000000000000000000        0.750000000000000000000000000000000000        0.724999999999999999999999999999999981        0.275000000000000000000000000000000019        0.512000024318695068359375000000000000        0.425000011920928955078125000000000000         6.30000010132789611816406250000000000E-0002  0.870056494511586616800702331296776776        0.129943505488413383199297668703223248         0.00000000000000000000000000000000000        0.683022559859958444886526535977552353        0.167811590859605266884724425470909642        0.129098359310438402074632433326122454         2250.00000000000000000000000000000000        0.300000011920928955078125000000000000        -1.00000000000000000000000000000000000         4.50000000000000000000000000000000000         50.0000000000000000000000000000000000        0.479645302613400538127356832337207361        0.479611775581179833542263014796579743        0.479611775581179833542263014796579743        0.479611775581179833542263014796579743        0.479611775581179833542263014796579743         0.00000000000000000000000000000000000        -6.99045226320339742840564700742010540E-0003   66.0464422733313609166654013572985504         3267.83935457025910755183683332793635      
  0.116232246867986863621532357708454707         0.00000000000000000000000000000000000         0.00000000000000000000000000000000000        0.250000000000000000000000000000000000        0.750000000000000000000000000000000000        0.724999999999999999999999999999999981        0.275000000000000000000000000000000019        0.512000024318695068359375000000000000        0.425000011920928955078125000000000000         6.30000010132789611816406250000000000E-0002  0.870056494511586616800702331296776776        0.129943505488413383199297668703223248         0.00000000000000000000000000000000000        0.683022559859958444886526535977552353        0.167811590859605266884724425470909642        0.129098359310438402074632433326122454         2250.00000000000000000000000000000000        0.300000011920928955078125000000000000        -1.00000000000000000000000000000000000         4.50000000000000000000000000000000000         50.0000000000000000000000000000000000        0.486546914969287289991185519220402502        0.486617221148953903580537805506930252        0.486617221148953903580537805506930252        0.486617221148953903580537805506930252        0.486617221148953903580537805506930252         0.00000000000000000000000000000000000         1.44479431904636219158779474329538490E-0002   68.6331825389800173099533686017253499         3291.66336406521154590982403647126269      
  0.121738272773967847946541636711935559         0.00000000000000000000000000000000000         0.00000000000000000000000000000000000        0.250000000000000000000000000000000000        0.750000000000000000000000000000000000        0.724999999999999999999999999999999981        0.275000000000000000000000000000000019        0.512000024318695068359375000000000000        0.425000011920928955078125000000000000         6.30000010132789611816406250000000000E-0002  0.870056494511586616800702331296776776        0.129943505488413383199297668703223248         0.00000000000000000000000000000000000        0.683022559859958444886526535977552353        0.167811590859605266884724425470909642        0.129098359310438402074632433326122454         2250.00000000000000000000000000000000        0.300000011920928955078125000000000000        -1.00000000000000000000000000000000000         4.50000000000000000000000000000000000         50.0000000000000000000000000000000000        0.493558920262651692231666579661266298        0.493589190103452654170076902988711338        0.493589190103452654170076902988711338        0.493589190103452654170076902988711338        0.493589190103452654170076902988711338         0.00000000000000000000000000000000000         6.13259800009347915614715306584461042E-0003   71.3253795558597029270110830017483441         3315.75221374173898362164944549246575      
  0.127505124071303144618257819009567858         0.00000000000000000000000000000000000         0.00000000000000000000000000000000000        0.250000000000000000000000000000000000        0.750000000000000000000000000000000000        0.724999999999999999999999999999999981        0.275000000000000000000000000000000019        0.512000024318695068359375000000000000        0.425000011920928955078125000000000000         6.30000010132789611816406250000000000E-0002  0.870056494511586616800702331296776776        0.129943505488413383199297668703223248         0.00000000000000000000000000000000000        0.683022559859958444886526535977552353        0.167811590859605266884724425470909642        0.129098359310438402074632433326122454         2250.00000000000000000000000000000000        0.300000011920928955078125000000000000        -1.00000000000000000000000000000000000         4.50000000000000000000000000000000000         50.0000000000000000000000000000000000        0.500657535891834412106545801483066226        0.500683992838457215963720614190050742        0.500683992838457215963720614190050742        0.500683992838457215963720614190050742        0.500683992838457215963720614190050742         0.00000000000000000000000000000000000         5.28416066845181476204689437422743655E-0003   74.1359723391891780553724614574267928         3340.07469018349904110033898804372290      
  0.133545156292991832326932402316673282         0.00000000000000000000000000000000000         0.00000000000000000000000000000000000        0.250000000000000000000000000000000000        0.750000000000000000000000000000000000        0.724999999999999999999999999999999981        0.275000000000000000000000000000000019        0.512000024318695068359375000000000000        0.425000011920928955078125000000000000         6.30000010132789611816406250000000000E-0002  0.870056494511586616800702331296776776        0.129943505488413383199297668703223248         0.00000000000000000000000000000000000        0.683022559859958444886526535977552353        0.167811590859605266884724425470909642        0.129098359310438402074632433326122454         2250.00000000000000000000000000000000        0.300000011920928955078125000000000000        -1.00000000000000000000000000000000000         4.50000000000000000000000000000000000         50.0000000000000000000000000000000000        0.507848826001498435293094939030199491        0.508009011591270770455289229771536849        0.508009011591270770455289229771536849        0.508009011591270770455289229771536849        0.508009011591270770455289229771536849         0.00000000000000000000000000000000000         3.15320370539441954436488554596154405E-0002   77.0756469728462371641605606198209640         3364.26465012483051911875017332870439      
  0.139871310264725923734212542400487802         0.00000000000000000000000000000000000         0.00000000000000000000000000000000000        0.250000000000000000000000000000000000        0.750000000000000000000000000000000000        0.724999999999999999999999999999999981        0.275000000000000000000000000000000019        0.512000024318695068359375000000000000        0.425000011920928955078125000000000000         6.30000010132789611816406250000000000E-0002  0.870056494511586616800702331296776776        0.129943505488413383199297668703223248         0.00000000000000000000000000000000000        0.683022559859958444886526535977552353        0.167811590859605266884724425470909642        0.129098359310438402074632433326122454         2250.00000000000000000000000000000000        0.300000011920928955078125000000000000        -1.00000000000000000000000000000000000         4.50000000000000000000000000000000000         50.0000000000000000000000000000000000        0.515097365016400147499045512709212799        0.515150563468459588931781682788509923        0.515150563468459588931781682788509923        0.515150563468459588931781682788509923        0.515150563468459588931781682788509923         0.00000000000000000000000000000000000         1.03267774184815660759845231099684790E-0002   80.1342207651390464895808988772467987         3389.78617838359093937180216086559722      
  0.146497139830730798859885014704254904         0.00000000000000000000000000000000000         0.00000000000000000000000000000000000        0.250000000000000000000000000000000000        0.750000000000000000000000000000000000        0.724999999999999999999999999999999981        0.275000000000000000000000000000000019        0.512000024318695068359375000000000000        0.425000011920928955078125000000000000         6.30000010132789611816406250000000000E-0002  0.870056494511586616800702331296776776        0.129943505488413383199297668703223248         0.00000000000000000000000000000000000        0.683022559859958444886526535977552353        0.167811590859605266884724425470909642        0.129098359310438402074632433326122454         2250.00000000000000000000000000000000        0.300000011920928955078125000000000000        -1.00000000000000000000000000000000000         4.50000000000000000000000000000000000         50.0000000000000000000000000000000000        0.522475743742585163681268010320479390        0.522459150594967387939636403400790768        0.522459150594967387939636403400790768        0.522459150594967387939636403400790768        0.522459150594967387939636403400790768         0.00000000000000000000000000000000000        -3.17597033162875105312588201583056821E-0003   83.3269415398341720828723144349045512         3414.93201391879980992531721357415134      
  0.153436840893003596478571043987610540         0.00000000000000000000000000000000000         0.00000000000000000000000000000000000        0.250000000000000000000000000000000000        0.750000000000000000000000000000000000        0.724999999999999999999999999999999981        0.275000000000000000000000000000000019        0.512000024318695068359375000000000000        0.425000011920928955078125000000000000         6.30000010132789611816406250000000000E-0002  0.870056494511586616800702331296776776        0.129943505488413383199297668703223248         0.00000000000000000000000000000000000        0.683022559859958444886526535977552353        0.167811590859605266884724425470909642        0.129098359310438402074632433326122454         2250.00000000000000000000000000000000        0.300000011920928955078125000000000000        -1.00000000000000000000000000000000000         4.50000000000000000000000000000000000         50.0000000000000000000000000000000000        0.529914390998525366360981745628419297        0.529940606672029124537394872406705687        0.529940606672029124537394872406705687        0.529940606672029124537394872406705687        0.529940606672029124537394872406705687         0.00000000000000000000000000000000000         4.94690785603123132945364146254020740E-0003   86.6658420899228252318483839781835592         3440.59007954165146844529290970213741      
  0.160705281826166404175411117660175785         0.00000000000000000000000000000000000         0.00000000000000000000000000000000000        0.250000000000000000000000000000000000        0.750000000000000000000000000000000000        0.724999999999999999999999999999999981        0.275000000000000000000000000000000019        0.512000024318695068359375000000000000        0.425000011920928955078125000000000000         6.30000010132789611816406250000000000E-0002  0.870056494511586616800702331296776776        0.129943505488413383199297668703223248         0.00000000000000000000000000000000000        0.683022559859958444886526535977552353        0.167811590859605266884724425470909642        0.129098359310438402074632433326122454         2250.00000000000000000000000000000000        0.300000011920928955078125000000000000        -1.00000000000000000000000000000000000         4.50000000000000000000000000000000000         50.0000000000000000000000000000000000        0.537480470449512354323607484301668250        0.537439693437656772214456438325267038        0.537439693437656772214456438325267038        0.537439693437656772214456438325267038        0.537439693437656772214456438325267038         0.00000000000000000000000000000000000        -7.58727208903341998356156976514310976E-0003   90.1483134651807604178527937972739377         3466.13706716168332162269979008293806      
  0.168318035333098355319523878900328206         0.00000000000000000000000000000000000         0.00000000000000000000000000000000000        0.250000000000000000000000000000000000        0.750000000000000000000000000000000000        0.724999999999999999999999999999999981        0.275000000000000000000000000000000019        0.512000024318695068359375000000000000        0.425000011920928955078125000000000000         6.30000010132789611816406250000000000E-0002  0.870056494511586616800702331296776776        0.129943505488413383199297668703223248         0.00000000000000000000000000000000000        0.683022559859958444886526535977552353        0.167811590859605266884724425470909642        0.129098359310438402074632433326122454         2250.00000000000000000000000000000000        0.300000011920928955078125000000000000        -1.00000000000000000000000000000000000         4.50000000000000000000000000000000000         50.0000000000000000000000000000000000        0.545128865709896418889718955990691549        0.545121958782492175263364414251014395        0.545121958782492175263364414251014395        0.545121958782492175263364414251014395        0.545121958782492175263364414251014395         0.00000000000000000000000000000000000        -1.26704259349044919654932998262165963E-0003   93.7874872691161558500673713090812593         3492.04128555997119037278527560131815      
  0.176291411809597623536968597048402244         0.00000000000000000000000000000000000         0.00000000000000000000000000000000000        0.250000000000000000000000000000000000        0.750000000000000000000000000000000000        0.724999999999999999999999999999999981        0.275000000000000000000000000000000019        0.512000024318695068359375000000000000        0.425000011920928955078125000000000000         6.30000010132789611816406250000000000E-0002  0.870056494511586616800702331296776776        0.129943505488413383199297668703223248         0.00000000000000000000000000000000000        0.683022559859958444886526535977552353        0.167811590859605266884724425470909642        0.129098359310438402074632433326122454         2250.00000000000000000000000000000000        0.300000011920928955078125000000000000        -1.00000000000000000000000000000000000         4.50000000000000000000000000000000000         50.0000000000000000000000000000000000        0.552827402023879701710145699413265766        0.553059286216800422649051946463533752        0.553059286216800422649051946463533752        0.553059286216800422649051946463533752        0.553059286216800422649051946463533752         0.00000000000000000000000000000000000         4.19275471363881664411972334322698708E-0002   97.6081481306556388939111764298632245         3517.92333303054751499267841800239474      
  0.184642494289557415975419190134436407         0.00000000000000000000000000000000000         0.00000000000000000000000000000000000        0.250000000000000000000000000000000000        0.750000000000000000000000000000000000        0.724999999999999999999999999999999981        0.275000000000000000000000000000000019        0.512000024318695068359375000000000000        0.425000011920928955078125000000000000         6.30000010132789611816406250000000000E-0002  0.870056494511586616800702331296776776        0.129943505488413383199297668703223248         0.00000000000000000000000000000000000        0.683022559859958444886526535977552353        0.167811590859605266884724425470909642        0.129098359310438402074632433326122454         2250.00000000000000000000000000000000        0.300000011920928955078125000000000000        -1.00000000000000000000000000000000000         4.50000000000000000000000000000000000         50.0000000000000000000000000000000000        0.560647047958751000896907651530084085        0.560665198334626379727793111281022551        0.560665198334626379727793111281022551        0.560665198334626379727793111281022551        0.560665198334626379727793111281022551         0.00000000000000000000000000000000000         3.23729311704950770400768755640842979E-0003   101.414783207917665720821687956862907         3544.06152448169524363238914557150617      
  0.193389175045526332720793931968250954         0.00000000000000000000000000000000000         0.00000000000000000000000000000000000        0.250000000000000000000000000000000000        0.750000000000000000000000000000000000        0.724999999999999999999999999999999981        0.275000000000000000000000000000000019        0.512000024318695068359375000000000000        0.425000011920928955078125000000000000         6.30000010132789611816406250000000000E-0002  0.870056494511586616800702331296776776        0.129943505488413383199297668703223248         0.00000000000000000000000000000000000        0.683022559859958444886526535977552353        0.167811590859605266884724425470909642        0.129098359310438402074632433326122454         2250.00000000000000000000000000000000        0.300000011920928955078125000000000000        -1.00000000000000000000000000000000000         4.50000000000000000000000000000000000         50.0000000000000000000000000000000000        0.568627272145276356829172507829614047        0.568640819454527109087386790368876323        0.568640819454527109087386790368876323        0.568640819454527109087386790368876323        0.568640819454527109087386790368876323         0.00000000000000000000000000000000000         2.38240182330695399479583413210670822E-0003   105.186304607047338900804266858059985         3567.85708007839177659383094903086508      
  0.202550193923070136258493621901443151         0.00000000000000000000000000000000000         0.00000000000000000000000000000000000        0.250000000000000000000000000000000000        0.750000000000000000000000000000000000        0.724999999999999999999999999999999981        0.275000000000000000000000000000000019        0.512000024318695068359375000000000000        0.425000011920928955078125000000000000         6.30000010132789611816406250000000000E-0002  0.870056494511586616800702331296776776        0.129943505488413383199297668703223248         0.00000000000000000000000000000000000        0.683022559859958444886526535977552353        0.167811590859605266884724425470909642        0.129098359310438402074632433326122454         2250.00000000000000000000000000000000        0.300000011920928955078125000000000000        -1.00000000000000000000000000000000000         4.50000000000000000000000000000000000         50.0000000000000000000000000000000000        0.576692866260393151401719188415055146        0.576732283794104344388110378953321644        0.576732283794104344388110378953321644        0.576732283794104344388110378953321644        0.576732283794104344388110378953321644         0.00000000000000000000000000000000000         6.83463277829357621997162264884852265E-0003   109.156730830046859491033384734111797         3592.64911622388083324490490919488682      
  0.212145178491066660656421546258877797         0.00000000000000000000000000000000000         0.00000000000000000000000000000000000        0.250000000000000000000000000000000000        0.750000000000000000000000000000000000        0.724999999999999999999999999999999981        0.275000000000000000000000000000000019        0.512000024318695068359375000000000000        0.425000011920928955078125000000000000         6.30000010132789611816406250000000000E-0002  0.870056494511586616800702331296776776        0.129943505488413383199297668703223248         0.00000000000000000000000000000000000        0.683022559859958444886526535977552353        0.167811590859605266884724425470909642        0.129098359310438402074632433326122454         2250.00000000000000000000000000000000        0.300000011920928955078125000000000000        -1.00000000000000000000000000000000000         4.50000000000000000000000000000000000         50.0000000000000000000000000000000000        0.584866911391543339299149510869558663        0.584969707136699850453221221889787624        0.584969707136699850453221221889787624        0.584969707136699850453221221889787624        0.584969707136699850453221221889787624         0.00000000000000000000000000000000000         1.75728322171884908752067864071303241E-0002   113.326814360692325912609121326304851         3617.88905615197877447490663095639592      
  0.222194686093956243932729053068759355         0.00000000000000000000000000000000000         0.00000000000000000000000000000000000        0.250000000000000000000000000000000000        0.750000000000000000000000000000000000        0.724999999999999999999999999999999981        0.275000000000000000000000000000000019        0.512000024318695068359375000000000000        0.425000011920928955078125000000000000         6.30000010132789611816406250000000000E-0002  0.870056494511586616800702331296776776        0.129943505488413383199297668703223248         0.00000000000000000000000000000000000        0.683022559859958444886526535977552353        0.167811590859605266884724425470909642        0.129098359310438402074632433326122454         2250.00000000000000000000000000000000        0.300000011920928955078125000000000000        -1.00000000000000000000000000000000000         4.50000000000000000000000000000000000         50.0000000000000000000000000000000000        0.593150464690637230187297288971075059        0.593119639939006432908274419649893695        0.593119639939006432908274419649893695        0.593119639939006432908274419649893695        0.593119639939006432908274419649893695         0.00000000000000000000000000000000000        -5.19705461683365400231585278852284629E-0003   117.699507701609822421528320231202450         3644.34891794564986919809511326163408      
  0.232720247896045024620482335420595173         0.00000000000000000000000000000000000         0.00000000000000000000000000000000000        0.250000000000000000000000000000000000        0.750000000000000000000000000000000000        0.724999999999999999999999999999999981        0.275000000000000000000000000000000019        0.512000024318695068359375000000000000        0.425000011920928955078125000000000000         6.30000010132789611816406250000000000E-0002  0.870056494511586616800702331296776776        0.129943505488413383199297668703223248         0.00000000000000000000000000000000000        0.683022559859958444886526535977552353        0.167811590859605266884724425470909642        0.129098359310438402074632433326122454         2250.00000000000000000000000000000000        0.300000011920928955078125000000000000        -1.00000000000000000000000000000000000         4.50000000000000000000000000000000000         50.0000000000000000000000000000000000        0.601528037667604835782667808500830953        0.601681349855634317976840418889547597        0.601681349855634317976840418889547597        0.601681349855634317976840418889547597        0.601681349855634317976840418889547597         0.00000000000000000000000000000000000         2.54806282538535517072403800928726845E-0002   122.294937620114576495520525220773654         3670.54684417418491242492650939483816      
  0.243744415012226435488952487885240485         0.00000000000000000000000000000000000         0.00000000000000000000000000000000000        0.250000000000000000000000000000000000        0.750000000000000000000000000000000000        0.724999999999999999999999999999999981        0.275000000000000000000000000000000019        0.512000024318695068359375000000000000        0.425000011920928955078125000000000000         6.30000010132789611816406250000000000E-0002  0.870056494511586616800702331296776776        0.129943505488413383199297668703223248         0.00000000000000000000000000000000000        0.683022559859958444886526535977552353        0.167811590859605266884724425470909642        0.129098359310438402074632433326122454         2250.00000000000000000000000000000000        0.300000011920928955078125000000000000        -1.00000000000000000000000000000000000         4.50000000000000000000000000000000000         50.0000000000000000000000000000000000        0.610029928173507696903842214944616899        0.610061973523945285879692712225737053        0.610061973523945285879692712225737053        0.610061973523945285879692712225737053        0.610061973523945285879692712225737053         0.00000000000000000000000000000000000         5.25280247390000243662562167074411099E-0003   127.101190674819062515406236625450330         3698.34942220948234152093748020113473      
  0.255290806823956397939774451911334331         0.00000000000000000000000000000000000         0.00000000000000000000000000000000000        0.250000000000000000000000000000000000        0.750000000000000000000000000000000000        0.724999999999999999999999999999999981        0.275000000000000000000000000000000019        0.512000024318695068359375000000000000        0.425000011920928955078125000000000000         6.30000010132789611816406250000000000E-0002  0.870056494511586616800702331296776776        0.129943505488413383199297668703223248         0.00000000000000000000000000000000000        0.683022559859958444886526535977552353        0.167811590859605266884724425470909642        0.129098359310438402074632433326122454         2250.00000000000000000000000000000000        0.300000011920928955078125000000000000        -1.00000000000000000000000000000000000         4.50000000000000000000000000000000000         50.0000000000000000000000000000000000        0.618597309383787905009850363361329578        0.618624659526528270090454266141592026        0.618624659526528270090454266141592026        0.618624659526528270090454266141592026        0.618624659526528270090454266141592026         0.00000000000000000000000000000000000         4.42112067781097461561313052740330332E-0003   132.154017735395907696235672121812543         3727.58885153704283573882363607179268      
  0.267384161583999647148154120888094587         0.00000000000000000000000000000000000         0.00000000000000000000000000000000000        0.250000000000000000000000000000000000        0.750000000000000000000000000000000000        0.724999999999999999999999999999999981        0.275000000000000000000000000000000019        0.512000024318695068359375000000000000        0.425000011920928955078125000000000000         6.30000010132789611816406250000000000E-0002  0.870056494511586616800702331296776776        0.129943505488413383199297668703223248         0.00000000000000000000000000000000000        0.683022559859958444886526535977552353        0.167811590859605266884724425470909642        0.129098359310438402074632433326122454         2250.00000000000000000000000000000000        0.300000011920928955078125000000000000        -1.00000000000000000000000000000000000         4.50000000000000000000000000000000000         50.0000000000000000000000000000000000        0.627260085580786456895906511128985047        0.627254003058657739282209647530428834        0.627254003058657739282209647530428834        0.627254003058657739282209647530428834        0.627254003058657739282209647530428834         0.00000000000000000000000000000000000        -9.69706386736093233466220763591106242E-0004   137.449766724191570044571928593056356         3763.24152921481167199330327685349063      
  0.280050389418368331636181818145177102         0.00000000000000000000000000000000000         0.00000000000000000000000000000000000        0.250000000000000000000000000000000000        0.750000000000000000000000000000000000        0.724999999999999999999999999999999981        0.275000000000000000000000000000000019        0.512000024318695068359375000000000000        0.425000011920928955078125000000000000         6.30000010132789611816406250000000000E-0002  0.870056494511586616800702331296776776        0.129943505488413383199297668703223248         0.00000000000000000000000000000000000        0.683022559859958444886526535977552353        0.167811590859605266884724425470909642        0.129098359310438402074632433326122454         2250.00000000000000000000000000000000        0.300000011920928955078125000000000000        -1.00000000000000000000000000000000000         4.50000000000000000000000000000000000         50.0000000000000000000000000000000000        0.635995479773260252907749915668259184        0.636025060785385479802115492520903884        0.636025060785385479802115492520903884        0.636025060785385479802115492520903884        0.636025060785385479802115492520903884         0.00000000000000000000000000000000000         4.65091927174996056412216983439473244E-0003   142.873433241249166286610801972909900         3830.18023681642872665949937749369764      
  0.293316627839010037899556840640473318         0.00000000000000000000000000000000000         0.00000000000000000000000000000000000        0.250000000000000000000000000000000000        0.750000000000000000000000000000000000        0.724999999999999999999999999999999981        0.275000000000000000000000000000000019        0.512000024318695068359375000000000000        0.425000011920928955078125000000000000         6.30000010132789611816406250000000000E-0002  0.870056494511586616800702331296776776        0.129943505488413383199297668703223248         0.00000000000000000000000000000000000        0.683022559859958444886526535977552353        0.167811590859605266884724425470909642        0.129098359310438402074632433326122454         2250.00000000000000000000000000000000        0.300000011920928955078125000000000000        -1.00000000000000000000000000000000000         4.50000000000000000000000000000000000         50.0000000000000000000000000000000000        0.644775446997599646839745822695443401        0.645040652604201674855029253098929001        0.645040652604201674855029253098929001        0.645040652604201674855029253098929001        0.645040652604201674855029253098929001         0.00000000000000000000000000000000000         4.11145569711493429183934421465445821E-0002   148.593474238813734847866053632335921         3899.77281659503750657117587747322809      
  0.307211299886181694903675457144820827         0.00000000000000000000000000000000000         0.00000000000000000000000000000000000        0.250000000000000000000000000000000000        0.750000000000000000000000000000000000        0.724999999999999999999999999999999981        0.275000000000000000000000000000000019        0.512000024318695068359375000000000000        0.425000011920928955078125000000000000         6.30000010132789611816406250000000000E-0002  0.870056494511586616800702331296776776        0.129943505488413383199297668703223248         0.00000000000000000000000000000000000        0.683022559859958444886526535977552353        0.167811590859605266884724425470909642        0.129098359310438402074632433326122454         2250.00000000000000000000000000000000        0.300000011920928955078125000000000000        -1.00000000000000000000000000000000000         4.50000000000000000000000000000000000         50.0000000000000000000000000000000000        0.653627188128038109066324861460251056        0.653937388569327844171724454617791231        0.653937388569327844171724454617791231        0.653937388569327844171724454617791231        0.653937388569327844171724454617791231         0.00000000000000000000000000000000000         4.74358014562198238470067961899650741E-0002   154.588305462692971462529006860386160         3972.07982028280730750504067777339659      
  0.321764175025079939929779942085648449         0.00000000000000000000000000000000000         0.00000000000000000000000000000000000        0.250000000000000000000000000000000000        0.750000000000000000000000000000000000        0.724999999999999999999999999999999981        0.275000000000000000000000000000000019        0.512000024318695068359375000000000000        0.425000011920928955078125000000000000         6.30000010132789611816406250000000000E-0002  0.870056494511586616800702331296776776        0.129943505488413383199297668703223248         0.00000000000000000000000000000000000        0.683022559859958444886526535977552353        0.167811590859605266884724425470909642        0.129098359310438402074632433326122454         2250.00000000000000000000000000000000        0.300000011920928955078125000000000000        -1.00000000000000000000000000000000000         4.50000000000000000000000000000000000         50.0000000000000000000000000000000000        0.662601294337031214645547793573729615        0.662682507502788468638420794039150835        0.662682507502788468638420794039150835        0.662682507502788468638420794039150835        0.662682507502788468638420794039150835         0.00000000000000000000000000000000000         1.22552149540347207742519372148641380E-0002   160.851574603853275206100875065087366         4047.48748314391652349069298864817648      
  0.337006432927199547555937678304493054         0.00000000000000000000000000000000000         0.00000000000000000000000000000000000        0.250000000000000000000000000000000000        0.750000000000000000000000000000000000        0.724999999999999999999999999999999981        0.275000000000000000000000000000000019        0.512000024318695068359375000000000000        0.425000011920928955078125000000000000         6.30000010132789611816406250000000000E-0002  0.870056494511586616800702331296776776        0.129943505488413383199297668703223248         0.00000000000000000000000000000000000        0.683022559859958444886526535977552353        0.167811590859605266884724425470909642        0.129098359310438402074632433326122454         2250.00000000000000000000000000000000        0.300000011920928955078125000000000000        -1.00000000000000000000000000000000000         4.50000000000000000000000000000000000         50.0000000000000000000000000000000000        0.671467996975201326779460820774020210        0.671816553213938469956904594960154589        0.671816553213938469956904594960154589        0.671816553213938469956904594960154589        0.671816553213938469956904594960154589         0.00000000000000000000000000000000000         5.18826511597052339047714102500352062E-0002   167.500821156257678681264600904232666         4124.68364881619908727791682509636230      
  0.352970730273072080492371624264509206         0.00000000000000000000000000000000000         0.00000000000000000000000000000000000        0.250000000000000000000000000000000000        0.750000000000000000000000000000000000        0.724999999999999999999999999999999981        0.275000000000000000000000000000000019        0.512000024318695068359375000000000000        0.425000011920928955078125000000000000         6.30000010132789611816406250000000000E-0002  0.870056494511586616800702331296776776        0.129943505488413383199297668703223248         0.00000000000000000000000000000000000        0.683022559859958444886526535977552353        0.167811590859605266884724425470909642        0.129098359310438402074632433326122454         2250.00000000000000000000000000000000        0.300000011920928955078125000000000000        -1.00000000000000000000000000000000000         4.50000000000000000000000000000000000         50.0000000000000000000000000000000000        0.680443594693532196059028742286114024        0.680448070654690240226098652877693627        0.680448070654690240226098652877693627        0.680448070654690240226098652877693627        0.680448070654690240226098652877693627         0.00000000000000000000000000000000000         6.57796142141697885442617294404142113E-0004   174.429303674485639183907782055652459         4204.97176490076903939012961150168464      
  0.369691270719510256457304422777255813         0.00000000000000000000000000000000000         0.00000000000000000000000000000000000        0.250000000000000000000000000000000000        0.750000000000000000000000000000000000        0.724999999999999999999999999999999981        0.275000000000000000000000000000000019        0.512000024318695068359375000000000000        0.425000011920928955078125000000000000         6.30000010132789611816406250000000000E-0002  0.870056494511586616800702331296776776        0.129943505488413383199297668703223248         0.00000000000000000000000000000000000        0.683022559859958444886526535977552353        0.167811590859605266884724425470909642        0.129098359310438402074632433326122454         2250.00000000000000000000000000000000        0.300000011920928955078125000000000000        -1.00000000000000000000000000000000000         4.50000000000000000000000000000000000         50.0000000000000000000000000000000000        0.689464605147983819115512012831142778        0.689500656587856550183652805001377216        0.689500656587856550183652805001377216        0.689500656587856550183652805001377216        0.689500656587856550183652805001377216         0.00000000000000000000000000000000000         5.22863024542129264605072402006436940E-0003   181.729213355066227447008347497252683         4287.05397985907810448212990565174366      
  0.387203878181263508459966947142191053         0.00000000000000000000000000000000000         0.00000000000000000000000000000000000        0.250000000000000000000000000000000000        0.750000000000000000000000000000000000        0.724999999999999999999999999999999981        0.275000000000000000000000000000000019        0.512000024318695068359375000000000000        0.425000011920928955078125000000000000         6.30000010132789611816406250000000000E-0002  0.870056494511586616800702331296776776        0.129943505488413383199297668703223248         0.00000000000000000000000000000000000        0.683022559859958444886526535977552353        0.167811590859605266884724425470909642        0.129098359310438402074632433326122454         2250.00000000000000000000000000000000        0.300000011920928955078125000000000000        -1.00000000000000000000000000000000000         4.50000000000000000000000000000000000         50.0000000000000000000000000000000000        0.698541554302911670296984708790395323        0.698579987545440949527898585439773593        0.698579987545440949527898585439773593        0.698579987545440949527898585439773593        0.698579987545440949527898585439773593         0.00000000000000000000000000000000000         5.50162375311091213316651730071380886E-0003   189.391325571100222274206762611045003         4371.45018551688728823954858867982133      
  0.405546073584091372929320306957881816         0.00000000000000000000000000000000000         0.00000000000000000000000000000000000        0.250000000000000000000000000000000000        0.750000000000000000000000000000000000        0.724999999999999999999999999999999981        0.275000000000000000000000000000000019        0.512000024318695068359375000000000000        0.425000011920928955078125000000000000         6.30000010132789611816406250000000000E-0002  0.870056494511586616800702331296776776        0.129943505488413383199297668703223248         0.00000000000000000000000000000000000        0.683022559859958444886526535977552353        0.167811590859605266884724425470909642        0.129098359310438402074632433326122454         2250.00000000000000000000000000000000        0.300000011920928955078125000000000000        -1.00000000000000000000000000000000000         4.50000000000000000000000000000000000         50.0000000000000000000000000000000000        0.707727183017695342273924599172223761        0.707812168377976184919296648311667049        0.707812168377976184919296648311667049        0.707812168377976184919296648311667049        0.707812168377976184919296648311667049         0.00000000000000000000000000000000000         1.20067673427535543918161695513863302E-0002   197.430259265892236233627397010351531         4457.79057071915618468000798950118520      
  0.424757155253698885385985478437553801         0.00000000000000000000000000000000000         0.00000000000000000000000000000000000        0.250000000000000000000000000000000000        0.750000000000000000000000000000000000        0.724999999999999999999999999999999981        0.275000000000000000000000000000000019        0.512000024318695068359375000000000000        0.425000011920928955078125000000000000         6.30000010132789611816406250000000000E-0002  0.870056494511586616800702331296776776        0.129943505488413383199297668703223248         0.00000000000000000000000000000000000        0.683022559859958444886526535977552353        0.167811590859605266884724425470909642        0.129098359310438402074632433326122454         2250.00000000000000000000000000000000        0.300000011920928955078125000000000000        -1.00000000000000000000000000000000000         4.50000000000000000000000000000000000         50.0000000000000000000000000000000000        0.717024466344580812869039022048242855        0.717051604498104611465950314002800631        0.717051604498104611465950314002800631        0.717051604498104611465950314002800631        0.717051604498104611465950314002800631         0.00000000000000000000000000000000000         3.78468625599042661658778164704764029E-0003   205.847532588961449287672153835365448         4546.75377282296807596022427859601530      
  0.444878283112768031811350146623921564         0.00000000000000000000000000000000000         0.00000000000000000000000000000000000        0.250000000000000000000000000000000000        0.750000000000000000000000000000000000        0.724999999999999999999999999999999981        0.275000000000000000000000000000000019        0.512000024318695068359375000000000000        0.425000011920928955078125000000000000         6.30000010132789611816406250000000000E-0002  0.870056494511586616800702331296776776        0.129943505488413383199297668703223248         0.00000000000000000000000000000000000        0.683022559859958444886526535977552353        0.167811590859605266884724425470909642        0.129098359310438402074632433326122454         2250.00000000000000000000000000000000        0.300000011920928955078125000000000000        -1.00000000000000000000000000000000000         4.50000000000000000000000000000000000         50.0000000000000000000000000000000000        0.726436224494583683581407469271007360        0.726456322411023719844502938944913908        0.726456322411023719844502938944913908        0.726456322411023719844502938944913908        0.726456322411023719844502938944913908         0.00000000000000000000000000000000000         2.76656914118850598966727115659955440E-0003   214.673984084431138294793538225570993         4637.78797053189211550230779719969196      
  0.465952566866478185388067003418371743         0.00000000000000000000000000000000000         0.00000000000000000000000000000000000        0.250000000000000000000000000000000000        0.750000000000000000000000000000000000        0.724999999999999999999999999999999981        0.275000000000000000000000000000000019        0.512000024318695068359375000000000000        0.425000011920928955078125000000000000         6.30000010132789611816406250000000000E-0002  0.870056494511586616800702331296776776        0.129943505488413383199297668703223248         0.00000000000000000000000000000000000        0.683022559859958444886526535977552353        0.167811590859605266884724425470909642        0.129098359310438402074632433326122454         2250.00000000000000000000000000000000        0.300000011920928955078125000000000000        -1.00000000000000000000000000000000000         4.50000000000000000000000000000000000         50.0000000000000000000000000000000000        0.735942820926491164176376846909158229        0.736086153690684593629294001661999095        0.736086153690684593629294001661999095        0.736086153690684593629294001661999095        0.736086153690684593629294001661999095         0.00000000000000000000000000000000000         1.94722809924855912992363259032276653E-0002   223.951388373225109960511166208166978         4730.80515871432541169485573600390741      
  0.488025158365453833350361152141345848         0.00000000000000000000000000000000000         0.00000000000000000000000000000000000        0.250000000000000000000000000000000000        0.750000000000000000000000000000000000        0.724999999999999999999999999999999981        0.275000000000000000000000000000000019        0.512000024318695068359375000000000000        0.425000011920928955078125000000000000         6.30000010132789611816406250000000000E-0002  0.870056494511586616800702331296776776        0.129943505488413383199297668703223248         0.00000000000000000000000000000000000        0.683022559859958444886526535977552353        0.167811590859605266884724425470909642        0.129098359310438402074632433326122454         2250.00000000000000000000000000000000        0.300000011920928955078125000000000000        -1.00000000000000000000000000000000000         4.50000000000000000000000000000000000         50.0000000000000000000000000000000000        0.745582686401890213767263077612461599        0.745683257326893601172673724961700386        0.745683257326893601172673724961700386        0.745683257326893601172673724961700386        0.745683257326893601172673724961700386         0.00000000000000000000000000000000000         1.34870836934050930195557537303880929E-0002   233.649072109777883533774111224544969         4826.53383378822025667883820560672199      
  0.511143348344028075836959282509472174         0.00000000000000000000000000000000000         0.00000000000000000000000000000000000        0.250000000000000000000000000000000000        0.750000000000000000000000000000000000        0.724999999999999999999999999999999981        0.275000000000000000000000000000000019        0.512000024318695068359375000000000000        0.425000011920928955078125000000000000         6.30000010132789611816406250000000000E-0002  0.870056494511586616800702331296776776        0.129943505488413383199297668703223248         0.00000000000000000000000000000000000        0.683022559859958444886526535977552353        0.167811590859605266884724425470909642        0.129098359310438402074632433326122454         2250.00000000000000000000000000000000        0.300000011920928955078125000000000000        -1.00000000000000000000000000000000000         4.50000000000000000000000000000000000         50.0000000000000000000000000000000000        0.755318768941201192876714619712244626        0.755697547308669669986499590309554684        0.755697547308669669986499590309554684        0.755697547308669669986499590309554684        0.755697547308669669986499590309554684         0.00000000000000000000000000000000000         5.01230113578445393629703220973741632E-0002   243.869431606538646745149257015155736         4923.47249450016334034447585822966477      
  0.535356667741084533722548138030577650         0.00000000000000000000000000000000000         0.00000000000000000000000000000000000        0.250000000000000000000000000000000000        0.750000000000000000000000000000000000        0.724999999999999999999999999999999981        0.275000000000000000000000000000000019        0.512000024318695068359375000000000000        0.425000011920928955078125000000000000         6.30000010132789611816406250000000000E-0002  0.870056494511586616800702331296776776        0.129943505488413383199297668703223248         0.00000000000000000000000000000000000        0.683022559859958444886526535977552353        0.167811590859605266884724425470909642        0.129098359310438402074632433326122454         2250.00000000000000000000000000000000        0.300000011920928955078125000000000000        -1.00000000000000000000000000000000000         4.50000000000000000000000000000000000         50.0000000000000000000000000000000000        0.765178973216371798543970130325935557        0.765199175524742724792788815308736345        0.765199175524742724792788815308736345        0.765199175524742724792788815308736345        0.765199175524742724792788815308736345         0.00000000000000000000000000000000000         2.64013723708893449114283963060303380E-0003   254.532353735064557772177579871577440         5025.46398343007304476613973260805234      
  0.560716993820558519630662000117957924         0.00000000000000000000000000000000000         0.00000000000000000000000000000000000        0.250000000000000000000000000000000000        0.750000000000000000000000000000000000        0.724999999999999999999999999999999981        0.275000000000000000000000000000000019        0.512000024318695068359375000000000000        0.425000011920928955078125000000000000         6.30000010132789611816406250000000000E-0002  0.870056494511586616800702331296776776        0.129943505488413383199297668703223248         0.00000000000000000000000000000000000        0.683022559859958444886526535977552353        0.167811590859605266884724425470909642        0.129098359310438402074632433326122454         2250.00000000000000000000000000000000        0.300000011920928955078125000000000000        -1.00000000000000000000000000000000000         4.50000000000000000000000000000000000         50.0000000000000000000000000000000000        0.775149557079709349564751628979515768        0.775358539220964189612196514296356775        0.775358539220964189612196514296356775        0.775358539220964189612196514296356775        0.775358539220964189612196514296356775         0.00000000000000000000000000000000000         2.69529682957787918904553981703301742E-0002   265.766485015653321007454440928679128         5128.23781148472298640508235276229410      
  0.587278661318961641324294675315294360         0.00000000000000000000000000000000000         0.00000000000000000000000000000000000        0.250000000000000000000000000000000000        0.750000000000000000000000000000000000        0.724999999999999999999999999999999981        0.275000000000000000000000000000000019        0.512000024318695068359375000000000000        0.425000011920928955078125000000000000         6.30000010132789611816406250000000000E-0002  0.870056494511586616800702331296776776        0.129943505488413383199297668703223248         0.00000000000000000000000000000000000        0.683022559859958444886526535977552353        0.167811590859605266884724425470909642        0.129098359310438402074632433326122454         2250.00000000000000000000000000000000        0.300000011920928955078125000000000000        -1.00000000000000000000000000000000000         4.50000000000000000000000000000000000         50.0000000000000000000000000000000000        0.785248685432367096604283687618261653        0.785265135574220390471137980856723491        0.785265135574220390471137980856723491        0.785265135574220390471137980856723491        0.785265135574220390471137980856723491         0.00000000000000000000000000000000000         2.09485193064948693008324914245877655E-0003   277.497917439653894031836631830532158         5234.49064882517026737588047196236717      
  0.615098578858064451529164264953569834         0.00000000000000000000000000000000000         0.00000000000000000000000000000000000        0.250000000000000000000000000000000000        0.750000000000000000000000000000000000        0.724999999999999999999999999999999981        0.275000000000000000000000000000000019        0.512000024318695068359375000000000000        0.425000011920928955078125000000000000         6.30000010132789611816406250000000000E-0002  0.870056494511586616800702331296776776        0.129943505488413383199297668703223248         0.00000000000000000000000000000000000        0.683022559859958444886526535977552353        0.167811590859605266884724425470909642        0.129098359310438402074632433326122454         2250.00000000000000000000000000000000        0.300000011920928955078125000000000000        -1.00000000000000000000000000000000000         4.50000000000000000000000000000000000         50.0000000000000000000000000000000000        0.795452222640164985187495596167421025        0.795479968010266822503538711285509174        0.795479968010266822503538711285509174        0.795479968010266822503538711285509174        0.795479968010266822503538711285509174         0.00000000000000000000000000000000000         3.48787791240510808296160064096390173E-0003   289.850984684977558244053085719650520         5343.10167707559474137728982216011736      
  0.644236350872152408747567964251532425         0.00000000000000000000000000000000000         0.00000000000000000000000000000000000        0.250000000000000000000000000000000000        0.750000000000000000000000000000000000        0.724999999999999999999999999999999981        0.275000000000000000000000000000000019        0.512000024318695068359375000000000000        0.425000011920928955078125000000000000         6.30000010132789611816406250000000000E-0002  0.870056494511586616800702331296776776        0.129943505488413383199297668703223248         0.00000000000000000000000000000000000        0.683022559859958444886526535977552353        0.167811590859605266884724425470909642        0.129098359310438402074632433326122454         2250.00000000000000000000000000000000        0.300000011920928955078125000000000000        -1.00000000000000000000000000000000000         4.50000000000000000000000000000000000         50.0000000000000000000000000000000000        0.805768666715304851018351802148695222        0.805774058038712208026173524612041190        0.805774058038712208026173524612041190        0.805774058038712208026173524612041190        0.805774058038712208026173524612041190         0.00000000000000000000000000000000000         6.69086247387973088823258341136960773E-0004   302.843345199636572978736179907999290         5454.67851042500300059928330609877036      
  0.674754405311085438667667359428963781         0.00000000000000000000000000000000000         0.00000000000000000000000000000000000        0.250000000000000000000000000000000000        0.750000000000000000000000000000000000        0.724999999999999999999999999999999981        0.275000000000000000000000000000000019        0.512000024318695068359375000000000000        0.425000011920928955078125000000000000         6.30000010132789611816406250000000000E-0002  0.870056494511586616800702331296776776        0.129943505488413383199297668703223248         0.00000000000000000000000000000000000        0.683022559859958444886526535977552353        0.167811590859605266884724425470909642        0.129098359310438402074632433326122454         2250.00000000000000000000000000000000        0.300000011920928955078125000000000000        -1.00000000000000000000000000000000000         4.50000000000000000000000000000000000         50.0000000000000000000000000000000000        0.816195547560495786434074445894733662        0.816291257837267518698864019009132523        0.816291257837267518698864019009132523        0.816291257837267518698864019009132523        0.816291257837267518698864019009132523         0.00000000000000000000000000000000000         1.17250155324844448473229457252211635E-0002   316.605483625167058395132948540537316         5570.09664645811411265330084692350566      
  0.706718127392766099165833109055340844         0.00000000000000000000000000000000000         0.00000000000000000000000000000000000        0.250000000000000000000000000000000000        0.750000000000000000000000000000000000        0.724999999999999999999999999999999981        0.275000000000000000000000000000000019        0.512000024318695068359375000000000000        0.425000011920928955078125000000000000         6.30000010132789611816406250000000000E-0002  0.870056494511586616800702331296776776        0.129943505488413383199297668703223248         0.00000000000000000000000000000000000        0.683022559859958444886526535977552353        0.167811590859605266884724425470909642        0.129098359310438402074632433326122454         2250.00000000000000000000000000000000        0.300000011920928955078125000000000000        -1.00000000000000000000000000000000000         4.50000000000000000000000000000000000         50.0000000000000000000000000000000000        0.826719926228913523232341576442335546        0.826720649300249341348990670462929721        0.826720649300249341348990670462929721        0.826720649300249341348990670462929721        0.826720649300249341348990670462929721         0.00000000000000000000000000000000000         8.74625953071496080119768089242705387E-0005   331.830589581773562094687165003889600         5696.15010762999736182780832564591296      
  0.740195999691582266577873530475029904         0.00000000000000000000000000000000000         0.00000000000000000000000000000000000        0.250000000000000000000000000000000000        0.750000000000000000000000000000000000        0.724999999999999999999999999999999981        0.275000000000000000000000000000000019        0.512000024318695068359375000000000000        0.425000011920928955078125000000000000         6.30000010132789611816406250000000000E-0002  0.870056494511586616800702331296776776        0.129943505488413383199297668703223248         0.00000000000000000000000000000000000        0.683022559859958444886526535977552353        0.167811590859605266884724425470909642        0.129098359310438402074632433326122454         2250.00000000000000000000000000000000        0.300000011920928955078125000000000000        -1.00000000000000000000000000000000000         4.50000000000000000000000000000000000         50.0000000000000000000000000000000000        0.837293526837525369494297557944880341        0.837495081633314505755466397115571194        0.837495081633314505755466397115571194        0.837495081633314505755466397115571194        0.837495081633314505755466397115571194         0.00000000000000000000000000000000000         2.40663856074302542806144023559875962E-0002   348.707670820849657123084013922825373         5832.05427171532792269740221795026165      
  0.775259748862965145759849187317876307         0.00000000000000000000000000000000000         0.00000000000000000000000000000000000        0.250000000000000000000000000000000000        0.750000000000000000000000000000000000        0.724999999999999999999999999999999981        0.275000000000000000000000000000000019        0.512000024318695068359375000000000000        0.425000011920928955078125000000000000         6.30000010132789611816406250000000000E-0002  0.870056494511586616800702331296776776        0.129943505488413383199297668703223248         0.00000000000000000000000000000000000        0.683022559859958444886526535977552353        0.167811590859605266884724425470909642        0.129098359310438402074632433326122454         2250.00000000000000000000000000000000        0.300000011920928955078125000000000000        -1.00000000000000000000000000000000000         4.50000000000000000000000000000000000         50.0000000000000000000000000000000000        0.847899187351140711451480908272060401        0.848434315470927534005373975658957602        0.848434315470927534005373975658957602        0.848434315470927534005373975658957602        0.848434315470927534005373975658957602         0.00000000000000000000000000000000000         6.30724276504300896553875627224775263E-0002   366.999743071503962899230031983914704         5974.74621615238434243531776449251702      
  0.811984499318421345788851126412103227         0.00000000000000000000000000000000000         0.00000000000000000000000000000000000        0.250000000000000000000000000000000000        0.750000000000000000000000000000000000        0.724999999999999999999999999999999981        0.275000000000000000000000000000000019        0.512000024318695068359375000000000000        0.425000011920928955078125000000000000         6.30000010132789611816406250000000000E-0002  0.870056494511586616800702331296776776        0.129943505488413383199297668703223248         0.00000000000000000000000000000000000        0.683022559859958444886526535977552353        0.167811590859605266884724425470909642        0.129098359310438402074632433326122454         2250.00000000000000000000000000000000        0.300000011920928955078125000000000000        -1.00000000000000000000000000000000000         4.50000000000000000000000000000000000         50.0000000000000000000000000000000000        0.858595049334876296551338434274001497        0.859271246620333741254760364892167323        0.859271246620333741254760364892167323        0.859271246620333741254760364892167323        0.859271246620333741254760364892167323         0.00000000000000000000000000000000000         7.86942758898367184093070000924410784E-0002   385.840951520270412548871211953041846         6117.09272275770999159580393860817624      
  0.850448934180289219036975673402549010         0.00000000000000000000000000000000000         0.00000000000000000000000000000000000        0.250000000000000000000000000000000000        0.750000000000000000000000000000000000        0.724999999999999999999999999999999981        0.275000000000000000000000000000000019        0.512000024318695068359375000000000000        0.425000011920928955078125000000000000         6.30000010132789611816406250000000000E-0002  0.870056494511586616800702331296776776        0.129943505488413383199297668703223248         0.00000000000000000000000000000000000        0.683022559859958444886526535977552353        0.167811590859605266884724425470909642        0.129098359310438402074632433326122454         2250.00000000000000000000000000000000        0.300000011920928955078125000000000000        -1.00000000000000000000000000000000000         4.50000000000000000000000000000000000         50.0000000000000000000000000000000000        0.869476548464797149652019647177908529        0.869486714117094653940302651176223608        0.869486714117094653940302651176223608        0.869486714117094653940302651176223608        0.869486714117094653940302651176223608         0.00000000000000000000000000000000000         1.16915556413381488669391152443960574E-0003   405.005584845547700508775780480778190         6258.34601587555729575067587209884893      
  0.890735463861066538871678342365989236         0.00000000000000000000000000000000000         0.00000000000000000000000000000000000        0.250000000000000000000000000000000000        0.750000000000000000000000000000000000        0.724999999999999999999999999999999981        0.275000000000000000000000000000000019        0.512000024318695068359375000000000000        0.425000011920928955078125000000000000         6.30000010132789611816406250000000000E-0002  0.870056494511586616800702331296776776        0.129943505488413383199297668703223248         0.00000000000000000000000000000000000        0.683022559859958444886526535977552353        0.167811590859605266884724425470909642        0.129098359310438402074632433326122454         2250.00000000000000000000000000000000        0.300000011920928955078125000000000000        -1.00000000000000000000000000000000000         4.50000000000000000000000000000000000         50.0000000000000000000000000000000000        0.880365764049704211904151213977106103        0.880528473470173371413926022983243166        0.880528473470173371413926022983243166        0.880528473470173371413926022983243166        0.880528473470173371413926022983243166         0.00000000000000000000000000000000000         1.84786097635116459498389665248705368E-0002   425.705533508361265301768140935236537         6404.18418105284840369306954098302973      
  0.932930402628492306849122631846463221         0.00000000000000000000000000000000000         0.00000000000000000000000000000000000        0.250000000000000000000000000000000000        0.750000000000000000000000000000000000        0.724999999999999999999999999999999981        0.275000000000000000000000000000000019        0.512000024318695068359375000000000000        0.425000011920928955078125000000000000         6.30000010132789611816406250000000000E-0002  0.870056494511586616800702331296776776        0.129943505488413383199297668703223248         0.00000000000000000000000000000000000        0.683022559859958444886526535977552353        0.167811590859605266884724425470909642        0.129098359310438402074632433326122454         2250.00000000000000000000000000000000        0.300000011920928955078125000000000000        -1.00000000000000000000000000000000000         4.50000000000000000000000000000000000         50.0000000000000000000000000000000000        0.891330104777156614190762575959712043        0.891879791651908589783978063251771795        0.891879791651908589783978063251771795        0.891879791651908589783978063251771795        0.891879791651908589783978063251771795         0.00000000000000000000000000000000000         6.16323948470527366302857100110884071E-0002   447.646865640080389757384794562956814         6552.47197007619611373833323134658018      
  0.977124153534675033397991232687960264         0.00000000000000000000000000000000000         0.00000000000000000000000000000000000        0.250000000000000000000000000000000000        0.750000000000000000000000000000000000        0.724999999999999999999999999999999981        0.275000000000000000000000000000000019        0.512000024318695068359375000000000000        0.425000011920928955078125000000000000         6.30000010132789611816406250000000000E-0002  0.870056494511586616800702331296776776        0.129943505488413383199297668703223248         0.00000000000000000000000000000000000        0.683022559859958444886526535977552353        0.167811590859605266884724425470909642        0.129098359310438402074632433326122454         2250.00000000000000000000000000000000        0.300000011920928955078125000000000000        -1.00000000000000000000000000000000000         4.50000000000000000000000000000000000         50.0000000000000000000000000000000000        0.902481095973003297193100721972402771        0.902643313213068682268991568715456189        0.902643313213068682268991568715456189        0.902643313213068682268991568715456189        0.902643313213068682268991568715456189         0.00000000000000000000000000000000000         1.79713556496588974588952127162733928E-0002   469.903044444666810548569188610331006         6699.39832433949878224321157213428137      
   1.02341140210547988401757228923722065         0.00000000000000000000000000000000000         0.00000000000000000000000000000000000        0.250000000000000000000000000000000000        0.750000000000000000000000000000000000        0.724999999999999999999999999999999981        0.275000000000000000000000000000000019        0.512000024318695068359375000000000000        0.425000011920928955078125000000000000         6.30000010132789611816406250000000000E-0002  0.870056494511586616800702331296776776        0.129943505488413383199297668703223248         0.00000000000000000000000000000000000        0.683022559859958444886526535977552353        0.167811590859605266884724425470909642        0.129098359310438402074632433326122454         2250.00000000000000000000000000000000        0.300000011920928955078125000000000000        -1.00000000000000000000000000000000000         4.50000000000000000000000000000000000         50.0000000000000000000000000000000000        0.913709717885229217794508082352649020        0.913734807511418711917202671248519461        0.913734807511418711917202671248519461        0.913734807511418711917202671248519461        0.913734807511418711917202671248519461         0.00000000000000000000000000000000000         2.74583237753921112452186150582381380E-0003   493.562099465185373125280791955533938         6849.07587248256512185025762641050441      
   1.07189131920515601980676290596541418         0.00000000000000000000000000000000000         0.00000000000000000000000000000000000        0.250000000000000000000000000000000000        0.750000000000000000000000000000000000        0.724999999999999999999999999999999981        0.275000000000000000000000000000000019        0.512000024318695068359375000000000000        0.425000011920928955078125000000000000         6.30000010132789611816406250000000000E-0002  0.870056494511586616800702331296776776        0.129943505488413383199297668703223248         0.00000000000000000000000000000000000        0.683022559859958444886526535977552353        0.167811590859605266884724425470909642        0.129098359310438402074632433326122454         2250.00000000000000000000000000000000        0.300000011920928955078125000000000000        -1.00000000000000000000000000000000000         4.50000000000000000000000000000000000         50.0000000000000000000000000000000000        0.925019391098832557060540094801029224        0.925168587558970159597817177842538979        0.925168587558970159597817177842538979        0.925168587558970159597817177842538979        0.925168587558970159597817177842538979         0.00000000000000000000000000000000000         1.61264078940739834408345198314822726E-0002   518.587465780506100213796100212068886         7000.45929911697814018676120286402740      
   1.12266777351084349932308213365971722         0.00000000000000000000000000000000000         0.00000000000000000000000000000000000        0.250000000000000000000000000000000000        0.750000000000000000000000000000000000        0.724999999999999999999999999999999981        0.275000000000000000000000000000000019        0.512000024318695068359375000000000000        0.425000011920928955078125000000000000         6.30000010132789611816406250000000000E-0002  0.870056494511586616800702331296776776        0.129943505488413383199297668703223248         0.00000000000000000000000000000000000        0.683022559859958444886526535977552353        0.167811590859605266884724425470909642        0.129098359310438402074632433326122454         2250.00000000000000000000000000000000        0.300000011920928955078125000000000000        -1.00000000000000000000000000000000000         4.50000000000000000000000000000000000         50.0000000000000000000000000000000000        0.936387705863958467833343618156636818        0.936847784679560910203888064590389141        0.936847784679560910203888064590389141        0.936847784679560910203888064590389141        0.936847784679560910203888064590389141         0.00000000000000000000000000000000000         4.91092387820298436531375341614439743E-0002   545.047022278519600274247093347417365         7154.47899927485052220064199604215092      
   1.17584955405218836587405952039268318         0.00000000000000000000000000000000000         0.00000000000000000000000000000000000        0.250000000000000000000000000000000000        0.750000000000000000000000000000000000        0.724999999999999999999999999999999981        0.275000000000000000000000000000000019        0.512000024318695068359375000000000000        0.425000011920928955078125000000000000         6.30000010132789611816406250000000000E-0002  0.870056494511586616800702331296776776        0.129943505488413383199297668703223248         0.00000000000000000000000000000000000        0.683022559859958444886526535977552353        0.167811590859605266884724425470909642        0.129098359310438402074632433326122454         2250.00000000000000000000000000000000        0.300000011920928955078125000000000000        -1.00000000000000000000000000000000000         4.50000000000000000000000000000000000         50.0000000000000000000000000000000000        0.947959637704738519102102629979187308        0.948255289981402220783095813573297432        0.948255289981402220783095813573297432        0.948255289981402220783095813573297432        0.948255289981402220783095813573297432         0.00000000000000000000000000000000000         3.11785528419778390494146822241320234E-0002   572.364537956824978046370909295576149         7308.21539976642863885358052214250571      
   1.23155060329285913304393922610526752         0.00000000000000000000000000000000000         0.00000000000000000000000000000000000        0.250000000000000000000000000000000000        0.750000000000000000000000000000000000        0.724999999999999999999999999999999981        0.275000000000000000000000000000000019        0.512000024318695068359375000000000000        0.425000011920928955078125000000000000         6.30000010132789611816406250000000000E-0002  0.870056494511586616800702331296776776        0.129943505488413383199297668703223248         0.00000000000000000000000000000000000        0.683022559859958444886526535977552353        0.167811590859605266884724425470909642        0.129098359310438402074632433326122454         2250.00000000000000000000000000000000        0.300000011920928955078125000000000000        -1.00000000000000000000000000000000000         4.50000000000000000000000000000000000         50.0000000000000000000000000000000000        0.959642229172007362714076306094539249        0.959707652151979793999744290037566277        0.959707652151979793999744290037566277        0.959707652151979793999744290037566277        0.959707652151979793999744290037566277         0.00000000000000000000000000000000000         6.81696971215468324122795408807963081E-0003   601.062716378700218867144038245651813         7463.77592774668284436721522301226434      
   1.28989026125334400389008600428654072         0.00000000000000000000000000000000000         0.00000000000000000000000000000000000        0.250000000000000000000000000000000000        0.750000000000000000000000000000000000        0.724999999999999999999999999999999981        0.275000000000000000000000000000000019        0.512000024318695068359375000000000000        0.425000011920928955078125000000000000         6.30000010132789611816406250000000000E-0002  0.870056494511586616800702331296776776        0.129943505488413383199297668703223248         0.00000000000000000000000000000000000        0.683022559859958444886526535977552353        0.167811590859605266884724425470909642        0.129098359310438402074632433326122454         2250.00000000000000000000000000000000        0.300000011920928955078125000000000000        -1.00000000000000000000000000000000000         4.50000000000000000000000000000000000         50.0000000000000000000000000000000000        0.971337062698300894410512796535939918        0.971757185478914721632259757404257411        0.971757185478914721632259757404257411        0.971757185478914721632259757404257411        0.971757185478914721632259757404257411         0.00000000000000000000000000000000000         4.32333083708330433708467349957313993E-0002   631.778755093597103663708801694039266         7622.13385681031889104800942819428930      
   1.35099352119806420678539952158028216         0.00000000000000000000000000000000000         0.00000000000000000000000000000000000        0.250000000000000000000000000000000000        0.750000000000000000000000000000000000        0.724999999999999999999999999999999981        0.275000000000000000000000000000000019        0.512000024318695068359375000000000000        0.425000011920928955078125000000000000         6.30000010132789611816406250000000000E-0002  0.870056494511586616800702331296776776        0.129943505488413383199297668703223248         0.00000000000000000000000000000000000        0.683022559859958444886526535977552353        0.167811590859605266884724425470909642        0.129098359310438402074632433326122454         2250.00000000000000000000000000000000        0.300000011920928955078125000000000000        -1.00000000000000000000000000000000000         4.50000000000000000000000000000000000         50.0000000000000000000000000000000000        0.983208637369626744987622748397612582        0.983737991153345758307332620865356597        0.983737991153345758307332620865356597        0.983737991153345758307332620865356597        0.983737991153345758307332620865356597         0.00000000000000000000000000000000000         5.38104442930370964864129093262446344E-0002   663.773671566264234280786154611040925         7779.21952749525666875783489001356192      
   1.41499129743461548663919584700832116         0.00000000000000000000000000000000000         0.00000000000000000000000000000000000        0.250000000000000000000000000000000000        0.750000000000000000000000000000000000        0.724999999999999999999999999999999981        0.275000000000000000000000000000000019        0.512000024318695068359375000000000000        0.425000011920928955078125000000000000         6.30000010132789611816406250000000000E-0002  0.870056494511586616800702331296776776        0.129943505488413383199297668703223248         0.00000000000000000000000000000000000        0.683022559859958444886526535977552353        0.167811590859605266884724425470909642        0.129098359310438402074632433326122454         2250.00000000000000000000000000000000        0.300000011920928955078125000000000000        -1.00000000000000000000000000000000000         4.50000000000000000000000000000000000         50.0000000000000000000000000000000000        0.995203077047877816766618065959347345        0.995609591575097712873445288165950688        0.995609591575097712873445288165950688        0.995609591575097712873445288165950688        0.995609591575097712873445288165950688         0.00000000000000000000000000000000000         4.08307162425758101768148178943999170E-0002   697.226998652119372350587394044825919         7939.28820159912136489614359352941785      
   1.48202070579890013841676841137265918         0.00000000000000000000000000000000000         0.00000000000000000000000000000000000        0.250000000000000000000000000000000000        0.750000000000000000000000000000000000        0.724999999999999999999999999999999981        0.275000000000000000000000000000000019        0.512000024318695068359375000000000000        0.425000011920928955078125000000000000         6.30000010132789611816406250000000000E-0002  0.870056494511586616800702331296776776        0.129943505488413383199297668703223248         0.00000000000000000000000000000000000        0.683022559859958444886526535977552353        0.167811590859605266884724425470909642        0.129098359310438402074632433326122454         2250.00000000000000000000000000000000        0.300000011920928955078125000000000000        -1.00000000000000000000000000000000000         4.50000000000000000000000000000000000         50.0000000000000000000000000000000000         1.00736606897635545947650743680731916         1.00750797797273226842440442900680057         1.00750797797273226842440442900680057         1.00750797797273226842440442900680057         1.00750797797273226842440442900680057         0.00000000000000000000000000000000000         1.40851486518600697793586128419898007E-0002   732.226317848524261933726019547963321         8099.11812867109342721909225184723422      
   1.55222535742709160936160846888458776         0.00000000000000000000000000000000000         0.00000000000000000000000000000000000        0.250000000000000000000000000000000000        0.750000000000000000000000000000000000        0.724999999999999999999999999999999981        0.275000000000000000000000000000000019        0.512000024318695068359375000000000000        0.425000011920928955078125000000000000         6.30000010132789611816406250000000000E-0002  0.870056494511586616800702331296776776        0.129943505488413383199297668703223248         0.00000000000000000000000000000000000        0.683022559859958444886526535977552353        0.167811590859605266884724425470909642        0.129098359310438402074632433326122454         2250.00000000000000000000000000000000        0.300000011920928955078125000000000000        -1.00000000000000000000000000000000000         4.50000000000000000000000000000000000         50.0000000000000000000000000000000000         1.01956611247978525847808736681145303         1.01981874425309402367955691290273055         1.01981874425309402367955691290273055         1.01981874425309402367955691290273055         1.01981874425309402367955691290273055         0.00000000000000000000000000000000000         2.47722229790736407152109387121493084E-0002   769.490959164046985526290482760099328         8261.14257020811025240730004830794039      
   1.62575566644384085973659301860212051         0.00000000000000000000000000000000000         0.00000000000000000000000000000000000        0.250000000000000000000000000000000000        0.750000000000000000000000000000000000        0.724999999999999999999999999999999981        0.275000000000000000000000000000000019        0.512000024318695068359375000000000000        0.425000011920928955078125000000000000         6.30000010132789611816406250000000000E-0002  0.870056494511586616800702331296776776        0.129943505488413383199297668703223248         0.00000000000000000000000000000000000        0.683022559859958444886526535977552353        0.167811590859605266884724425470909642        0.129098359310438402074632433326122454         2250.00000000000000000000000000000000        0.300000011920928955078125000000000000        -1.00000000000000000000000000000000000         4.50000000000000000000000000000000000         50.0000000000000000000000000000000000         1.03195212979451579463096591747440371         1.03184649638067089627445137783676720         1.03184649638067089627445137783676720         1.03184649638067089627445137783676720         1.03184649638067089627445137783676720         0.00000000000000000000000000000000000        -1.02373186530574663930897514843315104E-0002   808.337903859178133599880904471111664         8423.38597203659183251504602473501930      
   1.70276917222594935040597643772334275         0.00000000000000000000000000000000000         0.00000000000000000000000000000000000        0.250000000000000000000000000000000000        0.750000000000000000000000000000000000        0.724999999999999999999999999999999981        0.275000000000000000000000000000000019        0.512000024318695068359375000000000000        0.425000011920928955078125000000000000         6.30000010132789611816406250000000000E-0002  0.870056494511586616800702331296776776        0.129943505488413383199297668703223248         0.00000000000000000000000000000000000        0.683022559859958444886526535977552353        0.167811590859605266884724425470909642        0.129098359310438402074632433326122454         2250.00000000000000000000000000000000        0.300000011920928955078125000000000000        -1.00000000000000000000000000000000000         4.50000000000000000000000000000000000         50.0000000000000000000000000000000000         1.04441027513231974031368143874783760         1.04441027513231974031368143874783760         1.04441027513231974031368143874783760         1.04441027513231974031368143874783760         1.04441027513231974031368143874783760         0.00000000000000000000000000000000000         0.00000000000000000000000000000000000         848.838991891948276975246354979966679         8584.09225849590188019839102357325893      
   1.78343087693196159954962751479630605         0.00000000000000000000000000000000000         0.00000000000000000000000000000000000        0.250000000000000000000000000000000000        0.750000000000000000000000000000000000        0.724999999999999999999999999999999981        0.275000000000000000000000000000000019        0.512000024318695068359375000000000000        0.425000011920928955078125000000000000         6.30000010132789611816406250000000000E-0002  0.870056494511586616800702331296776776        0.129943505488413383199297668703223248         0.00000000000000000000000000000000000        0.683022559859958444886526535977552353        0.167811590859605266884724425470909642        0.129098359310438402074632433326122454         2250.00000000000000000000000000000000        0.300000011920928955078125000000000000        -1.00000000000000000000000000000000000         4.50000000000000000000000000000000000         50.0000000000000000000000000000000000         1.05689240113372878413183886600981631         1.05716303950567002870294193129297565         1.05716303950567002870294193129297565         1.05716303950567002870294193129297565         1.05716303950567002870294193129297565         0.00000000000000000000000000000000000         2.56004383266932232643442535273224200E-0002   893.187212627725475598604003338339452         8750.01789162976133657081732996876356      
   1.86791359902083762667604333648365787         0.00000000000000000000000000000000000         0.00000000000000000000000000000000000        0.250000000000000000000000000000000000        0.750000000000000000000000000000000000        0.724999999999999999999999999999999981        0.275000000000000000000000000000000019        0.512000024318695068359375000000000000        0.425000011920928955078125000000000000         6.30000010132789611816406250000000000E-0002  0.870056494511586616800702331296776776        0.129943505488413383199297668703223248         0.00000000000000000000000000000000000        0.683022559859958444886526535977552353        0.167811590859605266884724425470909642        0.129098359310438402074632433326122454         2250.00000000000000000000000000000000        0.300000011920928955078125000000000000        -1.00000000000000000000000000000000000         4.50000000000000000000000000000000000         50.0000000000000000000000000000000000         1.06952802351144932849875242272307787         1.06943835358915212318075565247606580         1.06943835358915212318075565247606580         1.06943835358915212318075565247606580         1.06943835358915212318075565247606580         0.00000000000000000000000000000000000        -8.38476776115829845389233208143677435E-0003   938.727048104015853780977002150298998         8911.35231037462421217331807592117074      
   1.95639834351712235574086149449056598         0.00000000000000000000000000000000000         0.00000000000000000000000000000000000        0.250000000000000000000000000000000000        0.750000000000000000000000000000000000        0.724999999999999999999999999999999981        0.275000000000000000000000000000000019        0.512000024318695068359375000000000000        0.425000011920928955078125000000000000         6.30000010132789611816406250000000000E-0002  0.870056494511586616800702331296776776        0.129943505488413383199297668703223248         0.00000000000000000000000000000000000        0.683022559859958444886526535977552353        0.167811590859605266884724425470909642        0.129098359310438402074632433326122454         2250.00000000000000000000000000000000        0.300000011920928955078125000000000000        -1.00000000000000000000000000000000000         4.50000000000000000000000000000000000         50.0000000000000000000000000000000000         1.08222587733994991434990036611644563         1.08227399067810892575305029246819362         1.08227399067810892575305029246819362         1.08227399067810892575305029246819362         1.08227399067810892575305029246819362         0.00000000000000000000000000000000000         4.44557834461729414690375976958385538E-0003   987.048761304686869441883336499140992         9072.54535751582406493548295178995846      
   2.04907468981590857599889354382844297         0.00000000000000000000000000000000000         0.00000000000000000000000000000000000        0.250000000000000000000000000000000000        0.750000000000000000000000000000000000        0.724999999999999999999999999999999981        0.275000000000000000000000000000000019        0.512000024318695068359375000000000000        0.425000011920928955078125000000000000         6.30000010132789611816406250000000000E-0002  0.870056494511586616800702331296776776        0.129943505488413383199297668703223248         0.00000000000000000000000000000000000        0.683022559859958444886526535977552353        0.167811590859605266884724425470909642        0.129098359310438402074632433326122454         2250.00000000000000000000000000000000        0.300000011920928955078125000000000000        -1.00000000000000000000000000000000000         4.50000000000000000000000000000000000         50.0000000000000000000000000000000000         1.09503924383406176953403732259899454         1.09515940777879595896986090829872703         1.09515940777879595896986090829872703         1.09515940777879595896986090829872703         1.09515940777879595896986090829872703         0.00000000000000000000000000000000000         1.09722789103283273046885674291415081E-0002   1038.01307554812410611859450568156434         9234.92927953268813984336961389721348      
   2.14614119785846923144288932206752821         0.00000000000000000000000000000000000         0.00000000000000000000000000000000000        0.250000000000000000000000000000000000        0.750000000000000000000000000000000000        0.724999999999999999999999999999999981        0.275000000000000000000000000000000019        0.512000024318695068359375000000000000        0.425000011920928955078125000000000000         6.30000010132789611816406250000000000E-0002  0.870056494511586616800702331296776776        0.129943505488413383199297668703223248         0.00000000000000000000000000000000000        0.683022559859958444886526535977552353        0.167811590859605266884724425470909642        0.129098359310438402074632433326122454         2250.00000000000000000000000000000000        0.300000011920928955078125000000000000        -1.00000000000000000000000000000000000         4.50000000000000000000000000000000000         50.0000000000000000000000000000000000         1.10798158403385189175028610808243044         1.10814624917226602017881169666268300         1.10814624917226602017881169666268300         1.10814624917226602017881169666268300         1.10814624917226602017881169666268300         0.00000000000000000000000000000000000         1.48595132219348906969243397537924073E-0002   1091.72485697872295039656192875257197         9395.06551290492877556002821149170892      
   2.24780583354879414104030832593962274         0.00000000000000000000000000000000000         0.00000000000000000000000000000000000        0.250000000000000000000000000000000000        0.750000000000000000000000000000000000        0.724999999999999999999999999999999981        0.275000000000000000000000000000000019        0.512000024318695068359375000000000000        0.425000011920928955078125000000000000         6.30000010132789611816406250000000000E-0002  0.870056494511586616800702331296776776        0.129943505488413383199297668703223248         0.00000000000000000000000000000000000        0.683022559859958444886526535977552353        0.167811590859605266884724425470909642        0.129098359310438402074632433326122454         2250.00000000000000000000000000000000        0.300000011920928955078125000000000000        -1.00000000000000000000000000000000000         4.50000000000000000000000000000000000         50.0000000000000000000000000000000000         1.12104575293138789904960933783741878         1.12119656435992185541710246738942299         1.12119656435992185541710246738942299         1.12119656435992185541710246738942299         1.12119656435992185541710246738942299         0.00000000000000000000000000000000000         1.34509356635473519237371815221960868E-0002   1148.31312830865855942993247040266887         9554.81919799964338341332023211644763      
   2.35428641432249007020695607335824657         0.00000000000000000000000000000000000         0.00000000000000000000000000000000000        0.250000000000000000000000000000000000        0.750000000000000000000000000000000000        0.724999999999999999999999999999999981        0.275000000000000000000000000000000019        0.512000024318695068359375000000000000        0.425000011920928955078125000000000000         6.30000010132789611816406250000000000E-0002  0.870056494511586616800702331296776776        0.129943505488413383199297668703223248         0.00000000000000000000000000000000000        0.683022559859958444886526535977552353        0.167811590859605266884724425470909642        0.129098359310438402074632433326122454         2250.00000000000000000000000000000000        0.300000011920928955078125000000000000        -1.00000000000000000000000000000000000         4.50000000000000000000000000000000000         50.0000000000000000000000000000000000         1.13414692287459339130298083169957283         1.13462639349764452542515631347593750         1.13462639349764452542515631347593750         1.13462639349764452542515631347593750         1.13462639349764452542515631347593750         0.00000000000000000000000000000000000         4.22580177756220597771613074638355229E-0002   1208.40365444134673747505568891064727         9711.60535511105037737975050073916908      
   2.46581107582267970147068279155487439         0.00000000000000000000000000000000000         0.00000000000000000000000000000000000        0.250000000000000000000000000000000000        0.750000000000000000000000000000000000        0.724999999999999999999999999999999981        0.275000000000000000000000000000000019        0.512000024318695068359375000000000000        0.425000011920928955078125000000000000         6.30000010132789611816406250000000000E-0002  0.870056494511586616800702331296776776        0.129943505488413383199297668703223248         0.00000000000000000000000000000000000        0.683022559859958444886526535977552353        0.167811590859605266884724425470909642        0.129098359310438402074632433326122454         2250.00000000000000000000000000000000        0.300000011920928955078125000000000000        -1.00000000000000000000000000000000000         4.50000000000000000000000000000000000         50.0000000000000000000000000000000000         1.14731205941496243321319953153103054         1.14734555705516811043402121668309079         1.14734555705516811043402121668309079         1.14734555705516811043402121668309079         1.14734555705516811043402121668309079         0.00000000000000000000000000000000000         2.91957727989585488094635242674987427E-0003   1271.23677493518334501992729857472528         9877.70283750051403984842989255702236      
   2.58261876068275699540889612963339913         0.00000000000000000000000000000000000         0.00000000000000000000000000000000000        0.250000000000000000000000000000000000        0.750000000000000000000000000000000000        0.724999999999999999999999999999999981        0.275000000000000000000000000000000019        0.512000024318695068359375000000000000        0.425000011920928955078125000000000000         6.30000010132789611816406250000000000E-0002  0.870056494511586616800702331296776776        0.129943505488413383199297668703223248         0.00000000000000000000000000000000000        0.683022559859958444886526535977552353        0.167811590859605266884724425470909642        0.129098359310438402074632433326122454         2250.00000000000000000000000000000000        0.300000011920928955078125000000000000        -1.00000000000000000000000000000000000         4.50000000000000000000000000000000000         50.0000000000000000000000000000000000         1.16052450430122350885903212265377822         1.16056493218963108040977903479032779         1.16056493218963108040977903479032779         1.16056493218963108040977903479032779         1.16056493218963108040977903479032779         0.00000000000000000000000000000000000         3.48346630905833849108014895804000990E-0003   1338.05742678156504371162438324028018         10039.2646527537059074837655601071821      
   2.70495973046322058012775948376762777         0.00000000000000000000000000000000000         0.00000000000000000000000000000000000        0.250000000000000000000000000000000000        0.750000000000000000000000000000000000        0.724999999999999999999999999999999981        0.275000000000000000000000000000000019        0.512000024318695068359375000000000000        0.425000011920928955078125000000000000         6.30000010132789611816406250000000000E-0002  0.870056494511586616800702331296776776        0.129943505488413383199297668703223248         0.00000000000000000000000000000000000        0.683022559859958444886526535977552353        0.167811590859605266884724425470909642        0.129098359310438402074632433326122454         2250.00000000000000000000000000000000        0.300000011920928955078125000000000000        -1.00000000000000000000000000000000000         4.50000000000000000000000000000000000         50.0000000000000000000000000000000000         1.17382823439454968555751722341158757         1.17414791891337769119431739107207590         1.17414791891337769119431739107207590         1.17414791891337769119431739107207590         1.17414791891337769119431739107207590         0.00000000000000000000000000000000000         2.72269373967685104410023113279484767E-0002   1408.80515568706911936247450483962852         10193.3768789667896950731101097239730      
   2.83309610183941463691826271807341983         0.00000000000000000000000000000000000         0.00000000000000000000000000000000000        0.250000000000000000000000000000000000        0.750000000000000000000000000000000000        0.724999999999999999999999999999999981        0.275000000000000000000000000000000019        0.512000024318695068359375000000000000        0.425000011920928955078125000000000000         6.30000010132789611816406250000000000E-0002  0.870056494511586616800702331296776776        0.129943505488413383199297668703223248         0.00000000000000000000000000000000000        0.683022559859958444886526535977552353        0.167811590859605266884724425470909642        0.129098359310438402074632433326122454         2250.00000000000000000000000000000000        0.300000011920928955078125000000000000        -1.00000000000000000000000000000000000         4.50000000000000000000000000000000000         50.0000000000000000000000000000000000         1.18731529015194311504945992256377038         1.18731893212079257206328899061355214         1.18731893212079257206328899061355214         1.18731893212079257206328899061355214         1.18731893212079257206328899061355214         0.00000000000000000000000000000000000         3.06738884635800285613421166275792522E-0004   1482.98774819850144232946802325517945         10357.7903209802308350793916831573370      
   2.96730240818896454651461614421851563         0.00000000000000000000000000000000000         0.00000000000000000000000000000000000        0.250000000000000000000000000000000000        0.750000000000000000000000000000000000        0.724999999999999999999999999999999981        0.275000000000000000000000000000000019        0.512000024318695068359375000000000000        0.425000011920928955078125000000000000         6.30000010132789611816406250000000000E-0002  0.870056494511586616800702331296776776        0.129943505488413383199297668703223248         0.00000000000000000000000000000000000        0.683022559859958444886526535977552353        0.167811590859605266884724425470909642        0.129098359310438402074632433326122454         2250.00000000000000000000000000000000        0.300000011920928955078125000000000000        -1.00000000000000000000000000000000000         4.50000000000000000000000000000000000         50.0000000000000000000000000000000000         1.20084835224191872508069555591823767         1.20120586792488672229763832530400836         1.20120586792488672229763832530400836         1.20120586792488672229763832530400836         1.20120586792488672229763832530400836         0.00000000000000000000000000000000000         2.97630649761655368962159408203571348E-0002   1561.95766331684037494703106194696754         10508.5290550834197761042937149435608      
   3.10786618778211364466063213094136699         0.00000000000000000000000000000000000         0.00000000000000000000000000000000000        0.250000000000000000000000000000000000        0.750000000000000000000000000000000000        0.724999999999999999999999999999999981        0.275000000000000000000000000000000019        0.512000024318695068359375000000000000        0.425000011920928955078125000000000000         6.30000010132789611816406250000000000E-0002  0.870056494511586616800702331296776776        0.129943505488413383199297668703223248         0.00000000000000000000000000000000000        0.683022559859958444886526535977552353        0.167811590859605266884724425470909642        0.129098359310438402074632433326122454         2250.00000000000000000000000000000000        0.300000011920928955078125000000000000        -1.00000000000000000000000000000000000         4.50000000000000000000000000000000000         50.0000000000000000000000000000000000         1.21457126977789330830235442545370443         1.21455414485037948742647915627550513         1.21455414485037948742647915627550513         1.21455414485037948742647915627550513         1.21455414485037948742647915627550513         0.00000000000000000000000000000000000        -1.40997645814551066219550597607747191E-0003   1644.76031109821045594259037548719843         10674.8440451748803822111623068944362      
   3.25508859983516440085845691551799553         0.00000000000000000000000000000000000         0.00000000000000000000000000000000000        0.250000000000000000000000000000000000        0.750000000000000000000000000000000000        0.724999999999999999999999999999999981        0.275000000000000000000000000000000019        0.512000024318695068359375000000000000        0.425000011920928955078125000000000000         6.30000010132789611816406250000000000E-0002  0.870056494511586616800702331296776776        0.129943505488413383199297668703223248         0.00000000000000000000000000000000000        0.683022559859958444886526535977552353        0.167811590859605266884724425470909642        0.129098359310438402074632433326122454         2250.00000000000000000000000000000000        0.300000011920928955078125000000000000        -1.00000000000000000000000000000000000         4.50000000000000000000000000000000000         50.0000000000000000000000000000000000         1.22837498376115777878930379237716760         1.22822696352844294850229054254913059         1.22822696352844294850229054254913059         1.22822696352844294850229054254913059         1.22822696352844294850229054254913059         0.00000000000000000000000000000000000        -1.20515374690683115276835785868839461E-0002   1732.60611024668517397837363397728639         10832.0443523559273852701763478000644      
   3.40928506974692429676371810701270237         0.00000000000000000000000000000000000         0.00000000000000000000000000000000000        0.250000000000000000000000000000000000        0.750000000000000000000000000000000000        0.724999999999999999999999999999999981        0.275000000000000000000000000000000019        0.512000024318695068359375000000000000        0.425000011920928955078125000000000000         6.30000010132789611816406250000000000E-0002  0.870056494511586616800702331296776776        0.129943505488413383199297668703223248         0.00000000000000000000000000000000000        0.683022559859958444886526535977552353        0.167811590859605266884724425470909642        0.129098359310438402074632433326122454         2250.00000000000000000000000000000000        0.300000011920928955078125000000000000        -1.00000000000000000000000000000000000         4.50000000000000000000000000000000000         50.0000000000000000000000000000000000         1.24230599333474464826393341505416832         1.24294249445355756626381857278519923         1.24294249445355756626381857278519923         1.24294249445355756626381857278519923         1.24294249445355756626381857278519923         0.00000000000000000000000000000000000         5.12092169712764460113050039483668049E-0002   1826.03607415179507830700333202328126         11000.0602540794594217371455816445718      
   3.57078596490058154200418219794212579         0.00000000000000000000000000000000000         0.00000000000000000000000000000000000        0.250000000000000000000000000000000000        0.750000000000000000000000000000000000        0.724999999999999999999999999999999981        0.275000000000000000000000000000000019        0.512000024318695068359375000000000000        0.425000011920928955078125000000000000         6.30000010132789611816406250000000000E-0002  0.870056494511586616800702331296776776        0.129943505488413383199297668703223248         0.00000000000000000000000000000000000        0.683022559859958444886526535977552353        0.167811590859605266884724425470909642        0.129098359310438402074632433326122454         2250.00000000000000000000000000000000        0.300000011920928955078125000000000000        -1.00000000000000000000000000000000000         4.50000000000000000000000000000000000         50.0000000000000000000000000000000000         1.25672028905517822389636350562458056         1.25740575142970759136110083194835521         1.25740575142970759136110083194835521         1.25740575142970759136110083194835521         1.25740575142970759136110083194835521         0.00000000000000000000000000000000000         5.45140161598574236950982192142114117E-0002   1922.86638093026384509736098129845643         11229.4061342494738864432267063413907      
   3.73993730247892248533723346676967991         0.00000000000000000000000000000000000         0.00000000000000000000000000000000000        0.250000000000000000000000000000000000        0.750000000000000000000000000000000000        0.724999999999999999999999999999999981        0.275000000000000000000000000000000019        0.512000024318695068359375000000000000        0.425000011920928955078125000000000000         6.30000010132789611816406250000000000E-0002  0.870056494511586616800702331296776776        0.129943505488413383199297668703223248         0.00000000000000000000000000000000000        0.683022559859958444886526535977552353        0.167811590859605266884724425470909642        0.129098359310438402074632433326122454         2250.00000000000000000000000000000000        0.300000011920928955078125000000000000        -1.00000000000000000000000000000000000         4.50000000000000000000000000000000000         50.0000000000000000000000000000000000         1.27124443052294227800299906453698572         1.27183193305775341255365398983494267         1.27183193305775341255365398983494267         1.27183193305775341255365398983494267         1.27183193305775341255365398983494267         0.00000000000000000000000000000000000         4.61934096432579728449902928444740606E-0002   2025.18231423434326210631845920068686         11463.6183065414638329008261515931490      
   3.91710149080939146393706924636129076         0.00000000000000000000000000000000000         0.00000000000000000000000000000000000        0.250000000000000000000000000000000000        0.750000000000000000000000000000000000        0.724999999999999999999999999999999981        0.275000000000000000000000000000000019        0.512000024318695068359375000000000000        0.425000011920928955078125000000000000         6.30000010132789611816406250000000000E-0002  0.870056494511586616800702331296776776        0.129943505488413383199297668703223248         0.00000000000000000000000000000000000        0.683022559859958444886526535977552353        0.167811590859605266884724425470909642        0.129098359310438402074632433326122454         2250.00000000000000000000000000000000        0.300000011920928955078125000000000000        -1.00000000000000000000000000000000000         4.50000000000000000000000000000000000         50.0000000000000000000000000000000000         1.28594414370919148427097989348856040         1.28579857364466972564666326860364168         1.28579857364466972564666326860364168         1.28579857364466972564666326860364168         1.28579857364466972564666326860364168         0.00000000000000000000000000000000000        -1.13213739309985339403719947741965998E-0002   2132.80380766768855363728851105879811         11696.7937188694554824564910976978665      
   4.10265810582733183554468384630866708         0.00000000000000000000000000000000000         0.00000000000000000000000000000000000        0.250000000000000000000000000000000000        0.750000000000000000000000000000000000        0.724999999999999999999999999999999981        0.275000000000000000000000000000000019        0.512000024318695068359375000000000000        0.425000011920928955078125000000000000         6.30000010132789611816406250000000000E-0002  0.870056494511586616800702331296776776        0.129943505488413383199297668703223248         0.00000000000000000000000000000000000        0.683022559859958444886526535977552353        0.167811590859605266884724425470909642        0.129098359310438402074632433326122454         2250.00000000000000000000000000000000        0.300000011920928955078125000000000000        -1.00000000000000000000000000000000000         4.50000000000000000000000000000000000         50.0000000000000000000000000000000000         1.30064637536218185677901855339517342         1.30079908155857913047834000649669315         1.30079908155857913047834000649669315         1.30079908155857913047834000649669315         1.30079908155857913047834000649669315         0.00000000000000000000000000000000000         1.17394145308209807777336036574726904E-0002   2247.88536679295664073252792427703771         11931.1926937174639750653373032736520      
   4.29700470432098797081550436783669861         0.00000000000000000000000000000000000         0.00000000000000000000000000000000000        0.250000000000000000000000000000000000        0.750000000000000000000000000000000000        0.724999999999999999999999999999999981        0.275000000000000000000000000000000019        0.512000024318695068359375000000000000        0.425000011920928955078125000000000000         6.30000010132789611816406250000000000E-0002  0.870056494511586616800702331296776776        0.129943505488413383199297668703223248         0.00000000000000000000000000000000000        0.683022559859958444886526535977552353        0.167811590859605266884724425470909642        0.129098359310438402074632433326122454         2250.00000000000000000000000000000000        0.300000011920928955078125000000000000        -1.00000000000000000000000000000000000         4.50000000000000000000000000000000000         50.0000000000000000000000000000000000         1.31548542807078191079091537887507311         1.31526508214529885408945417826771761         1.31526508214529885408945417826771761         1.31526508214529885408945417826771761         1.31526508214529885408945417826771761         0.00000000000000000000000000000000000        -1.67529670234729786850762171560566751E-0002   2369.47628140087686144361377387310512         12165.8949391574741220835641095965745      
   4.50055767570065325107907567564988206         0.00000000000000000000000000000000000         0.00000000000000000000000000000000000        0.250000000000000000000000000000000000        0.750000000000000000000000000000000000        0.724999999999999999999999999999999981        0.275000000000000000000000000000000019        0.512000024318695068359375000000000000        0.425000011920928955078125000000000000         6.30000010132789611816406250000000000E-0002  0.870056494511586616800702331296776776        0.129943505488413383199297668703223248         0.00000000000000000000000000000000000        0.683022559859958444886526535977552353        0.167811590859605266884724425470909642        0.129098359310438402074632433326122454         2250.00000000000000000000000000000000        0.300000011920928955078125000000000000        -1.00000000000000000000000000000000000         4.50000000000000000000000000000000000         50.0000000000000000000000000000000000         1.33039331887694764815702016815068954         1.33043522432051816508389812293025860         1.33043522432051816508389812293025860         1.33043522432051816508389812293025860         1.33043522432051816508389812293025860         0.00000000000000000000000000000000000         3.14975451675363876988037518289908939E-0003   2498.58677007879219087604821861896373         12401.4062226198598361066618306203963      
   4.71375313411688746090811432995346639         0.00000000000000000000000000000000000         0.00000000000000000000000000000000000        0.250000000000000000000000000000000000        0.750000000000000000000000000000000000        0.724999999999999999999999999999999981        0.275000000000000000000000000000000019        0.512000024318695068359375000000000000        0.425000011920928955078125000000000000         6.30000010132789611816406250000000000E-0002  0.870056494511586616800702331296776776        0.129943505488413383199297668703223248         0.00000000000000000000000000000000000        0.683022559859958444886526535977552353        0.167811590859605266884724425470909642        0.129098359310438402074632433326122454         2250.00000000000000000000000000000000        0.300000011920928955078125000000000000        -1.00000000000000000000000000000000000         4.50000000000000000000000000000000000         50.0000000000000000000000000000000000         1.34540180512522831543667772211420549         1.34513717671094956806778588175402397         1.34513717671094956806778588175402397         1.34513717671094956806778588175402397         1.34513717671094956806778588175402397         0.00000000000000000000000000000000000        -1.96729685908913191518830897359113688E-0002   2635.35769551360049555458978754545364         12639.4258281008010451142915915602455      
   4.93704785283917522455720499133271388         0.00000000000000000000000000000000000         0.00000000000000000000000000000000000        0.250000000000000000000000000000000000        0.750000000000000000000000000000000000        0.724999999999999999999999999999999981        0.275000000000000000000000000000000019        0.512000024318695068359375000000000000        0.425000011920928955078125000000000000         6.30000010132789611816406250000000000E-0002  0.870056494511586616800702331296776776        0.129943505488413383199297668703223248         0.00000000000000000000000000000000000        0.683022559859958444886526535977552353        0.167811590859605266884724425470909642        0.129098359310438402074632433326122454         2250.00000000000000000000000000000000        0.300000011920928955078125000000000000        -1.00000000000000000000000000000000000         4.50000000000000000000000000000000000         50.0000000000000000000000000000000000         1.36050540103086568390289217788903712         1.36032040890725137008403622027569555         1.36032040890725137008403622027569555         1.36032040890725137008403622027569555         1.36032040890725137008403622027569555         0.00000000000000000000000000000000000        -1.35991581397296268684197995794533309E-0002   2780.43457201721055672472520270294255         12876.7659138227051513497161220477839      
   5.17092024289694052668163232095138689         0.00000000000000000000000000000000000         0.00000000000000000000000000000000000        0.250000000000000000000000000000000000        0.750000000000000000000000000000000000        0.724999999999999999999999999999999981        0.275000000000000000000000000000000019        0.512000024318695068359375000000000000        0.425000011920928955078125000000000000         6.30000010132789611816406250000000000E-0002  0.870056494511586616800702331296776776        0.129943505488413383199297668703223248         0.00000000000000000000000000000000000        0.683022559859958444886526535977552353        0.167811590859605266884724425470909642        0.129098359310438402074632433326122454         2250.00000000000000000000000000000000        0.300000011920928955078125000000000000        -1.00000000000000000000000000000000000         4.50000000000000000000000000000000000         50.0000000000000000000000000000000000         1.37569880949076385433484820098635859         1.37583723978531539886128571910947620         1.37583723978531539886128571910947620         1.37583723978531539886128571910947620         1.37583723978531539886128571910947620         0.00000000000000000000000000000000000         1.00615313024340789599935243512987448E-0002   2934.48434068020716790472124674449265         13114.3965558197395194404074319660740      
   5.41587137807966487084961468635563235         0.00000000000000000000000000000000000         0.00000000000000000000000000000000000        0.250000000000000000000000000000000000        0.750000000000000000000000000000000000        0.724999999999999999999999999999999981        0.275000000000000000000000000000000019        0.512000024318695068359375000000000000        0.425000011920928955078125000000000000         6.30000010132789611816406250000000000E-0002  0.870056494511586616800702331296776776        0.129943505488413383199297668703223248         0.00000000000000000000000000000000000        0.683022559859958444886526535977552353        0.167811590859605266884724425470909642        0.129098359310438402074632433326122454         2250.00000000000000000000000000000000        0.300000011920928955078125000000000000        -1.00000000000000000000000000000000000         4.50000000000000000000000000000000000         50.0000000000000000000000000000000000         1.39101088208855533400649466491294773         1.39066097315547044585010258590914596         1.39066097315547044585010258590914596         1.39066097315547044585010258590914596         1.39066097315547044585010258590914596         0.00000000000000000000000000000000000        -2.51613398117392706327790646297404020E-0002   3097.50049685260021349390250844085183         13352.1022198575369016704708978584137      
   5.67242606849218144376540893055636070         0.00000000000000000000000000000000000         0.00000000000000000000000000000000000        0.250000000000000000000000000000000000        0.750000000000000000000000000000000000        0.724999999999999999999999999999999981        0.275000000000000000000000000000000019        0.512000024318695068359375000000000000        0.425000011920928955078125000000000000         6.30000010132789611816406250000000000E-0002  0.870056494511586616800702331296776776        0.129943505488413383199297668703223248         0.00000000000000000000000000000000000        0.683022559859958444886526535977552353        0.167811590859605266884724425470909642        0.129098359310438402074632433326122454         2250.00000000000000000000000000000000        0.300000011920928955078125000000000000        -1.00000000000000000000000000000000000         4.50000000000000000000000000000000000         50.0000000000000000000000000000000000         1.40642574267668445233254327945109343         1.40590895005438350780248612188836818         1.40590895005438350780248612188836818         1.40590895005438350780248612188836818         1.40590895005438350780248612188836818         0.00000000000000000000000000000000000        -3.67586124464855214976216969388972369E-0002   3270.61437524879127564396515469072956         13587.3138564667588358350990544492535      
   5.94113398496524757317294119695305884         0.00000000000000000000000000000000000         0.00000000000000000000000000000000000        0.250000000000000000000000000000000000        0.750000000000000000000000000000000000        0.724999999999999999999999999999999981        0.275000000000000000000000000000000019        0.512000024318695068359375000000000000        0.425000011920928955078125000000000000         6.30000010132789611816406250000000000E-0002  0.870056494511586616800702331296776776        0.129943505488413383199297668703223248         0.00000000000000000000000000000000000        0.683022559859958444886526535977552353        0.167811590859605266884724425470909642        0.129098359310438402074632433326122454         2250.00000000000000000000000000000000        0.300000011920928955078125000000000000        -1.00000000000000000000000000000000000         4.50000000000000000000000000000000000         50.0000000000000000000000000000000000         1.42195648614190648777932678817672677         1.42178101518839934916068861843921689         1.42178101518839934916068861843921689         1.42178101518839934916068861843921689         1.42178101518839934916068861843921689         0.00000000000000000000000000000000000        -1.23416300845659461758270664883768541E-0002   3454.88422087561905927365112515924360         13758.4774452319623835182877973526615      
   6.22257083673045567818932634861224246         0.00000000000000000000000000000000000         0.00000000000000000000000000000000000        0.250000000000000000000000000000000000        0.750000000000000000000000000000000000        0.724999999999999999999999999999999981        0.275000000000000000000000000000000019        0.512000024318695068359375000000000000        0.425000011920928955078125000000000000         6.30000010132789611816406250000000000E-0002  0.870056494511586616800702331296776776        0.129943505488413383199297668703223248         0.00000000000000000000000000000000000        0.683022559859958444886526535977552353        0.167811590859605266884724425470909642        0.129098359310438402074632433326122454         2250.00000000000000000000000000000000        0.300000011920928955078125000000000000        -1.00000000000000000000000000000000000         4.50000000000000000000000000000000000         50.0000000000000000000000000000000000         1.43759648279341485253666376093896534         1.43676769726132125367404721156728611         1.43676769726132125367404721156728611         1.43676769726132125367404721156728611         1.43676769726132125367404721156728611         0.00000000000000000000000000000000000        -5.76840315712400254600693283253789976E-0002   3650.95574457345642349966424132147832         13866.4161434424599767003315379460928      
   6.51733960488266225567076642791935208         0.00000000000000000000000000000000000         0.00000000000000000000000000000000000        0.250000000000000000000000000000000000        0.750000000000000000000000000000000000        0.724999999999999999999999999999999981        0.275000000000000000000000000000000019        0.512000024318695068359375000000000000        0.425000011920928955078125000000000000         6.30000010132789611816406250000000000E-0002  0.870056494511586616800702331296776776        0.129943505488413383199297668703223248         0.00000000000000000000000000000000000        0.683022559859958444886526535977552353        0.167811590859605266884724425470909642        0.129098359310438402074632433326122454         2250.00000000000000000000000000000000        0.300000011920928955078125000000000000        -1.00000000000000000000000000000000000         4.50000000000000000000000000000000000         50.0000000000000000000000000000000000         1.45338703411295504107482676432178480         1.45308197833849118428431798839020053         1.45308197833849118428431798839020053         1.45308197833849118428431798839020053         1.45308197833849118428431798839020053         0.00000000000000000000000000000000000        -2.09937071005910543829485382887607879E-0002   3858.93634184092988797055948515163134         13972.8513779126424024468229154084894      
   6.82607183427263972690668329495824292         0.00000000000000000000000000000000000         0.00000000000000000000000000000000000        0.250000000000000000000000000000000000        0.750000000000000000000000000000000000        0.724999999999999999999999999999999981        0.275000000000000000000000000000000019        0.512000024318695068359375000000000000        0.425000011920928955078125000000000000         6.30000010132789611816406250000000000E-0002  0.870056494511586616800702331296776776        0.129943505488413383199297668703223248         0.00000000000000000000000000000000000        0.683022559859958444886526535977552353        0.167811590859605266884724425470909642        0.129098359310438402074632433326122454         2250.00000000000000000000000000000000        0.300000011920928955078125000000000000        -1.00000000000000000000000000000000000         4.50000000000000000000000000000000000         50.0000000000000000000000000000000000         1.46920224825940948214311636326718394         1.46805473740352104555167176003393132         1.46805473740352104555167176003393132         1.46805473740352104555167176003393132         1.46805473740352104555167176003393132         0.00000000000000000000000000000000000        -7.81653998758918723209541477580582249E-0002   4079.97717556997023073409161559832824         14079.7708880770228247721015029767398      
   7.14942898659784326950660524938800231         0.00000000000000000000000000000000000         0.00000000000000000000000000000000000        0.250000000000000000000000000000000000        0.750000000000000000000000000000000000        0.724999999999999999999999999999999981        0.275000000000000000000000000000000019        0.512000024318695068359375000000000000        0.425000011920928955078125000000000000         6.30000010132789611816406250000000000E-0002  0.870056494511586616800702331296776776        0.129943505488413383199297668703223248         0.00000000000000000000000000000000000        0.683022559859958444886526535977552353        0.167811590859605266884724425470909642        0.129098359310438402074632433326122454         2250.00000000000000000000000000000000        0.300000011920928955078125000000000000        -1.00000000000000000000000000000000000         4.50000000000000000000000000000000000         50.0000000000000000000000000000000000         1.48507093527342499007974084921509276         1.48529232705703476686807780049394813         1.48529232705703476686807780049394813         1.48529232705703476686807780049394813         1.48529232705703476686807780049394813         0.00000000000000000000000000000000000         1.49056034005402501609484763931252978E-0002   4315.29713729576946269308386764135494         14180.1524918303667864699758437136208      
   7.48810385759030229475404929283587874         0.00000000000000000000000000000000000         0.00000000000000000000000000000000000        0.250000000000000000000000000000000000        0.750000000000000000000000000000000000        0.724999999999999999999999999999999981        0.275000000000000000000000000000000019        0.512000024318695068359375000000000000        0.425000011920928955078125000000000000         6.30000010132789611816406250000000000E-0002  0.870056494511586616800702331296776776        0.129943505488413383199297668703223248         0.00000000000000000000000000000000000        0.683022559859958444886526535977552353        0.167811590859605266884724425470909642        0.129098359310438402074632433326122454         2250.00000000000000000000000000000000        0.300000011920928955078125000000000000        -1.00000000000000000000000000000000000         4.50000000000000000000000000000000000         50.0000000000000000000000000000000000         1.50103945552576984182049477660412172         1.50110884995766283643469062169450914         1.50110884995766283643469062169450914         1.50110884995766283643469062169450914         1.50110884995766283643469062169450914         0.00000000000000000000000000000000000         4.62287807409514704063596566402158403E-0003   4564.45601915416484406980654834800703         14289.2452316235171201062585257830802      
   7.84282206133797492150195102086104320         0.00000000000000000000000000000000000         0.00000000000000000000000000000000000        0.250000000000000000000000000000000000        0.750000000000000000000000000000000000        0.724999999999999999999999999999999981        0.275000000000000000000000000000000019        0.512000024318695068359375000000000000        0.425000011920928955078125000000000000         6.30000010132789611816406250000000000E-0002  0.870056494511586616800702331296776776        0.129943505488413383199297668703223248         0.00000000000000000000000000000000000        0.683022559859958444886526535977552353        0.167811590859605266884724425470909642        0.129098359310438402074632433326122454         2250.00000000000000000000000000000000        0.300000011920928955078125000000000000        -1.00000000000000000000000000000000000         4.50000000000000000000000000000000000         50.0000000000000000000000000000000000         1.51709637461477985555294014539617759         1.51679229591300497329237970280376782         1.51679229591300497329237970280376782         1.51679229591300497329237970280376782         1.51679229591300497329237970280376782         0.00000000000000000000000000000000000        -2.00474845893021713457537286714802813E-0002   4829.37851512551195537133728144572714         14392.7979953667733328852027873995477      
   8.21434358491973787188331079880935809         0.00000000000000000000000000000000000         0.00000000000000000000000000000000000        0.250000000000000000000000000000000000        0.750000000000000000000000000000000000        0.724999999999999999999999999999999981        0.275000000000000000000000000000000019        0.512000024318695068359375000000000000        0.425000011920928955078125000000000000         6.30000010132789611816406250000000000E-0002  0.870056494511586616800702331296776776        0.129943505488413383199297668703223248         0.00000000000000000000000000000000000        0.683022559859958444886526535977552353        0.167811590859605266884724425470909642        0.129098359310438402074632433326122454         2250.00000000000000000000000000000000        0.300000011920928955078125000000000000        -1.00000000000000000000000000000000000         4.50000000000000000000000000000000000         50.0000000000000000000000000000000000         1.53323528190364790660102204671852827         1.53308025063417513192486780742004317         1.53308025063417513192486780742004317         1.53308025063417513192486780742004317         1.53308025063417513192486780742004317         0.00000000000000000000000000000000000        -1.01124040576900214049856763845397722E-0002   5111.02048002215491537229229570897889         14496.3025472384490271839483871176343      
   8.60346441668483183756181982790961157         0.00000000000000000000000000000000000         0.00000000000000000000000000000000000        0.250000000000000000000000000000000000        0.750000000000000000000000000000000000        0.724999999999999999999999999999999981        0.275000000000000000000000000000000019        0.512000024318695068359375000000000000        0.425000011920928955078125000000000000         6.30000010132789611816406250000000000E-0002  0.870056494511586616800702331296776776        0.129943505488413383199297668703223248         0.00000000000000000000000000000000000        0.683022559859958444886526535977552353        0.167811590859605266884724425470909642        0.129098359310438402074632433326122454         2250.00000000000000000000000000000000        0.300000011920928955078125000000000000        -1.00000000000000000000000000000000000         4.50000000000000000000000000000000000         50.0000000000000000000000000000000000         1.54948089711145395473351685182382637         1.54918412373534170631850363890738050         1.54918412373534170631850363890738050         1.54918412373534170631850363890738050         1.54918412373534170631850363890738050         0.00000000000000000000000000000000000        -1.91567530008426777958655350718107706E-0002   5410.29091961454711118441655279687392         14599.0803192426827683056142439328802      
   9.01101825166536630189666009569239489         0.00000000000000000000000000000000000         0.00000000000000000000000000000000000        0.250000000000000000000000000000000000        0.750000000000000000000000000000000000        0.724999999999999999999999999999999981        0.275000000000000000000000000000000019        0.512000024318695068359375000000000000        0.425000011920928955078125000000000000         6.30000010132789611816406250000000000E-0002  0.870056494511586616800702331296776776        0.129943505488413383199297668703223248         0.00000000000000000000000000000000000        0.683022559859958444886526535977552353        0.167811590859605266884724425470909642        0.129098359310438402074632433326122454         2250.00000000000000000000000000000000        0.300000011920928955078125000000000000        -1.00000000000000000000000000000000000         4.50000000000000000000000000000000000         50.0000000000000000000000000000000000         1.56580552308031074156805702894248403         1.56538726465359502562935739480908171         1.56538726465359502562935739480908171         1.56538726465359502562935739480908171         1.56538726465359502562935739480908171         0.00000000000000000000000000000000000        -2.67191663149420383156725421207378620E-0002   5728.44911456884467961999952142212719         14701.6051475787226520393662225288174      
   9.43787827777574610680776305101093867         0.00000000000000000000000000000000000         0.00000000000000000000000000000000000        0.250000000000000000000000000000000000        0.750000000000000000000000000000000000        0.724999999999999999999999999999999981        0.275000000000000000000000000000000019        0.512000024318695068359375000000000000        0.425000011920928955078125000000000000         6.30000010132789611816406250000000000E-0002  0.870056494511586616800702331296776776        0.129943505488413383199297668703223248         0.00000000000000000000000000000000000        0.683022559859958444886526535977552353        0.167811590859605266884724425470909642        0.129098359310438402074632433326122454         2250.00000000000000000000000000000000        0.300000011920928955078125000000000000        -1.00000000000000000000000000000000000         4.50000000000000000000000000000000000         50.0000000000000000000000000000000000         1.58219628439915951133992927998035130         1.58181842858823787753526113948542078         1.58181842858823787753526113948542078         1.58181842858823787753526113948542078         1.58181842858823787753526113948542078         0.00000000000000000000000000000000000        -2.38874325960955917101758317267702516E-0002   6066.71800986404122637054269304622802         14803.5514462368592056711132292285142      
   9.88495904662596879076778864032827051         0.00000000000000000000000000000000000         0.00000000000000000000000000000000000        0.250000000000000000000000000000000000        0.750000000000000000000000000000000000        0.724999999999999999999999999999999981        0.275000000000000000000000000000000019        0.512000024318695068359375000000000000        0.425000011920928955078125000000000000         6.30000010132789611816406250000000000E-0002  0.870056494511586616800702331296776776        0.129943505488413383199297668703223248         0.00000000000000000000000000000000000        0.683022559859958444886526535977552353        0.167811590859605266884724425470909642        0.129098359310438402074632433326122454         2250.00000000000000000000000000000000        0.300000011920928955078125000000000000        -1.00000000000000000000000000000000000         4.50000000000000000000000000000000000         50.0000000000000000000000000000000000         1.59869721267953145837295253447247343         1.59828600694424664944760415980141493         1.59828600694424664944760415980141493         1.59828600694424664944760415980141493         1.59828600694424664944760415980141493         0.00000000000000000000000000000000000        -2.57279193772703224591655935579356543E-0002   6426.44341022145978672810186348558112         14905.5698980895547725704108576604392      
   10.3532184329570277361739405380354267         0.00000000000000000000000000000000000         0.00000000000000000000000000000000000        0.250000000000000000000000000000000000        0.750000000000000000000000000000000000        0.724999999999999999999999999999999981        0.275000000000000000000000000000000019        0.512000024318695068359375000000000000        0.425000011920928955078125000000000000         6.30000010132789611816406250000000000E-0002  0.870056494511586616800702331296776776        0.129943505488413383199297668703223248         0.00000000000000000000000000000000000        0.683022559859958444886526535977552353        0.167811590859605266884724425470909642        0.129098359310438402074632433326122454         2250.00000000000000000000000000000000        0.300000011920928955078125000000000000        -1.00000000000000000000000000000000000         4.50000000000000000000000000000000000         50.0000000000000000000000000000000000         1.61527229700613703917502522655691055         1.61539879245648401012620658188150160         1.61539879245648401012620658188150160         1.61539879245648401012620658188150160         1.61539879245648401012620658188150160         0.00000000000000000000000000000000000         7.83060201218879610868821822190981438E-0003   6809.20270089812667976413040540734377         15004.9633410917685894628403693135752      
   10.8436596868965298573473131194133672         0.00000000000000000000000000000000000         0.00000000000000000000000000000000000        0.250000000000000000000000000000000000        0.750000000000000000000000000000000000        0.724999999999999999999999999999999981        0.275000000000000000000000000000000019        0.512000024318695068359375000000000000        0.425000011920928955078125000000000000         6.30000010132789611816406250000000000E-0002  0.870056494511586616800702331296776776        0.129943505488413383199297668703223248         0.00000000000000000000000000000000000        0.683022559859958444886526535977552353        0.167811590859605266884724425470909642        0.129098359310438402074632433326122454         2250.00000000000000000000000000000000        0.300000011920928955078125000000000000        -1.00000000000000000000000000000000000         4.50000000000000000000000000000000000         50.0000000000000000000000000000000000         1.63191354563157652561367153249174391         1.63137348817560780846458689080331586         1.63137348817560780846458689080331586         1.63137348817560780846458689080331586         1.63137348817560780846458689080331586         0.00000000000000000000000000000000000        -3.31044644211223766443095336016821421E-0002   7215.93937158855835000000342900609347         15108.9602251752991374607571521592408      
   11.3573335834315047407380755747457535         0.00000000000000000000000000000000000         0.00000000000000000000000000000000000        0.250000000000000000000000000000000000        0.750000000000000000000000000000000000        0.724999999999999999999999999999999981        0.275000000000000000000000000000000019        0.512000024318695068359375000000000000        0.425000011920928955078125000000000000         6.30000010132789611816406250000000000E-0002  0.870056494511586616800702331296776776        0.129943505488413383199297668703223248         0.00000000000000000000000000000000000        0.683022559859958444886526535977552353        0.167811590859605266884724425470909642        0.129098359310438402074632433326122454         2250.00000000000000000000000000000000        0.300000011920928955078125000000000000        -1.00000000000000000000000000000000000         4.50000000000000000000000000000000000         50.0000000000000000000000000000000000         1.64868378059749500852688242480006436         1.64879647274838607508116118506244810         1.64879647274838607508116118506244810         1.64879647274838607508116118506244810         1.64879647274838607508116118506244810         0.00000000000000000000000000000000000         6.83481271058395178897936779534742534E-0003   7649.07106156669526192576133829365348         15207.7763569733202917440552544441338      
   11.8953406737036708935232311939754483         0.00000000000000000000000000000000000         0.00000000000000000000000000000000000        0.250000000000000000000000000000000000        0.750000000000000000000000000000000000        0.724999999999999999999999999999999981        0.275000000000000000000000000000000019        0.512000024318695068359375000000000000        0.425000011920928955078125000000000000         6.30000010132789611816406250000000000E-0002  0.870056494511586616800702331296776776        0.129943505488413383199297668703223248         0.00000000000000000000000000000000000        0.683022559859958444886526535977552353        0.167811590859605266884724425470909642        0.129098359310438402074632433326122454         2250.00000000000000000000000000000000        0.300000011920928955078125000000000000        -1.00000000000000000000000000000000000         4.50000000000000000000000000000000000         50.0000000000000000000000000000000000         1.66549702782718677792435764584441878         1.66560475600336940583194383324706297         1.66560475600336940583194383324706297         1.66560475600336940583194383324706297         1.66560475600336940583194383324706297         0.00000000000000000000000000000000000         6.46781151376647370523258882649468090E-0003   8110.04261476006674561206025192431939         15311.9860829298615557807564131979420      
   12.4588336429505803262590704440291315         0.00000000000000000000000000000000000         0.00000000000000000000000000000000000        0.250000000000000000000000000000000000        0.750000000000000000000000000000000000        0.724999999999999999999999999999999981        0.275000000000000000000000000000000019        0.512000024318695068359375000000000000        0.425000011920928955078125000000000000         6.30000010132789611816406250000000000E-0002  0.870056494511586616800702331296776776        0.129943505488413383199297668703223248         0.00000000000000000000000000000000000        0.683022559859958444886526535977552353        0.167811590859605266884724425470909642        0.129098359310438402074632433326122454         2250.00000000000000000000000000000000        0.300000011920928955078125000000000000        -1.00000000000000000000000000000000000         4.50000000000000000000000000000000000         50.0000000000000000000000000000000000         1.68240424286568177167543962943621163         1.68203087755712946449188486430586844         1.68203087755712946449188486430586844         1.68203087755712946449188486430586844         1.68203087755712946449188486430586844         0.00000000000000000000000000000000000        -2.21972921861314635347488870543106141E-0002   8599.87772048579446252587288151351389         15415.0550919455395820926219912152944      
   13.0490197801445524899467209692621793         0.00000000000000000000000000000000000         0.00000000000000000000000000000000000        0.250000000000000000000000000000000000        0.750000000000000000000000000000000000        0.724999999999999999999999999999999981        0.275000000000000000000000000000000019        0.512000024318695068359375000000000000        0.425000011920928955078125000000000000         6.30000010132789611816406250000000000E-0002  0.870056494511586616800702331296776776        0.129943505488413383199297668703223248         0.00000000000000000000000000000000000        0.683022559859958444886526535977552353        0.167811590859605266884724425470909642        0.129098359310438402074632433326122454         2250.00000000000000000000000000000000        0.300000011920928955078125000000000000        -1.00000000000000000000000000000000000         4.50000000000000000000000000000000000         50.0000000000000000000000000000000000         1.69939069615172868169527550484929808         1.69884206305269550892135146156071512         1.69884206305269550892135146156071512         1.69884206305269550892135146156071512         1.69884206305269550892135146156071512         0.00000000000000000000000000000000000        -3.22945323149886597649477736465182918E-0002   9121.63786654397915164671694241691762         15517.1753292300537127025425277809444      
   13.6671635646206221493148154813537214         0.00000000000000000000000000000000000         0.00000000000000000000000000000000000        0.250000000000000000000000000000000000        0.750000000000000000000000000000000000        0.724999999999999999999999999999999981        0.275000000000000000000000000000000019        0.512000024318695068359375000000000000        0.425000011920928955078125000000000000         6.30000010132789611816406250000000000E-0002  0.870056494511586616800702331296776776        0.129943505488413383199297668703223248         0.00000000000000000000000000000000000        0.683022559859958444886526535977552353        0.167811590859605266884724425470909642        0.129098359310438402074632433326122454         2250.00000000000000000000000000000000        0.300000011920928955078125000000000000        -1.00000000000000000000000000000000000         4.50000000000000000000000000000000000         50.0000000000000000000000000000000000         1.71643179588800665963356065174671121         1.71662938611791294743494707381037148         1.71662938611791294743494707381037148         1.71662938611791294743494707381037148         1.71662938611791294743494707381037148         0.00000000000000000000000000000000000         1.15103604484559136005179223922795904E-0002   9678.11505847337563462131139971396368         15620.1723411927929292956888214669413      
   14.3145893752353758338684692231306029         0.00000000000000000000000000000000000         0.00000000000000000000000000000000000        0.250000000000000000000000000000000000        0.750000000000000000000000000000000000        0.724999999999999999999999999999999981        0.275000000000000000000000000000000019        0.512000024318695068359375000000000000        0.425000011920928955078125000000000000         6.30000010132789611816406250000000000E-0002  0.870056494511586616800702331296776776        0.129943505488413383199297668703223248         0.00000000000000000000000000000000000        0.683022559859958444886526535977552353        0.167811590859605266884724425470909642        0.129098359310438402074632433326122454         2250.00000000000000000000000000000000        0.300000011920928955078125000000000000        -1.00000000000000000000000000000000000         4.50000000000000000000000000000000000         50.0000000000000000000000000000000000         1.73356959373596615997780071245420790         1.73368221836974645992985247284217134         1.73368221836974645992985247284217134         1.73368221836974645992985247284217134         1.73368221836974645992985247284217134         0.00000000000000000000000000000000000         6.49626745818536353572641863662684464E-0003   10269.2101138881391677191195502607359         15724.0725324364875625105584897380272      
   14.9926843278610750864026478869771275         0.00000000000000000000000000000000000         0.00000000000000000000000000000000000        0.250000000000000000000000000000000000        0.750000000000000000000000000000000000        0.724999999999999999999999999999999981        0.275000000000000000000000000000000019        0.512000024318695068359375000000000000        0.425000011920928955078125000000000000         6.30000010132789611816406250000000000E-0002  0.870056494511586616800702331296776776        0.129943505488413383199297668703223248         0.00000000000000000000000000000000000        0.683022559859958444886526535977552353        0.167811590859605266884724425470909642        0.129098359310438402074632433326122454         2250.00000000000000000000000000000000        0.300000011920928955078125000000000000        -1.00000000000000000000000000000000000         4.50000000000000000000000000000000000         50.0000000000000000000000000000000000         1.75078189913597521521537119718709818         1.75021900540512994890765049429990243         1.75021900540512994890765049429990243         1.75021900540512994890765049429990243         1.75021900540512994890765049429990243         0.00000000000000000000000000000000000        -3.21613311880915796083683371404050513E-0002   10898.6443099663544732937102226809549         15829.5699137713967431870544212980178      
   15.7029012472944242844593367399923914         0.00000000000000000000000000000000000         0.00000000000000000000000000000000000        0.250000000000000000000000000000000000        0.750000000000000000000000000000000000        0.724999999999999999999999999999999981        0.275000000000000000000000000000000019        0.512000024318695068359375000000000000        0.425000011920928955078125000000000000         6.30000010132789611816406250000000000E-0002  0.870056494511586616800702331296776776        0.129943505488413383199297668703223248         0.00000000000000000000000000000000000        0.683022559859958444886526535977552353        0.167811590859605266884724425470909642        0.129098359310438402074632433326122454         2250.00000000000000000000000000000000        0.300000011920928955078125000000000000        -1.00000000000000000000000000000000000         4.50000000000000000000000000000000000         50.0000000000000000000000000000000000         1.76805230357779244610390551049068479         1.76815047206562514056801595920140077         1.76815047206562514056801595920140077         1.76815047206562514056801595920140077         1.76815047206562514056801595920140077         0.00000000000000000000000000000000000         5.55204375326778905460535798751789203E-0003   11569.8190282219007699861672838452684         15933.6326333316086100445657401645773      
   16.4467617799473254470491446022305387         0.00000000000000000000000000000000000         0.00000000000000000000000000000000000        0.250000000000000000000000000000000000        0.750000000000000000000000000000000000        0.724999999999999999999999999999999981        0.275000000000000000000000000000000019        0.512000024318695068359375000000000000        0.425000011920928955078125000000000000         6.30000010132789611816406250000000000E-0002  0.870056494511586616800702331296776776        0.129943505488413383199297668703223248         0.00000000000000000000000000000000000        0.683022559859958444886526535977552353        0.167811590859605266884724425470909642        0.129098359310438402074632433326122454         2250.00000000000000000000000000000000        0.300000011920928955078125000000000000        -1.00000000000000000000000000000000000         4.50000000000000000000000000000000000         50.0000000000000000000000000000000000         1.78535315821848718688032938050950803         1.78563301460414375361722067325031421         1.78563301460414375361722067325031421         1.78563301460414375361722067325031421         1.78563301460414375361722067325031421         0.00000000000000000000000000000000000         1.56726708885704593437254714032137332E-0002   12285.8732632162281955832733988612707         16040.4053821953781839580408784060591      
   17.2258596539885891666448939958271182         0.00000000000000000000000000000000000         0.00000000000000000000000000000000000        0.250000000000000000000000000000000000        0.750000000000000000000000000000000000        0.724999999999999999999999999999999981        0.275000000000000000000000000000000019        0.512000024318695068359375000000000000        0.425000011920928955078125000000000000         6.30000010132789611816406250000000000E-0002  0.870056494511586616800702331296776776        0.129943505488413383199297668703223248         0.00000000000000000000000000000000000        0.683022559859958444886526535977552353        0.167811590859605266884724425470909642        0.129098359310438402074632433326122454         2250.00000000000000000000000000000000        0.300000011920928955078125000000000000        -1.00000000000000000000000000000000000         4.50000000000000000000000000000000000         50.0000000000000000000000000000000000         1.80274090845828562274941056881271893         1.80318353498573227069360167215556911         1.80318353498573227069360167215556911         1.80318353498573227069360167215556911         1.80318353498573227069360167215556911         0.00000000000000000000000000000000000         2.45469481535694166765246428299850360E-0002   13048.3631071064796137684918682723840         16148.5045908218024264919052767912541      
   18.0418640939214858630807661830989717         0.00000000000000000000000000000000000         0.00000000000000000000000000000000000        0.250000000000000000000000000000000000        0.750000000000000000000000000000000000        0.724999999999999999999999999999999981        0.275000000000000000000000000000000019        0.512000024318695068359375000000000000        0.425000011920928955078125000000000000         6.30000010132789611816406250000000000E-0002  0.870056494511586616800702331296776776        0.129943505488413383199297668703223248         0.00000000000000000000000000000000000        0.683022559859958444886526535977552353        0.167811590859605266884724425470909642        0.129098359310438402074632433326122454         2250.00000000000000000000000000000000        0.300000011920928955078125000000000000        -1.00000000000000000000000000000000000         4.50000000000000000000000000000000000         50.0000000000000000000000000000000000         1.82023635900822258360945600324610447         1.82064890505329624172882786677195405         1.82064890505329624172882786677195405         1.82064890505329624172882786677195405         1.82064890505329624172882786677195405         0.00000000000000000000000000000000000         2.26592861440015845039892324818898954E-0002   13858.6266506627661992672297764558882         16256.1068456359163243955013992127176      
   18.8965233969129017925278720876753030         0.00000000000000000000000000000000000         0.00000000000000000000000000000000000        0.250000000000000000000000000000000000        0.750000000000000000000000000000000000        0.724999999999999999999999999999999981        0.275000000000000000000000000000000019        0.512000024318695068359375000000000000        0.425000011920928955078125000000000000         6.30000010132789611816406250000000000E-0002  0.870056494511586616800702331296776776        0.129943505488413383199297668703223248         0.00000000000000000000000000000000000        0.683022559859958444886526535977552353        0.167811590859605266884724425470909642        0.129098359310438402074632433326122454         2250.00000000000000000000000000000000        0.300000011920928955078125000000000000        -1.00000000000000000000000000000000000         4.50000000000000000000000000000000000         50.0000000000000000000000000000000000         1.83785878042757317942427455020499867         1.83729593547465993780287435403380026         1.83729593547465993780287435403380026         1.83729593547465993780287435403380026         1.83729593547465993780287435403380026         0.00000000000000000000000000000000000        -3.06344199671803172327655944724801632E-0002   14719.4811966168219806238102706573409         16371.1932288033810775129799604955101      
   19.7916686785364185751762295282302534         0.00000000000000000000000000000000000         0.00000000000000000000000000000000000        0.250000000000000000000000000000000000        0.750000000000000000000000000000000000        0.724999999999999999999999999999999981        0.275000000000000000000000000000000019        0.512000024318695068359375000000000000        0.425000011920928955078125000000000000         6.30000010132789611816406250000000000E-0002  0.870056494511586616800702331296776776        0.129943505488413383199297668703223248         0.00000000000000000000000000000000000        0.683022559859958444886526535977552353        0.167811590859605266884724425470909642        0.129098359310438402074632433326122454         2250.00000000000000000000000000000000        0.300000011920928955078125000000000000        -1.00000000000000000000000000000000000         4.50000000000000000000000000000000000         50.0000000000000000000000000000000000         1.85540728172347715232577275803548753         1.85579539642496770872986655635080377         1.85579539642496770872986655635080377         1.85579539642496770872986655635080377         1.85579539642496770872986655635080377         0.00000000000000000000000000000000000         2.09136579516376874924158983750875896E-0002   15643.8845070700308250875509606288755         16483.8242478003290778500184477161139      
   20.7292177959546059255378205487295255         0.00000000000000000000000000000000000         0.00000000000000000000000000000000000        0.250000000000000000000000000000000000        0.750000000000000000000000000000000000        0.724999999999999999999999999999999981        0.275000000000000000000000000000000019        0.512000024318695068359375000000000000        0.425000011920928955078125000000000000         6.30000010132789611816406250000000000E-0002  0.870056494511586616800702331296776776        0.129943505488413383199297668703223248         0.00000000000000000000000000000000000        0.683022559859958444886526535977552353        0.167811590859605266884724425470909642        0.129098359310438402074632433326122454         2250.00000000000000000000000000000000        0.300000011920928955078125000000000000        -1.00000000000000000000000000000000000         4.50000000000000000000000000000000000         50.0000000000000000000000000000000000         1.87309466041690486370829717234065276         1.87349155600584838013984685316707809         1.87349155600584838013984685316707809         1.87349155600584838013984685316707809         1.87349155600584838013984685316707809         0.00000000000000000000000000000000000         2.11848079950608255341521806563388684E-0002   16625.0611069069107857298822417746408         16600.5919669800184574969508927219401      
   21.7111794569459824479971497798839502         0.00000000000000000000000000000000000         0.00000000000000000000000000000000000        0.250000000000000000000000000000000000        0.750000000000000000000000000000000000        0.724999999999999999999999999999999981        0.275000000000000000000000000000000019        0.512000024318695068359375000000000000        0.425000011920928955078125000000000000         6.30000010132789611816406250000000000E-0002  0.870056494511586616800702331296776776        0.129943505488413383199297668703223248         0.00000000000000000000000000000000000        0.683022559859958444886526535977552353        0.167811590859605266884724425470909642        0.129098359310438402074632433326122454         2250.00000000000000000000000000000000        0.300000011920928955078125000000000000        -1.00000000000000000000000000000000000         4.50000000000000000000000000000000000         50.0000000000000000000000000000000000         1.89088598749930332928868393977082435         1.89010004872286603624602516854867956         1.89010004872286603624602516854867956         1.89010004872286603624602516854867956         1.89010004872286603624602516854867956         0.00000000000000000000000000000000000        -4.15818610749388167683403055577767230E-0002   17666.6287910122242379514039001143645         16718.0085985337870193804018506773002      
   22.7396575235802733048359620889347810         0.00000000000000000000000000000000000         0.00000000000000000000000000000000000        0.250000000000000000000000000000000000        0.750000000000000000000000000000000000        0.724999999999999999999999999999999981        0.275000000000000000000000000000000019        0.512000024318695068359375000000000000        0.425000011920928955078125000000000000         6.30000010132789611816406250000000000E-0002  0.870056494511586616800702331296776776        0.129943505488413383199297668703223248         0.00000000000000000000000000000000000        0.683022559859958444886526535977552353        0.167811590859605266884724425470909642        0.129098359310438402074632433326122454         2250.00000000000000000000000000000000        0.300000011920928955078125000000000000        -1.00000000000000000000000000000000000         4.50000000000000000000000000000000000         50.0000000000000000000000000000000000         1.90866903814414729222453927015044086         1.90910719472998465080496304709521261         1.90910719472998465080496304709521261         1.90910719472998465080496304709521261         1.90910719472998465080496304709521261         0.00000000000000000000000000000000000         2.29508634741345382953594445944555319E-0002   18784.7408222960385976848200638911962         16835.6950970948018503417962331885115      
   23.8168555197626293658587845572158158         0.00000000000000000000000000000000000         0.00000000000000000000000000000000000        0.250000000000000000000000000000000000        0.750000000000000000000000000000000000        0.724999999999999999999999999999999981        0.275000000000000000000000000000000019        0.512000024318695068359375000000000000        0.425000011920928955078125000000000000         6.30000010132789611816406250000000000E-0002  0.870056494511586616800702331296776776        0.129943505488413383199297668703223248         0.00000000000000000000000000000000000        0.683022559859958444886526535977552353        0.167811590859605266884724425470909642        0.129098359310438402074632433326122454         2250.00000000000000000000000000000000        0.300000011920928955078125000000000000        -1.00000000000000000000000000000000000         4.50000000000000000000000000000000000         50.0000000000000000000000000000000000         1.92656273520298720791527308490073280         1.92680640616638089324293787733376721         1.92680640616638089324293787733376721         1.92680640616638089324293787733376721         1.92680640616638089324293787733376721         0.00000000000000000000000000000000000         1.26463646069403919798368294995522778E-0002   19970.6567681375038096007129355134674         16960.3626684640226124972772524063385      
   24.9450813523042636110632071495682141         0.00000000000000000000000000000000000         0.00000000000000000000000000000000000        0.250000000000000000000000000000000000        0.750000000000000000000000000000000000        0.724999999999999999999999999999999981        0.275000000000000000000000000000000019        0.512000024318695068359375000000000000        0.425000011920928955078125000000000000         6.30000010132789611816406250000000000E-0002  0.870056494511586616800702331296776776        0.129943505488413383199297668703223248         0.00000000000000000000000000000000000        0.683022559859958444886526535977552353        0.167811590859605266884724425470909642        0.129098359310438402074632433326122454         2250.00000000000000000000000000000000        0.300000011920928955078125000000000000        -1.00000000000000000000000000000000000         4.50000000000000000000000000000000000         50.0000000000000000000000000000000000         1.94450098014879933364769481580518927         1.94479453651652722959512855019718546         1.94479453651652722959512855019718546         1.94479453651652722959512855019718546         1.94479453651652722959512855019718546         0.00000000000000000000000000000000000         1.50944669072192886753215927989996563E-0002   21236.7276759500315226919609177078449         17083.7218227185644714946167035068227      
   26.1267522556344429096957856567219458         0.00000000000000000000000000000000000         0.00000000000000000000000000000000000        0.250000000000000000000000000000000000        0.750000000000000000000000000000000000        0.724999999999999999999999999999999981        0.275000000000000000000000000000000019        0.512000024318695068359375000000000000        0.425000011920928955078125000000000000         6.30000010132789611816406250000000000E-0002  0.870056494511586616800702331296776776        0.129943505488413383199297668703223248         0.00000000000000000000000000000000000        0.683022559859958444886526535977552353        0.167811590859605266884724425470909642        0.129098359310438402074632433326122454         2250.00000000000000000000000000000000        0.300000011920928955078125000000000000        -1.00000000000000000000000000000000000         4.50000000000000000000000000000000000         50.0000000000000000000000000000000000         1.96251612876911430046764213697651246         1.96191984710605493229868385888779170         1.96191984710605493229868385888779170         1.96191984710605493229868385888779170         1.96191984710605493229868385888779170         0.00000000000000000000000000000000000        -3.03927636971978266549191990677169520E-0002   22584.5893530874721430417220885871957         17215.2900303254854606025267516813792      
   27.3643999707479270007413801432196356         0.00000000000000000000000000000000000         0.00000000000000000000000000000000000        0.250000000000000000000000000000000000        0.750000000000000000000000000000000000        0.724999999999999999999999999999999981        0.275000000000000000000000000000000019        0.512000024318695068359375000000000000        0.425000011920928955078125000000000000         6.30000010132789611816406250000000000E-0002  0.870056494511586616800702331296776776        0.129943505488413383199297668703223248         0.00000000000000000000000000000000000        0.683022559859958444886526535977552353        0.167811590859605266884724425470909642        0.129098359310438402074632433326122454         2250.00000000000000000000000000000000        0.300000011920928955078125000000000000        -1.00000000000000000000000000000000000         4.50000000000000000000000000000000000         50.0000000000000000000000000000000000         1.98057828964093864399372910259085410         1.97988995535136709120018689270567884         1.97988995535136709120018689270567884         1.97988995535136709120018689270567884         1.97988995535136709120018689270567884         0.00000000000000000000000000000000000        -3.47662903037151623199095071997482428E-0002   24023.6027047128352807207680265391392         17347.0479837362789036033230571130225      
   28.6606761694837981427111233968978527         0.00000000000000000000000000000000000         0.00000000000000000000000000000000000        0.250000000000000000000000000000000000        0.750000000000000000000000000000000000        0.724999999999999999999999999999999981        0.275000000000000000000000000000000019        0.512000024318695068359375000000000000        0.425000011920928955078125000000000000         6.30000010132789611816406250000000000E-0002  0.870056494511586616800702331296776776        0.129943505488413383199297668703223248         0.00000000000000000000000000000000000        0.683022559859958444886526535977552353        0.167811590859605266884724425470909642        0.129098359310438402074632433326122454         2250.00000000000000000000000000000000        0.300000011920928955078125000000000000        -1.00000000000000000000000000000000000         4.50000000000000000000000000000000000         50.0000000000000000000000000000000000         1.99865112976585465765553652749013984         1.99894604817695852091725514884461165         1.99894604817695852091725514884461165         1.99894604817695852091725514884461165         1.99894604817695852091725514884461165         0.00000000000000000000000000000000000         1.47536953972734405967803850883284766E-0002   25561.9318821267874936232484045864647         17483.4283347244869452573269942703786      
   30.0183581357572497063742795553511495         0.00000000000000000000000000000000000         0.00000000000000000000000000000000000        0.250000000000000000000000000000000000        0.750000000000000000000000000000000000        0.724999999999999999999999999999999981        0.275000000000000000000000000000000019        0.512000024318695068359375000000000000        0.425000011920928955078125000000000000         6.30000010132789611816406250000000000E-0002  0.870056494511586616800702331296776776        0.129943505488413383199297668703223248         0.00000000000000000000000000000000000        0.683022559859958444886526535977552353        0.167811590859605266884724425470909642        0.129098359310438402074632433326122454         2250.00000000000000000000000000000000        0.300000011920928955078125000000000000        -1.00000000000000000000000000000000000         4.50000000000000000000000000000000000         50.0000000000000000000000000000000000         2.01632856928575393792485247691811989         2.01674281362555444216395064717924421         2.01674281362555444216395064717924421         2.01674281362555444216395064717924421         2.01674281362555444216395064717924421         0.00000000000000000000000000000000000         2.05402660667378658106266402696328114E-0002   27208.2315198016530145683005422098198         17621.5746410753823052036118617847642      
   31.4403547159164261088988818749477531         0.00000000000000000000000000000000000         0.00000000000000000000000000000000000        0.250000000000000000000000000000000000        0.750000000000000000000000000000000000        0.724999999999999999999999999999999981        0.275000000000000000000000000000000019        0.512000024318695068359375000000000000        0.425000011920928955078125000000000000         6.30000010132789611816406250000000000E-0002  0.870056494511586616800702331296776776        0.129943505488413383199297668703223248         0.00000000000000000000000000000000000        0.683022559859958444886526535977552353        0.167811590859605266884724425470909642        0.129098359310438402074632433326122454         2250.00000000000000000000000000000000        0.300000011920928955078125000000000000        -1.00000000000000000000000000000000000         4.50000000000000000000000000000000000         50.0000000000000000000000000000000000         2.03405174646873219880757408506955611         2.03437174289857189347120950363436078         2.03437174289857189347120950363436078         2.03437174289857189347120950363436078         2.03437174289857189347120950363436078         0.00000000000000000000000000000000000         1.57294963890799968700399353947590927E-0002   28961.8119791835128723796777054367846         17766.2848757887090750891545230888925      
   32.9297125509730094348267134385588767         0.00000000000000000000000000000000000         0.00000000000000000000000000000000000        0.250000000000000000000000000000000000        0.750000000000000000000000000000000000        0.724999999999999999999999999999999981        0.275000000000000000000000000000000019        0.512000024318695068359375000000000000        0.425000011920928955078125000000000000         6.30000010132789611816406250000000000E-0002  0.870056494511586616800702331296776776        0.129943505488413383199297668703223248         0.00000000000000000000000000000000000        0.683022559859958444886526535977552353        0.167811590859605266884724425470909642        0.129098359310438402074632433326122454         2250.00000000000000000000000000000000        0.300000011920928955078125000000000000        -1.00000000000000000000000000000000000         4.50000000000000000000000000000000000         50.0000000000000000000000000000000000         2.05173694180787480895774838536853837         2.05231803096758592715903074389768397         2.05231803096758592715903074389768397         2.05231803096758592715903074389768397         2.05231803096758592715903074389768397         0.00000000000000000000000000000000000         2.83137969331759896253780130508794080E-0002   30838.0102769369532764119982477072184         17915.5249796148913595730000856621761      
   34.4896226040591652356324616013479640         0.00000000000000000000000000000000000         0.00000000000000000000000000000000000        0.250000000000000000000000000000000000        0.750000000000000000000000000000000000        0.724999999999999999999999999999999981        0.275000000000000000000000000000000019        0.512000024318695068359375000000000000        0.425000011920928955078125000000000000         6.30000010132789611816406250000000000E-0002  0.870056494511586616800702331296776776        0.129943505488413383199297668703223248         0.00000000000000000000000000000000000        0.683022559859958444886526535977552353        0.167811590859605266884724425470909642        0.129098359310438402074632433326122454         2250.00000000000000000000000000000000        0.300000011920928955078125000000000000        -1.00000000000000000000000000000000000         4.50000000000000000000000000000000000         50.0000000000000000000000000000000000         2.06952092993807810001649217751540369         2.07027645901375071389174766521788510         2.07027645901375071389174766521788510         2.07027645901375071389174766521788510         2.07027645901375071389174766521788510         0.00000000000000000000000000000000000         3.64941151884872818277355482010295360E-0002   32835.3562096123616258926282516488547         18062.9049224822832728215341078040958      
   36.1234269970959852434556329432163891         0.00000000000000000000000000000000000         0.00000000000000000000000000000000000        0.250000000000000000000000000000000000        0.750000000000000000000000000000000000        0.724999999999999999999999999999999981        0.275000000000000000000000000000000019        0.512000024318695068359375000000000000        0.425000011920928955078125000000000000         6.30000010132789611816406250000000000E-0002  0.870056494511586616800702331296776776        0.129943505488413383199297668703223248         0.00000000000000000000000000000000000        0.683022559859958444886526535977552353        0.167811590859605266884724425470909642        0.129098359310438402074632433326122454         2250.00000000000000000000000000000000        0.300000011920928955078125000000000000        -1.00000000000000000000000000000000000         4.50000000000000000000000000000000000         50.0000000000000000000000000000000000         2.08740932144544164482216591211361365         2.08772387600146892481631746724205314         2.08772387600146892481631746724205314         2.08772387600146892481631746724205314         2.08772387600146892481631746724205314         0.00000000000000000000000000000000000         1.50668658649310131863349869253489632E-0002   34957.4034095948970201518370934185212         18226.2946685029643230312702119819207      
   37.8346261713210532672152332780757538         0.00000000000000000000000000000000000         0.00000000000000000000000000000000000        0.250000000000000000000000000000000000        0.750000000000000000000000000000000000        0.724999999999999999999999999999999981        0.275000000000000000000000000000000019        0.512000024318695068359375000000000000        0.425000011920928955078125000000000000         6.30000010132789611816406250000000000E-0002  0.870056494511586616800702331296776776        0.129943505488413383199297668703223248         0.00000000000000000000000000000000000        0.683022559859958444886526535977552353        0.167811590859605266884724425470909642        0.129098359310438402074632433326122454         2250.00000000000000000000000000000000        0.300000011920928955078125000000000000        -1.00000000000000000000000000000000000         4.50000000000000000000000000000000000         50.0000000000000000000000000000000000         2.10512327417910196240000287253487539         2.10597738744435226607899862172752749         2.10597738744435226607899862172752749         2.10597738744435226607899862172752749         2.10597738744435226607899862172752749         0.00000000000000000000000000000000000         4.05566208992769880574573874601890500E-0002   37244.2204706154608087493182291378341         18390.6172561153016301308824219490709      
   39.6268863870166317486167498635414547         0.00000000000000000000000000000000000         0.00000000000000000000000000000000000        0.250000000000000000000000000000000000        0.750000000000000000000000000000000000        0.724999999999999999999999999999999981        0.275000000000000000000000000000000019        0.512000024318695068359375000000000000        0.425000011920928955078125000000000000         6.30000010132789611816406250000000000E-0002  0.870056494511586616800702331296776776        0.129943505488413383199297668703223248         0.00000000000000000000000000000000000        0.683022559859958444886526535977552353        0.167811590859605266884724425470909642        0.129098359310438402074632433326122454         2250.00000000000000000000000000000000        0.300000011920928955078125000000000000        -1.00000000000000000000000000000000000         4.50000000000000000000000000000000000         50.0000000000000000000000000000000000         2.12313379974541546453169791893462663         2.12350167665692676216870959194900756         2.12350167665692676216870959194900756         2.12350167665692676216870959194900756         2.12350167665692676216870959194900756         0.00000000000000000000000000000000000         1.73240697455183542109241209080536803E-0002   39654.6281022846543089744242054825695         18557.5772199835479578280964364353466      
   41.5040475785067069671132337416860269         0.00000000000000000000000000000000000         0.00000000000000000000000000000000000        0.250000000000000000000000000000000000        0.750000000000000000000000000000000000        0.724999999999999999999999999999999981        0.275000000000000000000000000000000019        0.512000024318695068359375000000000000        0.425000011920928955078125000000000000         6.30000010132789611816406250000000000E-0002  0.870056494511586616800702331296776776        0.129943505488413383199297668703223248         0.00000000000000000000000000000000000        0.683022559859958444886526535977552353        0.167811590859605266884724425470909642        0.129098359310438402074632433326122454         2250.00000000000000000000000000000000        0.300000011920928955078125000000000000        -1.00000000000000000000000000000000000         4.50000000000000000000000000000000000         50.0000000000000000000000000000000000         2.14100358182785962709602145189209583         2.14150448816133168648843005977925739         2.14150448816133168648843005977925739         2.14150448816133168648843005977925739         2.14150448816133168648843005977925739         0.00000000000000000000000000000000000         2.33903938208474712092757999323649464E-0002   42244.9274686720189422527991210603367         18733.1281124955373780896343223156492      
   43.4701315812522977450502814228557596         0.00000000000000000000000000000000000         0.00000000000000000000000000000000000        0.250000000000000000000000000000000000        0.750000000000000000000000000000000000        0.724999999999999999999999999999999981        0.275000000000000000000000000000000019        0.512000024318695068359375000000000000        0.425000011920928955078125000000000000         6.30000010132789611816406250000000000E-0002  0.870056494511586616800702331296776776        0.129943505488413383199297668703223248         0.00000000000000000000000000000000000        0.683022559859958444886526535977552353        0.167811590859605266884724425470909642        0.129098359310438402074632433326122454         2250.00000000000000000000000000000000        0.300000011920928955078125000000000000        -1.00000000000000000000000000000000000         4.50000000000000000000000000000000000         50.0000000000000000000000000000000000         2.15895228652095756875660232834039331         2.15943889073549553088958477899697396         2.15943889073549553088958477899697396         2.15943889073549553088958477899697396         2.15943889073549553088958477899697396         0.00000000000000000000000000000000000         2.25338265706711823466675793786642682E-0002   45003.1881013285555568067418743051017         18910.9563389306797250942945273465370      
   45.5293507486716565241505913849878156         0.00000000000000000000000000000000000         0.00000000000000000000000000000000000        0.250000000000000000000000000000000000        0.750000000000000000000000000000000000        0.724999999999999999999999999999999981        0.275000000000000000000000000000000019        0.512000024318695068359375000000000000        0.425000011920928955078125000000000000         6.30000010132789611816406250000000000E-0002  0.870056494511586616800702331296776776        0.129943505488413383199297668703223248         0.00000000000000000000000000000000000        0.683022559859958444886526535977552353        0.167811590859605266884724425470909642        0.129098359310438402074632433326122454         2250.00000000000000000000000000000000        0.300000011920928955078125000000000000        -1.00000000000000000000000000000000000         4.50000000000000000000000000000000000         50.0000000000000000000000000000000000         2.17695344938428860710232776605912792         2.17735839154187776549764948728375253         2.17735839154187776549764948728375253         2.17735839154187776549764948728375253         2.17735839154187776549764948728375253         0.00000000000000000000000000000000000         1.85978642359562158166379317001871132E-0002   47942.9546726904404010701117373369081         19093.3146379093928202914812765298753      
   47.6861169771469809221183781797401387         0.00000000000000000000000000000000000         0.00000000000000000000000000000000000        0.250000000000000000000000000000000000        0.750000000000000000000000000000000000        0.724999999999999999999999999999999981        0.275000000000000000000000000000000019        0.512000024318695068359375000000000000        0.425000011920928955078125000000000000         6.30000010132789611816406250000000000E-0002  0.870056494511586616800702331296776776        0.129943505488413383199297668703223248         0.00000000000000000000000000000000000        0.683022559859958444886526535977552353        0.167811590859605266884724425470909642        0.129098359310438402074632433326122454         2250.00000000000000000000000000000000        0.300000011920928955078125000000000000        -1.00000000000000000000000000000000000         4.50000000000000000000000000000000000         50.0000000000000000000000000000000000         2.19490948288654469701644833931669728         2.19540497822340823902179461376007783         2.19540497822340823902179461376007783         2.19540497822340823902179461376007783         2.19540497822340823902179461376007783         0.00000000000000000000000000000000000         2.25696553382379884446917971122176342E-0002   51090.0691670854384618238089522780953         19284.3774970221109415547116267052639      
   49.9450511585537973057412883106299450         0.00000000000000000000000000000000000         0.00000000000000000000000000000000000        0.250000000000000000000000000000000000        0.750000000000000000000000000000000000        0.724999999999999999999999999999999981        0.275000000000000000000000000000000019        0.512000024318695068359375000000000000        0.425000011920928955078125000000000000         6.30000010132789611816406250000000000E-0002  0.870056494511586616800702331296776776        0.129943505488413383199297668703223248         0.00000000000000000000000000000000000        0.683022559859958444886526535977552353        0.167811590859605266884724425470909642        0.129098359310438402074632433326122454         2250.00000000000000000000000000000000        0.300000011920928955078125000000000000        -1.00000000000000000000000000000000000         4.50000000000000000000000000000000000         50.0000000000000000000000000000000000         2.21290554247308665283393842562150469         2.21339716011398436227807903174273063         2.21339716011398436227807903174273063         2.21339716011398436227807903174273063         2.21339716011398436227807903174273063         0.00000000000000000000000000000000000         2.22109998944966739523276193624085760E-0002   54444.8102670296801213505076701473243         19481.1026153934701912105858477677831      
   52.3109930805651492519346455020741169         0.00000000000000000000000000000000000         0.00000000000000000000000000000000000        0.250000000000000000000000000000000000        0.750000000000000000000000000000000000        0.724999999999999999999999999999999981        0.275000000000000000000000000000000019        0.512000024318695068359375000000000000        0.425000011920928955078125000000000000         6.30000010132789611816406250000000000E-0002  0.870056494511586616800702331296776776        0.129943505488413383199297668703223248         0.00000000000000000000000000000000000        0.683022559859958444886526535977552353        0.167811590859605266884724425470909642        0.129098359310438402074632433326122454         2250.00000000000000000000000000000000        0.300000011920928955078125000000000000        -1.00000000000000000000000000000000000         4.50000000000000000000000000000000000         50.0000000000000000000000000000000000         2.23089679779092100294972972598944393         2.23136421234199010757313100304505720         2.23136421234199010757313100304505720         2.23136421234199010757313100304505720         2.23136421234199010757313100304505720         0.00000000000000000000000000000000000         2.09474790571511737251017033254331465E-0002   58027.0301019085179630487267682294160         19689.7235693241750319039054609474805      
   54.7890117959420854878872849816232285         0.00000000000000000000000000000000000         0.00000000000000000000000000000000000        0.250000000000000000000000000000000000        0.750000000000000000000000000000000000        0.724999999999999999999999999999999981        0.275000000000000000000000000000000019        0.512000024318695068359375000000000000        0.425000011920928955078125000000000000         6.30000010132789611816406250000000000E-0002  0.870056494511586616800702331296776776        0.129943505488413383199297668703223248         0.00000000000000000000000000000000000        0.683022559859958444886526535977552353        0.167811590859605266884724425470909642        0.129098359310438402074632433326122454         2250.00000000000000000000000000000000        0.300000011920928955078125000000000000        -1.00000000000000000000000000000000000         4.50000000000000000000000000000000000         50.0000000000000000000000000000000000         2.24891338304533812311579934511139184         2.24937568962042177085823477153995748         2.24937568962042177085823477153995748         2.24937568962042177085823477153995748         2.24937568962042177085823477153995748         0.00000000000000000000000000000000000         2.05526616659425696748998678144359053E-0002   61847.1780478376155661530853180492097         19898.9711289463268608534745227639660      
   57.3844164830267494473134630390337038         0.00000000000000000000000000000000000         0.00000000000000000000000000000000000        0.250000000000000000000000000000000000        0.750000000000000000000000000000000000        0.724999999999999999999999999999999981        0.275000000000000000000000000000000019        0.512000024318695068359375000000000000        0.425000011920928955078125000000000000         6.30000010132789611816406250000000000E-0002  0.870056494511586616800702331296776776        0.129943505488413383199297668703223248         0.00000000000000000000000000000000000        0.683022559859958444886526535977552353        0.167811590859605266884724425470909642        0.129098359310438402074632433326122454         2250.00000000000000000000000000000000        0.300000011920928955078125000000000000        -1.00000000000000000000000000000000000         4.50000000000000000000000000000000000         50.0000000000000000000000000000000000         2.26693841114863097158252779652211129         2.26748666006911484811827103332876346         2.26748666006911484811827103332876346         2.26748666006911484811827103332876346         2.26748666006911484811827103332876346         0.00000000000000000000000000000000000         2.41787054424022701946019980239430986E-0002   65930.2706290272677589752214644092948         20116.8134532041555827292091557424603      
   60.1027678207067787613836741752440859         0.00000000000000000000000000000000000         0.00000000000000000000000000000000000        0.250000000000000000000000000000000000        0.750000000000000000000000000000000000        0.724999999999999999999999999999999981        0.275000000000000000000000000000000019        0.512000024318695068359375000000000000        0.425000011920928955078125000000000000         6.30000010132789611816406250000000000E-0002  0.870056494511586616800702331296776776        0.129943505488413383199297668703223248         0.00000000000000000000000000000000000        0.683022559859958444886526535977552353        0.167811590859605266884724425470909642        0.129098359310438402074632433326122454         2250.00000000000000000000000000000000        0.300000011920928955078125000000000000        -1.00000000000000000000000000000000000         4.50000000000000000000000000000000000         50.0000000000000000000000000000000000         2.28494208810494169129287302457874563         2.28532264212017428597117766516645836         2.28532264212017428597117766516645836         2.28532264212017428597117766516645836         2.28532264212017428597117766516645836         0.00000000000000000000000000000000000         1.66520914035814793437433018713455645E-0002   70286.6748840471477971334624975546771         20343.8248464071055242689926035788195      
   62.9498899022219826103145225233349426         0.00000000000000000000000000000000000         0.00000000000000000000000000000000000        0.250000000000000000000000000000000000        0.750000000000000000000000000000000000        0.724999999999999999999999999999999981        0.275000000000000000000000000000000019        0.512000024318695068359375000000000000        0.425000011920928955078125000000000000         6.30000010132789611816406250000000000E-0002  0.870056494511586616800702331296776776        0.129943505488413383199297668703223248         0.00000000000000000000000000000000000        0.683022559859958444886526535977552353        0.167811590859605266884724425470909642        0.129098359310438402074632433326122454         2250.00000000000000000000000000000000        0.300000011920928955078125000000000000        -1.00000000000000000000000000000000000         4.50000000000000000000000000000000000         50.0000000000000000000000000000000000         2.30299158011285935636495516973439191         2.30338635179142737559242560864591980         2.30338635179142737559242560864591980         2.30338635179142737559242560864591980         2.30338635179142737559242560864591980         0.00000000000000000000000000000000000         1.71387521794157948836260530065025149E-0002   74933.7530449995837153165884686670403         20574.5166172401274550224627656408738      
   65.9318827133387394963924236784617628         0.00000000000000000000000000000000000         0.00000000000000000000000000000000000        0.250000000000000000000000000000000000        0.750000000000000000000000000000000000        0.724999999999999999999999999999999981        0.275000000000000000000000000000000019        0.512000024318695068359375000000000000        0.425000011920928955078125000000000000         6.30000010132789611816406250000000000E-0002  0.870056494511586616800702331296776776        0.129943505488413383199297668703223248         0.00000000000000000000000000000000000        0.683022559859958444886526535977552353        0.167811590859605266884724425470909642        0.129098359310438402074632433326122454         2250.00000000000000000000000000000000        0.300000011920928955078125000000000000        -1.00000000000000000000000000000000000         4.50000000000000000000000000000000000         50.0000000000000000000000000000000000         2.32082676978557196651159204488045261         2.32179163309562282653908314517184966         2.32179163309562282653908314517184966         2.32179163309562282653908314517184966         2.32179163309562282653908314517184966         0.00000000000000000000000000000000000         4.15568432712636190008486103997301100E-0002   79933.5989765010287953423670728652880         20817.6057093016121524109782446290933      
   69.0551352016267211341221719941803480         0.00000000000000000000000000000000000         0.00000000000000000000000000000000000        0.250000000000000000000000000000000000        0.750000000000000000000000000000000000        0.724999999999999999999999999999999981        0.275000000000000000000000000000000019        0.512000024318695068359375000000000000        0.425000011920928955078125000000000000         6.30000010132789611816406250000000000E-0002  0.870056494511586616800702331296776776        0.129943505488413383199297668703223248         0.00000000000000000000000000000000000        0.683022559859958444886526535977552353        0.167811590859605266884724425470909642        0.129098359310438402074632433326122454         2250.00000000000000000000000000000000        0.300000011920928955078125000000000000        -1.00000000000000000000000000000000000         4.50000000000000000000000000000000000         50.0000000000000000000000000000000000         2.33893390370655510424803295830513989         2.33947550631704948805189885695474084         2.33947550631704948805189885695474084         2.33947550631704948805189885695474084         2.33947550631704948805189885695474084         0.00000000000000000000000000000000000         2.31505997404952076428242958685356530E-0002   85221.0058086833480149155776857912051         21067.4210228280666503909064344262763      
   72.3263389648389904315881138559222429         0.00000000000000000000000000000000000         0.00000000000000000000000000000000000        0.250000000000000000000000000000000000        0.750000000000000000000000000000000000        0.724999999999999999999999999999999981        0.275000000000000000000000000000000019        0.512000024318695068359375000000000000        0.425000011920928955078125000000000000         6.30000010132789611816406250000000000E-0002  0.870056494511586616800702331296776776        0.129943505488413383199297668703223248         0.00000000000000000000000000000000000        0.683022559859958444886526535977552353        0.167811590859605266884724425470909642        0.129098359310438402074632433326122454         2250.00000000000000000000000000000000        0.300000011920928955078125000000000000        -1.00000000000000000000000000000000000         4.50000000000000000000000000000000000         50.0000000000000000000000000000000000         2.35694298390914752712119484468267110         2.35750273437957616605310132656150908         2.35750273437957616605310132656150908         2.35750273437957616605310132656150908         2.35750273437957616605310132656150908         0.00000000000000000000000000000000000         2.37433646318102118792727821540814327E-0002   90882.1987271065091208210468179514147         21319.6961406306920181074229115379431      
   75.7525025877229563234538363456045364         0.00000000000000000000000000000000000         0.00000000000000000000000000000000000        0.250000000000000000000000000000000000        0.750000000000000000000000000000000000        0.724999999999999999999999999999999981        0.275000000000000000000000000000000019        0.512000024318695068359375000000000000        0.425000011920928955078125000000000000         6.30000010132789611816406250000000000E-0002  0.870056494511586616800702331296776776        0.129943505488413383199297668703223248         0.00000000000000000000000000000000000        0.683022559859958444886526535977552353        0.167811590859605266884724425470909642        0.129098359310438402074632433326122454         2250.00000000000000000000000000000000        0.300000011920928955078125000000000000        -1.00000000000000000000000000000000000         4.50000000000000000000000000000000000         50.0000000000000000000000000000000000         2.37492406477764898936418930929577315         2.37539076966990202256368065223054368         2.37539076966990202256368065223054368         2.37539076966990202256368065223054368         2.37539076966990202256368065223054368         0.00000000000000000000000000000000000         1.96474996119433939842738704780599681E-0002   96933.2659913694426677668028408922270         21585.2567648587695330838808091140173      
   79.3409666579789374092779396113335383         0.00000000000000000000000000000000000         0.00000000000000000000000000000000000        0.250000000000000000000000000000000000        0.750000000000000000000000000000000000        0.724999999999999999999999999999999981        0.275000000000000000000000000000000019        0.512000024318695068359375000000000000        0.425000011920928955078125000000000000         6.30000010132789611816406250000000000E-0002  0.870056494511586616800702331296776776        0.129943505488413383199297668703223248         0.00000000000000000000000000000000000        0.683022559859958444886526535977552353        0.167811590859605266884724425470909642        0.129098359310438402074632433326122454         2250.00000000000000000000000000000000        0.300000011920928955078125000000000000        -1.00000000000000000000000000000000000         4.50000000000000000000000000000000000         50.0000000000000000000000000000000000         2.39286059786212341552391972114855974         2.39328966840922124908074883826183794         2.39328966840922124908074883826183794         2.39328966840922124908074883826183794         2.39328966840922124908074883826183794         0.00000000000000000000000000000000000         1.79280658234332920677800943868601152E-0002   103398.870987147381434681247711442791         21859.8698623070443879969975719960287      
   83.0994194935381664732668516345784739         0.00000000000000000000000000000000000         0.00000000000000000000000000000000000        0.250000000000000000000000000000000000        0.750000000000000000000000000000000000        0.724999999999999999999999999999999981        0.275000000000000000000000000000000019        0.512000024318695068359375000000000000        0.425000011920928955078125000000000000         6.30000010132789611816406250000000000E-0002  0.870056494511586616800702331296776776        0.129943505488413383199297668703223248         0.00000000000000000000000000000000000        0.683022559859958444886526535977552353        0.167811590859605266884724425470909642        0.129098359310438402074632433326122454         2250.00000000000000000000000000000000        0.300000011920928955078125000000000000        -1.00000000000000000000000000000000000         4.50000000000000000000000000000000000         50.0000000000000000000000000000000000         2.41075968959782815257764455731867794         2.41102577852929627379269696808708111         2.41102577852929627379269696808708111         2.41102577852929627379269696808708111         2.41102577852929627379269696808708111         0.00000000000000000000000000000000000         1.10363370577660532272605375008683782E-0002   110310.158965850920893459850431298044         22145.1728855924585960244966853512905      
   87.0359136148560765360321240320169501         0.00000000000000000000000000000000000         0.00000000000000000000000000000000000        0.250000000000000000000000000000000000        0.750000000000000000000000000000000000        0.724999999999999999999999999999999981        0.275000000000000000000000000000000019        0.512000024318695068359375000000000000        0.425000011920928955078125000000000000         6.30000010132789611816406250000000000E-0002  0.870056494511586616800702331296776776        0.129943505488413383199297668703223248         0.00000000000000000000000000000000000        0.683022559859958444886526535977552353        0.167811590859605266884724425470909642        0.129098359310438402074632433326122454         2250.00000000000000000000000000000000        0.300000011920928955078125000000000000        -1.00000000000000000000000000000000000         4.50000000000000000000000000000000000         50.0000000000000000000000000000000000         2.42845323287950324716962796699906574         2.42940178782782535183532094302302736         2.42940178782782535183532094302302736         2.42940178782782535183532094302302736         2.42940178782782535183532094302302736         0.00000000000000000000000000000000000         3.90447950221616410594739774550574094E-0002   117741.472910528106182564315251443418         22438.9685081177548018607044736761977      
   91.1588829975129113180355582295095585         0.00000000000000000000000000000000000         0.00000000000000000000000000000000000        0.250000000000000000000000000000000000        0.750000000000000000000000000000000000        0.724999999999999999999999999999999981        0.275000000000000000000000000000000019        0.512000024318695068359375000000000000        0.425000011920928955078125000000000000         6.30000010132789611816406250000000000E-0002  0.870056494511586616800702331296776776        0.129943505488413383199297668703223248         0.00000000000000000000000000000000000        0.683022559859958444886526535977552353        0.167811590859605266884724425470909642        0.129098359310438402074632433326122454         2250.00000000000000000000000000000000        0.300000011920928955078125000000000000        -1.00000000000000000000000000000000000         4.50000000000000000000000000000000000         50.0000000000000000000000000000000000         2.44648278582715738579411138468953140         2.44607221118967175019660142626944402         2.44607221118967175019660142626944402         2.44607221118967175019660142626944402         2.44607221118967175019660142626944402         0.00000000000000000000000000000000000        -1.67850579229608477153810920398087795E-0002   125577.353472525105265576287174390989         22740.2942075927092883431377902522136      
   95.4771611420855187564395181622441053         0.00000000000000000000000000000000000         0.00000000000000000000000000000000000        0.250000000000000000000000000000000000        0.750000000000000000000000000000000000        0.724999999999999999999999999999999981        0.275000000000000000000000000000000019        0.512000024318695068359375000000000000        0.425000011920928955078125000000000000         6.30000010132789611816406250000000000E-0002  0.870056494511586616800702331296776776        0.129943505488413383199297668703223248         0.00000000000000000000000000000000000        0.683022559859958444886526535977552353        0.167811590859605266884724425470909642        0.129098359310438402074632433326122454         2250.00000000000000000000000000000000        0.300000011920928955078125000000000000        -1.00000000000000000000000000000000000         4.50000000000000000000000000000000000         50.0000000000000000000000000000000000         2.46410929878422460330138025742134097         2.46218194969407789709499410058281934         2.46218194969407789709499410058281934         2.46218194969407789709499410058281934         2.46218194969407789709499410058281934         0.00000000000000000000000000000000000        -7.82780935578776457325732602168141237E-0002   134040.371398259857462191052651861948         23052.9238980472971526380863334526240      
   100.000000000005197392984105217599543         0.00000000000000000000000000000000000         0.00000000000000000000000000000000000        0.250000000000000000000000000000000000        0.750000000000000000000000000000000000        0.724999999999999999999999999999999981        0.275000000000000000000000000000000019        0.512000024318695068359375000000000000        0.425000011920928955078125000000000000         6.30000010132789611816406250000000000E-0002  0.870056494511586616800702331296776776        0.129943505488413383199297668703223248         0.00000000000000000000000000000000000        0.683022559859958444886526535977552353        0.167811590859605266884724425470909642        0.129098359310438402074632433326122454         2250.00000000000000000000000000000000        0.300000011920928955078125000000000000        -1.00000000000000000000000000000000000         4.50000000000000000000000000000000000         50.0000000000000000000000000000000000         2.48198487058608271800320957301943822         2.48039780962123677397323927446768986         2.48039780962123677397323927446768986         2.48039780962123677397323927446768986         2.48039780962123677397323927446768986         0.00000000000000000000000000000000000        -6.39841302346695905924984299592585496E-0002   143028.625805486957938201351641673474         23373.9776488739232332200605537633354      
