 mass envelope_frac water_frac mantle_frac core_frac H_frac_envelope He_frac_envelope MgO_frac_mantle SiO2_frac_mantle FeO_frac_mantle Fe_frac_solid_core FeS_frac_solid_core FeO_frac_solid_core Fe_frac_liquid_core FeS_frac_liquid_core FeO_frac_liquid_core T_eq albedo rotation_period age atmospheric_Z 100pa_radius 2000pa_radius transit_radius twothirdsopt_radius condensed_radius diff_v_2000pa diff_v_100pa inner_pressure inner_temperature
   13.0000000000000000000000000000000000         1.00000000000000000000000000000000002E-0002   0.00000000000000000000000000000000000        0.668614458809231706125433871573613450        0.331385541190768293874566128426386550        0.724999999999999999999999999999999981        0.275000000000000000000000000000000019        0.512000024318695068359375000000000000        0.425000011920928955078125000000000000         6.30000010132789611816406250000000000E-0002  0.870056494511586616800702331296776776        0.129943505488413383199297668703223248         0.00000000000000000000000000000000000        0.683022559859958444886526535977552353        0.167811590859605266884724425470909642        0.129098359310438402074632433326122454         1565.05875939653105242097127878832439         0.00000000000000000000000000000000000        -1.00000000000000000000000000000000000         10.0000000000000000000000000000000000         50.0000000000000000000000000000000000         3.10357008248053070320326245294207927         2.96109110960474974908967962612684900         2.93766760711520925860641015231183367         2.83210833356565399168304824417806216         1.98419174498359051249344187556803739       -0.797350334422020573905117507931332715        -5.64742161310202621661066937166998385         6013.60739354002579874219363303495546         16279.8804834103866756220791823975346      
   13.0000000000000000000000000000000000         1.00000000000000000000000000000000002E-0002   0.00000000000000000000000000000000000        0.668614458809231706125433871573613450        0.331385541190768293874566128426386550        0.724999999999999999999999999999999981        0.275000000000000000000000000000000019        0.512000024318695068359375000000000000        0.425000011920928955078125000000000000         6.30000010132789611816406250000000000E-0002  0.870056494511586616800702331296776776        0.129943505488413383199297668703223248         0.00000000000000000000000000000000000        0.683022559859958444886526535977552353        0.167811590859605266884724425470909642        0.129098359310438402074632433326122454         1565.05875939653105242097127878832439         0.00000000000000000000000000000000000        -1.00000000000000000000000000000000000         9.77124153534649534603923817498760437         50.0000000000000000000000000000000000         3.10626735725900704627972783811563210         2.96357797583499402456229874402607766         2.94003247725103183267452749169984837         2.83447815472701623282546368775224063         1.98449189894994661850080532575530238       -0.800858451943957292507401315131341511        -5.65418515932201414851728327313377996         6012.99373767629239868191115902067170         16289.6621881066224335003949102855245      
   13.0000000000000000000000000000000000         1.00000000000000000000000000000000002E-0002   0.00000000000000000000000000000000000        0.668614458809231706125433871573613450        0.331385541190768293874566128426386550        0.724999999999999999999999999999999981        0.275000000000000000000000000000000019        0.512000024318695068359375000000000000        0.425000011920928955078125000000000000         6.30000010132789611816406250000000000E-0002  0.870056494511586616800702331296776776        0.129943505488413383199297668703223248         0.00000000000000000000000000000000000        0.683022559859958444886526535977552353        0.167811590859605266884724425470909642        0.129098359310438402074632433326122454         1565.05875939653105242097127878832439         0.00000000000000000000000000000000000        -1.00000000000000000000000000000000000         9.54771611420805356589256626152198130         50.0000000000000000000000000000000000         3.10883886799866422181738181277513465         2.96601082082258104461812084775733659         2.94238315486646963745186440402256099         2.83653617964564079159755313041129227         1.98478089540982936324125910059505177       -0.803011188975613576002737644852721416        -5.65717326300247352842056370815046846         6011.67137382943469823362126282860047         16296.9603617342744899299420507932929      
   13.0000000000000000000000000000000000         1.00000000000000000000000000000000002E-0002   0.00000000000000000000000000000000000        0.668614458809231706125433871573613450        0.331385541190768293874566128426386550        0.724999999999999999999999999999999981        0.275000000000000000000000000000000019        0.512000024318695068359375000000000000        0.425000011920928955078125000000000000         6.30000010132789611816406250000000000E-0002  0.870056494511586616800702331296776776        0.129943505488413383199297668703223248         0.00000000000000000000000000000000000        0.683022559859958444886526535977552353        0.167811590859605266884724425470909642        0.129098359310438402074632433326122454         1565.05875939653105242097127878832439         0.00000000000000000000000000000000000        -1.00000000000000000000000000000000000         9.32930402628467758334312327942449965         50.0000000000000000000000000000000000         3.11127776027107406125349698360089197         2.96805624607905083255589417163308183         2.94473695842507888978018794055168520         2.83862685869094730217133919509712472         1.98504786486443548051851905475112245       -0.791897136593269707564639523854969686        -5.65554085805563694028324912251988517         6010.60577241859396860323536348409080         16304.2848399943388909546956132859434      
   13.0000000000000000000000000000000000         1.00000000000000000000000000000000002E-0002   0.00000000000000000000000000000000000        0.668614458809231706125433871573613450        0.331385541190768293874566128426386550        0.724999999999999999999999999999999981        0.275000000000000000000000000000000019        0.512000024318695068359375000000000000        0.425000011920928955078125000000000000         6.30000010132789611816406250000000000E-0002  0.870056494511586616800702331296776776        0.129943505488413383199297668703223248         0.00000000000000000000000000000000000        0.683022559859958444886526535977552353        0.167811590859605266884724425470909642        0.129098359310438402074632433326122454         1565.05875939653105242097127878832439         0.00000000000000000000000000000000000        -1.00000000000000000000000000000000000         9.11588829975081337633385176621729167         50.0000000000000000000000000000000000         3.11360585545199203029984863686543463         2.97028891593838985914665568598180253         2.94688347082993250589169188050818056         2.84061314556734648111988398340229609         1.98530120383897611587071481896724250       -0.794243998452563994181692927082615788        -5.65758321536566908280104824993108753         6009.62417268111839898359352701725759         16311.0096800776264645207465648211336      
   13.0000000000000000000000000000000000         1.00000000000000000000000000000000002E-0002   0.00000000000000000000000000000000000        0.668614458809231706125433871573613450        0.331385541190768293874566128426386550        0.724999999999999999999999999999999981        0.275000000000000000000000000000000019        0.512000024318695068359375000000000000        0.425000011920928955078125000000000000         6.30000010132789611816406250000000000E-0002  0.870056494511586616800702331296776776        0.129943505488413383199297668703223248         0.00000000000000000000000000000000000        0.683022559859958444886526535977552353        0.167811590859605266884724425470909642        0.129098359310438402074632433326122454         1565.05875939653105242097127878832439         0.00000000000000000000000000000000000        -1.00000000000000000000000000000000000         8.90735463861042906837441190194828188         50.0000000000000000000000000000000000         3.11612862062183828428259368543852320         2.97253481835073562567618687940078502         2.94904911286976475959721316933975147         2.84279148532724490302320080190764695         1.98557282049660630550661735021558012       -0.796382311114397384957312348455383420        -5.66553832633481991606271001714950124         6008.58376872111052090931443106447498         16317.8503839463727491459145791021903      
   13.0000000000000000000000000000000000         1.00000000000000000000000000000000002E-0002   0.00000000000000000000000000000000000        0.668614458809231706125433871573613450        0.331385541190768293874566128426386550        0.724999999999999999999999999999999981        0.275000000000000000000000000000000019        0.512000024318695068359375000000000000        0.425000011920928955078125000000000000         6.30000010132789611816406250000000000E-0002  0.870056494511586616800702331296776776        0.129943505488413383199297668703223248         0.00000000000000000000000000000000000        0.683022559859958444886526535977552353        0.167811590859605266884724425470909642        0.129098359310438402074632433326122454         1565.05875939653105242097127878832439         0.00000000000000000000000000000000000        -1.00000000000000000000000000000000000         8.70359136148514961248709424267566920         50.0000000000000000000000000000000000         3.11889630397918080013481537596421312         2.97505562304720621984667728081567414         2.95149847768899125867237356593455634         2.84517231095166621876959172594789373         1.98586821586279156357381113885570740       -0.798141877296853282703720468584381123        -5.67162163746942581110152912737561213         6008.17640774582868786852146116446923         16325.9939194736809902538608850649789      
   13.0000000000000000000000000000000000         1.00000000000000000000000000000000002E-0002   0.00000000000000000000000000000000000        0.668614458809231706125433871573613450        0.331385541190768293874566128426386550        0.724999999999999999999999999999999981        0.275000000000000000000000000000000019        0.512000024318695068359375000000000000        0.425000011920928955078125000000000000         6.30000010132789611816406250000000000E-0002  0.870056494511586616800702331296776776        0.129943505488413383199297668703223248         0.00000000000000000000000000000000000        0.683022559859958444886526535977552353        0.167811590859605266884724425470909642        0.129098359310438402074632433326122454         1565.05875939653105242097127878832439         0.00000000000000000000000000000000000        -1.00000000000000000000000000000000000         8.50448934180266470798049709451949022         50.0000000000000000000000000000000000         3.12154341418769580744155870455424720         2.97749271111494418450914974318624436         2.95393600246540464287261759499868203         2.84741567795023956991195921510861264         1.98615415082640528368163267836957626       -0.797468483740971930770888761527903271        -5.67403666099750303630187735766610427         6006.47098532612973457473096726757788         16331.8110750709021017814025080750799      
   13.0000000000000000000000000000000000         1.00000000000000000000000000000000002E-0002   0.00000000000000000000000000000000000        0.668614458809231706125433871573613450        0.331385541190768293874566128426386550        0.724999999999999999999999999999999981        0.275000000000000000000000000000000019        0.512000024318695068359375000000000000        0.425000011920928955078125000000000000         6.30000010132789611816406250000000000E-0002  0.870056494511586616800702331296776776        0.129943505488413383199297668703223248         0.00000000000000000000000000000000000        0.683022559859958444886526535977552353        0.167811590859605266884724425470909642        0.129098359310438402074632433326122454         1565.05875939653105242097127878832439         0.00000000000000000000000000000000000        -1.00000000000000000000000000000000000         8.30994194935337751456726063926032190         50.0000000000000000000000000000000000         3.12406698097326118487983294861863365         2.97955925255392061745180347464267320         2.95636054310193380661638780175062158         2.84953117810939720105010774560159114         1.98642113376783182470824253673295499       -0.784705015297145749472735539287363489        -5.67273292368335284114748098101462562         6005.42201295996601403036833608859816         16337.8743736353690117585877666464651      
   13.0000000000000000000000000000000000         1.00000000000000000000000000000000002E-0002   0.00000000000000000000000000000000000        0.668614458809231706125433871573613450        0.331385541190768293874566128426386550        0.724999999999999999999999999999999981        0.275000000000000000000000000000000019        0.512000024318695068359375000000000000        0.425000011920928955078125000000000000         6.30000010132789611816406250000000000E-0002  0.870056494511586616800702331296776776        0.129943505488413383199297668703223248         0.00000000000000000000000000000000000        0.683022559859958444886526535977552353        0.167811590859605266884724425470909642        0.129098359310438402074632433326122454         1565.05875939653105242097127878832439         0.00000000000000000000000000000000000        -1.00000000000000000000000000000000000         8.11984499318399449741818646840352723         50.0000000000000000000000000000000000         3.12648568359340426980564870812365663         2.98199727083552645330042308874780070         2.95841732068632114083182937972253700         2.85165744767058820779376377896282469         1.98667806254138257951545724398864096       -0.797046109226233725497405918205151492        -5.68102281351209329687153936810489646         6004.47459729355312383067010465364251         16343.6035802472906007279258372082042      
   13.0000000000000000000000000000000000         1.00000000000000000000000000000000002E-0002   0.00000000000000000000000000000000000        0.668614458809231706125433871573613450        0.331385541190768293874566128426386550        0.724999999999999999999999999999999981        0.275000000000000000000000000000000019        0.512000024318695068359375000000000000        0.425000011920928955078125000000000000         6.30000010132789611816406250000000000E-0002  0.870056494511586616800702331296776776        0.129943505488413383199297668703223248         0.00000000000000000000000000000000000        0.683022559859958444886526535977552353        0.167811590859605266884724425470909642        0.129098359310438402074632433326122454         1565.05875939653105242097127878832439         0.00000000000000000000000000000000000        -1.00000000000000000000000000000000000         7.93409666579747274310822975981993017         50.0000000000000000000000000000000000         3.12907133439367769416783716126425425         2.98432224984194849390073217403449105         2.96080873455231647786624914824403323         2.85388149143668232956756929950850199         1.98694846900412294146126671031966427       -0.794158535647096871260539845718521697        -5.68299457772313842453619484411140412         6003.49817145294946090612367257066392         16349.6275960973744269935127197965189      
   13.0000000000000000000000000000000000         1.00000000000000000000000000000000002E-0002   0.00000000000000000000000000000000000        0.668614458809231706125433871573613450        0.331385541190768293874566128426386550        0.724999999999999999999999999999999981        0.275000000000000000000000000000000019        0.512000024318695068359375000000000000        0.425000011920928955078125000000000000         6.30000010132789611816406250000000000E-0002  0.870056494511586616800702331296776776        0.129943505488413383199297668703223248         0.00000000000000000000000000000000000        0.683022559859958444886526535977552353        0.167811590859605266884724425470909642        0.129098359310438402074632433326122454         1565.05875939653105242097127878832439         0.00000000000000000000000000000000000        -1.00000000000000000000000000000000000         7.75259748862944071352137807868655583         50.0000000000000000000000000000000000         3.13202182123391140017469477336649566         2.98705117811168142267296984920633441         2.96360414069591031946414533103889600         2.85640515499181430617490652659304753         1.98725573699451710858309137131811464       -0.791166306383459676182619487764916591        -5.68286696004053439789731820275117784         6002.40178868195488581279748149859594         16356.3971724299496179552099343951248      
   13.0000000000000000000000000000000000         1.00000000000000000000000000000000002E-0002   0.00000000000000000000000000000000000        0.668614458809231706125433871573613450        0.331385541190768293874566128426386550        0.724999999999999999999999999999999981        0.275000000000000000000000000000000019        0.512000024318695068359375000000000000        0.425000011920928955078125000000000000         6.30000010132789611816406250000000000E-0002  0.870056494511586616800702331296776776        0.129943505488413383199297668703223248         0.00000000000000000000000000000000000        0.683022559859958444886526535977552353        0.167811590859605266884724425470909642        0.129098359310438402074632433326122454         1565.05875939653105242097127878832439         0.00000000000000000000000000000000000        -1.00000000000000000000000000000000000         7.57525025877189202733057124955859532         50.0000000000000000000000000000000000         3.13483298816202658624474976350064099         2.98945520432461484867400894432887924         2.96619986168719303169038526599585652         2.85878141111910993216005138469786445         1.98754194685459610486610938040439869       -0.784011318245899743738607276062257943        -5.68515724961682041203348790223192103         6002.29803090373032396758589516896215         16363.0847952470863602285984371584822      
   13.0000000000000000000000000000000000         1.00000000000000000000000000000000002E-0002   0.00000000000000000000000000000000000        0.668614458809231706125433871573613450        0.331385541190768293874566128426386550        0.724999999999999999999999999999999981        0.275000000000000000000000000000000019        0.512000024318695068359375000000000000        0.425000011920928955078125000000000000         6.30000010132789611816406250000000000E-0002  0.870056494511586616800702331296776776        0.129943505488413383199297668703223248         0.00000000000000000000000000000000000        0.683022559859958444886526535977552353        0.167811590859605266884724425470909642        0.129098359310438402074632433326122454         1565.05875939653105242097127878832439         0.00000000000000000000000000000000000        -1.00000000000000000000000000000000000         7.40195999691561984277348282272769309         50.0000000000000000000000000000000000         3.13754568445849576766626730811072119         2.99199083812116124501755178549946912         2.96852928821204687565487710051306197         2.86075705445676815893438810794607661         1.98782665510307086522202530386872472       -0.790342544447163719214860444876348833        -5.69360716492199136106724169913263334         6000.45299237097767552202872082370137         16369.1195658687828071674031102434812      
   13.0000000000000000000000000000000000         1.00000000000000000000000000000000002E-0002   0.00000000000000000000000000000000000        0.668614458809231706125433871573613450        0.331385541190768293874566128426386550        0.724999999999999999999999999999999981        0.275000000000000000000000000000000019        0.512000024318695068359375000000000000        0.425000011920928955078125000000000000         6.30000010132789611816406250000000000E-0002  0.870056494511586616800702331296776776        0.129943505488413383199297668703223248         0.00000000000000000000000000000000000        0.683022559859958444886526535977552353        0.167811590859605266884724425470909642        0.129098359310438402074632433326122454         1565.05875939653105242097127878832439         0.00000000000000000000000000000000000        -1.00000000000000000000000000000000000         7.23263389648351211884783009858823637         50.0000000000000000000000000000000000         3.14013617659799319557423789291436382         2.99438490863047084722475662720187900         2.97102375351489162670283339792483892         2.86296995774254029982216623064854799         1.98808911564233747552374828781034493       -0.786299843208645948124952728247521028        -5.69205893702572609548802643380205594         5999.44337319767466235382211935613498         16374.9676137075646641855146610246883      
   13.0000000000000000000000000000000000         1.00000000000000000000000000000000002E-0002   0.00000000000000000000000000000000000        0.668614458809231706125433871573613450        0.331385541190768293874566128426386550        0.724999999999999999999999999999999981        0.275000000000000000000000000000000019        0.512000024318695068359375000000000000        0.425000011920928955078125000000000000         6.30000010132789611816406250000000000E-0002  0.870056494511586616800702331296776776        0.129943505488413383199297668703223248         0.00000000000000000000000000000000000        0.683022559859958444886526535977552353        0.167811590859605266884724425470909642        0.129098359310438402074632433326122454         1565.05875939653105242097127878832439         0.00000000000000000000000000000000000        -1.00000000000000000000000000000000000         7.06718127392746580430989518733153917         50.0000000000000000000000000000000000         3.14262818712757936188536852254464356         2.99655344214674161115313589795712067         2.97315973043789939419866318629194915         2.86513745519231012994496338421259882         1.98834392038215555612088690210730336       -0.786829966427558646440865369228161260        -5.69994457259516107241407929127563834         5998.55469948302112804588069276398587         16380.5785097030827231511555791839791      
   13.0000000000000000000000000000000000         1.00000000000000000000000000000000002E-0002   0.00000000000000000000000000000000000        0.668614458809231706125433871573613450        0.331385541190768293874566128426386550        0.724999999999999999999999999999999981        0.275000000000000000000000000000000019        0.512000024318695068359375000000000000        0.425000011920928955078125000000000000         6.30000010132789611816406250000000000E-0002  0.870056494511586616800702331296776776        0.129943505488413383199297668703223248         0.00000000000000000000000000000000000        0.683022559859958444886526535977552353        0.167811590859605266884724425470909642        0.129098359310438402074632433326122454         1565.05875939653105242097127878832439         0.00000000000000000000000000000000000        -1.00000000000000000000000000000000000         6.90551352016230118653965512042135526         50.0000000000000000000000000000000000         3.14554518475679756175107797787116695         2.99918581349014879713180526704932632         2.97578882862537814601353803048985019         2.86752788878831075296726429930933150         1.98862760931716703488818345166156143       -0.786244798008014027578600461158326503        -5.70458341998131184958750498901906944         5997.32664203409985107369255917147517         16387.6686814271722542784229214343795      
   13.0000000000000000000000000000000000         1.00000000000000000000000000000000002E-0002   0.00000000000000000000000000000000000        0.668614458809231706125433871573613450        0.331385541190768293874566128426386550        0.724999999999999999999999999999999981        0.275000000000000000000000000000000019        0.512000024318695068359375000000000000        0.425000011920928955078125000000000000         6.30000010132789611816406250000000000E-0002  0.870056494511586616800702331296776776        0.129943505488413383199297668703223248         0.00000000000000000000000000000000000        0.683022559859958444886526535977552353        0.167811590859605266884724425470909642        0.129098359310438402074632433326122454         1565.05875939653105242097127878832439         0.00000000000000000000000000000000000        -1.00000000000000000000000000000000000         6.74754405311066655918433353109062398         50.0000000000000000000000000000000000         3.14875295009675958519839889409194433         3.00212049418631393626201021710695298         2.97885188143132770809478479922864800         2.87046312060362547032454066871282507         1.98896053037262412515171213349000669       -0.781126879789865305468522793436958047        -5.70357558643684624503095138682600073         5996.44068503192719106089334568607572         16394.0340750798424428636717130117260      
   13.0000000000000000000000000000000000         1.00000000000000000000000000000000002E-0002   0.00000000000000000000000000000000000        0.668614458809231706125433871573613450        0.331385541190768293874566128426386550        0.724999999999999999999999999999999981        0.275000000000000000000000000000000019        0.512000024318695068359375000000000000        0.425000011920928955078125000000000000         6.30000010132789611816406250000000000E-0002  0.870056494511586616800702331296776776        0.129943505488413383199297668703223248         0.00000000000000000000000000000000000        0.683022559859958444886526535977552353        0.167811590859605266884724425470909642        0.129098359310438402074632433326122454         1565.05875939653105242097127878832439         0.00000000000000000000000000000000000        -1.00000000000000000000000000000000000         6.59318827133351836462350796202936522         50.0000000000000000000000000000000000         3.15181343473164415822202738471767104         3.00493602673406474170188246663937332         2.98155425173299654571466409377568295         2.87290948109347377241390878186823476         1.98926595011088897256986328520123353       -0.784214306597902390770737085251893251        -5.71041707189081942431853868594604644         5995.42243508446023569651079151951795         16400.6852729778359061576744518300935      
   13.0000000000000000000000000000000000         1.00000000000000000000000000000000002E-0002   0.00000000000000000000000000000000000        0.668614458809231706125433871573613450        0.331385541190768293874566128426386550        0.724999999999999999999999999999999981        0.275000000000000000000000000000000019        0.512000024318695068359375000000000000        0.425000011920928955078125000000000000         6.30000010132789611816406250000000000E-0002  0.870056494511586616800702331296776776        0.129943505488413383199297668703223248         0.00000000000000000000000000000000000        0.683022559859958444886526535977552353        0.167811590859605266884724425470909642        0.129098359310438402074632433326122454         1565.05875939653105242097127878832439         0.00000000000000000000000000000000000        -1.00000000000000000000000000000000000         6.44236350872134335336720496382489181         50.0000000000000000000000000000000000         3.15475216009245665224558390091402987         3.00762283179764675343054535345977299         2.98419251522904149905160195934212272         2.87542206650104350231223536430042774         1.98955524791800340989500809996248355       -0.785147621979305865787750189306592972        -5.71543705685906227405711409056859170         5994.44676952877511447815414717644872         16407.0562275750098525495182870609419      
   13.0000000000000000000000000000000000         1.00000000000000000000000000000000002E-0002   0.00000000000000000000000000000000000        0.668614458809231706125433871573613450        0.331385541190768293874566128426386550        0.724999999999999999999999999999999981        0.275000000000000000000000000000000019        0.512000024318695068359375000000000000        0.425000011920928955078125000000000000         6.30000010132789611816406250000000000E-0002  0.870056494511586616800702331296776776        0.129943505488413383199297668703223248         0.00000000000000000000000000000000000        0.683022559859958444886526535977552353        0.167811590859605266884724425470909642        0.129098359310438402074632433326122454         1565.05875939653105242097127878832439         0.00000000000000000000000000000000000        -1.00000000000000000000000000000000000         6.29498899022185738886827777188826888         50.0000000000000000000000000000000000         3.15758290776480965553573206939145868         3.01010661460599287418533008447778508         2.98673562835486277508920220228725892         2.87783894758355245930255986554505057         1.98983460381902963168744034242234353       -0.782492632734393592091239956544100688        -5.72020093737094619944369479245069285         5993.51770405628419316809629537082345         16413.3182900136258915051829586124236      
   13.0000000000000000000000000000000000         1.00000000000000000000000000000000002E-0002   0.00000000000000000000000000000000000        0.668614458809231706125433871573613450        0.331385541190768293874566128426386550        0.724999999999999999999999999999999981        0.275000000000000000000000000000000019        0.512000024318695068359375000000000000        0.425000011920928955078125000000000000         6.30000010132789611816406250000000000E-0002  0.870056494511586616800702331296776776        0.129943505488413383199297668703223248         0.00000000000000000000000000000000000        0.683022559859958444886526535977552353        0.167811590859605266884724425470909642        0.129098359310438402074632433326122454         1565.05875939653105242097127878832439         0.00000000000000000000000000000000000        -1.00000000000000000000000000000000000         6.15098578858047061714364793808538469         50.0000000000000000000000000000000000         3.16031296477130709028934017459640390         3.01258786394290675522692503349985754         2.98924333377178641627387250738987683         2.88030193204741415455597914174067562         1.99010155352340078036498917043428555       -0.780951149321943275363694900289342576        -5.72284059537124901150981526781215876         5992.63727693358045872209661591735851         16418.9713784821626689436909350865362      
   13.0000000000000000000000000000000000         1.00000000000000000000000000000000002E-0002   0.00000000000000000000000000000000000        0.668614458809231706125433871573613450        0.331385541190768293874566128426386550        0.724999999999999999999999999999999981        0.275000000000000000000000000000000019        0.512000024318695068359375000000000000        0.425000011920928955078125000000000000         6.30000010132789611816406250000000000E-0002  0.870056494511586616800702331296776776        0.129943505488413383199297668703223248         0.00000000000000000000000000000000000        0.683022559859958444886526535977552353        0.167811590859605266884724425470909642        0.129098359310438402074632433326122454         1565.05875939653105242097127878832439         0.00000000000000000000000000000000000        -1.00000000000000000000000000000000000         6.01027678207035111333777222660856267         50.0000000000000000000000000000000000         3.16294541833314588264907943127716518         3.01515998785101828787403950451118791         2.99164837709951649478671666179186532         2.88241732065523218809312228174997318         1.99035750000046802806250974339290136       -0.785908228101891159065029617056975261        -5.72584139716668417836778823274287126         5991.79881822683422519839225065101653         16424.5119027640504457799470820131849      
   13.0000000000000000000000000000000000         1.00000000000000000000000000000000002E-0002   0.00000000000000000000000000000000000        0.668614458809231706125433871573613450        0.331385541190768293874566128426386550        0.724999999999999999999999999999999981        0.275000000000000000000000000000000019        0.512000024318695068359375000000000000        0.425000011920928955078125000000000000         6.30000010132789611816406250000000000E-0002  0.870056494511586616800702331296776776        0.129943505488413383199297668703223248         0.00000000000000000000000000000000000        0.683022559859958444886526535977552353        0.167811590859605266884724425470909642        0.129098359310438402074632433326122454         1565.05875939653105242097127878832439         0.00000000000000000000000000000000000        -1.00000000000000000000000000000000000         5.87278661318944910240745976624632864         50.0000000000000000000000000000000000         3.16651062758260782929784665168175364         3.01827991339066156806973764283705723         2.99495366823988618501337935577946578         2.88540198637154004203971246809318560         1.99069912404409505397979745798810508       -0.778851619580614681456615848039137062        -5.72820077859650154583912098898545637         5990.88452025344153035625515238436220         16432.4176932620488462992160191797623      
   13.0000000000000000000000000000000000         1.00000000000000000000000000000000002E-0002   0.00000000000000000000000000000000000        0.668614458809231706125433871573613450        0.331385541190768293874566128426386550        0.724999999999999999999999999999999981        0.275000000000000000000000000000000019        0.512000024318695068359375000000000000        0.425000011920928955078125000000000000         6.30000010132789611816406250000000000E-0002  0.870056494511586616800702331296776776        0.129943505488413383199297668703223248         0.00000000000000000000000000000000000        0.683022559859958444886526535977552353        0.167811590859605266884724425470909642        0.129098359310438402074632433326122454         1565.05875939653105242097127878832439         0.00000000000000000000000000000000000        -1.00000000000000000000000000000000000         5.73844164830236171229639231208687684         50.0000000000000000000000000000000000         3.17003572003727738187380226067062026         3.02135035625622727890538353877096551         2.99805353320274243786841922022573847         2.88828215283126333629591764743299170         1.99103800496072236115495315518478712       -0.777064945488063125344497191823500589        -5.73646150510230739440753037477765548         5989.63849002284468184769367306385667         16439.1349123829014597580394179931639      
   13.0000000000000000000000000000000000         1.00000000000000000000000000000000002E-0002   0.00000000000000000000000000000000000        0.668614458809231706125433871573613450        0.331385541190768293874566128426386550        0.724999999999999999999999999999999981        0.275000000000000000000000000000000019        0.512000024318695068359375000000000000        0.425000011920928955078125000000000000         6.30000010132789611816406250000000000E-0002  0.870056494511586616800702331296776776        0.129943505488413383199297668703223248         0.00000000000000000000000000000000000        0.683022559859958444886526535977552353        0.167811590859605266884724425470909642        0.129098359310438402074632433326122454         1565.05875939653105242097127878832439         0.00000000000000000000000000000000000        -1.00000000000000000000000000000000000         5.60716993820542423264387319021895089         50.0000000000000000000000000000000000         3.17343297299679082445169942731998272         3.02464122168986134067049087420119333         3.00124684704367780152031867363190064         2.89136476177784966569170738039342445         1.99136013725105564931790420534932325       -0.779488520553640275137658916477808112        -5.73715308098438330806688048110751559         5988.59500264431590312307501849792731         16446.0639110061750227460318623205052      
   13.0000000000000000000000000000000000         1.00000000000000000000000000000000002E-0002   0.00000000000000000000000000000000000        0.668614458809231706125433871573613450        0.331385541190768293874566128426386550        0.724999999999999999999999999999999981        0.275000000000000000000000000000000019        0.512000024318695068359375000000000000        0.425000011920928955078125000000000000         6.30000010132789611816406250000000000E-0002  0.870056494511586616800702331296776776        0.129943505488413383199297668703223248         0.00000000000000000000000000000000000        0.683022559859958444886526535977552353        0.167811590859605266884724425470909642        0.129098359310438402074632433326122454         1565.05875939653105242097127878832439         0.00000000000000000000000000000000000        -1.00000000000000000000000000000000000         5.47890117959390829123446187833276332         50.0000000000000000000000000000000000         3.17671903317388892929134013905313316         3.02747147375249157433416813537696811         3.00428609313525662224685243656929771         2.89412686397256249223927641171999085         1.99167108829425689138325603018693592       -0.771743432498428104533598667601785130        -5.73956456519366399376830287215211543         5987.62125624974869531158513373030736         16452.7185730335638785906303467632988      
   13.0000000000000000000000000000000000         1.00000000000000000000000000000000002E-0002   0.00000000000000000000000000000000000        0.668614458809231706125433871573613450        0.331385541190768293874566128426386550        0.724999999999999999999999999999999981        0.275000000000000000000000000000000019        0.512000024318695068359375000000000000        0.425000011920928955078125000000000000         6.30000010132789611816406250000000000E-0002  0.870056494511586616800702331296776776        0.129943505488413383199297668703223248         0.00000000000000000000000000000000000        0.683022559859958444886526535977552353        0.167811590859605266884724425470909642        0.129098359310438402074632433326122454         1565.05875939653105242097127878832439         0.00000000000000000000000000000000000        -1.00000000000000000000000000000000000         5.35356667741069048884292318050274655         50.0000000000000000000000000000000000         3.17989518909866487383525133863266000         3.03053033145845200923233068484150620         3.00709774892983446950864596966379566         2.89659250840959008900966968293662764         1.99196736103452232979183113969685869       -0.779242461837388689783053870803384643        -5.74631936159459842655070296437543621         5986.69724664125536799947464371688156         16459.0358102049310054232023559825652      
   13.0000000000000000000000000000000000         1.00000000000000000000000000000000002E-0002   0.00000000000000000000000000000000000        0.668614458809231706125433871573613450        0.331385541190768293874566128426386550        0.724999999999999999999999999999999981        0.275000000000000000000000000000000019        0.512000024318695068359375000000000000        0.425000011920928955078125000000000000         6.30000010132789611816406250000000000E-0002  0.870056494511586616800702331296776776        0.129943505488413383199297668703223248         0.00000000000000000000000000000000000        0.683022559859958444886526535977552353        0.167811590859605266884724425470909642        0.129098359310438402074632433326122454         1565.05875939653105242097127878832439         0.00000000000000000000000000000000000        -1.00000000000000000000000000000000000         5.23109930805622710960449768432693219         50.0000000000000000000000000000000000         3.18296999850474606799319583382182809         3.03330378026020227620652541327440242         3.00987015576343508050116050685261270         2.89924211684207497042929226726935959         1.99225189304243291992102554147271754       -0.778559315985622667653607914735726657        -5.75107342786371046754816431374505501         5986.44519115291093283191466046362143         16465.9566837980504066760655278751071      
   13.0000000000000000000000000000000000         1.00000000000000000000000000000000002E-0002   0.00000000000000000000000000000000000        0.668614458809231706125433871573613450        0.331385541190768293874566128426386550        0.724999999999999999999999999999999981        0.275000000000000000000000000000000019        0.512000024318695068359375000000000000        0.425000011920928955078125000000000000         6.30000010132789611816406250000000000E-0002  0.870056494511586616800702331296776776        0.129943505488413383199297668703223248         0.00000000000000000000000000000000000        0.683022559859958444886526535977552353        0.167811590859605266884724425470909642        0.129098359310438402074632433326122454         1565.05875939653105242097127878832439         0.00000000000000000000000000000000000        -1.00000000000000000000000000000000000         5.11143348344013180136710269857306742         50.0000000000000000000000000000000000         3.18595836912466399153601099296033033         3.03584865749688663583353618679132294         3.01252096150918398080876238224771467         2.90200288147276676962613184003375667         1.99252963801050715408424614375824434       -0.774357964168859050043606259039373075        -5.75721828433661735053446123199246694         5985.01944697350305930362551886006463         16471.3167686185657346717756874143298      
   13.0000000000000000000000000000000000         1.00000000000000000000000000000000002E-0002   0.00000000000000000000000000000000000        0.668614458809231706125433871573613450        0.331385541190768293874566128426386550        0.724999999999999999999999999999999981        0.275000000000000000000000000000000019        0.512000024318695068359375000000000000        0.425000011920928955078125000000000000         6.30000010132789611816406250000000000E-0002  0.870056494511586616800702331296776776        0.129943505488413383199297668703223248         0.00000000000000000000000000000000000        0.683022559859958444886526535977552353        0.167811590859605266884724425470909642        0.129098359310438402074632433326122454         1565.05875939653105242097127878832439         0.00000000000000000000000000000000000        -1.00000000000000000000000000000000000         4.99450511585510384569937407311687626         50.0000000000000000000000000000000000         3.18894397613369543070885947363272608         3.03864619832708080842085639824478517         3.01540480616815806709458904855065957         2.90452447349567283624478260671678916         1.99280934453851603364599899612821537       -0.770755293331805286078440903374877587        -5.75508699895133484632450599397960276         5984.14774066038751198278045479021810         16476.9387614466194580272317301900484      
   13.0000000000000000000000000000000000         1.00000000000000000000000000000000002E-0002   0.00000000000000000000000000000000000        0.668614458809231706125433871573613450        0.331385541190768293874566128426386550        0.724999999999999999999999999999999981        0.275000000000000000000000000000000019        0.512000024318695068359375000000000000        0.425000011920928955078125000000000000         6.30000010132789611816406250000000000E-0002  0.870056494511586616800702331296776776        0.129943505488413383199297668703223248         0.00000000000000000000000000000000000        0.683022559859958444886526535977552353        0.167811590859605266884724425470909642        0.129098359310438402074632433326122454         1565.05875939653105242097127878832439         0.00000000000000000000000000000000000        -1.00000000000000000000000000000000000         4.88025158365439505172489146253356883         50.0000000000000000000000000000000000         3.19331374289625505484655951725896562         3.04255445919000942424479290874634605         3.01920018162486320064145285428910132         2.90807880701832356215735312262465785         1.99320024643030225518308884457028724       -0.773525310023580334216831760533465156        -5.76687701368936695623201041864795235         5982.97510281065743070826499515283074         16485.1426917942845575126984901986374      
   13.0000000000000000000000000000000000         1.00000000000000000000000000000000002E-0002   0.00000000000000000000000000000000000        0.668614458809231706125433871573613450        0.331385541190768293874566128426386550        0.724999999999999999999999999999999981        0.275000000000000000000000000000000019        0.512000024318695068359375000000000000        0.425000011920928955078125000000000000         6.30000010132789611816406250000000000E-0002  0.870056494511586616800702331296776776        0.129943505488413383199297668703223248         0.00000000000000000000000000000000000        0.683022559859958444886526535977552353        0.167811590859605266884724425470909642        0.129098359310438402074632433326122454         1565.05875939653105242097127878832439         0.00000000000000000000000000000000000        -1.00000000000000000000000000000000000         4.76861169771443364759496025755659720         50.0000000000000000000000000000000000         3.19755418729067153198675282202614854         3.04649525183028372031324902056675823         3.02307987800687438064739386362659212         2.91151697988034592175943952703511771         1.99358014350095793839202470263958604       -0.774553593299266897622269786511100012        -5.77140916960581888747306402131095889         5981.84365342348157586472954220346915         16493.1775341425788933398274718961563      
   13.0000000000000000000000000000000000         1.00000000000000000000000000000000002E-0002   0.00000000000000000000000000000000000        0.668614458809231706125433871573613450        0.331385541190768293874566128426386550        0.724999999999999999999999999999999981        0.275000000000000000000000000000000019        0.512000024318695068359375000000000000        0.425000011920928955078125000000000000         6.30000010132789611816406250000000000E-0002  0.870056494511586616800702331296776776        0.129943505488413383199297668703223248         0.00000000000000000000000000000000000        0.683022559859958444886526535977552353        0.167811590859605266884724425470909642        0.129098359310438402074632433326122454         1565.05875939653105242097127878832439         0.00000000000000000000000000000000000        -1.00000000000000000000000000000000000         4.65952566866464403867077502414716331         50.0000000000000000000000000000000000         3.20165688618648308528735604791179482         3.04995668458934352554134987600692063         3.02717387889795051897527457687699426         2.91517382017575293573901222250873941         1.99394341264570429188635361464204972       -0.752609747666266808049126271024857731        -5.76389114959109976242858788355834126         5980.75678389875522115893320951846706         16501.1840101829464650397194660245071      
   13.0000000000000000000000000000000000         1.00000000000000000000000000000000002E-0002   0.00000000000000000000000000000000000        0.668614458809231706125433871573613450        0.331385541190768293874566128426386550        0.724999999999999999999999999999999981        0.275000000000000000000000000000000019        0.512000024318695068359375000000000000        0.425000011920928955078125000000000000         6.30000010132789611816406250000000000E-0002  0.870056494511586616800702331296776776        0.129943505488413383199297668703223248         0.00000000000000000000000000000000000        0.683022559859958444886526535977552353        0.167811590859605266884724425470909642        0.129098359310438402074632433326122454         1565.05875939653105242097127878832439         0.00000000000000000000000000000000000        -1.00000000000000000000000000000000000         4.55293507486691217755926915842797549         50.0000000000000000000000000000000000         3.20564351619495458928841027500902811         3.05381545253134934215913059938889585         3.03073137639905830643654090699688114         2.91852600345076070424972320225083695         1.99430171783913796681978785423307587       -0.761666847548799088952080880813602585        -5.77128481784871624327464237265276671         5979.76766705903154356174224713912069         16508.3873092364925183052107645848901      
   13.0000000000000000000000000000000000         1.00000000000000000000000000000000002E-0002   0.00000000000000000000000000000000000        0.668614458809231706125433871573613450        0.331385541190768293874566128426386550        0.724999999999999999999999999999999981        0.275000000000000000000000000000000019        0.512000024318695068359375000000000000        0.425000011920928955078125000000000000         6.30000010132789611816406250000000000E-0002  0.870056494511586616800702331296776776        0.129943505488413383199297668703223248         0.00000000000000000000000000000000000        0.683022559859958444886526535977552353        0.167811590859605266884724425470909642        0.129098359310438402074632433326122454         1565.05875939653105242097127878832439         0.00000000000000000000000000000000000        -1.00000000000000000000000000000000000         4.44878283112754776808246212271657684         50.0000000000000000000000000000000000         3.20947983358109552539739998376102344         3.05725805097389744960891978943445420         3.03415598062759445976830286557370899         2.92172561267414047262034513904210027         1.99463237473200100694099989871065496       -0.761400221142371337022159128775855659        -5.77834014048402755618553903687991119         5978.80243929607431748424964366330604         16515.8309980570494863894475924585032      
   13.0000000000000000000000000000000000         1.00000000000000000000000000000000002E-0002   0.00000000000000000000000000000000000        0.668614458809231706125433871573613450        0.331385541190768293874566128426386550        0.724999999999999999999999999999999981        0.275000000000000000000000000000000019        0.512000024318695068359375000000000000        0.425000011920928955078125000000000000         6.30000010132789611816406250000000000E-0002  0.870056494511586616800702331296776776        0.129943505488413383199297668703223248         0.00000000000000000000000000000000000        0.683022559859958444886526535977552353        0.167811590859605266884724425470909642        0.129098359310438402074632433326122454         1565.05875939653105242097127878832439         0.00000000000000000000000000000000000        -1.00000000000000000000000000000000000         4.34701315812498681807088625517953737         50.0000000000000000000000000000000000         3.21319932199166861792950457190369282         3.06067215708410579226499552728064581         3.03746851248500226077884433593825929         2.92497077698928465266051834354519673         1.99495321057637531440429021698054902       -0.763913913962527086536881906258558600        -5.78543641800250733685385064080969444         5977.88491625159410775241633171837449         16523.2527019871906121129443522458893      
   13.0000000000000000000000000000000000         1.00000000000000000000000000000000002E-0002   0.00000000000000000000000000000000000        0.668614458809231706125433871573613450        0.331385541190768293874566128426386550        0.724999999999999999999999999999999981        0.275000000000000000000000000000000019        0.512000024318695068359375000000000000        0.425000011920928955078125000000000000         6.30000010132789611816406250000000000E-0002  0.870056494511586616800702331296776776        0.129943505488413383199297668703223248         0.00000000000000000000000000000000000        0.683022559859958444886526535977552353        0.167811590859605266884724425470909642        0.129098359310438402074632433326122454         1565.05875939653105242097127878832439         0.00000000000000000000000000000000000        -1.00000000000000000000000000000000000         4.24757155253686137465233712326157414         50.0000000000000000000000000000000000         3.21680212288696796274118407720068564         3.06389093347760459199551560166915827         3.04068387594801986697980511262852703         2.92802236937426335004567067969117368         1.99526395227271862969978806701508917       -0.763218357329213098806354190859176383        -5.79206040891173576462051554455259448         5977.00069024313607745877168164424705         16530.6737765539348183074859040527603      
   13.0000000000000000000000000000000000         1.00000000000000000000000000000000002E-0002   0.00000000000000000000000000000000000        0.668614458809231706125433871573613450        0.331385541190768293874566128426386550        0.724999999999999999999999999999999981        0.275000000000000000000000000000000019        0.512000024318695068359375000000000000        0.425000011920928955078125000000000000         6.30000010132789611816406250000000000E-0002  0.870056494511586616800702331296776776        0.129943505488413383199297668703223248         0.00000000000000000000000000000000000        0.683022559859958444886526535977552353        0.167811590859605266884724425470909642        0.129098359310438402074632433326122454         1565.05875939653105242097127878832439         0.00000000000000000000000000000000000        -1.00000000000000000000000000000000000         4.15040475785043782574627965992509152         50.0000000000000000000000000000000000         3.22028177224390604442866707052416647         3.06704864251542203234573857534839036         3.04378301203599728718693033517646217         2.93092125704541151809931467084166285         1.99555630961642950173504426343054039       -0.764365606464906384604361740758752217        -5.79866434335107575615362296717457663         5976.18101103085098205183679732767329         16537.9103898278569679618584991447127      
   13.0000000000000000000000000000000000         1.00000000000000000000000000000000002E-0002   0.00000000000000000000000000000000000        0.668614458809231706125433871573613450        0.331385541190768293874566128426386550        0.724999999999999999999999999999999981        0.275000000000000000000000000000000019        0.512000024318695068359375000000000000        0.425000011920928955078125000000000000         6.30000010132789611816406250000000000E-0002  0.870056494511586616800702331296776776        0.129943505488413383199297668703223248         0.00000000000000000000000000000000000        0.683022559859958444886526535977552353        0.167811590859605266884724425470909642        0.129098359310438402074632433326122454         1565.05875939653105242097127878832439         0.00000000000000000000000000000000000        -1.00000000000000000000000000000000000         4.05546073584079113336414281636270935         50.0000000000000000000000000000000000         3.22364482661336396454984112227073785         3.07014930013111729623601583261623016         3.04678442941623142027399937804194175         2.93381004157998009782819799264381048         1.99583728336432137149063496878658643       -0.766869834613229302339753429403916905        -5.80482148620600861549946550795277413         5975.38356823814325448635030623083563         16545.3312537355383216768552061647392      
   13.0000000000000000000000000000000000         1.00000000000000000000000000000000002E-0002   0.00000000000000000000000000000000000        0.668614458809231706125433871573613450        0.331385541190768293874566128426386550        0.724999999999999999999999999999999981        0.275000000000000000000000000000000019        0.512000024318695068359375000000000000        0.425000011920928955078125000000000000         6.30000010132789611816406250000000000E-0002  0.870056494511586616800702331296776776        0.129943505488413383199297668703223248         0.00000000000000000000000000000000000        0.683022559859958444886526535977552353        0.167811590859605266884724425470909642        0.129098359310438402074632433326122454         1565.05875939653105242097127878832439         0.00000000000000000000000000000000000        -1.00000000000000000000000000000000000         3.96268863870143997406011349695922043         50.0000000000000000000000000000000000         3.22764285045603867994989419040153639         3.07373894104389397952962190614615374         3.05058040356818524862726507666699673         2.93722824491161501434661009949849629         1.99616665114343086465840007605694005       -0.759151846927908757480830650625521550        -5.80422160585402214558610997484938881         5974.46964255137198320881970486061506         16554.4071896378540513091903373003651      
   13.0000000000000000000000000000000000         1.00000000000000000000000000000000002E-0002   0.00000000000000000000000000000000000        0.668614458809231706125433871573613450        0.331385541190768293874566128426386550        0.724999999999999999999999999999999981        0.275000000000000000000000000000000019        0.512000024318695068359375000000000000        0.425000011920928955078125000000000000         6.30000010132789611816406250000000000E-0002  0.870056494511586616800702331296776776        0.129943505488413383199297668703223248         0.00000000000000000000000000000000000        0.683022559859958444886526535977552353        0.167811590859605266884724425470909642        0.129098359310438402074632433326122454         1565.05875939653105242097127878832439         0.00000000000000000000000000000000000        -1.00000000000000000000000000000000000         3.87203878181251719099581166930389798         50.0000000000000000000000000000000000         3.23256790993100856701828543775009780         3.07811017429633118691824964395762603         3.05496989927182359797038608291864000         2.94134946322473254238716963265650021         1.99657245072953222852151317409746092       -0.757463274188831050824674253473985705        -5.81341278359295353746680612033021028         5973.37185280524940249043351172602373         16566.3319769656531204243153091322063      
   13.0000000000000000000000000000000000         1.00000000000000000000000000000000002E-0002   0.00000000000000000000000000000000000        0.668614458809231706125433871573613450        0.331385541190768293874566128426386550        0.724999999999999999999999999999999981        0.275000000000000000000000000000000019        0.512000024318695068359375000000000000        0.425000011920928955078125000000000000         6.30000010132789611816406250000000000E-0002  0.870056494511586616800702331296776776        0.129943505488413383199297668703223248         0.00000000000000000000000000000000000        0.683022559859958444886526535977552353        0.167811590859605266884724425470909642        0.129098359310438402074632433326122454         1565.05875939653105242097127878832439         0.00000000000000000000000000000000000        -1.00000000000000000000000000000000000         3.78346261713189139771412813806445239         50.0000000000000000000000000000000000         3.23728882419808218953912470685767910         3.08243618109057854433346130127080439         3.05916931954684873305756256351205729         2.94535536175595259451754036105748392         1.99695483286386615866503991182678402       -0.760561417606538528428303194610527381        -5.82247943953681177180758783222934477         5972.31276088056059319468119008349112         16579.1299680901836997065977207781296      
   13.0000000000000000000000000000000000         1.00000000000000000000000000000000002E-0002   0.00000000000000000000000000000000000        0.668614458809231706125433871573613450        0.331385541190768293874566128426386550        0.724999999999999999999999999999999981        0.275000000000000000000000000000000019        0.512000024318695068359375000000000000        0.425000011920928955078125000000000000         6.30000010132789611816406250000000000E-0002  0.870056494511586616800702331296776776        0.129943505488413383199297668703223248         0.00000000000000000000000000000000000        0.683022559859958444886526535977552353        0.167811590859605266884724425470909642        0.129098359310438402074632433326122454         1565.05875939653105242097127878832439         0.00000000000000000000000000000000000        -1.00000000000000000000000000000000000         3.69691270719498919872031293246830516         50.0000000000000000000000000000000000         3.24181172030910119565597764175418971         3.08637409058736408211712926154141895         3.06343936545766835639758378160031243         2.94914594513551175639793266411697145         1.99731558876091993161079597997494135       -0.748659346364093901170589595421754852        -5.82261744308376613510394612828024591         5971.30234207781333356936050133767202         16593.1826120600991123208388583884926      
   13.0000000000000000000000000000000000         1.00000000000000000000000000000000002E-0002   0.00000000000000000000000000000000000        0.668614458809231706125433871573613450        0.331385541190768293874566128426386550        0.724999999999999999999999999999999981        0.275000000000000000000000000000000019        0.512000024318695068359375000000000000        0.425000011920928955078125000000000000         6.30000010132789611816406250000000000E-0002  0.870056494511586616800702331296776776        0.129943505488413383199297668703223248         0.00000000000000000000000000000000000        0.683022559859958444886526535977552353        0.167811590859605266884724425470909642        0.129098359310438402074632433326122454         1565.05875939653105242097127878832439         0.00000000000000000000000000000000000        -1.00000000000000000000000000000000000         3.61234269970939348501686751535276268         50.0000000000000000000000000000000000         3.24614764578811212692981004734443418         3.09052037866993767546955143226281401         3.06729965109300677111886688217014463         2.95256457184569373691856481597420157         1.99765619972114150556822724255893531       -0.757041379007635945120635511483422877        -5.83079630421417605533693380022668349         5970.33306409021712101101848608245936         16609.6883999215091478462647078122224      
   13.0000000000000000000000000000000000         1.00000000000000000000000000000000002E-0002   0.00000000000000000000000000000000000        0.668614458809231706125433871573613450        0.331385541190768293874566128426386550        0.724999999999999999999999999999999981        0.275000000000000000000000000000000019        0.512000024318695068359375000000000000        0.425000011920928955078125000000000000         6.30000010132789611816406250000000000E-0002  0.870056494511586616800702331296776776        0.129943505488413383199297668703223248         0.00000000000000000000000000000000000        0.683022559859958444886526535977552353        0.167811590859605266884724425470909642        0.129098359310438402074632433326122454         1565.05875939653105242097127878832439         0.00000000000000000000000000000000000        -1.00000000000000000000000000000000000         3.52970730273061179842033381716146227         50.0000000000000000000000000000000000         3.25030487294347500722683893649516194         3.09425429975495626317920351738068478         3.07100860819992048528452300282989787         2.95604453922132187603498778111063427         1.99798389720581552863395100010350432       -0.756939967311302952841454487483910701        -5.83835109627548338340664522468794756         5969.37233123944348898634435567934124         16631.1519679638663989048106242564766      
   13.0000000000000000000000000000000000         1.00000000000000000000000000000000002E-0002   0.00000000000000000000000000000000000        0.668614458809231706125433871573613450        0.331385541190768293874566128426386550        0.724999999999999999999999999999999981        0.275000000000000000000000000000000019        0.512000024318695068359375000000000000        0.425000011920928955078125000000000000         6.30000010132789611816406250000000000E-0002  0.870056494511586616800702331296776776        0.129943505488413383199297668703223248         0.00000000000000000000000000000000000        0.683022559859958444886526535977552353        0.167811590859605266884724425470909642        0.129098359310438402074632433326122454         1565.05875939653105242097127878832439         0.00000000000000000000000000000000000        -1.00000000000000000000000000000000000         3.44896226040572000739626825354980813         50.0000000000000000000000000000000000         3.25430186172662843654563432593324830         3.09786520107726390931817237565047243         3.07480242513325678594679080387170543         2.95943181608147351701456675895966649         1.99830135503121921784948308579500446       -0.750057166453796500391457567428501909        -5.83775513919703135816623906974261375         5968.13227222831282189130927733015595         16694.4510626944614461281983257653828      
   13.0000000000000000000000000000000000         1.00000000000000000000000000000000002E-0002   0.00000000000000000000000000000000000        0.668614458809231706125433871573613450        0.331385541190768293874566128426386550        0.724999999999999999999999999999999981        0.275000000000000000000000000000000019        0.512000024318695068359375000000000000        0.425000011920928955078125000000000000         6.30000010132789611816406250000000000E-0002  0.870056494511586616800702331296776776        0.129943505488413383199297668703223248         0.00000000000000000000000000000000000        0.683022559859958444886526535977552353        0.167811590859605266884724425470909642        0.129098359310438402074632433326122454         1565.05875939653105242097127878832439         0.00000000000000000000000000000000000        -1.00000000000000000000000000000000000         3.37006432927189066597464766021291304         50.0000000000000000000000000000000000         3.25814169540796424943666022375372967         3.10127099338147193542974462904317730         3.07822431841781275660170721258500932         2.96272843274628560344465581157575053         1.99860755750833094642485477399021421       -0.748700308348711233559950851079240371        -5.84484294772344116722780112833768812         5966.76319504570004804654136849251154         16777.6071068182960783709918406061782      
   13.0000000000000000000000000000000000         1.00000000000000000000000000000000002E-0002   0.00000000000000000000000000000000000        0.668614458809231706125433871573613450        0.331385541190768293874566128426386550        0.724999999999999999999999999999999981        0.275000000000000000000000000000000019        0.512000024318695068359375000000000000        0.425000011920928955078125000000000000         6.30000010132789611816406250000000000E-0002  0.870056494511586616800702331296776776        0.129943505488413383199297668703223248         0.00000000000000000000000000000000000        0.683022559859958444886526535977552353        0.167811590859605266884724425470909642        0.129098359310438402074632433326122454         1565.05875939653105242097127878832439         0.00000000000000000000000000000000000        -1.00000000000000000000000000000000000         3.29297125509711259892958453327154940         50.0000000000000000000000000000000000         3.26181820769931494609042605123388773         3.10455094332580913558170373981338394         3.08149324325578681651933167337185199         2.96579896599246590597624540258862683         1.99889585739124395080449939651595715       -0.748263852938403434096903215812734385        -5.85186953884097219715462993718101647         5965.43735994413615903604491417488402         16856.0991428019934802562725932637159      
   13.0000000000000000000000000000000000         1.00000000000000000000000000000000002E-0002   0.00000000000000000000000000000000000        0.668614458809231706125433871573613450        0.331385541190768293874566128426386550        0.724999999999999999999999999999999981        0.275000000000000000000000000000000019        0.512000024318695068359375000000000000        0.425000011920928955078125000000000000         6.30000010132789611816406250000000000E-0002  0.870056494511586616800702331296776776        0.129943505488413383199297668703223248         0.00000000000000000000000000000000000        0.683022559859958444886526535977552353        0.167811590859605266884724425470909642        0.129098359310438402074632433326122454         1565.05875939653105242097127878832439         0.00000000000000000000000000000000000        -1.00000000000000000000000000000000000         3.21764175025069862997646914077002698         50.0000000000000000000000000000000000         3.26534890391174623008869798409713925         3.10763788339095175488256708318770602         3.08463988508416549128911476748978506         2.96881525544780761110301723334172302         1.99917267876550315164640423269090439       -0.745565095556000536765978109424838329        -5.85835058741873297298182018077332243         5964.16832449629207230316830787756787         16930.9864046227150015868995231645941      
   13.0000000000000000000000000000000000         1.00000000000000000000000000000000002E-0002   0.00000000000000000000000000000000000        0.668614458809231706125433871573613450        0.331385541190768293874566128426386550        0.724999999999999999999999999999999981        0.275000000000000000000000000000000019        0.512000024318695068359375000000000000        0.425000011920928955078125000000000000         6.30000010132789611816406250000000000E-0002  0.870056494511586616800702331296776776        0.129943505488413383199297668703223248         0.00000000000000000000000000000000000        0.683022559859958444886526535977552353        0.167811590859605266884724425470909642        0.129098359310438402074632433326122454         1565.05875939653105242097127878832439         0.00000000000000000000000000000000000        -1.00000000000000000000000000000000000         3.14403547159146210076770871395170320         50.0000000000000000000000000000000000         3.26873447775911355657820582955167258         3.11068471587538593468423166719193965         3.08789508527540521353826193105338549         2.97173127821546886525331482729026391         1.99943440667917199130653451546338401       -0.738031246872759105238211707072984192        -5.85639691406741950927093559965835941         5962.95037328299594426698762761032593         17002.0701240371215294453103691059420      
   13.0000000000000000000000000000000000         1.00000000000000000000000000000000002E-0002   0.00000000000000000000000000000000000        0.668614458809231706125433871573613450        0.331385541190768293874566128426386550        0.724999999999999999999999999999999981        0.275000000000000000000000000000000019        0.512000024318695068359375000000000000        0.425000011920928955078125000000000000         6.30000010132789611816406250000000000E-0002  0.870056494511586616800702331296776776        0.129943505488413383199297668703223248         0.00000000000000000000000000000000000        0.683022559859958444886526535977552353        0.167811590859605266884724425470909642        0.129098359310438402074632433326122454         1565.05875939653105242097127878832439         0.00000000000000000000000000000000000        -1.00000000000000000000000000000000000         3.07211299886172006890885138177992500         50.0000000000000000000000000000000000         3.27198766898320265705241253965993736         3.11388551919481978691749874004591323         3.09078635388373243272097891392037327         2.97444751095151739499910777364026725         1.99968396053615233321270679398097143       -0.747355613307340439585604525940664292        -5.86262828783948227630606129462555912         5961.77980678009724163422153684295982         17070.3380157012229183302306652471925      
   13.0000000000000000000000000000000000         1.00000000000000000000000000000000002E-0002   0.00000000000000000000000000000000000        0.668614458809231706125433871573613450        0.331385541190768293874566128426386550        0.724999999999999999999999999999999981        0.275000000000000000000000000000000019        0.512000024318695068359375000000000000        0.425000011920928955078125000000000000         6.30000010132789611816406250000000000E-0002  0.870056494511586616800702331296776776        0.129943505488413383199297668703223248         0.00000000000000000000000000000000000        0.683022559859958444886526535977552353        0.167811590859605266884724425470909642        0.129098359310438402074632433326122454         1565.05875939653105242097127878832439         0.00000000000000000000000000000000000        -1.00000000000000000000000000000000000         3.00183581357555197154774641596528928         50.0000000000000000000000000000000000         3.27513411092071611216234882734822871         3.11678390196037018961338866768264295         3.09358578317203627347422573375168132         2.97712289845640714128846601123191641         1.99993570840579130673573780933345709       -0.749877986720882664309967773659445500        -5.86854027892924993717296506917374112         5960.69657376712745436408851936301391         17135.6417372321155703856979018263249      
   13.0000000000000000000000000000000000         1.00000000000000000000000000000000002E-0002   0.00000000000000000000000000000000000        0.668614458809231706125433871573613450        0.331385541190768293874566128426386550        0.724999999999999999999999999999999981        0.275000000000000000000000000000000019        0.512000024318695068359375000000000000        0.425000011920928955078125000000000000         6.30000010132789611816406250000000000E-0002  0.870056494511586616800702331296776776        0.129943505488413383199297668703223248         0.00000000000000000000000000000000000        0.683022559859958444886526535977552353        0.167811590859605266884724425470909642        0.129098359310438402074632433326122454         1565.05875939653105242097127878832439         0.00000000000000000000000000000000000        -1.00000000000000000000000000000000000         2.93316627839000724239163169517869765         50.0000000000000000000000000000000000         3.28088408856152359045379144304755979         3.12186478034302947746505587710878611         3.09894886158035150031413089140490208         2.98202423438058816154550870839193986         2.00036336723658982345943724242690799       -0.739473924425835471574368362142663577        -5.87086896582061455369862958043512427         5958.70127008281890810796548087968447         17254.2405454347053309513669214987585      
   13.0000000000000000000000000000000000         1.00000000000000000000000000000000002E-0002   0.00000000000000000000000000000000000        0.668614458809231706125433871573613450        0.331385541190768293874566128426386550        0.724999999999999999999999999999999981        0.275000000000000000000000000000000019        0.512000024318695068359375000000000000        0.425000011920928955078125000000000000         6.30000010132789611816406250000000000E-0002  0.870056494511586616800702331296776776        0.129943505488413383199297668703223248         0.00000000000000000000000000000000000        0.683022559859958444886526535977552353        0.167811590859605266884724425470909642        0.129098359310438402074632433326122454         1565.05875939653105242097127878832439         0.00000000000000000000000000000000000        -1.00000000000000000000000000000000000         2.86606761694821401604292943304467519         50.0000000000000000000000000000000000         3.28643555599982290067205348570346875         3.12697191472358925561284894220405554         3.10389009392820063739643388663454761         2.98671323242222859833183170367474509         2.00078727695756284455681327997114532       -0.743641691454895574370619076570682541        -5.88118317812592353055984734389208124         5956.88310224583572379228666946600240         17365.8489670101682452979065169050089      
   13.0000000000000000000000000000000000         1.00000000000000000000000000000000002E-0002   0.00000000000000000000000000000000000        0.668614458809231706125433871573613450        0.331385541190768293874566128426386550        0.724999999999999999999999999999999981        0.275000000000000000000000000000000019        0.512000024318695068359375000000000000        0.425000011920928955078125000000000000         6.30000010132789611816406250000000000E-0002  0.870056494511586616800702331296776776        0.129943505488413383199297668703223248         0.00000000000000000000000000000000000        0.683022559859958444886526535977552353        0.167811590859605266884724425470909642        0.129098359310438402074632433326122454         1565.05875939653105242097127878832439         0.00000000000000000000000000000000000        -1.00000000000000000000000000000000000         2.80050389418359378283341545614910962         50.0000000000000000000000000000000000         3.29167819425197794174068431678684062         3.13165920347987160597171929594306050         3.10854703855450033985365075028198964         2.99084189124000572730745811372112744         2.00117434709143940010311248987997991       -0.743503786132784750131791107957242657        -5.89121391525202973960773943759378011         5955.05510822951682344045294113970921         17470.5648947822725465926352810917798      
   13.0000000000000000000000000000000000         1.00000000000000000000000000000000002E-0002   0.00000000000000000000000000000000000        0.668614458809231706125433871573613450        0.331385541190768293874566128426386550        0.724999999999999999999999999999999981        0.275000000000000000000000000000000019        0.512000024318695068359375000000000000        0.425000011920928955078125000000000000         6.30000010132789611816406250000000000E-0002  0.870056494511586616800702331296776776        0.129943505488413383199297668703223248         0.00000000000000000000000000000000000        0.683022559859958444886526535977552353        0.167811590859605266884724425470909642        0.129098359310438402074632433326122454         1565.05875939653105242097127878832439         0.00000000000000000000000000000000000        -1.00000000000000000000000000000000000         2.73643999707463380522890174681949069         50.0000000000000000000000000000000000         3.29665371405191621993129694913316695         3.13615066763704195174358616524071230         3.11322484780623662712424458199715653         2.99503975077744359071018501433401440         2.00153760378214174611798259461479697       -0.736401029529242665611964544902002227        -5.89192477937899283357125237714407597         5953.32020565231364982844404136149327         17569.9017588450299725023733882176037      
   13.0000000000000000000000000000000000         1.00000000000000000000000000000000002E-0002   0.00000000000000000000000000000000000        0.668614458809231706125433871573613450        0.331385541190768293874566128426386550        0.724999999999999999999999999999999981        0.275000000000000000000000000000000019        0.512000024318695068359375000000000000        0.425000011920928955078125000000000000         6.30000010132789611816406250000000000E-0002  0.870056494511586616800702331296776776        0.129943505488413383199297668703223248         0.00000000000000000000000000000000000        0.683022559859958444886526535977552353        0.167811590859605266884724425470909642        0.129098359310438402074632433326122454         1565.05875939653105242097127878832439         0.00000000000000000000000000000000000        -1.00000000000000000000000000000000000         2.67384161583991040562697320705710419         50.0000000000000000000000000000000000         3.30139625412707247980712186517121436         3.14025603873395630273187422075078674         3.11744374757812894958642685747386225         2.99907069727022960675246743490481077         2.00188793467647092889669400149927085       -0.731762719810091284381537057343454290        -5.90074822334330950477101222965565271         5951.72404608026468428252329727837797         17666.5600452428599161834033865495268      
   13.0000000000000000000000000000000000         1.00000000000000000000000000000000002E-0002   0.00000000000000000000000000000000000        0.668614458809231706125433871573613450        0.331385541190768293874566128426386550        0.724999999999999999999999999999999981        0.275000000000000000000000000000000019        0.512000024318695068359375000000000000        0.425000011920928955078125000000000000         6.30000010132789611816406250000000000E-0002  0.870056494511586616800702331296776776        0.129943505488413383199297668703223248         0.00000000000000000000000000000000000        0.683022559859958444886526535977552353        0.167811590859605266884724425470909642        0.129098359310438402074632433326122454         1565.05875939653105242097127878832439         0.00000000000000000000000000000000000        -1.00000000000000000000000000000000000         2.61267522556329201420755438189467145         50.0000000000000000000000000000000000         3.30591193838305413859005319467022935         3.14459717186941241479233378711562015         3.12145845944154101949951658832894842         3.00282510482039611488352202270610628         2.00221604880645044202284473685998981       -0.741278883846211228779578653480791148        -5.90920819028018149264835559595219386         5950.18644609505235754061301599776761         17753.3809537949855605928337198767349      
   13.0000000000000000000000000000000000         1.00000000000000000000000000000000002E-0002   0.00000000000000000000000000000000000        0.668614458809231706125433871573613450        0.331385541190768293874566128426386550        0.724999999999999999999999999999999981        0.275000000000000000000000000000000019        0.512000024318695068359375000000000000        0.425000011920928955078125000000000000         6.30000010132789611816406250000000000E-0002  0.870056494511586616800702331296776776        0.129943505488413383199297668703223248         0.00000000000000000000000000000000000        0.683022559859958444886526535977552353        0.167811590859605266884724425470909642        0.129098359310438402074632433326122454         1565.05875939653105242097127878832439         0.00000000000000000000000000000000000        -1.00000000000000000000000000000000000         2.55290806823948125069283630061887803         50.0000000000000000000000000000000000         3.31021230153372368602697291482537522         3.14829200472433527760966765955831737         3.12551578109657263750726923906127257         3.00657276499578645929326954308534395         2.00252356479102974533682815816813796       -0.728718881072861140640418922244627143        -5.90931332211514656198015356717034754         5948.70900946417678704017170635572729         17839.4776099519538676562131587206871      
   13.0000000000000000000000000000000000         1.00000000000000000000000000000000002E-0002   0.00000000000000000000000000000000000        0.668614458809231706125433871573613450        0.331385541190768293874566128426386550        0.724999999999999999999999999999999981        0.275000000000000000000000000000000019        0.512000024318695068359375000000000000        0.425000011920928955078125000000000000         6.30000010132789611816406250000000000E-0002  0.870056494511586616800702331296776776        0.129943505488413383199297668703223248         0.00000000000000000000000000000000000        0.683022559859958444886526535977552353        0.167811590859605266884724425470909642        0.129098359310438402074632433326122454         1565.05875939653105242097127878832439         0.00000000000000000000000000000000000        -1.00000000000000000000000000000000000         2.49450813523028042881345917078911018         50.0000000000000000000000000000000000         3.31434182115522311649653911730980011         3.15206984511208217270670120785528679         3.12919961679255930632968874338205133         3.01003342851990611292387837827336365         2.00282813036028270869590681026695860       -0.730865113136020751260884839751630930        -5.91659935560247912786975527887425913         5947.35941915002194482118897204918340         17920.4469302090244392641056416907139      
   13.0000000000000000000000000000000000         1.00000000000000000000000000000000002E-0002   0.00000000000000000000000000000000000        0.668614458809231706125433871573613450        0.331385541190768293874566128426386550        0.724999999999999999999999999999999981        0.275000000000000000000000000000000019        0.512000024318695068359375000000000000        0.425000011920928955078125000000000000         6.30000010132789611816406250000000000E-0002  0.870056494511586616800702331296776776        0.129943505488413383199297668703223248         0.00000000000000000000000000000000000        0.683022559859958444886526535977552353        0.167811590859605266884724425470909642        0.129098359310438402074632433326122454         1565.05875939653105242097127878832439         0.00000000000000000000000000000000000        -1.00000000000000000000000000000000000         2.43744415012218483752339937702181266         50.0000000000000000000000000000000000         3.31825867783740734932719137375982695         3.15555632554211126107748222686160583         3.13290203890553375346072481364974062         3.01335101314373122191487928685055950         2.00310125112069837645508307980715317       -0.723108681830718462719303771690084647        -5.91645179549333000405298221936446444         5945.99078729029825048465167513225414         17996.3293058767278662854731315220696      
   13.0000000000000000000000000000000000         1.00000000000000000000000000000000002E-0002   0.00000000000000000000000000000000000        0.668614458809231706125433871573613450        0.331385541190768293874566128426386550        0.724999999999999999999999999999999981        0.275000000000000000000000000000000019        0.512000024318695068359375000000000000        0.425000011920928955078125000000000000         6.30000010132789611816406250000000000E-0002  0.870056494511586616800702331296776776        0.129943505488413383199297668703223248         0.00000000000000000000000000000000000        0.683022559859958444886526535977552353        0.167811590859605266884724425470909642        0.129098359310438402074632433326122454         1565.05875939653105242097127878832439         0.00000000000000000000000000000000000        -1.00000000000000000000000000000000000         2.38168555197612308636037697647872909         50.0000000000000000000000000000000000         3.32201765294728846213855509434974209         3.15895736923397022337358954333061831         3.13626456235737582631533881089186227         3.01657472765034724445810725492006996         2.00336841308356110064794952230573135       -0.723561626431710537463570713608279985        -5.92274940129066067002822584880434748         5944.68849056452202545511300490392351         18069.2372007138482338533190734546122      
   13.0000000000000000000000000000000000         1.00000000000000000000000000000000002E-0002   0.00000000000000000000000000000000000        0.668614458809231706125433871573613450        0.331385541190768293874566128426386550        0.724999999999999999999999999999999981        0.275000000000000000000000000000000019        0.512000024318695068359375000000000000        0.425000011920928955078125000000000000         6.30000010132789611816406250000000000E-0002  0.870056494511586616800702331296776776        0.129943505488413383199297668703223248         0.00000000000000000000000000000000000        0.683022559859958444886526535977552353        0.167811590859605266884724425470909642        0.129098359310438402074632433326122454         1565.05875939653105242097127878832439         0.00000000000000000000000000000000000        -1.00000000000000000000000000000000000         2.32720247896037381892055282378275900         50.0000000000000000000000000000000000         3.32563845472564422215764494148938451         3.16225146084842145851217539102753880         3.13948185829305509162184340006399678         3.01958703504886445706290011365762657         2.00363536018136019314321369763972973       -0.725266256762071634722457693219604892        -5.92953247813328608504611012845809889         5943.41741218546902883367541974684512         18142.0085604122051382780389813408832      
   13.0000000000000000000000000000000000         1.00000000000000000000000000000000002E-0002   0.00000000000000000000000000000000000        0.668614458809231706125433871573613450        0.331385541190768293874566128426386550        0.724999999999999999999999999999999981        0.275000000000000000000000000000000019        0.512000024318695068359375000000000000        0.425000011920928955078125000000000000         6.30000010132789611816406250000000000E-0002  0.870056494511586616800702331296776776        0.129943505488413383199297668703223248         0.00000000000000000000000000000000000        0.683022559859958444886526535977552353        0.167811590859605266884724425470909642        0.129098359310438402074632433326122454         1565.05875939653105242097127878832439         0.00000000000000000000000000000000000        -1.00000000000000000000000000000000000         2.27396575235789331068138222416848821         50.0000000000000000000000000000000000         3.32913172312205603844681657252302668         3.16552864629973343429197275477146614         3.14259400573926271987188199676918640         3.02255938777213998075028145538894578         2.00390346854663111886491327589234353       -0.729799666090675227356736442636237356        -5.93578798413421688168706376135496442         5941.83378236459808557814764961864632         18225.3627095231789056343618146571135      
   13.0000000000000000000000000000000000         1.00000000000000000000000000000000002E-0002   0.00000000000000000000000000000000000        0.668614458809231706125433871573613450        0.331385541190768293874566128426386550        0.724999999999999999999999999999999981        0.275000000000000000000000000000000019        0.512000024318695068359375000000000000        0.425000011920928955078125000000000000         6.30000010132789611816406250000000000E-0002  0.870056494511586616800702331296776776        0.129943505488413383199297668703223248         0.00000000000000000000000000000000000        0.683022559859958444886526535977552353        0.167811590859605266884724425470909642        0.129098359310438402074632433326122454         1565.05875939653105242097127878832439         0.00000000000000000000000000000000000        -1.00000000000000000000000000000000000         2.22194686093948898526732059646282843         50.0000000000000000000000000000000000         3.33265374171441792919404223637519182         3.16872580209249985788251533643828067         3.14597205973453282675701525734708259         3.02557347171548879510464407746433446         2.00426079786421084478788230264724361       -0.723265875409175267754283379846034403        -5.93399046257384432010912639944608178         5938.25390672860948422302040396971866         18368.6553637850542640067480119753000      
   13.0000000000000000000000000000000000         1.00000000000000000000000000000000002E-0002   0.00000000000000000000000000000000000        0.668614458809231706125433871573613450        0.331385541190768293874566128426386550        0.724999999999999999999999999999999981        0.275000000000000000000000000000000019        0.512000024318695068359375000000000000        0.425000011920928955078125000000000000         6.30000010132789611816406250000000000E-0002  0.870056494511586616800702331296776776        0.129943505488413383199297668703223248         0.00000000000000000000000000000000000        0.683022559859958444886526535977552353        0.167811590859605266884724425470909642        0.129098359310438402074632433326122454         1565.05875939653105242097127878832439         0.00000000000000000000000000000000000        -1.00000000000000000000000000000000000         2.17111794569446981409810733510746552         50.0000000000000000000000000000000000         3.34576621920062965069675024480800351         3.18039013649295641568703330130111804         3.15785876610546929188513717796272912         3.03632245580526244127944456298190424         2.01021420634904974620682349811976392       -0.713501522909292733014330840252776938        -5.95047046156859187894289820790660777         5674.96069162286598244010935396091156         24704.2991914978701448326883941771802      
   13.0000000000000000000000000000000000         1.00000000000000000000000000000000002E-0002   0.00000000000000000000000000000000000        0.668614458809231706125433871573613450        0.331385541190768293874566128426386550        0.724999999999999999999999999999999981        0.275000000000000000000000000000000019        0.512000024318695068359375000000000000        0.425000011920928955078125000000000000         6.30000010132789611816406250000000000E-0002  0.870056494511586616800702331296776776        0.129943505488413383199297668703223248         0.00000000000000000000000000000000000        0.683022559859958444886526535977552353        0.167811590859605266884724425470909642        0.129098359310438402074632433326122454         1565.05875939653105242097127878832439         0.00000000000000000000000000000000000        -1.00000000000000000000000000000000000         2.12145178491059601312045601920845986         50.0000000000000000000000000000000000         3.34909668493209632236268561019680474         3.18351651408283752542788917742890713         3.16081626013276635460205618092937490         3.03909103785705323843216359922732772         2.01058527978312186784905582835371663       -0.718176954364239870872200670069973004        -5.95670261426146519649924547117825941         5669.71923957609323187775814126656381         24865.0398672739245431255176413070483      
   13.0000000000000000000000000000000000         1.00000000000000000000000000000000002E-0002   0.00000000000000000000000000000000000        0.668614458809231706125433871573613450        0.331385541190768293874566128426386550        0.724999999999999999999999999999999981        0.275000000000000000000000000000000019        0.512000024318695068359375000000000000        0.425000011920928955078125000000000000         6.30000010132789611816406250000000000E-0002  0.870056494511586616800702331296776776        0.129943505488413383199297668703223248         0.00000000000000000000000000000000000        0.683022559859958444886526535977552353        0.167811590859605266884724425470909642        0.129098359310438402074632433326122454         1565.05875939653105242097127878832439         0.00000000000000000000000000000000000        -1.00000000000000000000000000000000000         2.07292177959533751953261612540269395         50.0000000000000000000000000000000000         3.35212374651179150335651848132962744         3.18617703901165822297003844131751142         3.16351785555601815883304460594695373         3.04165675163988609748140767698591958         2.01083897398476989926750718867182645       -0.716265388413857980642778658425023132        -5.96190379088674613578205645090734432         5667.09303834599426891789045698087131         24950.1006561041135173879835493810263      
   13.0000000000000000000000000000000000         1.00000000000000000000000000000000002E-0002   0.00000000000000000000000000000000000        0.668614458809231706125433871573613450        0.331385541190768293874566128426386550        0.724999999999999999999999999999999981        0.275000000000000000000000000000000019        0.512000024318695068359375000000000000        0.425000011920928955078125000000000000         6.30000010132789611816406250000000000E-0002  0.870056494511586616800702331296776776        0.129943505488413383199297668703223248         0.00000000000000000000000000000000000        0.683022559859958444886526535977552353        0.167811590859605266884724425470909642        0.129098359310438402074632433326122454         1565.05875939653105242097127878832439         0.00000000000000000000000000000000000        -1.00000000000000000000000000000000000         2.02550193923063352125341323530861848         50.0000000000000000000000000000000000         3.35496895468228407730142236834357195         3.18869217417261623414848128019761640         3.16604668459139338022775072745476463         3.04409777945602213282443729809013361         2.01104665696053114104328654476103266       -0.715260760096639469961534330007169033        -5.96713469230706572594853412601681606         5665.00234199573384606418517034275678         25020.2103415998486634415368606927861      
   13.0000000000000000000000000000000000         1.00000000000000000000000000000000002E-0002   0.00000000000000000000000000000000000        0.668614458809231706125433871573613450        0.331385541190768293874566128426386550        0.724999999999999999999999999999999981        0.275000000000000000000000000000000019        0.512000024318695068359375000000000000        0.425000011920928955078125000000000000         6.30000010132789611816406250000000000E-0002  0.870056494511586616800702331296776776        0.129943505488413383199297668703223248         0.00000000000000000000000000000000000        0.683022559859958444886526535977552353        0.167811590859605266884724425470909642        0.129098359310438402074632433326122454         1565.05875939653105242097127878832439         0.00000000000000000000000000000000000        -1.00000000000000000000000000000000000         1.97916686785352392025715230006414645         50.0000000000000000000000000000000000         3.36015352619484742759754101180532909         3.19345090534193406348662741775348034         3.17065414211454618310816102539415154         3.04843623431083025863843056095120048         2.01143465377319339743740346291543379       -0.718992428867831463226228845484729164        -5.97666524277295970607416238654460259         5661.54312617499842872597316729615844         25150.4823595602697639573722295925958      
   13.0000000000000000000000000000000000         1.00000000000000000000000000000000002E-0002   0.00000000000000000000000000000000000        0.668614458809231706125433871573613450        0.331385541190768293874566128426386550        0.724999999999999999999999999999999981        0.275000000000000000000000000000000019        0.512000024318695068359375000000000000        0.425000011920928955078125000000000000         6.30000010132789611816406250000000000E-0002  0.870056494511586616800702331296776776        0.129943505488413383199297668703223248         0.00000000000000000000000000000000000        0.683022559859958444886526535977552353        0.167811590859605266884724425470909642        0.129098359310438402074632433326122454         1565.05875939653105242097127878832439         0.00000000000000000000000000000000000        -1.00000000000000000000000000000000000         1.93389175045519813344790163791668550         50.0000000000000000000000000000000000         3.36787722992542121544093253297771402         3.20049735019570701072041150555162712         3.17799798672693784082699199647486573         3.05500976246082116339301775296534727         2.01201240484466364286173656755480458       -0.707972867281189246743741841079351327        -5.97480690647140776049740674032478761         5656.31680254492001597773795362887565         25342.1177138737426074104580815639829      
   13.0000000000000000000000000000000000         1.00000000000000000000000000000000002E-0002   0.00000000000000000000000000000000000        0.668614458809231706125433871573613450        0.331385541190768293874566128426386550        0.724999999999999999999999999999999981        0.275000000000000000000000000000000019        0.512000024318695068359375000000000000        0.425000011920928955078125000000000000         6.30000010132789611816406250000000000E-0002  0.870056494511586616800702331296776776        0.129943505488413383199297668703223248         0.00000000000000000000000000000000000        0.683022559859958444886526535977552353        0.167811590859605266884724425470909642        0.129098359310438402074632433326122454         1565.05875939653105242097127878832439         0.00000000000000000000000000000000000        -1.00000000000000000000000000000000000         1.88965233969117716494770111606650782         50.0000000000000000000000000000000000         3.37507981928156345758098289546259759         3.20668457650478810618429242176421465         3.18439663744043568362176434575582914         3.06118009861511870658573681025936257         2.01252989869237490984200938839913103       -0.699910896849429288580361926533304069        -5.98804745612329561728042495868195299         5650.75398322496423197629594094451773         25518.0971362025202908829792561942210      
   13.0000000000000000000000000000000000         1.00000000000000000000000000000000002E-0002   0.00000000000000000000000000000000000        0.668614458809231706125433871573613450        0.331385541190768293874566128426386550        0.724999999999999999999999999999999981        0.275000000000000000000000000000000019        0.512000024318695068359375000000000000        0.425000011920928955078125000000000000         6.30000010132789611816406250000000000E-0002  0.870056494511586616800702331296776776        0.129943505488413383199297668703223248         0.00000000000000000000000000000000000        0.683022559859958444886526535977552353        0.167811590859605266884724425470909642        0.129098359310438402074632433326122454         1565.05875939653105242097127878832439         0.00000000000000000000000000000000000        -1.00000000000000000000000000000000000         1.84642494289551151285156737221613080         50.0000000000000000000000000000000000         3.38189075637441357772299399853018017         3.21316283874558473638617121008901159         3.19041286702550685250580699942772027         3.06683030584266112462346497674217682         2.01303684568323856825812993577920528       -0.713072967928699160746453224419751689        -6.00166490449951816227123824770296409         5646.49119248041686900414142879221663         25681.1848095818102391131847931146372      
   13.0000000000000000000000000000000000         1.00000000000000000000000000000000002E-0002   0.00000000000000000000000000000000000        0.668614458809231706125433871573613450        0.331385541190768293874566128426386550        0.724999999999999999999999999999999981        0.275000000000000000000000000000000019        0.512000024318695068359375000000000000        0.425000011920928955078125000000000000         6.30000010132789611816406250000000000E-0002  0.870056494511586616800702331296776776        0.129943505488413383199297668703223248         0.00000000000000000000000000000000000        0.683022559859958444886526535977552353        0.167811590859605266884724425470909642        0.129098359310438402074632433326122454         1565.05875939653105242097127878832439         0.00000000000000000000000000000000000        -1.00000000000000000000000000000000000         1.80418640939204029089699822457523609         50.0000000000000000000000000000000000         3.38828770785710337370858218116478445         3.21881347055984203731889199635230251         3.19614654228503230207823965285447931         3.07227191659963438099946097097180360         2.01349769059422758782515748949612715       -0.709195525765986574320398501759561022        -6.01165068716476659235152431664496001         5641.75192909524152151947873729997747         25833.6003613395277536099716048664745      
   13.0000000000000000000000000000000000         1.00000000000000000000000000000000002E-0002   0.00000000000000000000000000000000000        0.668614458809231706125433871573613450        0.331385541190768293874566128426386550        0.724999999999999999999999999999999981        0.275000000000000000000000000000000019        0.512000024318695068359375000000000000        0.425000011920928955078125000000000000         6.30000010132789611816406250000000000E-0002  0.870056494511586616800702331296776776        0.129943505488413383199297668703223248         0.00000000000000000000000000000000000        0.683022559859958444886526535977552353        0.167811590859605266884724425470909642        0.129098359310438402074632433326122454         1565.05875939653105242097127878832439         0.00000000000000000000000000000000000        -1.00000000000000000000000000000000000         1.76291411809591603830478170910730836         50.0000000000000000000000000000000000         3.39433797654139199307814810047416493         3.22417088839034751865498896880626491         3.20140488098996565683057295930164392         3.07732843372944624374263509247790276         2.01393225878476157426176672906568721       -0.711125529156498421680796347319069666        -6.02651344405290976026668545036475435         5637.87826225480849997261035229585699         25978.1551044581042395632394077532191      
   13.0000000000000000000000000000000000         1.00000000000000000000000000000000002E-0002   0.00000000000000000000000000000000000        0.668614458809231706125433871573613450        0.331385541190768293874566128426386550        0.724999999999999999999999999999999981        0.275000000000000000000000000000000019        0.512000024318695068359375000000000000        0.425000011920928955078125000000000000         6.30000010132789611816406250000000000E-0002  0.870056494511586616800702331296776776        0.129943505488413383199297668703223248         0.00000000000000000000000000000000000        0.683022559859958444886526535977552353        0.167811590859605266884724425470909642        0.129098359310438402074632433326122454         1565.05875939653105242097127878832439         0.00000000000000000000000000000000000        -1.00000000000000000000000000000000000         1.72258596539875514447434368466709489         50.0000000000000000000000000000000000         3.40006760714540488035447403829779374         3.22952674787090438032423510054060091         3.20657891114697272816358154208779399         3.08186120109415310497930838584002186         2.01434322541988927313953972925796921       -0.715648588723592584799555087386331223        -6.03411615182183324294933049101898246         5634.04062388243343277995517650731563         26111.1841328494887936795869439777043      
   13.0000000000000000000000000000000000         1.00000000000000000000000000000000002E-0002   0.00000000000000000000000000000000000        0.668614458809231706125433871573613450        0.331385541190768293874566128426386550        0.724999999999999999999999999999999981        0.275000000000000000000000000000000019        0.512000024318695068359375000000000000        0.425000011920928955078125000000000000         6.30000010132789611816406250000000000E-0002  0.870056494511586616800702331296776776        0.129943505488413383199297668703223248         0.00000000000000000000000000000000000        0.683022559859958444886526535977552353        0.167811590859605266884724425470909642        0.129098359310438402074632433326122454         1565.05875939653105242097127878832439         0.00000000000000000000000000000000000        -1.00000000000000000000000000000000000         1.68318035333092571251458095747794848         50.0000000000000000000000000000000000         3.40549546894529565616949545236653963         3.23435455868149708661177454127945862         3.21131470682724303882966716685130217         3.08642732503926467788138000506515482         2.01473004483878068045617700799667844       -0.717458547593339545172968123413253511        -6.04676837512141193683689465707952176         5630.35621985416465298571544143463282         26237.8435995947433938002952205882099      
   13.0000000000000000000000000000000000         1.00000000000000000000000000000000002E-0002   0.00000000000000000000000000000000000        0.668614458809231706125433871573613450        0.331385541190768293874566128426386550        0.724999999999999999999999999999999981        0.275000000000000000000000000000000019        0.512000024318695068359375000000000000        0.425000011920928955078125000000000000         6.30000010132789611816406250000000000E-0002  0.870056494511586616800702331296776776        0.129943505488413383199297668703223248         0.00000000000000000000000000000000000        0.683022559859958444886526535977552353        0.167811590859605266884724425470909642        0.129098359310438402074632433326122454         1565.05875939653105242097127878832439         0.00000000000000000000000000000000000        -1.00000000000000000000000000000000000         1.64467617799463310810957890273263325         50.0000000000000000000000000000000000         3.41062386704247611047348061384889178         3.23893052122204872536479410320325769         3.21593783755595381091743830890810540         3.09076262975956841043319595305712732         2.01508343130367491156381691771700951       -0.714960450963470055832173093738290837        -6.05378708546430275883394806120852717         5626.78936233793230461601980165533483         26357.9694587527480329333842169242595      
   13.0000000000000000000000000000000000         1.00000000000000000000000000000000002E-0002   0.00000000000000000000000000000000000        0.668614458809231706125433871573613450        0.331385541190768293874566128426386550        0.724999999999999999999999999999999981        0.275000000000000000000000000000000019        0.512000024318695068359375000000000000        0.425000011920928955078125000000000000         6.30000010132789611816406250000000000E-0002  0.870056494511586616800702331296776776        0.129943505488413383199297668703223248         0.00000000000000000000000000000000000        0.683022559859958444886526535977552353        0.167811590859605266884724425470909642        0.129098359310438402074632433326122454         1565.05875939653105242097127878832439         0.00000000000000000000000000000000000        -1.00000000000000000000000000000000000         1.60705281826160846744632047823484130         50.0000000000000000000000000000000000         3.41550384294329326866563139506277614         3.24334110979235651070748242165791729         3.22053980249171039326663238902648168         3.09483307213600358743047345919401567         2.01542253041175422522159863239002844       -0.707996444664490606363153107983472895        -6.05376900793899469411397341561577779         5623.47424729121318232528880860214406         26466.7646879278108599849182426270072      
   13.0000000000000000000000000000000000         1.00000000000000000000000000000000002E-0002   0.00000000000000000000000000000000000        0.668614458809231706125433871573613450        0.331385541190768293874566128426386550        0.724999999999999999999999999999999981        0.275000000000000000000000000000000019        0.512000024318695068359375000000000000        0.425000011920928955078125000000000000         6.30000010132789611816406250000000000E-0002  0.870056494511586616800702331296776776        0.129943505488413383199297668703223248         0.00000000000000000000000000000000000        0.683022559859958444886526535977552353        0.167811590859605266884724425470909642        0.129098359310438402074632433326122454         1565.05875939653105242097127878832439         0.00000000000000000000000000000000000        -1.00000000000000000000000000000000000         1.57029012472934714753860710039909594         50.0000000000000000000000000000000000         3.42017365189967544025610320506192876         3.24732632453860979667942900223550779         3.22471243195067621062409238398596738         3.09886612530194760541483720021638551         2.01575755380953843003974686933425638       -0.701268502700382129905471699556712539        -6.06135350279162253271757658340563922         5620.41617701630119244386417194480524         26577.6214777631232479159856791533052      
   13.0000000000000000000000000000000000         1.00000000000000000000000000000000002E-0002   0.00000000000000000000000000000000000        0.668614458809231706125433871573613450        0.331385541190768293874566128426386550        0.724999999999999999999999999999999981        0.275000000000000000000000000000000019        0.512000024318695068359375000000000000        0.425000011920928955078125000000000000         6.30000010132789611816406250000000000E-0002  0.870056494511586616800702331296776776        0.129943505488413383199297668703223248         0.00000000000000000000000000000000000        0.683022559859958444886526535977552353        0.167811590859605266884724425470909642        0.129098359310438402074632433326122454         1565.05875939653105242097127878832439         0.00000000000000000000000000000000000        -1.00000000000000000000000000000000000         1.53436840892998257016131043304015012         50.0000000000000000000000000000000000         3.42461025532757587262099043350999228         3.25155707864778694085844987002167606         3.22865616093339455117757610527849659         3.10251936231921619796390692449812776         2.01607024278855768333468759445568440       -0.709301844881859606547402192167352223        -6.06921532138410168564931699412259972         5617.40905038878759065274363125619396         26678.5879025942529531513753484302711      
   13.0000000000000000000000000000000000         1.00000000000000000000000000000000002E-0002   0.00000000000000000000000000000000000        0.668614458809231706125433871573613450        0.331385541190768293874566128426386550        0.724999999999999999999999999999999981        0.275000000000000000000000000000000019        0.512000024318695068359375000000000000        0.425000011920928955078125000000000000         6.30000010132789611816406250000000000E-0002  0.870056494511586616800702331296776776        0.129943505488413383199297668703223248         0.00000000000000000000000000000000000        0.683022559859958444886526535977552353        0.167811590859605266884724425470909642        0.129098359310438402074632433326122454         1565.05875939653105242097127878832439         0.00000000000000000000000000000000000        -1.00000000000000000000000000000000000         1.49926843278601621091901177698978097         50.0000000000000000000000000000000000         3.42881100180940117034785726837353765         3.25520586767707025459914195159527944         3.23266540923628775792972970646300755         3.10607859013870997281172411858395335         2.01635101337508962366293560503677653       -0.697271619153051951187416405511606528        -6.06761194686871437330973878837836293         5614.51942696475989363034807154619655         26775.1472717077284591587643485767390      
   13.0000000000000000000000000000000000         1.00000000000000000000000000000000002E-0002   0.00000000000000000000000000000000000        0.668614458809231706125433871573613450        0.331385541190768293874566128426386550        0.724999999999999999999999999999999981        0.275000000000000000000000000000000019        0.512000024318695068359375000000000000        0.425000011920928955078125000000000000         6.30000010132789611816406250000000000E-0002  0.870056494511586616800702331296776776        0.129943505488413383199297668703223248         0.00000000000000000000000000000000000        0.683022559859958444886526535977552353        0.167811590859605266884724425470909642        0.129098359310438402074632433326122454         1565.05875939653105242097127878832439         0.00000000000000000000000000000000000        -1.00000000000000000000000000000000000         1.46497139830725669017390653845597455         50.0000000000000000000000000000000000         3.43285217154651011502073238675776608         3.25902489533530982015458132219047273         3.23629759722190911762368006886470832         3.10950026768210060550161910422337663         2.01663598994278404334534667575784160       -0.702262305324151512069757121539886206        -6.07343942946800270882848614827797593         5611.92260578067975166820144207461234         26867.0406619530328482266358417729607      
   13.0000000000000000000000000000000000         1.00000000000000000000000000000000002E-0002   0.00000000000000000000000000000000000        0.668614458809231706125433871573613450        0.331385541190768293874566128426386550        0.724999999999999999999999999999999981        0.275000000000000000000000000000000019        0.512000024318695068359375000000000000        0.425000011920928955078125000000000000         6.30000010132789611816406250000000000E-0002  0.870056494511586616800702331296776776        0.129943505488413383199297668703223248         0.00000000000000000000000000000000000        0.683022559859958444886526535977552353        0.167811590859605266884724425470909642        0.129098359310438402074632433326122454         1565.05875939653105242097127878832439         0.00000000000000000000000000000000000        -1.00000000000000000000000000000000000         1.43145893752345010345279614670203308         50.0000000000000000000000000000000000         3.43671012017741957477004348963893638         3.26241294713583879130518331441542286         3.23962732164786017609558313721464612         3.11274295546737485465400845927880474         2.01690714179360197241026086005823268       -0.703340947142912100131895527829527922        -6.08350217361766751132058081221154687         5609.33653832660709550112204929094776         26954.1182349999045920265750811588376      
   13.0000000000000000000000000000000000         1.00000000000000000000000000000000002E-0002   0.00000000000000000000000000000000000        0.668614458809231706125433871573613450        0.331385541190768293874566128426386550        0.724999999999999999999999999999999981        0.275000000000000000000000000000000019        0.512000024318695068359375000000000000        0.425000011920928955078125000000000000         6.30000010132789611816406250000000000E-0002  0.870056494511586616800702331296776776        0.129943505488413383199297668703223248         0.00000000000000000000000000000000000        0.683022559859958444886526535977552353        0.167811590859605266884724425470909642        0.129098359310438402074632433326122454         1565.05875939653105242097127878832439         0.00000000000000000000000000000000000        -1.00000000000000000000000000000000000         1.39871310264720995472561566835305863         50.0000000000000000000000000000000000         3.44039621561965489203492384973545608         3.26549257686947346028832823509023247         3.24301065282413789902246665454087146         3.11564051968577911321891541497644470         2.01715796214090873248028034914788989       -0.693242374204273447078428375913042006        -6.08649134789693287426535412238238272         5606.89233942500220873586485432000555         27037.5348002011321518297489900624267      
   13.0000000000000000000000000000000000         1.00000000000000000000000000000000002E-0002   0.00000000000000000000000000000000000        0.668614458809231706125433871573613450        0.331385541190768293874566128426386550        0.724999999999999999999999999999999981        0.275000000000000000000000000000000019        0.512000024318695068359375000000000000        0.425000011920928955078125000000000000         6.30000010132789611816406250000000000E-0002  0.870056494511586616800702331296776776        0.129943505488413383199297668703223248         0.00000000000000000000000000000000000        0.683022559859958444886526535977552353        0.167811590859605266884724425470909642        0.129098359310438402074632433326122454         1565.05875939653105242097127878832439         0.00000000000000000000000000000000000        -1.00000000000000000000000000000000000         1.36671635646197839419917668257346152         50.0000000000000000000000000000000000         3.44392115731702046047482788381330872         3.26882129308746276639028834179269212         3.24611560855766512603622597829867162         3.11884413642324390372745246110287884         2.01739557266831681245780873387939288       -0.699472454706761830397915281591684114        -6.09360764101823109521133513532319523         5604.51124060387483525460056269122725         27116.8965348048188097935716030129245      
   13.0000000000000000000000000000000000         1.00000000000000000000000000000000002E-0002   0.00000000000000000000000000000000000        0.668614458809231706125433871573613450        0.331385541190768293874566128426386550        0.724999999999999999999999999999999981        0.275000000000000000000000000000000019        0.512000024318695068359375000000000000        0.425000011920928955078125000000000000         6.30000010132789611816406250000000000E-0002  0.870056494511586616800702331296776776        0.129943505488413383199297668703223248         0.00000000000000000000000000000000000        0.683022559859958444886526535977552353        0.167811590859605266884724425470909642        0.129098359310438402074632433326122454         1565.05875939653105242097127878832439         0.00000000000000000000000000000000000        -1.00000000000000000000000000000000000         1.33545156292987097905413782586611619         50.0000000000000000000000000000000000         3.44731147727653685978665586146340847         3.27184261083215539016956494283421180         3.24942981540069807342380560946247379         3.12163999129084844946810788939351635         2.01762860137282560482437938458040865       -0.689745484738020718779131261153748527        -6.08973491096736723633426462150054622         5602.26600721637114603956917022652923         27192.9106408149828890383895197770826      
   13.0000000000000000000000000000000000         1.00000000000000000000000000000000002E-0002   0.00000000000000000000000000000000000        0.668614458809231706125433871573613450        0.331385541190768293874566128426386550        0.724999999999999999999999999999999981        0.275000000000000000000000000000000019        0.512000024318695068359375000000000000        0.425000011920928955078125000000000000         6.30000010132789611816406250000000000E-0002  0.870056494511586616800702331296776776        0.129943505488413383199297668703223248         0.00000000000000000000000000000000000        0.683022559859958444886526535977552353        0.167811590859605266884724425470909642        0.129098359310438402074632433326122454         1565.05875939653105242097127878832439         0.00000000000000000000000000000000000        -1.00000000000000000000000000000000000         1.30490197801437493541409336384540264         50.0000000000000000000000000000000000         3.45055223926989881337191080102217964         3.27476861211640717690000414863360726         3.25234850854388263275609169111704025         3.12440461367661387226509953243474740         2.01784390741521525838751320401260044       -0.689351203096076156165049144249559857        -6.09417257115395932197335571393668651         5600.07744612562726425653663009327248         27265.3049654967254151099649711506402      
   13.0000000000000000000000000000000000         1.00000000000000000000000000000000002E-0002   0.00000000000000000000000000000000000        0.668614458809231706125433871573613450        0.331385541190768293874566128426386550        0.724999999999999999999999999999999981        0.275000000000000000000000000000000019        0.512000024318695068359375000000000000        0.425000011920928955078125000000000000         6.30000010132789611816406250000000000E-0002  0.870056494511586616800702331296776776        0.129943505488413383199297668703223248         0.00000000000000000000000000000000000        0.683022559859958444886526535977552353        0.167811590859605266884724425470909642        0.129098359310438402074632433326122454         1565.05875939653105242097127878832439         0.00000000000000000000000000000000000        -1.00000000000000000000000000000000000         1.27505124071298596584005087095490978         50.0000000000000000000000000000000000         3.45367224676714447351638782901158610         3.27766721698000309953846087312317603         3.25516996823429290622413933255250142         3.12674821372124483331388405981932696         2.01805522895567308110595966344137464       -0.691123626884325558612200156440192996        -6.09806186681322444914943342024456191         5598.02486562519233602931669173334326         27334.8021284898129778021765622337712      
   13.0000000000000000000000000000000000         1.00000000000000000000000000000000002E-0002   0.00000000000000000000000000000000000        0.668614458809231706125433871573613450        0.331385541190768293874566128426386550        0.724999999999999999999999999999999981        0.275000000000000000000000000000000019        0.512000024318695068359375000000000000        0.425000011920928955078125000000000000         6.30000010132789611816406250000000000E-0002  0.870056494511586616800702331296776776        0.129943505488413383199297668703223248         0.00000000000000000000000000000000000        0.683022559859958444886526535977552353        0.167811590859605266884724425470909642        0.129098359310438402074632433326122454         1565.05875939653105242097127878832439         0.00000000000000000000000000000000000        -1.00000000000000000000000000000000000         1.24588336429498108041570022794156904         50.0000000000000000000000000000000000         3.45667822826505603295507320004356559         3.28031748055353831811862857066061047         3.25761840435405371621488501863966847         3.12922867899159865093855218551577486         2.01826115027569012920523338977650714       -0.696799728573044879266204398105031935        -6.11059366698517500085426684014933752         5596.10369071202180846536984186380771         27396.2574445378216532694221845107031      
   13.0000000000000000000000000000000000         1.00000000000000000000000000000000002E-0002   0.00000000000000000000000000000000000        0.668614458809231706125433871573613450        0.331385541190768293874566128426386550        0.724999999999999999999999999999999981        0.275000000000000000000000000000000019        0.512000024318695068359375000000000000        0.425000011920928955078125000000000000         6.30000010132789611816406250000000000E-0002  0.870056494511586616800702331296776776        0.129943505488413383199297668703223248         0.00000000000000000000000000000000000        0.683022559859958444886526535977552353        0.167811590859605266884724425470909642        0.129098359310438402074632433326122454         1565.05875939653105242097127878832439         0.00000000000000000000000000000000000        -1.00000000000000000000000000000000000         1.21738272773963479124329848383560713         50.0000000000000000000000000000000000         3.45956101903885114234395127673556083         3.28285948342601508928134129069715999         3.26031815597738471510930620917109494         3.13162711181994258781207623049693838         2.01845551131908923062280348825366685       -0.691384287367896150142250849815446977        -6.11114785519258632537543045242204534         5594.20852386753825140980377594260945         27460.1304711511573384215302319814868      
   13.0000000000000000000000000000000000         1.00000000000000000000000000000000002E-0002   0.00000000000000000000000000000000000        0.668614458809231706125433871573613450        0.331385541190768293874566128426386550        0.724999999999999999999999999999999981        0.275000000000000000000000000000000019        0.512000024318695068359375000000000000        0.425000011920928955078125000000000000         6.30000010132789611816406250000000000E-0002  0.870056494511586616800702331296776776        0.129943505488413383199297668703223248         0.00000000000000000000000000000000000        0.683022559859958444886526535977552353        0.167811590859605266884724425470909642        0.129098359310438402074632433326122454         1565.05875939653105242097127878832439         0.00000000000000000000000000000000000        -1.00000000000000000000000000000000000         1.18953406737029335874379088670604304         50.0000000000000000000000000000000000         3.46230951278341373713342333471673504         3.28530893573150574916792121889359887         3.26276802758435387254468420928730681         3.13401038280669296413106487463638101         2.01862930222787641946186755741555294       -0.690852305667602841858549741508818447        -6.11571167524262571734436886692808810         5592.19854741317021508843986141533199         27526.2231964239973138091046188481456      
   13.0000000000000000000000000000000000         1.00000000000000000000000000000000002E-0002   0.00000000000000000000000000000000000        0.668614458809231706125433871573613450        0.331385541190768293874566128426386550        0.724999999999999999999999999999999981        0.275000000000000000000000000000000019        0.512000024318695068359375000000000000        0.425000011920928955078125000000000000         6.30000010132789611816406250000000000E-0002  0.870056494511586616800702331296776776        0.129943505488413383199297668703223248         0.00000000000000000000000000000000000        0.683022559859958444886526535977552353        0.167811590859605266884724425470909642        0.129098359310438402074632433326122454         1565.05875939653105242097127878832439         0.00000000000000000000000000000000000        -1.00000000000000000000000000000000000         1.16232246867982667103909171888851915         50.0000000000000000000000000000000000         3.46497629536080038083113840458016737         3.28778243136271588539370080809755815         3.26514237041055042553575913022752739         3.13623080792726291322736813222073713         2.01880730677367447134143292436681071       -0.693386639349473697206174631300838852        -6.12022087493610155962665569139026239         5590.45653801805299218229840878617375         27585.0144954085602749436917978428684      
   13.0000000000000000000000000000000000         1.00000000000000000000000000000000002E-0002   0.00000000000000000000000000000000000        0.668614458809231706125433871573613450        0.331385541190768293874566128426386550        0.724999999999999999999999999999999981        0.275000000000000000000000000000000019        0.512000024318695068359375000000000000        0.425000011920928955078125000000000000         6.30000010132789611816406250000000000E-0002  0.870056494511586616800702331296776776        0.129943505488413383199297668703223248         0.00000000000000000000000000000000000        0.683022559859958444886526535977552353        0.167811590859605266884724425470909642        0.129098359310438402074632433326122454         1565.05875939653105242097127878832439         0.00000000000000000000000000000000000        -1.00000000000000000000000000000000000         1.13573335834307983106523527302978442         50.0000000000000000000000000000000000         3.46755977021649685388208170212722504         3.29005308017144545413474719826750636         3.26777406745949220939339637248939504         3.13839011677100637277853600967009666         2.01898796985841132411427312049412855       -0.681779469817321406397483099941220146        -6.11381627470734606970548265421131530         5588.94633101868391585129447878166004         27636.9803843653899898561203904008154      
   13.0000000000000000000000000000000000         1.00000000000000000000000000000000002E-0002   0.00000000000000000000000000000000000        0.668614458809231706125433871573613450        0.331385541190768293874566128426386550        0.724999999999999999999999999999999981        0.275000000000000000000000000000000019        0.512000024318695068359375000000000000        0.425000011920928955078125000000000000         6.30000010132789611816406250000000000E-0002  0.870056494511586616800702331296776776        0.129943505488413383199297668703223248         0.00000000000000000000000000000000000        0.683022559859958444886526535977552353        0.167811590859605266884724425470909642        0.129098359310438402074632433326122454         1565.05875939653105242097127878832439         0.00000000000000000000000000000000000        -1.00000000000000000000000000000000000         1.10975249641204667481328017314001897         50.0000000000000000000000000000000000         3.47002218537772083528209010744904306         3.29238913439388815587948405572269888         3.26995503390549172766853815426655789         3.14041739591498779590242335613863603         2.01914650506831849620867291297895386       -0.686067553094212328621335293701054270        -6.11834564689036792362494740810187829         5587.30444299645852700963143441102641         27690.5852435981530039393418628611614      
   13.0000000000000000000000000000000000         1.00000000000000000000000000000000002E-0002   0.00000000000000000000000000000000000        0.668614458809231706125433871573613450        0.331385541190768293874566128426386550        0.724999999999999999999999999999999981        0.275000000000000000000000000000000019        0.512000024318695068359375000000000000        0.425000011920928955078125000000000000         6.30000010132789611816406250000000000E-0002  0.870056494511586616800702331296776776        0.129943505488413383199297668703223248         0.00000000000000000000000000000000000        0.683022559859958444886526535977552353        0.167811590859605266884724425470909642        0.129098359310438402074632433326122454         1565.05875939653105242097127878832439         0.00000000000000000000000000000000000        -1.00000000000000000000000000000000000         1.08436596868958530185563621311824686         50.0000000000000000000000000000000000         3.47240589875699953533620394243386022         3.29459929396071324699219281213638903         3.27205349029141549574046620643934327         3.14245278023694138513649297048689325         2.01930616499560250277377396117081879       -0.689041415007239927374357634671493486        -6.12313976712343603797544724291303326         5585.79657529756791390650149952336809         27742.8024396640269970496550113005472      
   13.0000000000000000000000000000000000         1.00000000000000000000000000000000002E-0002   0.00000000000000000000000000000000000        0.668614458809231706125433871573613450        0.331385541190768293874566128426386550        0.724999999999999999999999999999999981        0.275000000000000000000000000000000019        0.512000024318695068359375000000000000        0.425000011920928955078125000000000000         6.30000010132789611816406250000000000E-0002  0.870056494511586616800702331296776776        0.129943505488413383199297668703223248         0.00000000000000000000000000000000000        0.683022559859958444886526535977552353        0.167811590859605266884724425470909642        0.129098359310438402074632433326122454         1565.05875939653105242097127878832439         0.00000000000000000000000000000000000        -1.00000000000000000000000000000000000         1.05956017927759131849715767068641544         50.0000000000000000000000000000000000         3.47469758503621592179887768972079058         3.29660554276043217925543225248851688         3.27406594419282273679694112359543205         3.14450021986750555983250021129679703         2.01945521238369200539252995051538597       -0.688428362525431040889970093308166476        -6.12790469902573200746034795697666710         5584.29008776837843241656694665925848         27792.8826319483828730196591959389276      
   13.0000000000000000000000000000000000         1.00000000000000000000000000000000002E-0002   0.00000000000000000000000000000000000        0.668614458809231706125433871573613450        0.331385541190768293874566128426386550        0.724999999999999999999999999999999981        0.275000000000000000000000000000000019        0.512000024318695068359375000000000000        0.425000011920928955078125000000000000         6.30000010132789611816406250000000000E-0002  0.870056494511586616800702331296776776        0.129943505488413383199297668703223248         0.00000000000000000000000000000000000        0.683022559859958444886526535977552353        0.167811590859605266884724425470909642        0.129098359310438402074632433326122454         1565.05875939653105242097127878832439         0.00000000000000000000000000000000000        -1.00000000000000000000000000000000000         1.03532184329563792570230270529286152         50.0000000000000000000000000000000000         3.47690106354059845366500957643083006         3.29853392616439095550451278256645035         3.27603696976687233651849635349123030         3.14627232722040004856163063700041769         2.01959571189705897348839841588515096       -0.686712531181219724293706575357458531        -6.13131340175382406691064330718604995         5582.79873687824964916273971826728843         27841.3838509547251560541576068943425      
   13.0000000000000000000000000000000000         1.00000000000000000000000000000000002E-0002   0.00000000000000000000000000000000000        0.668614458809231706125433871573613450        0.331385541190768293874566128426386550        0.724999999999999999999999999999999981        0.275000000000000000000000000000000019        0.512000024318695068359375000000000000        0.425000011920928955078125000000000000         6.30000010132789611816406250000000000E-0002  0.870056494511586616800702331296776776        0.129943505488413383199297668703223248         0.00000000000000000000000000000000000        0.683022559859958444886526535977552353        0.167811590859605266884724425470909642        0.129098359310438402074632433326122454         1565.05875939653105242097127878832439         0.00000000000000000000000000000000000        -1.00000000000000000000000000000000000         1.01163797976618327842982882221131377         50.0000000000000000000000000000000000         3.47902559366935741668479906304148990         3.30045520197537394846075714547840604         3.27792863130841644141028743618636310         3.14804192072794315376765689328688928         2.01973106386964408958445762379217486       -0.687219680495783453413860089679382481        -6.13487921732668129916991418459332327         5581.28931498568445867204614975233307         27891.1791103750741273619623669341396      
   13.0000000000000000000000000000000000         1.00000000000000000000000000000000002E-0002   0.00000000000000000000000000000000000        0.668614458809231706125433871573613450        0.331385541190768293874566128426386550        0.724999999999999999999999999999999981        0.275000000000000000000000000000000019        0.512000024318695068359375000000000000        0.425000011920928955078125000000000000         6.30000010132789611816406250000000000E-0002  0.870056494511586616800702331296776776        0.129943505488413383199297668703223248         0.00000000000000000000000000000000000        0.683022559859958444886526535977552353        0.167811590859605266884724425470909642        0.129098359310438402074632433326122454         1565.05875939653105242097127878832439         0.00000000000000000000000000000000000        -1.00000000000000000000000000000000000        0.988495904662534749048153247276444971         50.0000000000000000000000000000000000         3.48261475069866861907601615923487233         3.30368862301772939600165221809367331         3.28111709783945616117418829068785133         3.15103577994405047165402864364135546         2.01997845090091083538751785893141363       -0.687921963929177975240972197030127877        -6.14112958638063404730918356708005171         5579.28393482650689276775207900152523         27967.1194171084376205758498518626117      
   13.0000000000000000000000000000000000         1.00000000000000000000000000000000002E-0002   0.00000000000000000000000000000000000        0.668614458809231706125433871573613450        0.331385541190768293874566128426386550        0.724999999999999999999999999999999981        0.275000000000000000000000000000000019        0.512000024318695068359375000000000000        0.425000011920928955078125000000000000         6.30000010132789611816406250000000000E-0002  0.870056494511586616800702331296776776        0.129943505488413383199297668703223248         0.00000000000000000000000000000000000        0.683022559859958444886526535977552353        0.167811590859605266884724425470909642        0.129098359310438402074632433326122454         1565.05875939653105242097127878832439         0.00000000000000000000000000000000000        -1.00000000000000000000000000000000000        0.965883224115846892882453149122286648         50.0000000000000000000000000000000000         3.48743388421811372994189357122152854         3.30796615847249391914673726122215147         3.28571939112110854136759239914040479         3.15514277289604097060465600057230498         2.02027876613002885667391680265042619       -0.677074476034139908609366887536194959        -6.13912720733522253363955857372863443         5576.13248056857355993944017420834373         28071.2827165053359081204895261994627      
   13.0000000000000000000000000000000000         1.00000000000000000000000000000000002E-0002   0.00000000000000000000000000000000000        0.668614458809231706125433871573613450        0.331385541190768293874566128426386550        0.724999999999999999999999999999999981        0.275000000000000000000000000000000019        0.512000024318695068359375000000000000        0.425000011920928955078125000000000000         6.30000010132789611816406250000000000E-0002  0.870056494511586616800702331296776776        0.129943505488413383199297668703223248         0.00000000000000000000000000000000000        0.683022559859958444886526535977552353        0.167811590859605266884724425470909642        0.129098359310438402074632433326122454         1565.05875939653105242097127878832439         0.00000000000000000000000000000000000        -1.00000000000000000000000000000000000        0.943787827777515085340723749159301581         50.0000000000000000000000000000000000         3.49206033662044231186353102691564135         3.31207467137917167455312272310484777         3.28977477520509840537652965470266088         3.15899356340014087468809344840069782         2.02059130492040086868105369683527987       -0.677854798515287411858458483896192675        -6.14891824631771557114870472259940166         5573.28109675743945286375613090423673         28169.3684329053917593531204363780864      
   13.0000000000000000000000000000000000         1.00000000000000000000000000000000002E-0002   0.00000000000000000000000000000000000        0.668614458809231706125433871573613450        0.331385541190768293874566128426386550        0.724999999999999999999999999999999981        0.275000000000000000000000000000000019        0.512000024318695068359375000000000000        0.425000011920928955078125000000000000         6.30000010132789611816406250000000000E-0002  0.870056494511586616800702331296776776        0.129943505488413383199297668703223248         0.00000000000000000000000000000000000        0.683022559859958444886526535977552353        0.167811590859605266884724425470909642        0.129098359310438402074632433326122454         1565.05875939653105242097127878832439         0.00000000000000000000000000000000000        -1.00000000000000000000000000000000000        0.922197882333410023094374053719914769         50.0000000000000000000000000000000000         3.49642736606884359628351587741983631         3.31611776083162671030419813466696213         3.29366707100681880363067678297536290         3.16244682975256207716483575626881460         2.02086918193406325109419405068575470       -0.681632033256631101792673949141193526        -6.15606528197290960042770797544407300         5570.51311364288028065623519485606189         28261.9864733016630742317110174880493      
   13.0000000000000000000000000000000000         1.00000000000000000000000000000000002E-0002   0.00000000000000000000000000000000000        0.668614458809231706125433871573613450        0.331385541190768293874566128426386550        0.724999999999999999999999999999999981        0.275000000000000000000000000000000019        0.512000024318695068359375000000000000        0.425000011920928955078125000000000000         6.30000010132789611816406250000000000E-0002  0.870056494511586616800702331296776776        0.129943505488413383199297668703223248         0.00000000000000000000000000000000000        0.683022559859958444886526535977552353        0.167811590859605266884724425470909642        0.129098359310438402074632433326122454         1565.05875939653105242097127878832439         0.00000000000000000000000000000000000        -1.00000000000000000000000000000000000        0.901101825166479601020082453372650226         50.0000000000000000000000000000000000         3.50057858297009300891063561589892522         3.31983360609400481371834008037918479         3.29762035922546544268654032097503196         3.16620094250850460399137589840072722         2.02113250760107451769363134500124016       -0.673614438557043226209250509526145199        -6.15468736953994749097767407751934058         5567.86055362901515740962934527674172         28349.7097883008825175210620665552079      
   13.0000000000000000000000000000000000         1.00000000000000000000000000000000002E-0002   0.00000000000000000000000000000000000        0.668614458809231706125433871573613450        0.331385541190768293874566128426386550        0.724999999999999999999999999999999981        0.275000000000000000000000000000000019        0.512000024318695068359375000000000000        0.425000011920928955078125000000000000         6.30000010132789611816406250000000000E-0002  0.870056494511586616800702331296776776        0.129943505488413383199297668703223248         0.00000000000000000000000000000000000        0.683022559859958444886526535977552353        0.167811590859605266884724425470909642        0.129098359310438402074632433326122454         1565.05875939653105242097127878832439         0.00000000000000000000000000000000000        -1.00000000000000000000000000000000000        0.880488358164324135594530648557446791         50.0000000000000000000000000000000000         3.50454031081589418529314915329387671         3.32342308928342186472267464354041761         3.30122254709032490981438420289418785         3.16942159551233834835764293792663785         2.02138960754820083648535906240652517       -0.672494564556526543054297220440761562        -6.15886268875669012294413218787302987         5565.36197945528283045038121362546880         28432.8769936573760046219782460781225      
   13.0000000000000000000000000000000000         1.00000000000000000000000000000000002E-0002   0.00000000000000000000000000000000000        0.668614458809231706125433871573613450        0.331385541190768293874566128426386550        0.724999999999999999999999999999999981        0.275000000000000000000000000000000019        0.512000024318695068359375000000000000        0.425000011920928955078125000000000000         6.30000010132789611816406250000000000E-0002  0.870056494511586616800702331296776776        0.129943505488413383199297668703223248         0.00000000000000000000000000000000000        0.683022559859958444886526535977552353        0.167811590859605266884724425470909642        0.129098359310438402074632433326122454         1565.05875939653105242097127878832439         0.00000000000000000000000000000000000        -1.00000000000000000000000000000000000        0.860346441668428546726991796450618988         50.0000000000000000000000000000000000         3.50831028589452766998127031591202675         3.32672445824491839652487486486408093         3.30445141586672168412324121416831304         3.17241868525365987763058742737431077         2.02162945677133266686403456283566818       -0.674031467712008575957819889184755016        -6.16921976970074533151563551425249877         5563.01456470527062804401531086030986         28511.9631983802389586420038418075849      
   13.0000000000000000000000000000000000         1.00000000000000000000000000000000002E-0002   0.00000000000000000000000000000000000        0.668614458809231706125433871573613450        0.331385541190768293874566128426386550        0.724999999999999999999999999999999981        0.275000000000000000000000000000000019        0.512000024318695068359375000000000000        0.425000011920928955078125000000000000         6.30000010132789611816406250000000000E-0002  0.870056494511586616800702331296776776        0.129943505488413383199297668703223248         0.00000000000000000000000000000000000        0.683022559859958444886526535977552353        0.167811590859605266884724425470909642        0.129098359310438402074632433326122454         1565.05875939653105242097127878832439         0.00000000000000000000000000000000000        -1.00000000000000000000000000000000000        0.840665288561810975197799993788514878         50.0000000000000000000000000000000000         3.51187392484786882914191439278471642         3.32985550654374226876580527407209645         3.30767953842072146457941265469948299         3.17533787184193699455155151095310036         2.02184216867123415343078489795765012       -0.670438833793702420810108731971040748        -6.17334249147490380668386624047904909         5560.47975207794370946679280836677820         28586.1642090748463101969878809304183      
   13.0000000000000000000000000000000000         1.00000000000000000000000000000000002E-0002   0.00000000000000000000000000000000000        0.668614458809231706125433871573613450        0.331385541190768293874566128426386550        0.724999999999999999999999999999999981        0.275000000000000000000000000000000019        0.512000024318695068359375000000000000        0.425000011920928955078125000000000000         6.30000010132789611816406250000000000E-0002  0.870056494511586616800702331296776776        0.129943505488413383199297668703223248         0.00000000000000000000000000000000000        0.683022559859958444886526535977552353        0.167811590859605266884724425470909642        0.129098359310438402074632433326122454         1565.05875939653105242097127878832439         0.00000000000000000000000000000000000        -1.00000000000000000000000000000000000        0.821434358491921442573499884786543078         50.0000000000000000000000000000000000         3.51529936358496570832601130447057417         3.33307330317462865874584567674548188         3.31091476828563885120869171852729734         3.17820869858137526822864382566291023         2.02205916761568291722773428409669714       -0.669257182372691902825598264205227457        -6.17305517064564354993413184426711788         5558.46979091204223643971969096886832         28657.4621705526341911708536663356360      
   13.0000000000000000000000000000000000         1.00000000000000000000000000000000002E-0002   0.00000000000000000000000000000000000        0.668614458809231706125433871573613450        0.331385541190768293874566128426386550        0.724999999999999999999999999999999981        0.275000000000000000000000000000000019        0.512000024318695068359375000000000000        0.425000011920928955078125000000000000         6.30000010132789611816406250000000000E-0002  0.870056494511586616800702331296776776        0.129943505488413383199297668703223248         0.00000000000000000000000000000000000        0.683022559859958444886526535977552353        0.167811590859605266884724425470909642        0.129098359310438402074632433326122454         1565.05875939653105242097127878832439         0.00000000000000000000000000000000000        -1.00000000000000000000000000000000000        0.802643352225696594392547730809264523         50.0000000000000000000000000000000000         3.51856992294556966838888977449713811         3.33599441567656443397856017928689576         3.31362579020862624893641005770672755         3.18107791370037755769932060371041859         2.02226552780177117695335131715521826       -0.675049836165412446602995565130173402        -6.18489068205979028252556028067172929         5556.44073520120698420935780396234520         28719.4250326485764336303226684407753      
   13.0000000000000000000000000000000000         1.00000000000000000000000000000000002E-0002   0.00000000000000000000000000000000000        0.668614458809231706125433871573613450        0.331385541190768293874566128426386550        0.724999999999999999999999999999999981        0.275000000000000000000000000000000019        0.512000024318695068359375000000000000        0.425000011920928955078125000000000000         6.30000010132789611816406250000000000E-0002  0.870056494511586616800702331296776776        0.129943505488413383199297668703223248         0.00000000000000000000000000000000000        0.683022559859958444886526535977552353        0.167811590859605266884724425470909642        0.129098359310438402074632433326122454         1565.05875939653105242097127878832439         0.00000000000000000000000000000000000        -1.00000000000000000000000000000000000        0.784282206133747344351204735362582161         50.0000000000000000000000000000000000         3.52446918601112697380509236031468903         3.34134465236199189560178440232193587         3.31919470924388894711881652162459448         3.18587550184334015463887356768056171         2.02263645472671441181676453528905411       -0.667328826971669146302146865952215120        -6.18446625609376979304440836654446022         5552.67542700165446635156734293691247         28845.6461937209359618807825914604130      
   13.0000000000000000000000000000000000         1.00000000000000000000000000000000002E-0002   0.00000000000000000000000000000000000        0.668614458809231706125433871573613450        0.331385541190768293874566128426386550        0.724999999999999999999999999999999981        0.275000000000000000000000000000000019        0.512000024318695068359375000000000000        0.425000011920928955078125000000000000         6.30000010132789611816406250000000000E-0002  0.870056494511586616800702331296776776        0.129943505488413383199297668703223248         0.00000000000000000000000000000000000        0.683022559859958444886526535977552353        0.167811590859605266884724425470909642        0.129098359310438402074632433326122454         1565.05875939653105242097127878832439         0.00000000000000000000000000000000000        -1.00000000000000000000000000000000000        0.766341086800725395072716924826503850         50.0000000000000000000000000000000000         3.53042779736121786663646332516423255         3.34668092989301258568692661604886183         3.32443609152649800280502389257358818         3.19103030389519236799465852199712282         2.02300391928120163527092437031689021       -0.669131177561614933023992449549504410        -6.19629014255267631140920085483503833         5548.95220617060107582904382785947752         28967.9620412413691772695507224346201      
   13.0000000000000000000000000000000000         1.00000000000000000000000000000000002E-0002   0.00000000000000000000000000000000000        0.668614458809231706125433871573613450        0.331385541190768293874566128426386550        0.724999999999999999999999999999999981        0.275000000000000000000000000000000019        0.512000024318695068359375000000000000        0.425000011920928955078125000000000000         6.30000010132789611816406250000000000E-0002  0.870056494511586616800702331296776776        0.129943505488413383199297668703223248         0.00000000000000000000000000000000000        0.683022559859958444886526535977552353        0.167811590859605266884724425470909642        0.129098359310438402074632433326122454         1565.05875939653105242097127878832439         0.00000000000000000000000000000000000        -1.00000000000000000000000000000000000        0.748810385758982186851891916564299271         50.0000000000000000000000000000000000         3.53600672711457255228158310919305502         3.35160377628823816001679209054539625         3.32972805050521910225290961594664234         3.19555719673391003501876834860391177         2.02334625978489364358694774740157942       -0.656982355652133735206896153137357773        -6.19506078215771463861843632225898824         5545.48639530670661086410682989141155         29081.5598749143519337665505824426701      
   13.0000000000000000000000000000000000         1.00000000000000000000000000000000002E-0002   0.00000000000000000000000000000000000        0.668614458809231706125433871573613450        0.331385541190768293874566128426386550        0.724999999999999999999999999999999981        0.275000000000000000000000000000000019        0.512000024318695068359375000000000000        0.425000011920928955078125000000000000         6.30000010132789611816406250000000000E-0002  0.870056494511586616800702331296776776        0.129943505488413383199297668703223248         0.00000000000000000000000000000000000        0.683022559859958444886526535977552353        0.167811590859605266884724425470909642        0.129098359310438402074632433326122454         1565.05875939653105242097127878832439         0.00000000000000000000000000000000000        -1.00000000000000000000000000000000000        0.731680714342699855722367114685386455         50.0000000000000000000000000000000000         3.54125707339420186679166290867837295         3.35637223075332266002829505980934726         3.33438130161857390235886209773981359         3.19997613851131535794196504969605642         2.02367489933116345726021313979811501       -0.659520527063714354974341579040340175        -6.20432257328237830638902781662706182         5542.53275855453236469973564244157584         29187.8679504383543948524579618598783      
   13.0000000000000000000000000000000000         1.00000000000000000000000000000000002E-0002   0.00000000000000000000000000000000000        0.668614458809231706125433871573613450        0.331385541190768293874566128426386550        0.724999999999999999999999999999999981        0.275000000000000000000000000000000019        0.512000024318695068359375000000000000        0.425000011920928955078125000000000000         6.30000010132789611816406250000000000E-0002  0.870056494511586616800702331296776776        0.129943505488413383199297668703223248         0.00000000000000000000000000000000000        0.683022559859958444886526535977552353        0.167811590859605266884724425470909642        0.129098359310438402074632433326122454         1565.05875939653105242097127878832439         0.00000000000000000000000000000000000        -1.00000000000000000000000000000000000        0.714942898659738301657931174451906201         50.0000000000000000000000000000000000         3.54619244092596784315495001748304199         3.36062449028647059891706757454197249         3.33874492778827295811946727283115419         3.20414065777712824471420657616581270         2.02398849502202722480596570928614818       -0.655322972297006114436794008608829141        -6.21333817420778428970680528709504490         5539.65402029282681657758607229318286         29286.8669908950439409295053737922417      
   13.0000000000000000000000000000000000         1.00000000000000000000000000000000002E-0002   0.00000000000000000000000000000000000        0.668614458809231706125433871573613450        0.331385541190768293874566128426386550        0.724999999999999999999999999999999981        0.275000000000000000000000000000000019        0.512000024318695068359375000000000000        0.425000011920928955078125000000000000         6.30000010132789611816406250000000000E-0002  0.870056494511586616800702331296776776        0.129943505488413383199297668703223248         0.00000000000000000000000000000000000        0.683022559859958444886526535977552353        0.167811590859605266884724425470909642        0.129098359310438402074632433326122454         1565.05875939653105242097127878832439         0.00000000000000000000000000000000000        -1.00000000000000000000000000000000000        0.698587974678505511245973846764196978         50.0000000000000000000000000000000000         3.55079797317560691074558299039484845         3.36474739324162320664401675248497372         3.34283080355579779073350113246106520         3.20799142920333635765368107624619384         2.02426510458228898761359665169260719       -0.655629643669447808292405020630356008        -6.22128913609963921462933655735886667         5536.79158460803983966090717528119453         29378.8622078145589202393082558355719      
   13.0000000000000000000000000000000000         1.00000000000000000000000000000000002E-0002   0.00000000000000000000000000000000000        0.668614458809231706125433871573613450        0.331385541190768293874566128426386550        0.724999999999999999999999999999999981        0.275000000000000000000000000000000019        0.512000024318695068359375000000000000        0.425000011920928955078125000000000000         6.30000010132789611816406250000000000E-0002  0.870056494511586616800702331296776776        0.129943505488413383199297668703223248         0.00000000000000000000000000000000000        0.683022559859958444886526535977552353        0.167811590859605266884724425470909642        0.129098359310438402074632433326122454         1565.05875939653105242097127878832439         0.00000000000000000000000000000000000        -1.00000000000000000000000000000000000        0.682607183427219880523814857610279918         50.0000000000000000000000000000000000         3.55512488288359920605237146091503650         3.36879305432285913566631978935441903         3.34666281458595547463999246736969956         3.21164251667810196953921139271506022         2.02452290234718090210376548966089846       -0.661262904659894273851672157885328006        -6.22895343352462510003751064666311276         5534.09677287385758998264082320959559         29465.4771747877902869729270334267808      
   13.0000000000000000000000000000000000         1.00000000000000000000000000000000002E-0002   0.00000000000000000000000000000000000        0.668614458809231706125433871573613450        0.331385541190768293874566128426386550        0.724999999999999999999999999999999981        0.275000000000000000000000000000000019        0.512000024318695068359375000000000000        0.425000011920928955078125000000000000         6.30000010132789611816406250000000000E-0002  0.870056494511586616800702331296776776        0.129943505488413383199297668703223248         0.00000000000000000000000000000000000        0.683022559859958444886526535977552353        0.167811590859605266884724425470909642        0.129098359310438402074632433326122454         1565.05875939653105242097127878832439         0.00000000000000000000000000000000000        -1.00000000000000000000000000000000000        0.666991966302993475838252157176296849         50.0000000000000000000000000000000000         3.55920961427150631641304700351951346         3.37250257164945633247844772494482442         3.35060659872369444905683733566917135         3.21505223084778270629436415027884392         2.02477253755931802760245559870580901       -0.653492801396094913704364047375396271        -6.22582835082078750128196302822227907         5531.63462798164852728716828383679407         29541.3429657205201786717821340922599      
   13.0000000000000000000000000000000000         1.00000000000000000000000000000000002E-0002   0.00000000000000000000000000000000000        0.668614458809231706125433871573613450        0.331385541190768293874566128426386550        0.724999999999999999999999999999999981        0.275000000000000000000000000000000019        0.512000024318695068359375000000000000        0.425000011920928955078125000000000000         6.30000010132789611816406250000000000E-0002  0.870056494511586616800702331296776776        0.129943505488413383199297668703223248         0.00000000000000000000000000000000000        0.683022559859958444886526535977552353        0.167811590859605266884724425470909642        0.129098359310438402074632433326122454         1565.05875939653105242097127878832439         0.00000000000000000000000000000000000        -1.00000000000000000000000000000000000        0.651733960488223985811429603273982152         50.0000000000000000000000000000000000         3.56304007401044213456681765160336088         3.37583476479538392755325601532141923         3.35386700325727835085714250917384408         3.21828216473396978234747202277333158         2.02499834701290091409438673422042952       -0.654997992370313697355511116859683171        -6.23677297131981464747305359214904615         5529.25843195802007213663872657047059         29622.3858431480129291093729818515212      
   13.0000000000000000000000000000000000         1.00000000000000000000000000000000002E-0002   0.00000000000000000000000000000000000        0.668614458809231706125433871573613450        0.331385541190768293874566128426386550        0.724999999999999999999999999999999981        0.275000000000000000000000000000000019        0.512000024318695068359375000000000000        0.425000011920928955078125000000000000         6.30000010132789611816406250000000000E-0002  0.870056494511586616800702331296776776        0.129943505488413383199297668703223248         0.00000000000000000000000000000000000        0.683022559859958444886526535977552353        0.167811590859605266884724425470909642        0.129098359310438402074632433326122454         1565.05875939653105242097127878832439         0.00000000000000000000000000000000000        -1.00000000000000000000000000000000000        0.636824994471840587270878196731553838         50.0000000000000000000000000000000000         3.56669519811574246743676730473698776         3.37899339974895062205325263738976683         3.35721672363406224678033997200168878         3.22132207682458438327334677092852979         2.02522157654020586361325684446805168       -0.648652675937939843928859350487975966        -6.23964705665255839182988510583307280         5527.10907575370901770731844050069968         29688.8503248086244448041970356174659      
   13.0000000000000000000000000000000000         1.00000000000000000000000000000000002E-0002   0.00000000000000000000000000000000000        0.668614458809231706125433871573613450        0.331385541190768293874566128426386550        0.724999999999999999999999999999999981        0.275000000000000000000000000000000019        0.512000024318695068359375000000000000        0.425000011920928955078125000000000000         6.30000010132789611816406250000000000E-0002  0.870056494511586616800702331296776776        0.129943505488413383199297668703223248         0.00000000000000000000000000000000000        0.683022559859958444886526535977552353        0.167811590859605266884724425470909642        0.129098359310438402074632433326122454         1565.05875939653105242097127878832439         0.00000000000000000000000000000000000        -1.00000000000000000000000000000000000        0.622257083673005103106595367394209249         50.0000000000000000000000000000000000         3.57018919051941827307320190834540990         3.38234106831782071180985503503521713         3.36030176472001364183661338196979387         3.22391832050096992335154694680541411         2.02543166268219344896602110906865613       -0.655872750155920124649556925994712621        -6.24608861034517318906184787115616713         5524.99745778015710319451617446431069         29757.2868051751917616748128335075979      
   13.0000000000000000000000000000000000         1.00000000000000000000000000000000002E-0002   0.00000000000000000000000000000000000        0.668614458809231706125433871573613450        0.331385541190768293874566128426386550        0.724999999999999999999999999999999981        0.275000000000000000000000000000000019        0.512000024318695068359375000000000000        0.425000011920928955078125000000000000         6.30000010132789611816406250000000000E-0002  0.870056494511586616800702331296776776        0.129943505488413383199297668703223248         0.00000000000000000000000000000000000        0.683022559859958444886526535977552353        0.167811590859605266884724425470909642        0.129098359310438402074632433326122454         1565.05875939653105242097127878832439         0.00000000000000000000000000000000000        -1.00000000000000000000000000000000000        0.608022426164924700527476727271800542         50.0000000000000000000000000000000000         3.57351926160270734052724935049594901         3.38510870457634832775149456508085548         3.36325272228502069382243832522287550         3.22677376159555937771712067486319036         2.02562482677188451549374037094055842       -0.649846565097805241304527576471391836        -6.25188044670130779659779611739687639         5522.95869492815167563379791144013055         29824.1330647421342312659581094890456      
   13.0000000000000000000000000000000000         1.00000000000000000000000000000000002E-0002   0.00000000000000000000000000000000000        0.668614458809231706125433871573613450        0.331385541190768293874566128426386550        0.724999999999999999999999999999999981        0.275000000000000000000000000000000019        0.512000024318695068359375000000000000        0.425000011920928955078125000000000000         6.30000010132789611816406250000000000E-0002  0.870056494511586616800702331296776776        0.129943505488413383199297668703223248         0.00000000000000000000000000000000000        0.683022559859958444886526535977552353        0.167811590859605266884724425470909642        0.129098359310438402074632433326122454         1565.05875939653105242097127878832439         0.00000000000000000000000000000000000        -1.00000000000000000000000000000000000        0.594113398496485993489514973379154652         50.0000000000000000000000000000000000         3.57672307826174520129597319829054815         3.38799069867665325044962562329209488         3.36679605214958203545831807327329159         3.22936033764468732304514040040342921         2.02581398903310616320079172569784704       -0.629519762966906512109967035001654796        -6.23521659347711513658081402493652069         5521.00350733811815956795917695419671         29886.1408020013830314386666298479144      
   13.0000000000000000000000000000000000         1.00000000000000000000000000000000002E-0002   0.00000000000000000000000000000000000        0.668614458809231706125433871573613450        0.331385541190768293874566128426386550        0.724999999999999999999999999999999981        0.275000000000000000000000000000000019        0.512000024318695068359375000000000000        0.425000011920928955078125000000000000         6.30000010132789611816406250000000000E-0002  0.870056494511586616800702331296776776        0.129943505488413383199297668703223248         0.00000000000000000000000000000000000        0.683022559859958444886526535977552353        0.167811590859605266884724425470909642        0.129098359310438402074632433326122454         1565.05875939653105242097127878832439         0.00000000000000000000000000000000000        -1.00000000000000000000000000000000000        0.580522551609472801872907601447780379         50.0000000000000000000000000000000000         3.57981423445146842381747423477228686         3.39092686149918421128645346408255326         3.36954286174476122150885827315688149         3.23195496048739442542908135046451776         2.02600594301150306470503123535402495       -0.634626138673015098803918816453709270        -6.24035310825005921398626232861458980         5519.22242072408760818824226896639690         29945.7002363509701933524656733429013      
   13.0000000000000000000000000000000000         1.00000000000000000000000000000000002E-0002   0.00000000000000000000000000000000000        0.668614458809231706125433871573613450        0.331385541190768293874566128426386550        0.724999999999999999999999999999999981        0.275000000000000000000000000000000019        0.512000024318695068359375000000000000        0.425000011920928955078125000000000000         6.30000010132789611816406250000000000E-0002  0.870056494511586616800702331296776776        0.129943505488413383199297668703223248         0.00000000000000000000000000000000000        0.683022559859958444886526535977552353        0.167811590859605266884724425470909642        0.129098359310438402074632433326122454         1565.05875939653105242097127878832439         0.00000000000000000000000000000000000        -1.00000000000000000000000000000000000        0.567242606849181010351688632731062314         50.0000000000000000000000000000000000         3.58275599593195351966405476636883185         3.39349666599722734681107726938796667         3.37207493452955239363150560684616628         3.23445120949910152424859154257138166         2.02617359964653196349086502659891917       -0.635268547810713431158049228534008005        -6.24781671501596776403287362520168390         5517.47055055404166038740658392495442         30003.2096817526929142191283769500243      
   13.0000000000000000000000000000000000         1.00000000000000000000000000000000002E-0002   0.00000000000000000000000000000000000        0.668614458809231706125433871573613450        0.331385541190768293874566128426386550        0.724999999999999999999999999999999981        0.275000000000000000000000000000000019        0.512000024318695068359375000000000000        0.425000011920928955078125000000000000         6.30000010132789611816406250000000000E-0002  0.870056494511586616800702331296776776        0.129943505488413383199297668703223248         0.00000000000000000000000000000000000        0.683022559859958444886526535977552353        0.167811590859605266884724425470909642        0.129098359310438402074632433326122454         1565.05875939653105242097127878832439         0.00000000000000000000000000000000000        -1.00000000000000000000000000000000000        0.554266452066293989243009143419552756         50.0000000000000000000000000000000000         3.58558900384957961728019532071224628         3.39599605822722574455990780425356873         3.37449529945621728325018514042121385         3.23679921162560364162977622955155029         2.02633953245808496760372277321303736       -0.637154799844385588275032089259158346        -6.25556374096532327333950550427966789         5515.68811992083239377596126157622511         30058.3637064852729572036842548393772      
   13.0000000000000000000000000000000000         1.00000000000000000000000000000000002E-0002   0.00000000000000000000000000000000000        0.668614458809231706125433871573613450        0.331385541190768293874566128426386550        0.724999999999999999999999999999999981        0.275000000000000000000000000000000019        0.512000024318695068359375000000000000        0.425000011920928955078125000000000000         6.30000010132789611816406250000000000E-0002  0.870056494511586616800702331296776776        0.129943505488413383199297668703223248         0.00000000000000000000000000000000000        0.683022559859958444886526535977552353        0.167811590859605266884724425470909642        0.129098359310438402074632433326122454         1565.05875939653105242097127878832439         0.00000000000000000000000000000000000        -1.00000000000000000000000000000000000        0.541587137807930914731878550534231804         50.0000000000000000000000000000000000         3.58832956701739492768346084317144269         3.39849118924980297828658540708831540         3.37700177303116075104165865170777926         3.23910286737596079884849305422861642         2.02650617007796296430606957705833222       -0.636346015280695472923034877630435737        -6.25785262163331955010558188408710551         5514.11595152804587782126272765402264         30111.2453407110142298230200891533596      
   13.0000000000000000000000000000000000         1.00000000000000000000000000000000002E-0002   0.00000000000000000000000000000000000        0.668614458809231706125433871573613450        0.331385541190768293874566128426386550        0.724999999999999999999999999999999981        0.275000000000000000000000000000000019        0.512000024318695068359375000000000000        0.425000011920928955078125000000000000         6.30000010132789611816406250000000000E-0002  0.870056494511586616800702331296776776        0.129943505488413383199297668703223248         0.00000000000000000000000000000000000        0.683022559859958444886526535977552353        0.167811590859605266884724425470909642        0.129098359310438402074632433326122454         1565.05875939653105242097127878832439         0.00000000000000000000000000000000000        -1.00000000000000000000000000000000000        0.529197873595828082916383467628414466         50.0000000000000000000000000000000000         3.59095235965963575872532834053693577         3.40079296752180700763816946575957352         3.37919880106920048886320416076645975         3.24130955090465012627237579228463751         2.02665937079585470496731336475883398       -0.639032141162395772561944816305015549        -6.26638357362801697428544006465527455         5512.56895009753474017112397140838591         30161.9474234856148674718973700409222      
   13.0000000000000000000000000000000000         1.00000000000000000000000000000000002E-0002   0.00000000000000000000000000000000000        0.668614458809231706125433871573613450        0.331385541190768293874566128426386550        0.724999999999999999999999999999999981        0.275000000000000000000000000000000019        0.512000024318695068359375000000000000        0.425000011920928955078125000000000000         6.30000010132789611816406250000000000E-0002  0.870056494511586616800702331296776776        0.129943505488413383199297668703223248         0.00000000000000000000000000000000000        0.683022559859958444886526535977552353        0.167811590859605266884724425470909642        0.129098359310438402074632433326122454         1565.05875939653105242097127878832439         0.00000000000000000000000000000000000        -1.00000000000000000000000000000000000        0.517092024289659976684680554539194195         50.0000000000000000000000000000000000         3.59348428578907878278176679362750598         3.40300720884284066506456259218051818         3.38164723452041747455783599685608608         3.24342967254957819381857565403713397         2.02680984051095976029595382304241166       -0.631644072875994266836381928715016187        -6.26431548229494347643228856037362462         5511.06779578615855001251619467785362         30210.7977851567273091203082570877104      
   13.0000000000000000000000000000000000         1.00000000000000000000000000000000002E-0002   0.00000000000000000000000000000000000        0.668614458809231706125433871573613450        0.331385541190768293874566128426386550        0.724999999999999999999999999999999981        0.275000000000000000000000000000000019        0.512000024318695068359375000000000000        0.425000011920928955078125000000000000         6.30000010132789611816406250000000000E-0002  0.870056494511586616800702331296776776        0.129943505488413383199297668703223248         0.00000000000000000000000000000000000        0.683022559859958444886526535977552353        0.167811590859605266884724425470909642        0.129098359310438402074632433326122454         1565.05875939653105242097127878832439         0.00000000000000000000000000000000000        -1.00000000000000000000000000000000000        0.505263106533552441509885811789768947         50.0000000000000000000000000000000000         3.59591064184070981477645539496750151         3.40522537346010073047511619915299272         3.38374557977236793597893965080258035         3.24547405605198645868150763052846782         2.02694821136541881165928951164569287       -0.634793402203063618627050951150776340        -6.27012454295144414230242431842969612         5509.59675692979242565103801691445128         30257.7155342789968639173870357036064      
   13.0000000000000000000000000000000000         1.00000000000000000000000000000000002E-0002   0.00000000000000000000000000000000000        0.668614458809231706125433871573613450        0.331385541190768293874566128426386550        0.724999999999999999999999999999999981        0.275000000000000000000000000000000019        0.512000024318695068359375000000000000        0.425000011920928955078125000000000000         6.30000010132789611816406250000000000E-0002  0.870056494511586616800702331296776776        0.129943505488413383199297668703223248         0.00000000000000000000000000000000000        0.683022559859958444886526535977552353        0.167811590859605266884724425470909642        0.129098359310438402074632433326122454         1565.05875939653105242097127878832439         0.00000000000000000000000000000000000        -1.00000000000000000000000000000000000        0.493704785283884880252125807328643961         50.0000000000000000000000000000000000         3.60064685474654931169028627686178087         3.40945762536716301850320259958619238         3.38801743069597949685493776051390320         3.24944195233506852836927405888385214         2.02722978066623370249303290830714445       -0.632824213858285695675353328136154856        -6.27592473769801902769205266789164392         5506.97757128316863751650291431466212         30351.4302366250518902422320375569484      
   13.0000000000000000000000000000000000         1.00000000000000000000000000000000002E-0002   0.00000000000000000000000000000000000        0.668614458809231706125433871573613450        0.331385541190768293874566128426386550        0.724999999999999999999999999999999981        0.275000000000000000000000000000000019        0.512000024318695068359375000000000000        0.425000011920928955078125000000000000         6.30000010132789611816406250000000000E-0002  0.870056494511586616800702331296776776        0.129943505488413383199297668703223248         0.00000000000000000000000000000000000        0.683022559859958444886526535977552353        0.167811590859605266884724425470909642        0.129098359310438402074632433326122454         1565.05875939653105242097127878832439         0.00000000000000000000000000000000000        -1.00000000000000000000000000000000000        0.482410870416521911849624043517936884         50.0000000000000000000000000000000000         3.60701376493518514442092793625838135         3.41515984275901949224136876508702813         3.39388990884308142910288681727172964         3.25477493875599376837831905614041815         2.02759902199938914212103310425851048       -0.626712547761710308089504724181601110        -6.27963374818937377774774212314347310         5503.27796211529276926247924804674106         30472.6015950295953921924733683489389      
   13.0000000000000000000000000000000000         1.00000000000000000000000000000000002E-0002   0.00000000000000000000000000000000000        0.668614458809231706125433871573613450        0.331385541190768293874566128426386550        0.724999999999999999999999999999999981        0.275000000000000000000000000000000019        0.512000024318695068359375000000000000        0.425000011920928955078125000000000000         6.30000010132789611816406250000000000E-0002  0.870056494511586616800702331296776776        0.129943505488413383199297668703223248         0.00000000000000000000000000000000000        0.683022559859958444886526535977552353        0.167811590859605266884724425470909642        0.129098359310438402074632433326122454         1565.05875939653105242097127878832439         0.00000000000000000000000000000000000        -1.00000000000000000000000000000000000        0.471375313411657477678071797426935529         50.0000000000000000000000000000000000         3.61302881428633342428251984857332448         3.42041652881403808938639489441102878         3.39924523251160075962535350327103969         3.25978551516135009929888128911950840         2.02794646542060963614562983013013005       -0.622823446215279129913602482248972497        -6.28914853597586315517547310184655038         5499.72958144627904839589559696744519         30587.0881506523375194402113108354169      
   13.0000000000000000000000000000000000         1.00000000000000000000000000000000002E-0002   0.00000000000000000000000000000000000        0.668614458809231706125433871573613450        0.331385541190768293874566128426386550        0.724999999999999999999999999999999981        0.275000000000000000000000000000000019        0.512000024318695068359375000000000000        0.425000011920928955078125000000000000         6.30000010132789611816406250000000000E-0002  0.870056494511586616800702331296776776        0.129943505488413383199297668703223248         0.00000000000000000000000000000000000        0.683022559859958444886526535977552353        0.167811590859605266884724425470909642        0.129098359310438402074632433326122454         1565.05875939653105242097127878832439         0.00000000000000000000000000000000000        -1.00000000000000000000000000000000000        0.460592204114495945141623711092421272         50.0000000000000000000000000000000000         3.61872781797569756636265055869551974         3.42551494128443674502564989040086901         3.40430058038144800583566750260433304         3.26455473072671904953755768913981769         2.02827818545050298151814569159589745       -0.623163566262168724049064924742740794        -6.29871635982928489173448079504140513         5496.43371693253316443328256959735383         30694.4964725315921343748563195189274      
   13.0000000000000000000000000000000000         1.00000000000000000000000000000000002E-0002   0.00000000000000000000000000000000000        0.668614458809231706125433871573613450        0.331385541190768293874566128426386550        0.724999999999999999999999999999999981        0.275000000000000000000000000000000019        0.512000024318695068359375000000000000        0.425000011920928955078125000000000000         6.30000010132789611816406250000000000E-0002  0.870056494511586616800702331296776776        0.129943505488413383199297668703223248         0.00000000000000000000000000000000000        0.683022559859958444886526535977552353        0.167811590859605266884724425470909642        0.129098359310438402074632433326122454         1565.05875939653105242097127878832439         0.00000000000000000000000000000000000        -1.00000000000000000000000000000000000        0.450055767570035372990454275679752185         50.0000000000000000000000000000000000         3.62412308326474543321791963517590732         3.43048820701137404611302614538269084         3.40928529870325824939073137939888484         3.26873229940594857999458502504547407         2.02858626574786869063583802024778616       -0.621916514765732507725184403769439818        -6.30154902680635149522095637168963053         5493.18385452293307299449704126003406         30796.3453852351087439198993266121997      
   13.0000000000000000000000000000000000         1.00000000000000000000000000000000002E-0002   0.00000000000000000000000000000000000        0.668614458809231706125433871573613450        0.331385541190768293874566128426386550        0.724999999999999999999999999999999981        0.275000000000000000000000000000000019        0.512000024318695068359375000000000000        0.425000011920928955078125000000000000         6.30000010132789611816406250000000000E-0002  0.870056494511586616800702331296776776        0.129943505488413383199297668703223248         0.00000000000000000000000000000000000        0.683022559859958444886526535977552353        0.167811590859605266884724425470909642        0.129098359310438402074632433326122454         1565.05875939653105242097127878832439         0.00000000000000000000000000000000000        -1.00000000000000000000000000000000000        0.439760360930257788690467832979899526         50.0000000000000000000000000000000000         3.62925900361428515747593912109682147         3.43499293828472287617721597641213499         3.41386669807556825072988966205438963         3.27302555460841101357964798259157319         2.02888361517983282645040178921116740       -0.618836119789437127480854912169631143        -6.30933555959099877633791681563354564         5490.17656825777945765370537754178497         30892.7907157306151778680919742930545      
   13.0000000000000000000000000000000000         1.00000000000000000000000000000000002E-0002   0.00000000000000000000000000000000000        0.668614458809231706125433871573613450        0.331385541190768293874566128426386550        0.724999999999999999999999999999999981        0.275000000000000000000000000000000019        0.512000024318695068359375000000000000        0.425000011920928955078125000000000000         6.30000010132789611816406250000000000E-0002  0.870056494511586616800702331296776776        0.129943505488413383199297668703223248         0.00000000000000000000000000000000000        0.683022559859958444886526535977552353        0.167811590859605266884724425470909642        0.129098359310438402074632433326122454         1565.05875939653105242097127878832439         0.00000000000000000000000000000000000        -1.00000000000000000000000000000000000        0.429700470432070106154442249655092931         50.0000000000000000000000000000000000         3.63413192710138886796345974036249630         3.43935220163440492263988214488238050         3.41823053446253311065634969512969982         3.27706697137946388366668066250235846         2.02915850965671855324510810637812712       -0.617912307520618589337921558499465044        -6.31617412758274075613678421842653800         5487.28399856827326207026397205479026         30984.4804900317012580237174867906277      
   13.0000000000000000000000000000000000         1.00000000000000000000000000000000002E-0002   0.00000000000000000000000000000000000        0.668614458809231706125433871573613450        0.331385541190768293874566128426386550        0.724999999999999999999999999999999981        0.275000000000000000000000000000000019        0.512000024318695068359375000000000000        0.425000011920928955078125000000000000         6.30000010132789611816406250000000000E-0002  0.870056494511586616800702331296776776        0.129943505488413383199297668703223248         0.00000000000000000000000000000000000        0.683022559859958444886526535977552353        0.167811590859605266884724425470909642        0.129098359310438402074632433326122454         1565.05875939653105242097127878832439         0.00000000000000000000000000000000000        -1.00000000000000000000000000000000000        0.419870708444377203048372879776799319         50.0000000000000000000000000000000000         3.63878943748348199521128067208195711         3.44361476967020966057014856588710855         3.42235043783236921881885389175858388         3.28098701076470063506343448202856903         2.02942870376088097929245670776175819       -0.621337067144670762401839926470190895        -6.32427928065133507390571850567181521         5484.56680037029055731505481206747526         31071.8045917574042000172123772097719      
   13.0000000000000000000000000000000000         1.00000000000000000000000000000000002E-0002   0.00000000000000000000000000000000000        0.668614458809231706125433871573613450        0.331385541190768293874566128426386550        0.724999999999999999999999999999999981        0.275000000000000000000000000000000019        0.512000024318695068359375000000000000        0.425000011920928955078125000000000000         6.30000010132789611816406250000000000E-0002  0.870056494511586616800702331296776776        0.129943505488413383199297668703223248         0.00000000000000000000000000000000000        0.683022559859958444886526535977552353        0.167811590859605266884724425470909642        0.129098359310438402074632433326122454         1565.05875939653105242097127878832439         0.00000000000000000000000000000000000        -1.00000000000000000000000000000000000        0.410265810582705701004756425809749092         50.0000000000000000000000000000000000         3.64323158209397613040804263349150148         3.44763866568115338018429069279748681         3.42628318060340394969634502807383311         3.28467529734136583729589950542979532         2.02968468388368034917626911485146770       -0.623284298234464917011376651998358715        -6.33188764777946114058970867860070402         5481.96289624511595105306948268302324         31154.8868702681154655811903005974290      
   13.0000000000000000000000000000000000         1.00000000000000000000000000000000002E-0002   0.00000000000000000000000000000000000        0.668614458809231706125433871573613450        0.331385541190768293874566128426386550        0.724999999999999999999999999999999981        0.275000000000000000000000000000000019        0.512000024318695068359375000000000000        0.425000011920928955078125000000000000         6.30000010132789611816406250000000000E-0002  0.870056494511586616800702331296776776        0.129943505488413383199297668703223248         0.00000000000000000000000000000000000        0.683022559859958444886526535977552353        0.167811590859605266884724425470909642        0.129098359310438402074632433326122454         1565.05875939653105242097127878832439         0.00000000000000000000000000000000000        -1.00000000000000000000000000000000000        0.400880632889833169234489037558325748         50.0000000000000000000000000000000000         3.64746135496020538189212560205111442         3.45133335480660456136342801336092376         3.43041737408784291894184898421056709         3.28824109567307734771824406019041030         2.02992352063862494391431602907023291       -0.609721163283323714717891946202043819        -6.32704295727498853712083562930655060         5479.44470282197075427751294092160048         31233.7806489254090809878876425088916      
   13.0000000000000000000000000000000000         1.00000000000000000000000000000000002E-0002   0.00000000000000000000000000000000000        0.668614458809231706125433871573613450        0.331385541190768293874566128426386550        0.724999999999999999999999999999999981        0.275000000000000000000000000000000019        0.512000024318695068359375000000000000        0.425000011920928955078125000000000000         6.30000010132789611816406250000000000E-0002  0.870056494511586616800702331296776776        0.129943505488413383199297668703223248         0.00000000000000000000000000000000000        0.683022559859958444886526535977552353        0.167811590859605266884724425470909642        0.129098359310438402074632433326122454         1565.05875939653105242097127878832439         0.00000000000000000000000000000000000        -1.00000000000000000000000000000000000        0.391710149080912821605831498657074121         50.0000000000000000000000000000000000         3.65151288569606347329193517716231919         3.45487284425499210175348541356287549         3.43399637690950184440992247506353924         3.29166159922445772555782626351729506         2.03015388326460313214781966928345872       -0.607935042851689862005042682223351888        -6.33420903554709752771538417434594087         5477.08051808587123175120460154230780         31303.4814762258237039592946773845016      
   13.0000000000000000000000000000000000         1.00000000000000000000000000000000002E-0002   0.00000000000000000000000000000000000        0.668614458809231706125433871573613450        0.331385541190768293874566128426386550        0.724999999999999999999999999999999981        0.275000000000000000000000000000000019        0.512000024318695068359375000000000000        0.425000011920928955078125000000000000         6.30000010132789611816406250000000000E-0002  0.870056494511586616800702331296776776        0.129943505488413383199297668703223248         0.00000000000000000000000000000000000        0.683022559859958444886526535977552353        0.167811590859605266884724425470909642        0.129098359310438402074632433326122454         1565.05875939653105242097127878832439         0.00000000000000000000000000000000000        -1.00000000000000000000000000000000000        0.382749447851618318184181859938150549         50.0000000000000000000000000000000000         3.65540343121802484198053056696127796         3.45835884267051836850184052555066050         3.43741872187820868334019225604672237         3.29489108696086782297535473321347580         2.03038018848961650407266821038046711       -0.609181554142114648006697815179318546        -6.34152330504295145250677079733086869         5474.89704756194463635800023449084642         31381.1583416802745414053487259927385      
   13.0000000000000000000000000000000000         1.00000000000000000000000000000000002E-0002   0.00000000000000000000000000000000000        0.668614458809231706125433871573613450        0.331385541190768293874566128426386550        0.724999999999999999999999999999999981        0.275000000000000000000000000000000019        0.512000024318695068359375000000000000        0.425000011920928955078125000000000000         6.30000010132789611816406250000000000E-0002  0.870056494511586616800702331296776776        0.129943505488413383199297668703223248         0.00000000000000000000000000000000000        0.683022559859958444886526535977552353        0.167811590859605266884724425470909642        0.129098359310438402074632433326122454         1565.05875939653105242097127878832439         0.00000000000000000000000000000000000        -1.00000000000000000000000000000000000        0.373993730247867032998779740545158591         50.0000000000000000000000000000000000         3.65911526662949996523880174295098068         3.46167482043860113318290089540010969         3.44065602369549958209355281753994923         3.29798846779115539005927388001100322         2.03059005526551795339478629550338794       -0.610895032759651681387344190090729390        -6.34934853788029163293747806858145004         5472.69127041313391728914904530206491         31444.7051194955055909245897722803453      
   13.0000000000000000000000000000000000         1.00000000000000000000000000000000002E-0002   0.00000000000000000000000000000000000        0.668614458809231706125433871573613450        0.331385541190768293874566128426386550        0.724999999999999999999999999999999981        0.275000000000000000000000000000000019        0.512000024318695068359375000000000000        0.425000011920928955078125000000000000         6.30000010132789611816406250000000000E-0002  0.870056494511586616800702331296776776        0.129943505488413383199297668703223248         0.00000000000000000000000000000000000        0.683022559859958444886526535977552353        0.167811590859605266884724425470909642        0.129098359310438402074632433326122454         1565.05875939653105242097127878832439         0.00000000000000000000000000000000000        -1.00000000000000000000000000000000000        0.365438307095713128497363238992401528         50.0000000000000000000000000000000000         3.66268253825618319466068093731542626         3.46485224268186827118041972047609205         3.44380805616901713939865012773743932         3.30096635913601730588742042954986574         2.03079497082758611742712196139365314       -0.611073154183315303126053506398990410        -6.35559469393447550836934235260531240         5470.62966848974810093381536174378384         31510.5695156386928968327594584350562      
   13.0000000000000000000000000000000000         1.00000000000000000000000000000000002E-0002   0.00000000000000000000000000000000000        0.668614458809231706125433871573613450        0.331385541190768293874566128426386550        0.724999999999999999999999999999999981        0.275000000000000000000000000000000019        0.512000024318695068359375000000000000        0.425000011920928955078125000000000000         6.30000010132789611816406250000000000E-0002  0.870056494511586616800702331296776776        0.129943505488413383199297668703223248         0.00000000000000000000000000000000000        0.683022559859958444886526535977552353        0.167811590859605266884724425470909642        0.129098359310438402074632433326122454         1565.05875939653105242097127878832439         0.00000000000000000000000000000000000        -1.00000000000000000000000000000000000        0.357078596490034001429135032664111730         50.0000000000000000000000000000000000         3.66609619768627092566292060622132898         3.46782419324275017975466082367930808         3.44721026613491740473950893849545930         3.30380173392298232819407230966954554         2.03098577727477638357503426519494774       -0.597988678275361814259190748343107162        -6.34965420304265049617757706772217899         5468.67804642032983370761488540044465         31574.2820432102988429120179827399025      
   13.0000000000000000000000000000000000         1.00000000000000000000000000000000002E-0002   0.00000000000000000000000000000000000        0.668614458809231706125433871573613450        0.331385541190768293874566128426386550        0.724999999999999999999999999999999981        0.275000000000000000000000000000000019        0.512000024318695068359375000000000000        0.425000011920928955078125000000000000         6.30000010132789611816406250000000000E-0002  0.870056494511586616800702331296776776        0.129943505488413383199297668703223248         0.00000000000000000000000000000000000        0.683022559859958444886526535977552353        0.167811590859605266884724425470909642        0.129098359310438402074632433326122454         1565.05875939653105242097127878832439         0.00000000000000000000000000000000000        -1.00000000000000000000000000000000000        0.348910121340665152018063341962150698         50.0000000000000000000000000000000000         3.66937356363029015421694369679393252         3.47072808376940345826634658441459020         3.45021282365871836001534975648473833         3.30653465692900710173846218303476859         2.03116920867855359842204594539008709       -0.594608540377809111902107001734202767        -6.35209336852346945606990908888978961         5466.74252021595477228430170548414303         31634.2811510179373044214672602619600      
   13.0000000000000000000000000000000000         1.00000000000000000000000000000000002E-0002   0.00000000000000000000000000000000000        0.668614458809231706125433871573613450        0.331385541190768293874566128426386550        0.724999999999999999999999999999999981        0.275000000000000000000000000000000019        0.512000024318695068359375000000000000        0.425000011920928955078125000000000000         6.30000010132789611816406250000000000E-0002  0.870056494511586616800702331296776776        0.129943505488413383199297668703223248         0.00000000000000000000000000000000000        0.683022559859958444886526535977552353        0.167811590859605266884724425470909642        0.129098359310438402074632433326122454         1565.05875939653105242097127878832439         0.00000000000000000000000000000000000        -1.00000000000000000000000000000000000        0.340928506974669295115651594935622826         50.0000000000000000000000000000000000         3.67252054412087969212914054403904485         3.47381210991482492576086592166682060         3.45287299807686778339127547681386063         3.30918327221943210914319987293128395         2.03134510347172464848654533223161624       -0.606425774988524391664966830212513193        -6.36129814697349374844791963955654580         5464.84788365826515665164670369759165         31695.5420178486933926735820968336555      
   13.0000000000000000000000000000000000         1.00000000000000000000000000000000002E-0002   0.00000000000000000000000000000000000        0.668614458809231706125433871573613450        0.331385541190768293874566128426386550        0.724999999999999999999999999999999981        0.275000000000000000000000000000000019        0.512000024318695068359375000000000000        0.425000011920928955078125000000000000         6.30000010132789611816406250000000000E-0002  0.870056494511586616800702331296776776        0.129943505488413383199297668703223248         0.00000000000000000000000000000000000        0.683022559859958444886526535977552353        0.167811590859605266884724425470909642        0.129098359310438402074632433326122454         1565.05875939653105242097127878832439         0.00000000000000000000000000000000000        -1.00000000000000000000000000000000000        0.333129478793455595032205635608556218         50.0000000000000000000000000000000000         3.67556549160486422775926205858473396         3.47627403859680761948580745744101410         3.45546720849265144057036302545213374         3.31171507332328891201593982319641794         2.03152168819060566803417313363578585       -0.602142310973703679440294248290483477        -6.36956653998242850266364822471863976         5463.10359854876805576084322274811826         31749.4944769170380590452695765031991      
   13.0000000000000000000000000000000000         1.00000000000000000000000000000000002E-0002   0.00000000000000000000000000000000000        0.668614458809231706125433871573613450        0.331385541190768293874566128426386550        0.724999999999999999999999999999999981        0.275000000000000000000000000000000019        0.512000024318695068359375000000000000        0.425000011920928955078125000000000000         6.30000010132789611816406250000000000E-0002  0.870056494511586616800702331296776776        0.129943505488413383199297668703223248         0.00000000000000000000000000000000000        0.683022559859958444886526535977552353        0.167811590859605266884724425470909642        0.129098359310438402074632433326122454         1565.05875939653105242097127878832439         0.00000000000000000000000000000000000        -1.00000000000000000000000000000000000        0.325508859983494281038723682103814647         50.0000000000000000000000000000000000         3.67849272225389416254719277832649210         3.47913516415297450241172033147395484         3.45812710441742089921706295610161890         3.31416527595748950185776327925389088         2.03169026396409499796818160442232294       -0.607498194867327200675234428108598857        -6.37239786689672650194295946487133889         5461.44876262531372781424140522010037         31803.5452537304566482811104126401119      
   13.0000000000000000000000000000000000         1.00000000000000000000000000000000002E-0002   0.00000000000000000000000000000000000        0.668614458809231706125433871573613450        0.331385541190768293874566128426386550        0.724999999999999999999999999999999981        0.275000000000000000000000000000000019        0.512000024318695068359375000000000000        0.425000011920928955078125000000000000         6.30000010132789611816406250000000000E-0002  0.870056494511586616800702331296776776        0.129943505488413383199297668703223248         0.00000000000000000000000000000000000        0.683022559859958444886526535977552353        0.167811590859605266884724425470909642        0.129098359310438402074632433326122454         1565.05875939653105242097127878832439         0.00000000000000000000000000000000000        -1.00000000000000000000000000000000000        0.318062569279400603839935856476651141         50.0000000000000000000000000000000000         3.68130812191857617068020002196960580         3.48170390675649562775957851305826693         3.46060884687791439903840720408155106         3.31616029900537172318359335796636543         2.03185153561976618287126303188790156       -0.609576545977241267529145399348627858        -6.37746953804882715349141695270967371         5459.80261275927065059883990978908784         31855.3411066991795823936935452476475      
   13.0000000000000000000000000000000000         1.00000000000000000000000000000000002E-0002   0.00000000000000000000000000000000000        0.668614458809231706125433871573613450        0.331385541190768293874566128426386550        0.724999999999999999999999999999999981        0.275000000000000000000000000000000019        0.512000024318695068359375000000000000        0.425000011920928955078125000000000000         6.30000010132789611816406250000000000E-0002  0.870056494511586616800702331296776776        0.129943505488413383199297668703223248         0.00000000000000000000000000000000000        0.683022559859958444886526535977552353        0.167811590859605266884724425470909642        0.129098359310438402074632433326122454         1565.05875939653105242097127878832439         0.00000000000000000000000000000000000        -1.00000000000000000000000000000000000        0.310786618778190140014945681019097221         50.0000000000000000000000000000000000         3.68400156579237617312803530190588382         3.48406999691977643953649511731067637         3.46336676575721354671380505212406725         3.31850609977555774650215120552416037         2.03199673756352559702645726724367209       -0.597777612445167636238863868190414045        -6.37052945753852651422423197308550574         5458.16343380978980736784891975991259         31905.3311073926093201333907624522832      
   13.0000000000000000000000000000000000         1.00000000000000000000000000000000002E-0002   0.00000000000000000000000000000000000        0.668614458809231706125433871573613450        0.331385541190768293874566128426386550        0.724999999999999999999999999999999981        0.275000000000000000000000000000000019        0.512000024318695068359375000000000000        0.425000011920928955078125000000000000         6.30000010132789611816406250000000000E-0002  0.870056494511586616800702331296776776        0.129943505488413383199297668703223248         0.00000000000000000000000000000000000        0.683022559859958444886526535977552353        0.167811590859605266884724425470909642        0.129098359310438402074632433326122454         1565.05875939653105242097127878832439         0.00000000000000000000000000000000000        -1.00000000000000000000000000000000000        0.303677111803534856525941654869235546         50.0000000000000000000000000000000000         3.68662118071594914790129756360982137         3.48621981598043804096020729434605693         3.46569273027577307726252680793323242         3.32060706747334368903756069239228027         2.03214846926399330105779271617302843       -0.592293873179910460705350511285781459        -6.37472700652825300544697839281402510         5456.66654547685389038059507018041716         31953.7220898791208342271246258452780      
   13.0000000000000000000000000000000000         1.00000000000000000000000000000000002E-0002   0.00000000000000000000000000000000000        0.668614458809231706125433871573613450        0.331385541190768293874566128426386550        0.724999999999999999999999999999999981        0.275000000000000000000000000000000019        0.512000024318695068359375000000000000        0.425000011920928955078125000000000000         6.30000010132789611816406250000000000E-0002  0.870056494511586616800702331296776776        0.129943505488413383199297668703223248         0.00000000000000000000000000000000000        0.683022559859958444886526535977552353        0.167811590859605266884724425470909642        0.129098359310438402074632433326122454         1565.05875939653105242097127878832439         0.00000000000000000000000000000000000        -1.00000000000000000000000000000000000        0.296730240818876125584510913283260323         50.0000000000000000000000000000000000         3.69281366393900378101930113165412143         3.49177660920874040227652354915101209         3.47112906436868848632595909944382639         3.32576807104305034211128825764330779         2.03250052057857822790981865706932859       -0.594836563468641511412223372416424667        -6.38652713452572746146273741720789457         5453.29628910335312096180976357782352         32070.2340787784172260796623182514857      
   13.0000000000000000000000000000000000         1.00000000000000000000000000000000002E-0002   0.00000000000000000000000000000000000        0.668614458809231706125433871573613450        0.331385541190768293874566128426386550        0.724999999999999999999999999999999981        0.275000000000000000000000000000000019        0.512000024318695068359375000000000000        0.425000011920928955078125000000000000         6.30000010132789611816406250000000000E-0002  0.870056494511586616800702331296776776        0.129943505488413383199297668703223248         0.00000000000000000000000000000000000        0.683022559859958444886526535977552353        0.167811590859605266884724425470909642        0.129098359310438402074632433326122454         1565.05875939653105242097127878832439         0.00000000000000000000000000000000000        -1.00000000000000000000000000000000000        0.289942285388277045780409214811308585         50.0000000000000000000000000000000000         3.70252338830802182158949717001834612         3.50049996821706052492017508150764568         3.48008763015835031086842452971839808         3.33386274685342644869009940355726393         2.03304555392470200862628924818214025       -0.586546668590107185854102452093505896        -6.39167118155442193665087996491033699         5447.89048991558707289890967971573903         32247.4188271495776242522473989352530      
   13.0000000000000000000000000000000000         1.00000000000000000000000000000000002E-0002   0.00000000000000000000000000000000000        0.668614458809231706125433871573613450        0.331385541190768293874566128426386550        0.724999999999999999999999999999999981        0.275000000000000000000000000000000019        0.512000024318695068359375000000000000        0.425000011920928955078125000000000000         6.30000010132789611816406250000000000E-0002  0.870056494511586616800702331296776776        0.129943505488413383199297668703223248         0.00000000000000000000000000000000000        0.683022559859958444886526535977552353        0.167811590859605266884724425470909642        0.129098359310438402074632433326122454         1565.05875939653105242097127878832439         0.00000000000000000000000000000000000        -1.00000000000000000000000000000000000        0.283309610183921992432364961451290754         50.0000000000000000000000000000000000         3.71159209247865594250701488230291836         3.50840062868397471164242510198460155         3.48809058277362687180531412284967188         3.34152756965491347134181234963851874         2.03355471532297983420066888756464372       -0.582268304918787105175410793549778177        -6.40756036580068555928114865419856444         5442.63238172055903838194269473636217         32412.7913940235855289447604031476204      
   13.0000000000000000000000000000000000         1.00000000000000000000000000000000002E-0002   0.00000000000000000000000000000000000        0.668614458809231706125433871573613450        0.331385541190768293874566128426386550        0.724999999999999999999999999999999981        0.275000000000000000000000000000000019        0.512000024318695068359375000000000000        0.425000011920928955078125000000000000         6.30000010132789611816406250000000000E-0002  0.870056494511586616800702331296776776        0.129943505488413383199297668703223248         0.00000000000000000000000000000000000        0.683022559859958444886526535977552353        0.167811590859605266884724425470909642        0.129098359310438402074632433326122454         1565.05875939653105242097127878832439         0.00000000000000000000000000000000000        -1.00000000000000000000000000000000000        0.276828663039196302307199991607645442         50.0000000000000000000000000000000000         3.72008668250647101509977186188566325         3.51619016622007646147983045118090302         3.49557385803094399717702878029400765         3.34852358377710535031903992565464250         2.03402916720445849051054069491534740       -0.589783223769319131882805819987558388        -6.42277444545242833715159784985325885         5437.68727077771652362707106441084726         32567.2799880568287426490423595625104      
   13.0000000000000000000000000000000000         1.00000000000000000000000000000000002E-0002   0.00000000000000000000000000000000000        0.668614458809231706125433871573613450        0.331385541190768293874566128426386550        0.724999999999999999999999999999999981        0.275000000000000000000000000000000019        0.512000024318695068359375000000000000        0.425000011920928955078125000000000000         6.30000010132789611816406250000000000E-0002  0.870056494511586616800702331296776776        0.129943505488413383199297668703223248         0.00000000000000000000000000000000000        0.683022559859958444886526535977552353        0.167811590859605266884724425470909642        0.129098359310438402074632433326122454         1565.05875939653105242097127878832439         0.00000000000000000000000000000000000        -1.00000000000000000000000000000000000        0.270495973046303408551587487340004677         50.0000000000000000000000000000000000         3.72807298488260356443064172582789701         3.52320639716635850153446722056856667         3.50302122518935694405628431182564555         3.35519044977667774627690354990793237         2.03447428369240991693247573511944707       -0.576221800537632811108609517684056264        -6.42450459834371613880753149888168288         5433.04252407882398064135566623363509         32711.2968866318568712568845726712254      
   13.0000000000000000000000000000000000         1.00000000000000000000000000000000002E-0002   0.00000000000000000000000000000000000        0.668614458809231706125433871573613450        0.331385541190768293874566128426386550        0.724999999999999999999999999999999981        0.275000000000000000000000000000000019        0.512000024318695068359375000000000000        0.425000011920928955078125000000000000         6.30000010132789611816406250000000000E-0002  0.870056494511586616800702331296776776        0.129943505488413383199297668703223248         0.00000000000000000000000000000000000        0.683022559859958444886526535977552353        0.167811590859605266884724425470909642        0.129098359310438402074632433326122454         1565.05875939653105242097127878832439         0.00000000000000000000000000000000000        -1.00000000000000000000000000000000000        0.264308148697400593963424518837383514         50.0000000000000000000000000000000000         3.73558229910722314388032968090222202         3.52990478513875610969434278322381756         3.50957968316889544546151002653733645         3.36144396121962732004192820958091138         2.03488503943657891120044549101328438       -0.579132084315822514385607138511212196        -6.43959209765722594250547138341869090         5428.28069461447932561140167111935984         32847.2107074127653703498439757597392      
   13.0000000000000000000000000000000000         1.00000000000000000000000000000000002E-0002   0.00000000000000000000000000000000000        0.668614458809231706125433871573613450        0.331385541190768293874566128426386550        0.724999999999999999999999999999999981        0.275000000000000000000000000000000019        0.512000024318695068359375000000000000        0.425000011920928955078125000000000000         6.30000010132789611816406250000000000E-0002  0.870056494511586616800702331296776776        0.129943505488413383199297668703223248         0.00000000000000000000000000000000000        0.683022559859958444886526535977552353        0.167811590859605266884724425470909642        0.129098359310438402074632433326122454         1565.05875939653105242097127878832439         0.00000000000000000000000000000000000        -1.00000000000000000000000000000000000        0.258261876068257837371298016679643259         50.0000000000000000000000000000000000         3.74270985666550763871766789945587068         3.53622833207640968593579639724713811         3.51627358800271971977967208321332199         3.36697735044513609852162358756728818         2.03528749447371899925655353107977968       -0.567496913259939767528844371787404162        -6.43966582792000819910970738043252625         5424.49032602221913107256412880976800         32975.7802468092928698691241631555436      
   13.0000000000000000000000000000000000         1.00000000000000000000000000000000002E-0002   0.00000000000000000000000000000000000        0.668614458809231706125433871573613450        0.331385541190768293874566128426386550        0.724999999999999999999999999999999981        0.275000000000000000000000000000000019        0.512000024318695068359375000000000000        0.425000011920928955078125000000000000         6.30000010132789611816406250000000000E-0002  0.870056494511586616800702331296776776        0.129943505488413383199297668703223248         0.00000000000000000000000000000000000        0.683022559859958444886526535977552353        0.167811590859605266884724425470909642        0.129098359310438402074632433326122454         1565.05875939653105242097127878832439         0.00000000000000000000000000000000000        -1.00000000000000000000000000000000000        0.252353917043467001372871624110622588         50.0000000000000000000000000000000000         3.74945240903175803543106657130912355         3.54229927874720652877367774220493221         3.52220884030430774038224750653346912         3.37262300558374771876190445929330145         2.03566359572008824126839157114825350       -0.570393163886416168415291150537534118        -6.45173466510910145447160352705576038         5420.50967548243379937807596874337938         33098.8877929048774794262695863264451      
   13.0000000000000000000000000000000000         1.00000000000000000000000000000000002E-0002   0.00000000000000000000000000000000000        0.668614458809231706125433871573613450        0.331385541190768293874566128426386550        0.724999999999999999999999999999999981        0.275000000000000000000000000000000019        0.512000024318695068359375000000000000        0.425000011920928955078125000000000000         6.30000010132789611816406250000000000E-0002  0.870056494511586616800702331296776776        0.129943505488413383199297668703223248         0.00000000000000000000000000000000000        0.683022559859958444886526535977552353        0.167811590859605266884724425470909642        0.129098359310438402074632433326122454         1565.05875939653105242097127878832439         0.00000000000000000000000000000000000        -1.00000000000000000000000000000000000        0.246581107582250862202683853856865747         50.0000000000000000000000000000000000         3.75586186406602890380122406167456260         3.54800340607772428887781818175099443         3.52782612347198931706638712173002085         3.37792395343348667871474034753621596         2.03602598531165556376970891640451839       -0.571946629440938714346850862627437857        -6.46391666178867939141682419813764145         5417.01769864700629715191971073116639         33212.2386060349047083371873481449327      
   13.0000000000000000000000000000000000         1.00000000000000000000000000000000002E-0002   0.00000000000000000000000000000000000        0.668614458809231706125433871573613450        0.331385541190768293874566128426386550        0.724999999999999999999999999999999981        0.275000000000000000000000000000000019        0.512000024318695068359375000000000000        0.425000011920928955078125000000000000         6.30000010132789611816406250000000000E-0002  0.870056494511586616800702331296776776        0.129943505488413383199297668703223248         0.00000000000000000000000000000000000        0.683022559859958444886526535977552353        0.167811590859605266884724425470909642        0.129098359310438402074632433326122454         1565.05875939653105242097127878832439         0.00000000000000000000000000000000000        -1.00000000000000000000000000000000000        0.240940356023943225974287668988574336         50.0000000000000000000000000000000000         3.76191885192400855177217766851000849         3.55329360710633436439401939541852492         3.53357144114030987061858153114762266         3.38300793053021743267707692550071708         2.03635252076729262499755534386877884       -0.558136896183992353546065969591842316        -6.46222708631608330597516592929442193         5413.15977466899745213294786820880707         33320.9713223155293636463957150038782      
   13.0000000000000000000000000000000000         1.00000000000000000000000000000000002E-0002   0.00000000000000000000000000000000000        0.668614458809231706125433871573613450        0.331385541190768293874566128426386550        0.724999999999999999999999999999999981        0.275000000000000000000000000000000019        0.512000024318695068359375000000000000        0.425000011920928955078125000000000000         6.30000010132789611816406250000000000E-0002  0.870056494511586616800702331296776776        0.129943505488413383199297668703223248         0.00000000000000000000000000000000000        0.683022559859958444886526535977552353        0.167811590859605266884724425470909642        0.129098359310438402074632433326122454         1565.05875939653105242097127878832439         0.00000000000000000000000000000000000        -1.00000000000000000000000000000000000        0.235428641432232621615718396547904906         50.0000000000000000000000000000000000         3.76772086491314817690435033953632503         3.55854853754991289729343677040388430         3.53866396199283200490203479942025489         3.38780322619308351318755928218320208         2.03667927979074170423634086884865067       -0.561923250431575481211155280415783430        -6.47297695911540059008963759119651155         5410.12696985010529545445346857261429         33423.2390740143146254294328601066863      
   13.0000000000000000000000000000000000         1.00000000000000000000000000000000002E-0002   0.00000000000000000000000000000000000        0.668614458809231706125433871573613450        0.331385541190768293874566128426386550        0.724999999999999999999999999999999981        0.275000000000000000000000000000000019        0.512000024318695068359375000000000000        0.425000011920928955078125000000000000         6.30000010132789611816406250000000000E-0002  0.870056494511586616800702331296776776        0.129943505488413383199297668703223248         0.00000000000000000000000000000000000        0.683022559859958444886526535977552353        0.167811590859605266884724425470909642        0.129098359310438402074632433326122454         1565.05875939653105242097127878832439         0.00000000000000000000000000000000000        -1.00000000000000000000000000000000000        0.230043011977282820869405557322132638         50.0000000000000000000000000000000000         3.77324208992886743108232696350764351         3.56345308205808243455020484216042110         3.54353052430011105215347472293376445         3.39241038743876662013808620465450994         2.03698386680023881301302006067933246       -0.562223398990088333681528545197510314        -6.48256206778766536457561020714563304         5407.05520704988258755881675307200278         33525.1448532448214800383384321823952      
   13.0000000000000000000000000000000000         1.00000000000000000000000000000000002E-0002   0.00000000000000000000000000000000000        0.668614458809231706125433871573613450        0.331385541190768293874566128426386550        0.724999999999999999999999999999999981        0.275000000000000000000000000000000019        0.512000024318695068359375000000000000        0.425000011920928955078125000000000000         6.30000010132789611816406250000000000E-0002  0.870056494511586616800702331296776776        0.129943505488413383199297668703223248         0.00000000000000000000000000000000000        0.683022559859958444886526535977552353        0.167811590859605266884724425470909642        0.129098359310438402074632433326122454         1565.05875939653105242097127878832439         0.00000000000000000000000000000000000        -1.00000000000000000000000000000000000        0.224780583354863720876007761558148674         50.0000000000000000000000000000000000         3.77850134460574255104945418701947763         3.56809193671500521726905977181598209         3.54855453233300833147350465884831818         3.39680549436570377885152852144907719         2.03726789391569633997096903203134080       -0.550573598460440112571119648625348786        -6.48001348654926728867678953644435080         5403.84442126987497990390292277555000         33617.9946991981464458488072634283292      
   13.0000000000000000000000000000000000         1.00000000000000000000000000000000002E-0002   0.00000000000000000000000000000000000        0.668614458809231706125433871573613450        0.331385541190768293874566128426386550        0.724999999999999999999999999999999981        0.275000000000000000000000000000000019        0.512000024318695068359375000000000000        0.425000011920928955078125000000000000         6.30000010132789611816406250000000000E-0002  0.870056494511586616800702331296776776        0.129943505488413383199297668703223248         0.00000000000000000000000000000000000        0.683022559859958444886526535977552353        0.167811590859605266884724425470909642        0.129098359310438402074632433326122454         1565.05875939653105242097127878832439         0.00000000000000000000000000000000000        -1.00000000000000000000000000000000000        0.219638537241645945970073895033063241         50.0000000000000000000000000000000000         3.78355908192445422516424789171143534         3.57265845908720346347728600923359427         3.55297262614154604237608630337569725         3.40076494375898275759610721831577535         2.03755369266009827992577021787157080       -0.554066552633022223116279300600973106        -6.48995869223231958296162602590900862         5400.97125226161915691496652787128982         33707.8550210453911481940681474456572      
   13.0000000000000000000000000000000000         1.00000000000000000000000000000000002E-0002   0.00000000000000000000000000000000000        0.668614458809231706125433871573613450        0.331385541190768293874566128426386550        0.724999999999999999999999999999999981        0.275000000000000000000000000000000019        0.512000024318695068359375000000000000        0.425000011920928955078125000000000000         6.30000010132789611816406250000000000E-0002  0.870056494511586616800702331296776776        0.129943505488413383199297668703223248         0.00000000000000000000000000000000000        0.683022559859958444886526535977552353        0.167811590859605266884724425470909642        0.129098359310438402074632433326122454         1565.05875939653105242097127878832439         0.00000000000000000000000000000000000        -1.00000000000000000000000000000000000        0.214614119785831892999224812318300497         50.0000000000000000000000000000000000         3.78840286927989226692737657573004858         3.57678835079599412254326972030586465         3.55727594845396357134557418892170989         3.40502247366832917476873095028149998         2.03782755488231368457092542144692233       -0.548520908267206097921435182410269896        -6.49730086096861093308363550870977475         5398.26814590201224910638502246730451         33787.3703406202076531874470691703874      
   13.0000000000000000000000000000000000         1.00000000000000000000000000000000002E-0002   0.00000000000000000000000000000000000        0.668614458809231706125433871573613450        0.331385541190768293874566128426386550        0.724999999999999999999999999999999981        0.275000000000000000000000000000000019        0.512000024318695068359375000000000000        0.425000011920928955078125000000000000         6.30000010132789611816406250000000000E-0002  0.870056494511586616800702331296776776        0.129943505488413383199297668703223248         0.00000000000000000000000000000000000        0.683022559859958444886526535977552353        0.167811590859605266884724425470909642        0.129098359310438402074632433326122454         1565.05875939653105242097127878832439         0.00000000000000000000000000000000000        -1.00000000000000000000000000000000000        0.209704640132314869110179954297672611         50.0000000000000000000000000000000000         3.79303113810325962955907224265841321         3.58099615947472791901219173208207479         3.56166526709074049685201394426365121         3.40889538579981240839961698603395687         2.03808310919440563141880267144917106       -0.542748712592449504933038671359755250        -6.49600267465630502229212019643871196         5395.61162733554649097270039958457493         33876.2205714193537486022081899366703      
   13.0000000000000000000000000000000000         1.00000000000000000000000000000000002E-0002   0.00000000000000000000000000000000000        0.668614458809231706125433871573613450        0.331385541190768293874566128426386550        0.724999999999999999999999999999999981        0.275000000000000000000000000000000019        0.512000024318695068359375000000000000        0.425000011920928955078125000000000000         6.30000010132789611816406250000000000E-0002  0.870056494511586616800702331296776776        0.129943505488413383199297668703223248         0.00000000000000000000000000000000000        0.683022559859958444886526535977552353        0.167811590859605266884724425470909642        0.129098359310438402074632433326122454         1565.05875939653105242097127878832439         0.00000000000000000000000000000000000        -1.00000000000000000000000000000000000        0.204907468981576462659615921447632116         50.0000000000000000000000000000000000         3.79747847225745752931106835858612795         3.58495942171789649648156154731007868         3.56563311756964469621270713374423396         3.41257092494878146307790217285733583         2.03833052274520053222350923832281562       -0.542016060290148873687121732836028623        -6.50222126178365519552121855474764315         5393.05867810447078941344365601731785         33949.0419451611096104996014500533187      
   13.0000000000000000000000000000000000         1.00000000000000000000000000000000002E-0002   0.00000000000000000000000000000000000        0.668614458809231706125433871573613450        0.331385541190768293874566128426386550        0.724999999999999999999999999999999981        0.275000000000000000000000000000000019        0.512000024318695068359375000000000000        0.425000011920928955078125000000000000         6.30000010132789611816406250000000000E-0002  0.870056494511586616800702331296776776        0.129943505488413383199297668703223248         0.00000000000000000000000000000000000        0.683022559859958444886526535977552353        0.167811590859605266884724425470909642        0.129098359310438402074632433326122454         1565.05875939653105242097127878832439         0.00000000000000000000000000000000000        -1.00000000000000000000000000000000000        0.200220037181550356608881145797526620         50.0000000000000000000000000000000000         3.80172285292855704888492732332013361         3.58865085189032371725754204555235639         3.56938508138826196262430897080194247         3.41574082283201096284671503112266991         2.03855517320552001940326903587752422       -0.539750406940363101438472297810788868        -6.50918200873777923550145057091497812         5390.50349358565926195643064027768972         34030.8805458225894385188614692181278      
   13.0000000000000000000000000000000000         1.00000000000000000000000000000000002E-0002   0.00000000000000000000000000000000000        0.668614458809231706125433871573613450        0.331385541190768293874566128426386550        0.724999999999999999999999999999999981        0.275000000000000000000000000000000019        0.512000024318695068359375000000000000        0.425000011920928955078125000000000000         6.30000010132789611816406250000000000E-0002  0.870056494511586616800702331296776776        0.129943505488413383199297668703223248         0.00000000000000000000000000000000000        0.683022559859958444886526535977552353        0.167811590859605266884724425470909642        0.129098359310438402074632433326122454         1565.05875939653105242097127878832439         0.00000000000000000000000000000000000        -1.00000000000000000000000000000000000        0.195639834351698449125797162617975489         50.0000000000000000000000000000000000         3.80583321389329571368225952538194112         3.59234431085431499080192366814325695         3.57300915232244852412446891720684929         3.41916488042122386919247983262853535         2.03878622974865220278401080287321107       -0.541144948349730753170120189692311508        -6.51618990171105588566305543885587975         5388.16018611869960353228876517088417         34097.9922688524498514282442630972748      
   13.0000000000000000000000000000000000         1.00000000000000000000000000000000002E-0002   0.00000000000000000000000000000000000        0.668614458809231706125433871573613450        0.331385541190768293874566128426386550        0.724999999999999999999999999999999981        0.275000000000000000000000000000000019        0.512000024318695068359375000000000000        0.425000011920928955078125000000000000         6.30000010132789611816406250000000000E-0002  0.870056494511586616800702331296776776        0.129943505488413383199297668703223248         0.00000000000000000000000000000000000        0.683022559859958444886526535977552353        0.167811590859605266884724425470909642        0.129098359310438402074632433326122454         1565.05875939653105242097127878832439         0.00000000000000000000000000000000000        -1.00000000000000000000000000000000000        0.191164407538562397599582466523025573         50.0000000000000000000000000000000000         3.80978661734500385621863187821675642         3.59582640820990555358805244615745036         3.57651397744642189721059643358651988         3.42241740129192734286906524481585591         2.03900655062885331104520989852510426       -0.539979177636891172370419799346300554        -6.52234665849496204310598431582846610         5385.91078181922222962421157193970158         34168.5754928341036593767774672269092      
   13.0000000000000000000000000000000000         1.00000000000000000000000000000000002E-0002   0.00000000000000000000000000000000000        0.668614458809231706125433871573613450        0.331385541190768293874566128426386550        0.724999999999999999999999999999999981        0.275000000000000000000000000000000019        0.512000024318695068359375000000000000        0.425000011920928955078125000000000000         6.30000010132789611816406250000000000E-0002  0.870056494511586616800702331296776776        0.129943505488413383199297668703223248         0.00000000000000000000000000000000000        0.683022559859958444886526535977552353        0.167811590859605266884724425470909642        0.129098359310438402074632433326122454         1565.05875939653105242097127878832439         0.00000000000000000000000000000000000        -1.00000000000000000000000000000000000        0.186791359902070559115468462432079122         50.0000000000000000000000000000000000         3.81353903938992529159728267977425002         3.59914654144487691711176132995401642         3.57980801178956605933296728925878585         3.42553816592774804400515851617271013         2.03919290400162103634711510431641986       -0.540211363056965129726792269128865036        -6.52914979883280901149211991379081495         5383.57517355643443697037306360383611         34240.7920424035432566409115624594394      
   13.0000000000000000000000000000000000         1.00000000000000000000000000000000002E-0002   0.00000000000000000000000000000000000        0.668614458809231706125433871573613450        0.331385541190768293874566128426386550        0.724999999999999999999999999999999981        0.275000000000000000000000000000000019        0.512000024318695068359375000000000000        0.425000011920928955078125000000000000         6.30000010132789611816406250000000000E-0002  0.870056494511586616800702331296776776        0.129943505488413383199297668703223248         0.00000000000000000000000000000000000        0.683022559859958444886526535977552353        0.167811590859605266884724425470909642        0.129098359310438402074632433326122454         1565.05875939653105242097127878832439         0.00000000000000000000000000000000000        -1.00000000000000000000000000000000000        0.182518349431896771661614611766205641         50.0000000000000000000000000000000000         3.81725538071840524168912679863992160         3.60253161635730512339930978637699346         3.58331112702759192504159339491495965         3.42864929069174501208565987681362663         2.03942173648970619751936857310608753       -0.536389072797506993782703298738987034        -6.52871730635551697272940302167544404         5381.62919360253587117764277998697258         34301.0875321918288557745731222262908      
   13.0000000000000000000000000000000000         1.00000000000000000000000000000000002E-0002   0.00000000000000000000000000000000000        0.668614458809231706125433871573613450        0.331385541190768293874566128426386550        0.724999999999999999999999999999999981        0.275000000000000000000000000000000019        0.512000024318695068359375000000000000        0.425000011920928955078125000000000000         6.30000010132789611816406250000000000E-0002  0.870056494511586616800702331296776776        0.129943505488413383199297668703223248         0.00000000000000000000000000000000000        0.683022559859958444886526535977552353        0.167811590859605266884724425470909642        0.129098359310438402074632433326122454         1565.05875939653105242097127878832439         0.00000000000000000000000000000000000        -1.00000000000000000000000000000000000        0.178343087693183514773729532191947984         50.0000000000000000000000000000000000         3.82079057569273710927393746668703217         3.60586160139324408305235700649617671         3.58657909285399333791082601071731503         3.43172077510764013987340185589684876         2.03961816113051842612055968619241175       -0.537629536113389709139635202048568754        -6.53021937548773657283909237032699008         5379.51233423996741077926903708528738         34363.5540112606419070344004529400277      
   13.0000000000000000000000000000000000         1.00000000000000000000000000000000002E-0002   0.00000000000000000000000000000000000        0.668614458809231706125433871573613450        0.331385541190768293874566128426386550        0.724999999999999999999999999999999981        0.275000000000000000000000000000000019        0.512000024318695068359375000000000000        0.425000011920928955078125000000000000         6.30000010132789611816406250000000000E-0002  0.870056494511586616800702331296776776        0.129943505488413383199297668703223248         0.00000000000000000000000000000000000        0.683022559859958444886526535977552353        0.167811590859605266884724425470909642        0.129098359310438402074632433326122454         1565.05875939653105242097127878832439         0.00000000000000000000000000000000000        -1.00000000000000000000000000000000000        0.174263338600957714581830795288583598         50.0000000000000000000000000000000000         3.82419866741620886176825503777998872         3.60897801784818828949536819089158768         3.58954111176887804713945651627486861         3.43440448214132223133480159983621541         2.03980688267824421110001060967881133       -0.541487211710245434127416656918976437        -6.53725778144646174139725032265690512         5377.63359577673376868901120873923860         34423.7930578663446938313451725485001      
   13.0000000000000000000000000000000000         1.00000000000000000000000000000000002E-0002   0.00000000000000000000000000000000000        0.668614458809231706125433871573613450        0.331385541190768293874566128426386550        0.724999999999999999999999999999999981        0.275000000000000000000000000000000019        0.512000024318695068359375000000000000        0.425000011920928955078125000000000000         6.30000010132789611816406250000000000E-0002  0.870056494511586616800702331296776776        0.129943505488413383199297668703223248         0.00000000000000000000000000000000000        0.683022559859958444886526535977552353        0.167811590859605266884724425470909642        0.129098359310438402074632433326122454         1565.05875939653105242097127878832439         0.00000000000000000000000000000000000        -1.00000000000000000000000000000000000        0.170276917222582824731115199788523958         50.0000000000000000000000000000000000         3.82746968320735666733920889571600943         3.61182464854519294998435209604959188         3.59243949930624779510914938682329545         3.43715096730011633605359275684003855         2.03997949893669096745966110607668822       -0.539609623006558872671729561634330676        -6.54235607715861635991804370526270347         5375.95465127634070510680999834467115         34488.9693220867770177746565894510395      
   13.0000000000000000000000000000000000         1.00000000000000000000000000000000002E-0002   0.00000000000000000000000000000000000        0.668614458809231706125433871573613450        0.331385541190768293874566128426386550        0.724999999999999999999999999999999981        0.275000000000000000000000000000000019        0.512000024318695068359375000000000000        0.425000011920928955078125000000000000         6.30000010132789611816406250000000000E-0002  0.870056494511586616800702331296776776        0.129943505488413383199297668703223248         0.00000000000000000000000000000000000        0.683022559859958444886526535977552353        0.167811590859605266884724425470909642        0.129098359310438402074632433326122454         1565.05875939653105242097127878832439         0.00000000000000000000000000000000000        -1.00000000000000000000000000000000000        0.166381688607605829634583159738664315         50.0000000000000000000000000000000000         3.83065787580043989737218718243710593         3.61471380978450680156303996833992642         3.59522407422233487698786556062132175         3.43976625305360367947776912474671067         2.04016176517636595586399277871696534       -0.542100719171103481213922252380984027        -6.54851538367690032222153319494032780         5373.95882404405999672392681905671882         34538.5696585136464975766984344624301      
   13.0000000000000000000000000000000000         1.00000000000000000000000000000000002E-0002   0.00000000000000000000000000000000000        0.668614458809231706125433871573613450        0.331385541190768293874566128426386550        0.724999999999999999999999999999999981        0.275000000000000000000000000000000019        0.512000024318695068359375000000000000        0.425000011920928955078125000000000000         6.30000010132789611816406250000000000E-0002  0.870056494511586616800702331296776776        0.129943505488413383199297668703223248         0.00000000000000000000000000000000000        0.683022559859958444886526535977552353        0.167811590859605266884724425470909642        0.129098359310438402074632433326122454         1565.05875939653105242097127878832439         0.00000000000000000000000000000000000        -1.00000000000000000000000000000000000        0.162575566644372488020225799683314671         50.0000000000000000000000000000000000         3.83372540810793414975048513319538590         3.61706738481423622217011000262249804         3.59790880941550310807747318922179449         3.44233068793125188061187615410355726         2.04032863502026384127826502242312781       -0.532491967239311801537507855111795381        -6.55426835931232333043632825382443217         5372.17266859799678963410396740677570         34594.7675703410303659235318945616215      
   13.0000000000000000000000000000000000         1.00000000000000000000000000000000002E-0002   0.00000000000000000000000000000000000        0.668614458809231706125433871573613450        0.331385541190768293874566128426386550        0.724999999999999999999999999999999981        0.275000000000000000000000000000000019        0.512000024318695068359375000000000000        0.425000011920928955078125000000000000         6.30000010132789611816406250000000000E-0002  0.870056494511586616800702331296776776        0.129943505488413383199297668703223248         0.00000000000000000000000000000000000        0.683022559859958444886526535977552353        0.167811590859605266884724425470909642        0.129098359310438402074632433326122454         1565.05875939653105242097127878832439         0.00000000000000000000000000000000000        -1.00000000000000000000000000000000000        0.158856512942798470617648732666634394         50.0000000000000000000000000000000000         3.83668680208377189288259032611307490         3.61989091613317217733564893363181187         3.60085393865810817047827992925082998         3.44456627502923013106160407934229730         2.04048944662235391091868080776336207       -0.528679524339671333595867745759814914        -6.54935933095772943660276755771535783         5370.41375546912521638976616985231809         34645.1029699433091720593454954683811      
   13.0000000000000000000000000000000000         1.00000000000000000000000000000000002E-0002   0.00000000000000000000000000000000000        0.668614458809231706125433871573613450        0.331385541190768293874566128426386550        0.724999999999999999999999999999999981        0.275000000000000000000000000000000019        0.512000024318695068359375000000000000        0.425000011920928955078125000000000000         6.30000010132789611816406250000000000E-0002  0.870056494511586616800702331296776776        0.129943505488413383199297668703223248         0.00000000000000000000000000000000000        0.683022559859958444886526535977552353        0.167811590859605266884724425470909642        0.129098359310438402074632433326122454         1565.05875939653105242097127878832439         0.00000000000000000000000000000000000        -1.00000000000000000000000000000000000        0.155222535742698053765634807461003244         50.0000000000000000000000000000000000         3.83955380966629191765717291818213832         3.62237903437246041280711511612485690         3.60348212488479935933650612739288127         3.44717753562153610924637552764816215         2.04064678642457561604360874333110316       -0.524406916220381517718185983993992067        -6.55121009623544599441412569936967806         5368.72796053152509590222338234705626         34696.3042277509921050840136952141421      
   13.0000000000000000000000000000000000         1.00000000000000000000000000000000002E-0002   0.00000000000000000000000000000000000        0.668614458809231706125433871573613450        0.331385541190768293874566128426386550        0.724999999999999999999999999999999981        0.275000000000000000000000000000000019        0.512000024318695068359375000000000000        0.425000011920928955078125000000000000         6.30000010132789611816406250000000000E-0002  0.870056494511586616800702331296776776        0.129943505488413383199297668703223248         0.00000000000000000000000000000000000        0.683022559859958444886526535977552353        0.167811590859605266884724425470909642        0.129098359310438402074632433326122454         1565.05875939653105242097127878832439         0.00000000000000000000000000000000000        -1.00000000000000000000000000000000000        0.151671688847085718215368816443722458         50.0000000000000000000000000000000000         3.84234050309137819092959035015485261         3.62493390825559606004787509460192799         3.60587995102341811553072381578444145         3.44947111196357144826020584404102728         2.04080397164174766808897432627092573       -0.528413521553041853560976225786565177        -6.55763794911830108699743073578886908         5367.17491405032132574866497786835617         34745.6298889598264885621986082413082      
   13.0000000000000000000000000000000000         1.00000000000000000000000000000000002E-0002   0.00000000000000000000000000000000000        0.668614458809231706125433871573613450        0.331385541190768293874566128426386550        0.724999999999999999999999999999999981        0.275000000000000000000000000000000019        0.512000024318695068359375000000000000        0.425000011920928955078125000000000000         6.30000010132789611816406250000000000E-0002  0.870056494511586616800702331296776776        0.129943505488413383199297668703223248         0.00000000000000000000000000000000000        0.683022559859958444886526535977552353        0.167811590859605266884724425470909642        0.129098359310438402074632433326122454         1565.05875939653105242097127878832439         0.00000000000000000000000000000000000        -1.00000000000000000000000000000000000        0.148202070579879376784274448187103204         50.0000000000000000000000000000000000         3.84502957698843590098356155236083598         3.62724538889068973091389544918126223         3.60827593303652175894051359182277471         3.45170161076308207033004701076358569         2.04095327488927291612157964531478947       -0.525720765435041065157071200062208241        -6.56140628781334947466461034646241518         5365.59425729270868210410591202784823         34793.0406705905772952302815833152261      
   13.0000000000000000000000000000000000         1.00000000000000000000000000000000002E-0002   0.00000000000000000000000000000000000        0.668614458809231706125433871573613450        0.331385541190768293874566128426386550        0.724999999999999999999999999999999981        0.275000000000000000000000000000000019        0.512000024318695068359375000000000000        0.425000011920928955078125000000000000         6.30000010132789611816406250000000000E-0002  0.870056494511586616800702331296776776        0.129943505488413383199297668703223248         0.00000000000000000000000000000000000        0.683022559859958444886526535977552353        0.167811590859605266884724425470909642        0.129098359310438402074632433326122454         1565.05875939653105242097127878832439         0.00000000000000000000000000000000000        -1.00000000000000000000000000000000000        0.144811822767447022945372412704109830         50.0000000000000000000000000000000000         3.84763422621183441548122385936096567         3.62956697762442574119957301232300580         3.61045023363557159162181081679434006         3.45388703805010088128371977284372942         2.04109550160468372856625926217939183       -0.529483658596351627413332872273104697        -6.56937437792705745810031250423905113         5364.09141829853898633879354664169419         34838.9173315438449490340859959319190      
   13.0000000000000000000000000000000000         1.00000000000000000000000000000000002E-0002   0.00000000000000000000000000000000000        0.668614458809231706125433871573613450        0.331385541190768293874566128426386550        0.724999999999999999999999999999999981        0.275000000000000000000000000000000019        0.512000024318695068359375000000000000        0.425000011920928955078125000000000000         6.30000010132789611816406250000000000E-0002  0.870056494511586616800702331296776776        0.129943505488413383199297668703223248         0.00000000000000000000000000000000000        0.683022559859958444886526535977552353        0.167811590859605266884724425470909642        0.129098359310438402074632433326122454         1565.05875939653105242097127878832439         0.00000000000000000000000000000000000        -1.00000000000000000000000000000000000        0.141499129743451361915630034045170945         50.0000000000000000000000000000000000         3.85016427198097451795563902562822996         3.63167079477129686500336668777473462         3.61271351269072459391544972035028485         3.45594112542736097958987484184017247         2.04123830730764238145937575828256589       -0.524738040090342386146645004849010616        -6.57264293047688146851153780246948609         5362.70330550103438829741769586302061         34883.0309802369691277068739172823882      
   13.0000000000000000000000000000000000         1.00000000000000000000000000000000002E-0002   0.00000000000000000000000000000000000        0.668614458809231706125433871573613450        0.331385541190768293874566128426386550        0.724999999999999999999999999999999981        0.275000000000000000000000000000000019        0.512000024318695068359375000000000000        0.425000011920928955078125000000000000         6.30000010132789611816406250000000000E-0002  0.870056494511586616800702331296776776        0.129943505488413383199297668703223248         0.00000000000000000000000000000000000        0.683022559859958444886526535977552353        0.167811590859605266884724425470909642        0.129098359310438402074632433326122454         1565.05875939653105242097127878832439         0.00000000000000000000000000000000000        -1.00000000000000000000000000000000000        0.138262217376459463172702959285023309         50.0000000000000000000000000000000000         3.85259859646389359230385654398214492         3.63377395553638529884248383478527577         3.61495003586541750696097721546450392         3.45792934068420249758128803789726304         2.04136892430068890302622047017041740       -0.520724200451123344165945740518710094        -6.57404827841785427679872459668513956         5361.24507545163477425564925483950466         34926.0836181282295788015528669969975      
   13.0000000000000000000000000000000000         1.00000000000000000000000000000000002E-0002   0.00000000000000000000000000000000000        0.668614458809231706125433871573613450        0.331385541190768293874566128426386550        0.724999999999999999999999999999999981        0.275000000000000000000000000000000019        0.512000024318695068359375000000000000        0.425000011920928955078125000000000000         6.30000010132789611816406250000000000E-0002  0.870056494511586616800702331296776776        0.129943505488413383199297668703223248         0.00000000000000000000000000000000000        0.683022559859958444886526535977552353        0.167811590859605266884724425470909642        0.129098359310438402074632433326122454         1565.05875939653105242097127878832439         0.00000000000000000000000000000000000        -1.00000000000000000000000000000000000        0.135099352119796665265092672500982545         50.0000000000000000000000000000000000         3.85497235792802881658070118766595205         3.63607076457056575253022738288673064         3.61742695132325770847910207374653987         3.45993889283503718237097720420412806         2.04150088889704404303973502352298820       -0.515388797014632792128434505528886872        -6.56669532795615419357900927894777918         5359.91443276538974501334755419467243         34967.7954183794892973109438232099232      
   13.0000000000000000000000000000000000         1.00000000000000000000000000000000002E-0002   0.00000000000000000000000000000000000        0.668614458809231706125433871573613450        0.331385541190768293874566128426386550        0.724999999999999999999999999999999981        0.275000000000000000000000000000000019        0.512000024318695068359375000000000000        0.425000011920928955078125000000000000         6.30000010132789611816406250000000000E-0002  0.870056494511586616800702331296776776        0.129943505488413383199297668703223248         0.00000000000000000000000000000000000        0.683022559859958444886526535977552353        0.167811590859605266884724425470909642        0.129098359310438402074632433326122454         1565.05875939653105242097127878832439         0.00000000000000000000000000000000000        -1.00000000000000000000000000000000000        0.132008840083135876815519113816561606         50.0000000000000000000000000000000000         3.85727680540695996669641687575096454         3.63817783873578489999762671488309573         3.61934669435183704646459718074299930         3.46149435502455169452805662861001282         2.04163068418612966643016211000665176       -0.520291256246182536721623510404585388        -6.57384139039302850617144150147090895         5358.60864485432462531600819481115251         35008.5541449182920763776278293280067      
   13.0000000000000000000000000000000000         1.00000000000000000000000000000000002E-0002   0.00000000000000000000000000000000000        0.668614458809231706125433871573613450        0.331385541190768293874566128426386550        0.724999999999999999999999999999999981        0.275000000000000000000000000000000019        0.512000024318695068359375000000000000        0.425000011920928955078125000000000000         6.30000010132789611816406250000000000E-0002  0.870056494511586616800702331296776776        0.129943505488413383199297668703223248         0.00000000000000000000000000000000000        0.683022559859958444886526535977552353        0.167811590859605266884724425470909642        0.129098359310438402074632433326122454         1565.05875939653105242097127878832439         0.00000000000000000000000000000000000        -1.00000000000000000000000000000000000        0.128989026125325058131328851788007861         50.0000000000000000000000000000000000         3.85948048350882134655414985649983556         3.64002695310880449738070422483795638         3.62139678562168877906657413848373676         3.46331388397490152075703492195252283         2.04174122017273117372128946450172420       -0.514447010089712082686317948941046613        -6.57436099883930567035234749141744403         5357.23118299303265287892776276971561         35047.0067748128147086263032903427083      
   13.0000000000000000000000000000000000         1.00000000000000000000000000000000002E-0002   0.00000000000000000000000000000000000        0.668614458809231706125433871573613450        0.331385541190768293874566128426386550        0.724999999999999999999999999999999981        0.275000000000000000000000000000000019        0.512000024318695068359375000000000000        0.425000011920928955078125000000000000         6.30000010132789611816406250000000000E-0002  0.870056494511586616800702331296776776        0.129943505488413383199297668703223248         0.00000000000000000000000000000000000        0.683022559859958444886526535977552353        0.167811590859605266884724425470909642        0.129098359310438402074632433326122454         1565.05875939653105242097127878832439         0.00000000000000000000000000000000000        -1.00000000000000000000000000000000000        0.126038292967967042063168880069311246         50.0000000000000000000000000000000000         3.86166601003471359849230610321896999         3.64224528205517275110701322892233859         3.62328079977850351542521857357053124         3.46513024726230478435806303656627780         2.04187070161875963374597285049751034       -0.523406363587071760410639941081083436        -6.57926402697750948802355898714776876         5356.04637736878131476128510304064295         35085.4676433248349760128071991204338      
   13.0000000000000000000000000000000000         1.00000000000000000000000000000000002E-0002   0.00000000000000000000000000000000000        0.668614458809231706125433871573613450        0.331385541190768293874566128426386550        0.724999999999999999999999999999999981        0.275000000000000000000000000000000019        0.512000024318695068359375000000000000        0.425000011920928955078125000000000000         6.30000010132789611816406250000000000E-0002  0.870056494511586616800702331296776776        0.129943505488413383199297668703223248         0.00000000000000000000000000000000000        0.683022559859958444886526535977552353        0.167811590859605266884724425470909642        0.129098359310438402074632433326122454         1565.05875939653105242097127878832439         0.00000000000000000000000000000000000        -1.00000000000000000000000000000000000        0.123155060329276966785485847440357805         50.0000000000000000000000000000000000         3.86374299436921208371071824167691725         3.64407765262335117105538630674233911         3.62513821488156717438136968272831690         3.46684576231778890170808929554785656         2.04197521557209776810194303725580354       -0.522447328050435335111651448282475705        -6.58194985526752111777738749715947715         5354.68540727307559680070343924852263         35124.7385990625392982913468967002127      
   13.0000000000000000000000000000000000         1.00000000000000000000000000000000002E-0002   0.00000000000000000000000000000000000        0.668614458809231706125433871573613450        0.331385541190768293874566128426386550        0.724999999999999999999999999999999981        0.275000000000000000000000000000000019        0.512000024318695068359375000000000000        0.425000011920928955078125000000000000         6.30000010132789611816406250000000000E-0002  0.870056494511586616800702331296776776        0.129943505488413383199297668703223248         0.00000000000000000000000000000000000        0.683022559859958444886526535977552353        0.167811590859605266884724425470909642        0.129098359310438402074632433326122454         1565.05875939653105242097127878832439         0.00000000000000000000000000000000000        -1.00000000000000000000000000000000000        0.120337784077753452961843082400787418         50.0000000000000000000000000000000000         3.86579801989570036073779472322285704         3.64555390496151100190691789198882151         3.62691109523747171006016502608390105         3.46853883553978235461062843439145904         2.04209528664129028653772762961305526       -0.514013418981218655726642372432418141        -6.58651172817313154028176236314458073         5353.71438235564680124946105102068474         35157.5786445842088467253898206026909      
   13.0000000000000000000000000000000000         1.00000000000000000000000000000000002E-0002   0.00000000000000000000000000000000000        0.668614458809231706125433871573613450        0.331385541190768293874566128426386550        0.724999999999999999999999999999999981        0.275000000000000000000000000000000019        0.512000024318695068359375000000000000        0.425000011920928955078125000000000000         6.30000010132789611816406250000000000E-0002  0.870056494511586616800702331296776776        0.129943505488413383199297668703223248         0.00000000000000000000000000000000000        0.683022559859958444886526535977552353        0.167811590859605266884724425470909642        0.129098359310438402074632433326122454         1565.05875939653105242097127878832439         0.00000000000000000000000000000000000        -1.00000000000000000000000000000000000        0.117584955405210269120604620552297354         50.0000000000000000000000000000000000         3.86777613077243366229055764988120099         3.64741007417414754253551883122415225         3.62867682985471045356484607984088927         3.47030646851802043454931536793306357         2.04220309182283766900609794759185810       -0.516255516757802713156371739612667811        -6.58915941344097508268294069078166886         5352.56624525662371593680399220629022         35191.7759419897105764810678533674801      
   13.0000000000000000000000000000000000         1.00000000000000000000000000000000002E-0002   0.00000000000000000000000000000000000        0.668614458809231706125433871573613450        0.331385541190768293874566128426386550        0.724999999999999999999999999999999981        0.275000000000000000000000000000000019        0.512000024318695068359375000000000000        0.425000011920928955078125000000000000         6.30000010132789611816406250000000000E-0002  0.870056494511586616800702331296776776        0.129943505488413383199297668703223248         0.00000000000000000000000000000000000        0.683022559859958444886526535977552353        0.167811590859605266884724425470909642        0.129098359310438402074632433326122454         1565.05875939653105242097127878832439         0.00000000000000000000000000000000000        -1.00000000000000000000000000000000000        0.114895100018725597685191651411131891         50.0000000000000000000000000000000000         3.86969841501153193140952493198635250         3.64913305186036486464453491787538095         3.63065648540794290627715832073814959         3.47207072235405034927472781690481053         2.04230973527801959647699068175648799       -0.508904285676201047541959626101658509        -6.58398641029048275883182230246181861         5351.46787552931661853566304442698056         35225.5550634596137376265310057046101      
   13.0000000000000000000000000000000000         1.00000000000000000000000000000000002E-0002   0.00000000000000000000000000000000000        0.668614458809231706125433871573613450        0.331385541190768293874566128426386550        0.724999999999999999999999999999999981        0.275000000000000000000000000000000019        0.512000024318695068359375000000000000        0.425000011920928955078125000000000000         6.30000010132789611816406250000000000E-0002  0.870056494511586616800702331296776776        0.129943505488413383199297668703223248         0.00000000000000000000000000000000000        0.683022559859958444886526535977552353        0.167811590859605266884724425470909642        0.129098359310438402074632433326122454         1565.05875939653105242097127878832439         0.00000000000000000000000000000000000        -1.00000000000000000000000000000000000        0.112266777351076145530844572519243362         50.0000000000000000000000000000000000         3.87154651592812926070610310886359124         3.65081693136717977517652925668442348         3.63193288077872074671378367445794109         3.47331796477041314536984985589349043         2.04240317206599159594622963042545456       -0.519944922121195958960095211354025260        -6.59741363662075950196054463832647130         5350.34099983365674507176759133086735         35257.6340882385385996171468307267337      
   13.0000000000000000000000000000000000         1.00000000000000000000000000000000002E-0002   0.00000000000000000000000000000000000        0.668614458809231706125433871573613450        0.331385541190768293874566128426386550        0.724999999999999999999999999999999981        0.275000000000000000000000000000000019        0.512000024318695068359375000000000000        0.425000011920928955078125000000000000         6.30000010132789611816406250000000000E-0002  0.870056494511586616800702331296776776        0.129943505488413383199297668703223248         0.00000000000000000000000000000000000        0.683022559859958444886526535977552353        0.167811590859605266884724425470909642        0.129098359310438402074632433326122454         1565.05875939653105242097127878832439         0.00000000000000000000000000000000000        -1.00000000000000000000000000000000000        0.109698579789233242602566434660240260         50.0000000000000000000000000000000000         3.87336140260422091248135122837758552         3.65247799997164961888024941927025124         3.63384221627124888424071020903939515         3.47484963752760153580738432506247081         2.04250318015976037885480606215211885       -0.512839649915324303976326767347772381        -6.59134800241126017915352809740107535         5349.26545953710644997721610864154926         35289.7225571289274114447320971939324      
   13.0000000000000000000000000000000000         1.00000000000000000000000000000000002E-0002   0.00000000000000000000000000000000000        0.668614458809231706125433871573613450        0.331385541190768293874566128426386550        0.724999999999999999999999999999999981        0.275000000000000000000000000000000019        0.512000024318695068359375000000000000        0.425000011920928955078125000000000000         6.30000010132789611816406250000000000E-0002  0.870056494511586616800702331296776776        0.129943505488413383199297668703223248         0.00000000000000000000000000000000000        0.683022559859958444886526535977552353        0.167811590859605266884724425470909642        0.129098359310438402074632433326122454         1565.05875939653105242097127878832439         0.00000000000000000000000000000000000        -1.00000000000000000000000000000000000        0.107189131920507745328501199548894301         50.0000000000000000000000000000000000         3.87515066233298988667514405577409631         3.65412086682179656445070486012525828         3.63553475391058739107886422538960830         3.47632594506674189293944458956685778         2.04261142149922739538251124816603175       -0.511234637248809026203392456162895246        -6.59093983807081016995062463858070802         5348.36854406590215840474542169215865         35320.8231984330913941729108305897703      
   13.0000000000000000000000000000000000         1.00000000000000000000000000000000002E-0002   0.00000000000000000000000000000000000        0.668614458809231706125433871573613450        0.331385541190768293874566128426386550        0.724999999999999999999999999999999981        0.275000000000000000000000000000000019        0.512000024318695068359375000000000000        0.425000011920928955078125000000000000         6.30000010132789611816406250000000000E-0002  0.870056494511586616800702331296776776        0.129943505488413383199297668703223248         0.00000000000000000000000000000000000        0.683022559859958444886526535977552353        0.167811590859605266884724425470909642        0.129098359310438402074632433326122454         1565.05875939653105242097127878832439         0.00000000000000000000000000000000000        -1.00000000000000000000000000000000000        0.104737089795940013479949502195782441         50.0000000000000000000000000000000000         3.87686284209611799187166227436867292         3.65553922930363291310373745396000891         3.63697580724940213901458869453380318         3.47772135167652962244269963097074406         2.04270632114324121650115452224092212       -0.510408180808605669355959163804880186        -6.59578307803315637440798104441487312         5347.38318926547444624728332946673870         35351.0264781581943057323130926618232      
   13.0000000000000000000000000000000000         1.00000000000000000000000000000000002E-0002   0.00000000000000000000000000000000000        0.668614458809231706125433871573613450        0.331385541190768293874566128426386550        0.724999999999999999999999999999999981        0.275000000000000000000000000000000019        0.512000024318695068359375000000000000        0.425000011920928955078125000000000000         6.30000010132789611816406250000000000E-0002  0.870056494511586616800702331296776776        0.129943505488413383199297668703223248         0.00000000000000000000000000000000000        0.683022559859958444886526535977552353        0.167811590859605266884724425470909642        0.129098359310438402074632433326122454         1565.05875939653105242097127878832439         0.00000000000000000000000000000000000        -1.00000000000000000000000000000000000        0.102341140210540464825572946218108839         50.0000000000000000000000000000000000         3.87851749181465219426634868152733975         3.65687695773981009628930549729882292         3.63853124374755378378429625319087569         3.47909800551380314226826339670052630         2.04279100042998848592063299241390909       -0.504206581262193579264925210707830418        -6.59569018349067063236094157103226770         5346.38364866967024057539630572659924         35379.7971979387965763331078736401692      
   13.0000000000000000000000000000000000         1.00000000000000000000000000000000002E-0002   0.00000000000000000000000000000000000        0.668614458809231706125433871573613450        0.331385541190768293874566128426386550        0.724999999999999999999999999999999981        0.275000000000000000000000000000000019        0.512000024318695068359375000000000000        0.425000011920928955078125000000000000         6.30000010132789611816406250000000000E-0002  0.870056494511586616800702331296776776        0.129943505488413383199297668703223248         0.00000000000000000000000000000000000        0.683022559859958444886526535977552353        0.167811590859605266884724425470909642        0.129098359310438402074632433326122454         1565.05875939653105242097127878832439         0.00000000000000000000000000000000000        -1.00000000000000000000000000000000000         9.99999999999952363493146313033456096E-0002   50.0000000000000000000000000000000000         3.88014191424914281630923920483617524         3.65828596597067051420466580007946313         3.63983366052014481383621991230931948         3.48044491217625342993485225825533046         2.04288223454328849437375241985905285       -0.506954635061229752067092160359791440        -6.60217680647134633657574393452668338         5345.45793813515535991637809169498760         35408.5716875137830358149296284112133      
