 mass envelope_frac water_frac mantle_frac core_frac H_frac_envelope He_frac_envelope MgO_frac_mantle SiO2_frac_mantle FeO_frac_mantle Fe_frac_solid_core FeS_frac_solid_core FeO_frac_solid_core Fe_frac_liquid_core FeS_frac_liquid_core FeO_frac_liquid_core T_eq albedo rotation_period age atmospheric_Z 100pa_radius 2000pa_radius transit_radius twothirdsopt_radius condensed_radius diff_v_2000pa diff_v_100pa inner_pressure inner_temperature
   1.00000000000000000000000000000000002E-0002   0.00000000000000000000000000000000000         0.00000000000000000000000000000000000         1.00000000000000000000000000000000000         0.00000000000000000000000000000000000        0.724999999999999999999999999999999981        0.275000000000000000000000000000000019        0.512000024318695068359375000000000000        0.425000011920928955078125000000000000         6.30000010132789611816406250000000000E-0002  0.870056494511586616800702331296776776        0.129943505488413383199297668703223248         0.00000000000000000000000000000000000        0.683022559859958444886526535977552353        0.167811590859605266884724425470909642        0.129098359310438402074632433326122454         278.311176733591166694393935160429533        0.300000011920928955078125000000000000        -1.00000000000000000000000000000000000         4.50000000000000000000000000000000000         50.0000000000000000000000000000000000        0.258102615538495464411805276497333786        0.258102615538495464411805276497333786        0.258102615538495464411805276497333786        0.258102615538495464411805276497333786        0.258102615538495464411805276497333786         0.00000000000000000000000000000000000         0.00000000000000000000000000000000000         3.96317634234669845118817792950192852         1335.84038126332800200933801465903107      
   1.04737089795944979999999999999999994E-0002   0.00000000000000000000000000000000000         0.00000000000000000000000000000000000         1.00000000000000000000000000000000000         0.00000000000000000000000000000000000        0.724999999999999999999999999999999981        0.275000000000000000000000000000000019        0.512000024318695068359375000000000000        0.425000011920928955078125000000000000         6.30000010132789611816406250000000000E-0002  0.870056494511586616800702331296776776        0.129943505488413383199297668703223248         0.00000000000000000000000000000000000        0.683022559859958444886526535977552353        0.167811590859605266884724425470909642        0.129098359310438402074632433326122454         278.311176733591166694393935160429533        0.300000011920928955078125000000000000        -1.00000000000000000000000000000000000         4.50000000000000000000000000000000000         50.0000000000000000000000000000000000        0.262071976305471979096737743405097036        0.262071976305471979096737743405097036        0.262071976305471979096737743405097036        0.262071976305471979096737743405097036        0.262071976305471979096737743405097036         0.00000000000000000000000000000000000         0.00000000000000000000000000000000000         4.09183980310208628826213317034245000         1337.07754360288836045991299186464269      
   1.09698579789238420522548511872003990E-0002   0.00000000000000000000000000000000000         0.00000000000000000000000000000000000         1.00000000000000000000000000000000000         0.00000000000000000000000000000000000        0.724999999999999999999999999999999981        0.275000000000000000000000000000000019        0.512000024318695068359375000000000000        0.425000011920928955078125000000000000         6.30000010132789611816406250000000000E-0002  0.870056494511586616800702331296776776        0.129943505488413383199297668703223248         0.00000000000000000000000000000000000        0.683022559859958444886526535977552353        0.167811590859605266884724425470909642        0.129098359310438402074632433326122454         278.311176733591166694393935160429533        0.300000011920928955078125000000000000        -1.00000000000000000000000000000000000         4.50000000000000000000000000000000000         50.0000000000000000000000000000000000        0.266094519451791054837428713187985252        0.266094519451791054837428713187985252        0.266094519451791054837428713187985252        0.266094519451791054837428713187985252        0.266094519451791054837428713187985252         0.00000000000000000000000000000000000         0.00000000000000000000000000000000000         4.22480440243469454597179545802115327         1338.34406731947005178885751676280804      
   1.14895100018730995888633688328071024E-0002   0.00000000000000000000000000000000000         0.00000000000000000000000000000000000         1.00000000000000000000000000000000000         0.00000000000000000000000000000000000        0.724999999999999999999999999999999981        0.275000000000000000000000000000000019        0.512000024318695068359375000000000000        0.425000011920928955078125000000000000         6.30000010132789611816406250000000000E-0002  0.870056494511586616800702331296776776        0.129943505488413383199297668703223248         0.00000000000000000000000000000000000        0.683022559859958444886526535977552353        0.167811590859605266884724425470909642        0.129098359310438402074632433326122454         278.311176733591166694393935160429533        0.300000011920928955078125000000000000        -1.00000000000000000000000000000000000         4.50000000000000000000000000000000000         50.0000000000000000000000000000000000        0.270177644603010783179729445275554987        0.270177644603010783179729445275554987        0.270177644603010783179729445275554987        0.270177644603010783179729445275554987        0.270177644603010783179729445275554987         0.00000000000000000000000000000000000         0.00000000000000000000000000000000000         4.36221918595244777578148955467448606         1339.64080126825595437686274543977777      
   1.20337784077759080699533028507740594E-0002   0.00000000000000000000000000000000000         0.00000000000000000000000000000000000         1.00000000000000000000000000000000000         0.00000000000000000000000000000000000        0.724999999999999999999999999999999981        0.275000000000000000000000000000000019        0.512000024318695068359375000000000000        0.425000011920928955078125000000000000         6.30000010132789611816406250000000000E-0002  0.870056494511586616800702331296776776        0.129943505488413383199297668703223248         0.00000000000000000000000000000000000        0.683022559859958444886526535977552353        0.167811590859605266884724425470909642        0.129098359310438402074632433326122454         278.311176733591166694393935160429533        0.300000011920928955078125000000000000        -1.00000000000000000000000000000000000         4.50000000000000000000000000000000000         50.0000000000000000000000000000000000        0.274322373434116120392715852105947208        0.274322373434116120392715852105947208        0.274322373434116120392715852105947208        0.274322373434116120392715852105947208        0.274322373434116120392715852105947208         0.00000000000000000000000000000000000         0.00000000000000000000000000000000000         4.50424125448036925049618288676760717         1340.96777077197661292627446458007694      
   1.26038292967972908968014429974629652E-0002   0.00000000000000000000000000000000000         0.00000000000000000000000000000000000         1.00000000000000000000000000000000000         0.00000000000000000000000000000000000        0.724999999999999999999999999999999981        0.275000000000000000000000000000000019        0.512000024318695068359375000000000000        0.425000011920928955078125000000000000         6.30000010132789611816406250000000000E-0002  0.870056494511586616800702331296776776        0.129943505488413383199297668703223248         0.00000000000000000000000000000000000        0.683022559859958444886526535977552353        0.167811590859605266884724425470909642        0.129098359310438402074632433326122454         278.311176733591166694393935160429533        0.300000011920928955078125000000000000        -1.00000000000000000000000000000000000         4.50000000000000000000000000000000000         50.0000000000000000000000000000000000        0.278529600280282147332617555755212720        0.278529600280282147332617555755212720        0.278529600280282147332617555755212720        0.278529600280282147332617555755212720        0.278529600280282147332617555755212720         0.00000000000000000000000000000000000         0.00000000000000000000000000000000000         4.65103248139664985947424857169400485         1342.32563562490560264275284531363553      
   1.32008840083141992917991631746251185E-0002   0.00000000000000000000000000000000000         0.00000000000000000000000000000000000         1.00000000000000000000000000000000000         0.00000000000000000000000000000000000        0.724999999999999999999999999999999981        0.275000000000000000000000000000000019        0.512000024318695068359375000000000000        0.425000011920928955078125000000000000         6.30000010132789611816406250000000000E-0002  0.870056494511586616800702331296776776        0.129943505488413383199297668703223248         0.00000000000000000000000000000000000        0.683022559859958444886526535977552353        0.167811590859605266884724425470909642        0.129098359310438402074632433326122454         278.311176733591166694393935160429533        0.300000011920928955078125000000000000        -1.00000000000000000000000000000000000         4.50000000000000000000000000000000000         50.0000000000000000000000000000000000        0.282800067906472751013610641917788457        0.282800067906472751013610641917788457        0.282800067906472751013610641917788457        0.282800067906472751013610641917788457        0.282800067906472751013610641917788457         0.00000000000000000000000000000000000         0.00000000000000000000000000000000000         4.80276131799944895992508283256237870         1343.71518680792105107519738968268270      
   1.38262217376465838916887111257333255E-0002   0.00000000000000000000000000000000000         0.00000000000000000000000000000000000         1.00000000000000000000000000000000000         0.00000000000000000000000000000000000        0.724999999999999999999999999999999981        0.275000000000000000000000000000000019        0.512000024318695068359375000000000000        0.425000011920928955078125000000000000         6.30000010132789611816406250000000000E-0002  0.870056494511586616800702331296776776        0.129943505488413383199297668703223248         0.00000000000000000000000000000000000        0.683022559859958444886526535977552353        0.167811590859605266884724425470909642        0.129098359310438402074632433326122454         278.311176733591166694393935160429533        0.300000011920928955078125000000000000        -1.00000000000000000000000000000000000         4.50000000000000000000000000000000000         50.0000000000000000000000000000000000        0.287134823588016324687438252860994897        0.287134823588016324687438252860994897        0.287134823588016324687438252860994897        0.287134823588016324687438252860994897        0.287134823588016324687438252860994897         0.00000000000000000000000000000000000         0.00000000000000000000000000000000000         4.95960320857122068318025908234835902         1345.13669671192498561266173075159539      
   1.44811822767453669205644236020971476E-0002   0.00000000000000000000000000000000000         0.00000000000000000000000000000000000         1.00000000000000000000000000000000000         0.00000000000000000000000000000000000        0.724999999999999999999999999999999981        0.275000000000000000000000000000000019        0.512000024318695068359375000000000000        0.425000011920928955078125000000000000         6.30000010132789611816406250000000000E-0002  0.870056494511586616800702331296776776        0.129943505488413383199297668703223248         0.00000000000000000000000000000000000        0.683022559859958444886526535977552353        0.167811590859605266884724425470909642        0.129098359310438402074632433326122454         278.311176733591166694393935160429533        0.300000011920928955078125000000000000        -1.00000000000000000000000000000000000         4.50000000000000000000000000000000000         50.0000000000000000000000000000000000        0.291534719948472099033372729187685685        0.291534719948472099033372729187685685        0.291534719948472099033372729187685685        0.291534719948472099033372729187685685        0.291534719948472099033372729187685685         0.00000000000000000000000000000000000         0.00000000000000000000000000000000000         5.12173900402503316922468459067245742         1346.59041964364889786373541557028480      
   1.51671688847092646313725750372786121E-0002   0.00000000000000000000000000000000000         0.00000000000000000000000000000000000         1.00000000000000000000000000000000000         0.00000000000000000000000000000000000        0.724999999999999999999999999999999981        0.275000000000000000000000000000000019        0.512000024318695068359375000000000000        0.425000011920928955078125000000000000         6.30000010132789611816406250000000000E-0002  0.870056494511586616800702331296776776        0.129943505488413383199297668703223248         0.00000000000000000000000000000000000        0.683022559859958444886526535977552353        0.167811590859605266884724425470909642        0.129098359310438402074632433326122454         278.311176733591166694393935160429533        0.300000011920928955078125000000000000        -1.00000000000000000000000000000000000         4.50000000000000000000000000000000000         50.0000000000000000000000000000000000        0.296000631109010179223330998668104002        0.296000631109010179223330998668104002        0.296000631109010179223330998668104002        0.296000631109010179223330998668104002        0.296000631109010179223330998668104002         0.00000000000000000000000000000000000         0.00000000000000000000000000000000000         5.28935709285126742831493571780725543         1348.07732988458691314353945291827972      
   1.58856512942805692341715952667117983E-0002   0.00000000000000000000000000000000000         0.00000000000000000000000000000000000         1.00000000000000000000000000000000000         0.00000000000000000000000000000000000        0.724999999999999999999999999999999981        0.275000000000000000000000000000000019        0.512000024318695068359375000000000000        0.425000011920928955078125000000000000         6.30000010132789611816406250000000000E-0002  0.870056494511586616800702331296776776        0.129943505488413383199297668703223248         0.00000000000000000000000000000000000        0.683022559859958444886526535977552353        0.167811590859605266884724425470909642        0.129098359310438402074632433326122454         278.311176733591166694393935160429533        0.300000011920928955078125000000000000        -1.00000000000000000000000000000000000         4.50000000000000000000000000000000000         50.0000000000000000000000000000000000        0.300533454216538332629693904656662485        0.300533454216538332629693904656662485        0.300533454216538332629693904656662485        0.300533454216538332629693904656662485        0.300533454216538332629693904656662485         0.00000000000000000000000000000000000         0.00000000000000000000000000000000000         5.46265363947611383877267259359314178         1349.59676033179863618783459780748967      
   1.66381688607613357256321400820289791E-0002   0.00000000000000000000000000000000000         0.00000000000000000000000000000000000         1.00000000000000000000000000000000000         0.00000000000000000000000000000000000        0.724999999999999999999999999999999981        0.275000000000000000000000000000000019        0.512000024318695068359375000000000000        0.425000011920928955078125000000000000         6.30000010132789611816406250000000000E-0002  0.870056494511586616800702331296776776        0.129943505488413383199297668703223248         0.00000000000000000000000000000000000        0.683022559859958444886526535977552353        0.167811590859605266884724425470909642        0.129098359310438402074632433326122454         278.311176733591166694393935160429533        0.300000011920928955078125000000000000        -1.00000000000000000000000000000000000         4.50000000000000000000000000000000000         50.0000000000000000000000000000000000        0.305134181176469999417830278787035726        0.305134181176469999417830278787035726        0.305134181176469999417830278787035726        0.305134181176469999417830278787035726        0.305134181176469999417830278787035726         0.00000000000000000000000000000000000         0.00000000000000000000000000000000000         5.64183084010471873717080590826995485         1351.15069115282534434855822023964484      
   1.74263338600965560876971718594349557E-0002   0.00000000000000000000000000000000000         0.00000000000000000000000000000000000         1.00000000000000000000000000000000000         0.00000000000000000000000000000000000        0.724999999999999999999999999999999981        0.275000000000000000000000000000000019        0.512000024318695068359375000000000000        0.425000011920928955078125000000000000         6.30000010132789611816406250000000000E-0002  0.870056494511586616800702331296776776        0.129943505488413383199297668703223248         0.00000000000000000000000000000000000        0.683022559859958444886526535977552353        0.167811590859605266884724425470909642        0.129098359310438402074632433326122454         278.311176733591166694393935160429533        0.300000011920928955078125000000000000        -1.00000000000000000000000000000000000         4.50000000000000000000000000000000000         50.0000000000000000000000000000000000        0.309803804592540628967340749544734300        0.309803804592540628967340749544734300        0.309803804592540628967340749544734300        0.309803804592540628967340749544734300        0.309803804592540628967340749544734300         0.00000000000000000000000000000000000         0.00000000000000000000000000000000000         5.82710174997096542579066332473316893         1352.73840980187893895632077018694506      
   1.82518349431904949929850662738093818E-0002   0.00000000000000000000000000000000000         0.00000000000000000000000000000000000         1.00000000000000000000000000000000000         0.00000000000000000000000000000000000        0.724999999999999999999999999999999981        0.275000000000000000000000000000000019        0.512000024318695068359375000000000000        0.425000011920928955078125000000000000         6.30000010132789611816406250000000000E-0002  0.870056494511586616800702331296776776        0.129943505488413383199297668703223248         0.00000000000000000000000000000000000        0.683022559859958444886526535977552353        0.167811590859605266884724425470909642        0.129098359310438402074632433326122454         278.311176733591166694393935160429533        0.300000011920928955078125000000000000        -1.00000000000000000000000000000000000         4.50000000000000000000000000000000000         50.0000000000000000000000000000000000        0.314543166323500077932735949665997560        0.314543166323500077932735949665997560        0.314543166323500077932735949665997560        0.314543166323500077932735949665997560        0.314543166323500077932735949665997560         0.00000000000000000000000000000000000         0.00000000000000000000000000000000000         6.01868295808243669425819100286365270         1354.36101644394575535095779301282195      
   1.91164407538570921685539093537247029E-0002   0.00000000000000000000000000000000000         0.00000000000000000000000000000000000         1.00000000000000000000000000000000000         0.00000000000000000000000000000000000        0.724999999999999999999999999999999981        0.275000000000000000000000000000000019        0.512000024318695068359375000000000000        0.425000011920928955078125000000000000         6.30000010132789611816406250000000000E-0002  0.870056494511586616800702331296776776        0.129943505488413383199297668703223248         0.00000000000000000000000000000000000        0.683022559859958444886526535977552353        0.167811590859605266884724425470909642        0.129098359310438402074632433326122454         278.311176733591166694393935160429533        0.300000011920928955078125000000000000        -1.00000000000000000000000000000000000         4.50000000000000000000000000000000000         50.0000000000000000000000000000000000        0.319353300841670125825273823997199365        0.319353300841670125825273823997199365        0.319353300841670125825273823997199365        0.319353300841670125825273823997199365        0.319353300841670125825273823997199365         0.00000000000000000000000000000000000         0.00000000000000000000000000000000000         6.21680376122049533682219464811097317         1356.01819340786690170760407552645121      
   2.00220037181559240923900195423679447E-0002   0.00000000000000000000000000000000000         0.00000000000000000000000000000000000         1.00000000000000000000000000000000000         0.00000000000000000000000000000000000        0.724999999999999999999999999999999981        0.275000000000000000000000000000000019        0.512000024318695068359375000000000000        0.425000011920928955078125000000000000         6.30000010132789611816406250000000000E-0002  0.870056494511586616800702331296776776        0.129943505488413383199297668703223248         0.00000000000000000000000000000000000        0.683022559859958444886526535977552353        0.167811590859605266884724425470909642        0.129098359310438402074632433326122454         278.311176733591166694393935160429533        0.300000011920928955078125000000000000        -1.00000000000000000000000000000000000         4.50000000000000000000000000000000000         50.0000000000000000000000000000000000        0.324235128246181856119543458850714656        0.324235128246181856119543458850714656        0.324235128246181856119543458850714656        0.324235128246181856119543458850714656        0.324235128246181856119543458850714656         0.00000000000000000000000000000000000         0.00000000000000000000000000000000000         6.42169991920039433678055362789861178         1357.71076385876732514323305483930689      
   2.09704640132324128654944033811962271E-0002   0.00000000000000000000000000000000000         0.00000000000000000000000000000000000         1.00000000000000000000000000000000000         0.00000000000000000000000000000000000        0.724999999999999999999999999999999981        0.275000000000000000000000000000000019        0.512000024318695068359375000000000000        0.425000011920928955078125000000000000         6.30000010132789611816406250000000000E-0002  0.870056494511586616800702331296776776        0.129943505488413383199297668703223248         0.00000000000000000000000000000000000        0.683022559859958444886526535977552353        0.167811590859605266884724425470909642        0.129098359310438402074632433326122454         278.311176733591166694393935160429533        0.300000011920928955078125000000000000        -1.00000000000000000000000000000000000         4.50000000000000000000000000000000000         50.0000000000000000000000000000000000        0.329189670047060355523473137023601600        0.329189670047060355523473137023601600        0.329189670047060355523473137023601600        0.329189670047060355523473137023601600        0.329189670047060355523473137023601600         0.00000000000000000000000000000000000         0.00000000000000000000000000000000000         6.63361732176796292725441503959676796         1359.43883982120210192479807398660851      
   2.19638537241655596358102494951593575E-0002   0.00000000000000000000000000000000000         0.00000000000000000000000000000000000         1.00000000000000000000000000000000000         0.00000000000000000000000000000000000        0.724999999999999999999999999999999981        0.275000000000000000000000000000000019        0.512000024318695068359375000000000000        0.425000011920928955078125000000000000         6.30000010132789611816406250000000000E-0002  0.870056494511586616800702331296776776        0.129943505488413383199297668703223248         0.00000000000000000000000000000000000        0.683022559859958444886526535977552353        0.167811590859605266884724425470909642        0.129098359310438402074632433326122454         278.311176733591166694393935160429533        0.300000011920928955078125000000000000        -1.00000000000000000000000000000000000         4.50000000000000000000000000000000000         50.0000000000000000000000000000000000        0.334217951848281854949543953964852018        0.334217951848281854949543953964852018        0.334217951848281854949543953964852018        0.334217951848281854949543953964852018        0.334217951848281854949543953964852018         0.00000000000000000000000000000000000         0.00000000000000000000000000000000000         6.85281066130931154659341132520404865         1361.20399387998409168789601952366940      
   2.30043011977292878351454756950050690E-0002   0.00000000000000000000000000000000000         0.00000000000000000000000000000000000         1.00000000000000000000000000000000000         0.00000000000000000000000000000000000        0.724999999999999999999999999999999981        0.275000000000000000000000000000000019        0.512000024318695068359375000000000000        0.425000011920928955078125000000000000         6.30000010132789611816406250000000000E-0002  0.870056494511586616800702331296776776        0.129943505488413383199297668703223248         0.00000000000000000000000000000000000        0.683022559859958444886526535977552353        0.167811590859605266884724425470909642        0.129098359310438402074632433326122454         278.311176733591166694393935160429533        0.300000011920928955078125000000000000        -1.00000000000000000000000000000000000         4.50000000000000000000000000000000000         50.0000000000000000000000000000000000        0.339320943583990926278952907950435608        0.339320943583990926278952907950435608        0.339320943583990926278952907950435608        0.339320943583990926278952907950435608        0.339320943583990926278952907950435608         0.00000000000000000000000000000000000         0.00000000000000000000000000000000000         7.07954541580971504935492533280488993         1363.00496928630644315753732954619444      
   2.40940356023953707463686306717419161E-0002   0.00000000000000000000000000000000000         0.00000000000000000000000000000000000         1.00000000000000000000000000000000000         0.00000000000000000000000000000000000        0.724999999999999999999999999999999981        0.275000000000000000000000000000000019        0.512000024318695068359375000000000000        0.425000011920928955078125000000000000         6.30000010132789611816406250000000000E-0002  0.870056494511586616800702331296776776        0.129943505488413383199297668703223248         0.00000000000000000000000000000000000        0.683022559859958444886526535977552353        0.167811590859605266884724425470909642        0.129098359310438402074632433326122454         278.311176733591166694393935160429533        0.300000011920928955078125000000000000        -1.00000000000000000000000000000000000         4.50000000000000000000000000000000000         50.0000000000000000000000000000000000        0.344499645530428068342939962763542301        0.344499645530428068342939962763542301        0.344499645530428068342939962763542301        0.344499645530428068342939962763542301        0.344499645530428068342939962763542301         0.00000000000000000000000000000000000         0.00000000000000000000000000000000000         7.31409924091622981105772863372468761         1364.84169294207181530439522224648343      
   2.52353917043477924471827901828532746E-0002   0.00000000000000000000000000000000000         0.00000000000000000000000000000000000         1.00000000000000000000000000000000000         0.00000000000000000000000000000000000        0.724999999999999999999999999999999981        0.275000000000000000000000000000000019        0.512000024318695068359375000000000000        0.425000011920928955078125000000000000         6.30000010132789611816406250000000000E-0002  0.870056494511586616800702331296776776        0.129943505488413383199297668703223248         0.00000000000000000000000000000000000        0.683022559859958444886526535977552353        0.167811590859605266884724425470909642        0.129098359310438402074632433326122454         278.311176733591166694393935160429533        0.300000011920928955078125000000000000        -1.00000000000000000000000000000000000         4.50000000000000000000000000000000000         50.0000000000000000000000000000000000        0.349755103667154281459406673638170991        0.349755103667154281459406673638170991        0.349755103667154281459406673638170991        0.349755103667154281459406673638170991        0.349755103667154281459406673638170991         0.00000000000000000000000000000000000         0.00000000000000000000000000000000000         7.55675514863201657198176891082541289         1366.71650152777578584829158265461070      
   2.64308148697411976990338126706688651E-0002   0.00000000000000000000000000000000000         0.00000000000000000000000000000000000         1.00000000000000000000000000000000000         0.00000000000000000000000000000000000        0.724999999999999999999999999999999981        0.275000000000000000000000000000000019        0.512000024318695068359375000000000000        0.425000011920928955078125000000000000         6.30000010132789611816406250000000000E-0002  0.870056494511586616800702331296776776        0.129943505488413383199297668703223248         0.00000000000000000000000000000000000        0.683022559859958444886526535977552353        0.167811590859605266884724425470909642        0.129098359310438402074632433326122454         278.311176733591166694393935160429533        0.300000011920928955078125000000000000        -1.00000000000000000000000000000000000         4.50000000000000000000000000000000000         50.0000000000000000000000000000000000        0.355088372589693139181716243900186374        0.355088372589693139181716243900186374        0.355088372589693139181716243900186374        0.355088372589693139181716243900186374        0.355088372589693139181716243900186374         0.00000000000000000000000000000000000         0.00000000000000000000000000000000000         7.80781360485759579027115705697340618         1368.62895917581936525095738224464407      
   2.76828663039208164325015985943068658E-0002   0.00000000000000000000000000000000000         0.00000000000000000000000000000000000         1.00000000000000000000000000000000000         0.00000000000000000000000000000000000        0.724999999999999999999999999999999981        0.275000000000000000000000000000000019        0.512000024318695068359375000000000000        0.425000011920928955078125000000000000         6.30000010132789611816406250000000000E-0002  0.870056494511586616800702331296776776        0.129943505488413383199297668703223248         0.00000000000000000000000000000000000        0.683022559859958444886526535977552353        0.167811590859605266884724425470909642        0.129098359310438402074632433326122454         278.311176733591166694393935160429533        0.300000011920928955078125000000000000        -1.00000000000000000000000000000000000         4.50000000000000000000000000000000000         50.0000000000000000000000000000000000        0.360484383026915122519445851112819904        0.360484383026915122519445851112819904        0.360484383026915122519445851112819904        0.360484383026915122519445851112819904        0.360484383026915122519445851112819904         0.00000000000000000000000000000000000         0.00000000000000000000000000000000000         8.07439063391250365074345590079841114         1371.08760426108766819866746000178916      
   2.89942285388289406626051058156534930E-0002   0.00000000000000000000000000000000000         0.00000000000000000000000000000000000         1.00000000000000000000000000000000000         0.00000000000000000000000000000000000        0.724999999999999999999999999999999981        0.275000000000000000000000000000000019        0.512000024318695068359375000000000000        0.425000011920928955078125000000000000         6.30000010132789611816406250000000000E-0002  0.870056494511586616800702331296776776        0.129943505488413383199297668703223248         0.00000000000000000000000000000000000        0.683022559859958444886526535977552353        0.167811590859605266884724425470909642        0.129098359310438402074632433326122454         278.311176733591166694393935160429533        0.300000011920928955078125000000000000        -1.00000000000000000000000000000000000         4.50000000000000000000000000000000000         50.0000000000000000000000000000000000        0.365964344457538205325710254808889456        0.365964344457538205325710254808889456        0.365964344457538205325710254808889456        0.365964344457538205325710254808889456        0.365964344457538205325710254808889456         0.00000000000000000000000000000000000         0.00000000000000000000000000000000000         8.35208563124086331592939167681134970         1373.80728302626888434204450804789329      
   3.03677111803547736840862033878692513E-0002   0.00000000000000000000000000000000000         0.00000000000000000000000000000000000         1.00000000000000000000000000000000000         0.00000000000000000000000000000000000        0.724999999999999999999999999999999981        0.275000000000000000000000000000000019        0.512000024318695068359375000000000000        0.425000011920928955078125000000000000         6.30000010132789611816406250000000000E-0002  0.870056494511586616800702331296776776        0.129943505488413383199297668703223248         0.00000000000000000000000000000000000        0.683022559859958444886526535977552353        0.167811590859605266884724425470909642        0.129098359310438402074632433326122454         278.311176733591166694393935160429533        0.300000011920928955078125000000000000        -1.00000000000000000000000000000000000         4.50000000000000000000000000000000000         50.0000000000000000000000000000000000        0.371533789985158102700572540336560521        0.371533789985158102700572540336560521        0.371533789985158102700572540336560521        0.371533789985158102700572540336560521        0.371533789985158102700572540336560521         0.00000000000000000000000000000000000         0.00000000000000000000000000000000000         8.63870998960995607527385521005569732         1376.58987256903653617466148568451461      
   3.18062569279414025101825130079188269E-0002   0.00000000000000000000000000000000000         0.00000000000000000000000000000000000         1.00000000000000000000000000000000000         0.00000000000000000000000000000000000        0.724999999999999999999999999999999981        0.275000000000000000000000000000000019        0.512000024318695068359375000000000000        0.425000011920928955078125000000000000         6.30000010132789611816406250000000000E-0002  0.870056494511586616800702331296776776        0.129943505488413383199297668703223248         0.00000000000000000000000000000000000        0.683022559859958444886526535977552353        0.167811590859605266884724425470909642        0.129098359310438402074632433326122454         278.311176733591166694393935160429533        0.300000011920928955078125000000000000        -1.00000000000000000000000000000000000         4.50000000000000000000000000000000000         50.0000000000000000000000000000000000        0.377157804840398430861875596229879381        0.377157804840398430861875596229879381        0.377157804840398430861875596229879381        0.377157804840398430861875596229879381        0.377157804840398430861875596229879381         0.00000000000000000000000000000000000         0.00000000000000000000000000000000000         8.93470510446000821599303899027148470         1379.43448654393256115055456795623969      
   3.33129478793469579587899033329322212E-0002   0.00000000000000000000000000000000000         0.00000000000000000000000000000000000         1.00000000000000000000000000000000000         0.00000000000000000000000000000000000        0.724999999999999999999999999999999981        0.275000000000000000000000000000000019        0.512000024318695068359375000000000000        0.425000011920928955078125000000000000         6.30000010132789611816406250000000000E-0002  0.870056494511586616800702331296776776        0.129943505488413383199297668703223248         0.00000000000000000000000000000000000        0.683022559859958444886526535977552353        0.167811590859605266884724425470909642        0.129098359310438402074632433326122454         278.311176733591166694393935160429533        0.300000011920928955078125000000000000        -1.00000000000000000000000000000000000         4.50000000000000000000000000000000000         50.0000000000000000000000000000000000        0.382875167218457775101847580494300557        0.382875167218457775101847580494300557        0.382875167218457775101847580494300557        0.382875167218457775101847580494300557        0.382875167218457775101847580494300557         0.00000000000000000000000000000000000         0.00000000000000000000000000000000000         9.24058441657019160400485368536682764         1382.34752558847894594396229275161620      
   3.48910121340679723117689330325258897E-0002   0.00000000000000000000000000000000000         0.00000000000000000000000000000000000         1.00000000000000000000000000000000000         0.00000000000000000000000000000000000        0.724999999999999999999999999999999981        0.275000000000000000000000000000000019        0.512000024318695068359375000000000000        0.425000011920928955078125000000000000         6.30000010132789611816406250000000000E-0002  0.870056494511586616800702331296776776        0.129943505488413383199297668703223248         0.00000000000000000000000000000000000        0.683022559859958444886526535977552353        0.167811590859605266884724425470909642        0.129098359310438402074632433326122454         278.311176733591166694393935160429533        0.300000011920928955078125000000000000        -1.00000000000000000000000000000000000         4.50000000000000000000000000000000000         50.0000000000000000000000000000000000        0.388674855086957833931562189759191643        0.388674855086957833931562189759191643        0.388674855086957833931562189759191643        0.388674855086957833931562189759191643        0.388674855086957833931562189759191643         0.00000000000000000000000000000000000         0.00000000000000000000000000000000000         9.55676193420792977980930690652648326         1385.32868541796535880027953605756281      
   3.65438307095728310329776802679418081E-0002   0.00000000000000000000000000000000000         0.00000000000000000000000000000000000         1.00000000000000000000000000000000000         0.00000000000000000000000000000000000        0.724999999999999999999999999999999981        0.275000000000000000000000000000000019        0.512000024318695068359375000000000000        0.425000011920928955078125000000000000         6.30000010132789611816406250000000000E-0002  0.870056494511586616800702331296776776        0.129943505488413383199297668703223248         0.00000000000000000000000000000000000        0.683022559859958444886526535977552353        0.167811590859605266884724425470909642        0.129098359310438402074632433326122454         278.311176733591166694393935160429533        0.300000011920928955078125000000000000        -1.00000000000000000000000000000000000         4.50000000000000000000000000000000000         50.0000000000000000000000000000000000        0.394558255052360678845762542565481058        0.394558255052360678845762542565481058        0.394558255052360678845762542565481058        0.394558255052360678845762542565481058        0.394558255052360678845762542565481058         0.00000000000000000000000000000000000         0.00000000000000000000000000000000000         9.88367091394247555496484345281077581         1388.38049488516789885386159174686800      
   3.82749447851634135913727803832376407E-0002   0.00000000000000000000000000000000000         0.00000000000000000000000000000000000         1.00000000000000000000000000000000000         0.00000000000000000000000000000000000        0.724999999999999999999999999999999981        0.275000000000000000000000000000000019        0.512000024318695068359375000000000000        0.425000011920928955078125000000000000         6.30000010132789611816406250000000000E-0002  0.870056494511586616800702331296776776        0.129943505488413383199297668703223248         0.00000000000000000000000000000000000        0.683022559859958444886526535977552353        0.167811590859605266884724425470909642        0.129098359310438402074632433326122454         278.311176733591166694393935160429533        0.300000011920928955078125000000000000        -1.00000000000000000000000000000000000         4.50000000000000000000000000000000000         50.0000000000000000000000000000000000        0.400526712124152170123365137473607650        0.400526712124152170123365137473607650        0.400526712124152170123365137473607650        0.400526712124152170123365137473607650        0.400526712124152170123365137473607650         0.00000000000000000000000000000000000         0.00000000000000000000000000000000000         10.2217575497829081773235360440292696         1391.50425511899709035050650484247032      
   4.00880632889849649039141805889355062E-0002   0.00000000000000000000000000000000000         0.00000000000000000000000000000000000         1.00000000000000000000000000000000000         0.00000000000000000000000000000000000        0.724999999999999999999999999999999981        0.275000000000000000000000000000000019        0.512000024318695068359375000000000000        0.425000011920928955078125000000000000         6.30000010132789611816406250000000000E-0002  0.870056494511586616800702331296776776        0.129943505488413383199297668703223248         0.00000000000000000000000000000000000        0.683022559859958444886526535977552353        0.167811590859605266884724425470909642        0.129098359310438402074632433326122454         278.311176733591166694393935160429533        0.300000011920928955078125000000000000        -1.00000000000000000000000000000000000         4.50000000000000000000000000000000000         50.0000000000000000000000000000000000        0.406589988078182611127913820268074266        0.406589988078182611127913820268074266        0.406589988078182611127913820268074266        0.406589988078182611127913820268074266        0.406589988078182611127913820268074266         0.00000000000000000000000000000000000         0.00000000000000000000000000000000000         10.5714711480190228577639518299581350         1394.70294784390846549437757635576775      
   4.19870708444394372159300809145208468E-0002   0.00000000000000000000000000000000000         0.00000000000000000000000000000000000         1.00000000000000000000000000000000000         0.00000000000000000000000000000000000        0.724999999999999999999999999999999981        0.275000000000000000000000000000000019        0.512000024318695068359375000000000000        0.425000011920928955078125000000000000         6.30000010132789611816406250000000000E-0002  0.870056494511586616800702331296776776        0.129943505488413383199297668703223248         0.00000000000000000000000000000000000        0.683022559859958444886526535977552353        0.167811590859605266884724425470909642        0.129098359310438402074632433326122454         278.311176733591166694393935160429533        0.300000011920928955078125000000000000        -1.00000000000000000000000000000000000         4.50000000000000000000000000000000000         50.0000000000000000000000000000000000        0.412736974851906301001191534274072863        0.412736974851906301001191534274072863        0.412736974851906301001191534274072863        0.412736974851906301001191534274072863        0.412736974851906301001191534274072863         0.00000000000000000000000000000000000         0.00000000000000000000000000000000000         10.9332712529911355078749974713852377         1397.97561613478200060123518628331611      
   4.39760360930275675433071206856609502E-0002   0.00000000000000000000000000000000000         0.00000000000000000000000000000000000         1.00000000000000000000000000000000000         0.00000000000000000000000000000000000        0.724999999999999999999999999999999981        0.275000000000000000000000000000000019        0.512000024318695068359375000000000000        0.425000011920928955078125000000000000         6.30000010132789611816406250000000000E-0002  0.870056494511586616800702331296776776        0.129943505488413383199297668703223248         0.00000000000000000000000000000000000        0.683022559859958444886526535977552353        0.167811590859605266884724425470909642        0.129098359310438402074632433326122454         278.311176733591166694393935160429533        0.300000011920928955078125000000000000        -1.00000000000000000000000000000000000         4.50000000000000000000000000000000000         50.0000000000000000000000000000000000        0.418954477386785221204296948354121730        0.418954477386785221204296948354121730        0.418954477386785221204296948354121730        0.418954477386785221204296948354121730        0.418954477386785221204296948354121730         0.00000000000000000000000000000000000         0.00000000000000000000000000000000000         11.2955496416793614466826188175061986         1401.22006612055338456902719146416174      
   4.60592204114514578978097464129404699E-0002   0.00000000000000000000000000000000000         0.00000000000000000000000000000000000         1.00000000000000000000000000000000000         0.00000000000000000000000000000000000        0.724999999999999999999999999999999981        0.275000000000000000000000000000000019        0.512000024318695068359375000000000000        0.425000011920928955078125000000000000         6.30000010132789611816406250000000000E-0002  0.870056494511586616800702331296776776        0.129943505488413383199297668703223248         0.00000000000000000000000000000000000        0.683022559859958444886526535977552353        0.167811590859605266884724425470909642        0.129098359310438402074632433326122454         278.311176733591166694393935160429533        0.300000011920928955078125000000000000        -1.00000000000000000000000000000000000         4.50000000000000000000000000000000000         50.0000000000000000000000000000000000        0.425275901579757851539955967010818074        0.425275901579757851539955967010818074        0.425275901579757851539955967010818074        0.425275901579757851539955967010818074        0.425275901579757851539955967010818074         0.00000000000000000000000000000000000         0.00000000000000000000000000000000000         11.6951002904923824310748060810840112         1404.75685572710130847660194680696105      
   4.82410870416541323423097474256259733E-0002   0.00000000000000000000000000000000000         0.00000000000000000000000000000000000         1.00000000000000000000000000000000000         0.00000000000000000000000000000000000        0.724999999999999999999999999999999981        0.275000000000000000000000000000000019        0.512000024318695068359375000000000000        0.425000011920928955078125000000000000         6.30000010132789611816406250000000000E-0002  0.870056494511586616800702331296776776        0.129943505488413383199297668703223248         0.00000000000000000000000000000000000        0.683022559859958444886526535977552353        0.167811590859605266884724425470909642        0.129098359310438402074632433326122454         278.311176733591166694393935160429533        0.300000011920928955078125000000000000        -1.00000000000000000000000000000000000         4.50000000000000000000000000000000000         50.0000000000000000000000000000000000        0.431688698089297822671843540173216639        0.431688698089297822671843540173216639        0.431688698089297822671843540173216639        0.431688698089297822671843540173216639        0.431688698089297822671843540173216639         0.00000000000000000000000000000000000         0.00000000000000000000000000000000000         12.0961432271676639451264770056273390         1408.26790431345563269044343152016108      
   5.05263106533572662690193201580239323E-0002   0.00000000000000000000000000000000000         0.00000000000000000000000000000000000         1.00000000000000000000000000000000000         0.00000000000000000000000000000000000        0.724999999999999999999999999999999981        0.275000000000000000000000000000000019        0.512000024318695068359375000000000000        0.425000011920928955078125000000000000         6.30000010132789611816406250000000000E-0002  0.870056494511586616800702331296776776        0.129943505488413383199297668703223248         0.00000000000000000000000000000000000        0.683022559859958444886526535977552353        0.167811590859605266884724425470909642        0.129098359310438402074632433326122454         278.311176733591166694393935160429533        0.300000011920928955078125000000000000        -1.00000000000000000000000000000000000         4.50000000000000000000000000000000000         50.0000000000000000000000000000000000        0.438194100124023800367805370918874528        0.438194100124023800367805370918874528        0.438194100124023800367805370918874528        0.438194100124023800367805370918874528        0.438194100124023800367805370918874528         0.00000000000000000000000000000000000         0.00000000000000000000000000000000000         12.5113293287832060483693789697983338         1411.86164227939778004996204412547377      
   5.29197873595849146847521071145970371E-0002   0.00000000000000000000000000000000000         0.00000000000000000000000000000000000         1.00000000000000000000000000000000000         0.00000000000000000000000000000000000        0.724999999999999999999999999999999981        0.275000000000000000000000000000000019        0.512000024318695068359375000000000000        0.425000011920928955078125000000000000         6.30000010132789611816406250000000000E-0002  0.870056494511586616800702331296776776        0.129943505488413383199297668703223248         0.00000000000000000000000000000000000        0.683022559859958444886526535977552353        0.167811590859605266884724425470909642        0.129098359310438402074632433326122454         278.311176733591166694393935160429533        0.300000011920928955078125000000000000        -1.00000000000000000000000000000000000         4.50000000000000000000000000000000000         50.0000000000000000000000000000000000        0.444791348704162852015817747069341789        0.444791348704162852015817747069341789        0.444791348704162852015817747069341789        0.444791348704162852015817747069341789        0.444791348704162852015817747069341789         0.00000000000000000000000000000000000         0.00000000000000000000000000000000000         12.9504451764763774974001605440289052         1415.62294324121945031009399587345891      
   5.54266452066315930392335611285580509E-0002   0.00000000000000000000000000000000000         0.00000000000000000000000000000000000         1.00000000000000000000000000000000000         0.00000000000000000000000000000000000        0.724999999999999999999999999999999981        0.275000000000000000000000000000000019        0.512000024318695068359375000000000000        0.425000011920928955078125000000000000         6.30000010132789611816406250000000000E-0002  0.870056494511586616800702331296776776        0.129943505488413383199297668703223248         0.00000000000000000000000000000000000        0.683022559859958444886526535977552353        0.167811590859605266884724425470909642        0.129098359310438402074632433326122454         278.311176733591166694393935160429533        0.300000011920928955078125000000000000        -1.00000000000000000000000000000000000         4.50000000000000000000000000000000000         50.0000000000000000000000000000000000        0.451461686222222339046147420601457973        0.451461686222222339046147420601457973        0.451461686222222339046147420601457973        0.451461686222222339046147420601457973        0.451461686222222339046147420601457973         0.00000000000000000000000000000000000         0.00000000000000000000000000000000000         13.4261246883165883388617843844849250         1419.67022508383687572779898941423475      
   5.80522551609495656082146517268962107E-0002   0.00000000000000000000000000000000000         0.00000000000000000000000000000000000         1.00000000000000000000000000000000000         0.00000000000000000000000000000000000        0.724999999999999999999999999999999981        0.275000000000000000000000000000000019        0.512000024318695068359375000000000000        0.425000011920928955078125000000000000         6.30000010132789611816406250000000000E-0002  0.870056494511586616800702331296776776        0.129943505488413383199297668703223248         0.00000000000000000000000000000000000        0.683022559859958444886526535977552353        0.167811590859605266884724425470909642        0.129098359310438402074632433326122454         278.311176733591166694393935160429533        0.300000011920928955078125000000000000        -1.00000000000000000000000000000000000         4.50000000000000000000000000000000000         50.0000000000000000000000000000000000        0.458231746022097921579730219270891137        0.458231746022097921579730219270891137        0.458231746022097921579730219270891137        0.458231746022097921579730219270891137        0.458231746022097921579730219270891137         0.00000000000000000000000000000000000         0.00000000000000000000000000000000000         13.9157096814243693382786930864149496         1423.78570692278665098828612075609411      
   6.08022426164948505065581588806303073E-0002   0.00000000000000000000000000000000000         0.00000000000000000000000000000000000         1.00000000000000000000000000000000000         0.00000000000000000000000000000000000        0.724999999999999999999999999999999981        0.275000000000000000000000000000000019        0.512000024318695068359375000000000000        0.425000011920928955078125000000000000         6.30000010132789611816406250000000000E-0002  0.870056494511586616800702331296776776        0.129943505488413383199297668703223248         0.00000000000000000000000000000000000        0.683022559859958444886526535977552353        0.167811590859605266884724425470909642        0.129098359310438402074632433326122454         278.311176733591166694393935160429533        0.300000011920928955078125000000000000        -1.00000000000000000000000000000000000         4.50000000000000000000000000000000000         50.0000000000000000000000000000000000        0.465060279320282630172958819434277759        0.465060279320282630172958819434277759        0.465060279320282630172958819434277759        0.465060279320282630172958819434277759        0.465060279320282630172958819434277759         0.00000000000000000000000000000000000         0.00000000000000000000000000000000000         14.4204555377102486742066931095470715         1427.97493782583247993570774363014055      
   6.36824994471865380888821842690214039E-0002   0.00000000000000000000000000000000000         0.00000000000000000000000000000000000         1.00000000000000000000000000000000000         0.00000000000000000000000000000000000        0.724999999999999999999999999999999981        0.275000000000000000000000000000000019        0.512000024318695068359375000000000000        0.425000011920928955078125000000000000         6.30000010132789611816406250000000000E-0002  0.870056494511586616800702331296776776        0.129943505488413383199297668703223248         0.00000000000000000000000000000000000        0.683022559859958444886526535977552353        0.167811590859605266884724425470909642        0.129098359310438402074632433326122454         278.311176733591166694393935160429533        0.300000011920928955078125000000000000        -1.00000000000000000000000000000000000         4.50000000000000000000000000000000000         50.0000000000000000000000000000000000        0.471997919970201965563039163187677913        0.471997919970201965563039163187677913        0.471997919970201965563039163187677913        0.471997919970201965563039163187677913        0.471997919970201965563039163187677913         0.00000000000000000000000000000000000         0.00000000000000000000000000000000000         14.9415818239447510597354490228106797         1432.24899633133129034928686059820294      
   6.66991966303019298825804335972346273E-0002   0.00000000000000000000000000000000000         0.00000000000000000000000000000000000         1.00000000000000000000000000000000000         0.00000000000000000000000000000000000        0.724999999999999999999999999999999981        0.275000000000000000000000000000000019        0.512000024318695068359375000000000000        0.425000011920928955078125000000000000         6.30000010132789611816406250000000000E-0002  0.870056494511586616800702331296776776        0.129943505488413383199297668703223248         0.00000000000000000000000000000000000        0.683022559859958444886526535977552353        0.167811590859605266884724425470909642        0.129098359310438402074632433326122454         278.311176733591166694393935160429533        0.300000011920928955078125000000000000        -1.00000000000000000000000000000000000         4.50000000000000000000000000000000000         50.0000000000000000000000000000000000        0.479030708045059438285238703790406980        0.479030708045059438285238703790406980        0.479030708045059438285238703790406980        0.479030708045059438285238703790406980        0.479030708045059438285238703790406980         0.00000000000000000000000000000000000         0.00000000000000000000000000000000000         15.4964504427624931602450273177969406         1436.66475633574634451899756862003208      
   6.98587974678532405490532339768403819E-0002   0.00000000000000000000000000000000000         0.00000000000000000000000000000000000         1.00000000000000000000000000000000000         0.00000000000000000000000000000000000        0.724999999999999999999999999999999981        0.275000000000000000000000000000000019        0.512000024318695068359375000000000000        0.425000011920928955078125000000000000         6.30000010132789611816406250000000000E-0002  0.870056494511586616800702331296776776        0.129943505488413383199297668703223248         0.00000000000000000000000000000000000        0.683022559859958444886526535977552353        0.167811590859605266884724425470909642        0.129098359310438402074632433326122454         278.311176733591166694393935160429533        0.300000011920928955078125000000000000        -1.00000000000000000000000000000000000         4.50000000000000000000000000000000000         50.0000000000000000000000000000000000        0.486080280124364997660526219644750538        0.486080280124364997660526219644750538        0.486080280124364997660526219644750538        0.486080280124364997660526219644750538        0.486080280124364997660526219644750538         0.00000000000000000000000000000000000         0.00000000000000000000000000000000000         16.1722997532303132716527779232257478         1441.45067459604337817132320798249407      
   7.31680714342727864769909562452151975E-0002   0.00000000000000000000000000000000000         0.00000000000000000000000000000000000         1.00000000000000000000000000000000000         0.00000000000000000000000000000000000        0.724999999999999999999999999999999981        0.275000000000000000000000000000000019        0.512000024318695068359375000000000000        0.425000011920928955078125000000000000         6.30000010132789611816406250000000000E-0002  0.870056494511586616800702331296776776        0.129943505488413383199297668703223248         0.00000000000000000000000000000000000        0.683022559859958444886526535977552353        0.167811590859605266884724425470909642        0.129098359310438402074632433326122454         278.311176733591166694393935160429533        0.300000011920928955078125000000000000        -1.00000000000000000000000000000000000         4.50000000000000000000000000000000000         50.0000000000000000000000000000000000        0.493194243700841006924694210637678377        0.493194243700841006924694210637678377        0.493194243700841006924694210637678377        0.493194243700841006924694210637678377        0.493194243700841006924694210637678377         0.00000000000000000000000000000000000         0.00000000000000000000000000000000000         16.8645530741897177917306112758801520         1446.17805758175306266545916879704908      
   7.66341086800754564190942258342304675E-0002   0.00000000000000000000000000000000000         0.00000000000000000000000000000000000         1.00000000000000000000000000000000000         0.00000000000000000000000000000000000        0.724999999999999999999999999999999981        0.275000000000000000000000000000000019        0.512000024318695068359375000000000000        0.425000011920928955078125000000000000         6.30000010132789611816406250000000000E-0002  0.870056494511586616800702331296776776        0.129943505488413383199297668703223248         0.00000000000000000000000000000000000        0.683022559859958444886526535977552353        0.167811590859605266884724425470909642        0.129098359310438402074632433326122454         278.311176733591166694393935160429533        0.300000011920928955078125000000000000        -1.00000000000000000000000000000000000         4.50000000000000000000000000000000000         50.0000000000000000000000000000000000        0.500341426938855141382430193298424601        0.500341426938855141382430193298424601        0.500341426938855141382430193298424601        0.500341426938855141382430193298424601        0.500341426938855141382430193298424601         0.00000000000000000000000000000000000         0.00000000000000000000000000000000000         17.6051204059231049740383344608245799         1450.68249243250452067884898756679981      
   8.02643352225726970636277878857272017E-0002   0.00000000000000000000000000000000000         0.00000000000000000000000000000000000         1.00000000000000000000000000000000000         0.00000000000000000000000000000000000        0.724999999999999999999999999999999981        0.275000000000000000000000000000000019        0.512000024318695068359375000000000000        0.425000011920928955078125000000000000         6.30000010132789611816406250000000000E-0002  0.870056494511586616800702331296776776        0.129943505488413383199297668703223248         0.00000000000000000000000000000000000        0.683022559859958444886526535977552353        0.167811590859605266884724425470909642        0.129098359310438402074632433326122454         278.311176733591166694393935160429533        0.300000011920928955078125000000000000        -1.00000000000000000000000000000000000         4.50000000000000000000000000000000000         50.0000000000000000000000000000000000        0.507555612121236252466232337645649326        0.507555612121236252466232337645649326        0.507555612121236252466232337645649326        0.507555612121236252466232337645649326        0.507555612121236252466232337645649326         0.00000000000000000000000000000000000         0.00000000000000000000000000000000000         18.3611789284989922657832379807642428         1455.21992153147763580012987024319916      
   8.40665288561842607476714319551580939E-0002   0.00000000000000000000000000000000000         0.00000000000000000000000000000000000         1.00000000000000000000000000000000000         0.00000000000000000000000000000000000        0.724999999999999999999999999999999981        0.275000000000000000000000000000000019        0.512000024318695068359375000000000000        0.425000011920928955078125000000000000         6.30000010132789611816406250000000000E-0002  0.870056494511586616800702331296776776        0.129943505488413383199297668703223248         0.00000000000000000000000000000000000        0.683022559859958444886526535977552353        0.167811590859605266884724425470909642        0.129098359310438402074632433326122454         278.311176733591166694393935160429533        0.300000011920928955078125000000000000        -1.00000000000000000000000000000000000         4.50000000000000000000000000000000000         50.0000000000000000000000000000000000        0.514854035591570090530148521257002601        0.514854035591570090530148521257002601        0.514854035591570090530148521257002601        0.514854035591570090530148521257002601        0.514854035591570090530148521257002601         0.00000000000000000000000000000000000         0.00000000000000000000000000000000000         19.1330528792938234931971540784588542         1459.77521071940426870155969369349235      
   8.80488358164357074743307360856496004E-0002   0.00000000000000000000000000000000000         0.00000000000000000000000000000000000         1.00000000000000000000000000000000000         0.00000000000000000000000000000000000        0.724999999999999999999999999999999981        0.275000000000000000000000000000000019        0.512000024318695068359375000000000000        0.425000011920928955078125000000000000         6.30000010132789611816406250000000000E-0002  0.870056494511586616800702331296776776        0.129943505488413383199297668703223248         0.00000000000000000000000000000000000        0.683022559859958444886526535977552353        0.167811590859605266884724425470909642        0.129098359310438402074632433326122454         278.311176733591166694393935160429533        0.300000011920928955078125000000000000        -1.00000000000000000000000000000000000         4.50000000000000000000000000000000000         50.0000000000000000000000000000000000        0.522241537268176586582556399838239872        0.522241537268176586582556399838239872        0.522241537268176586582556399838239872        0.522241537268176586582556399838239872        0.522241537268176586582556399838239872         0.00000000000000000000000000000000000         0.00000000000000000000000000000000000         19.9232580742960182156439074755711581         1464.37783058040424406106872051930269      
   9.22197882333444321945314637778022181E-0002   0.00000000000000000000000000000000000         0.00000000000000000000000000000000000         1.00000000000000000000000000000000000         0.00000000000000000000000000000000000        0.724999999999999999999999999999999981        0.275000000000000000000000000000000019        0.512000024318695068359375000000000000        0.425000011920928955078125000000000000         6.30000010132789611816406250000000000E-0002  0.870056494511586616800702331296776776        0.129943505488413383199297668703223248         0.00000000000000000000000000000000000        0.683022559859958444886526535977552353        0.167811590859605266884724425470909642        0.129098359310438402074632433326122454         278.311176733591166694393935160429533        0.300000011920928955078125000000000000        -1.00000000000000000000000000000000000         4.50000000000000000000000000000000000         50.0000000000000000000000000000000000        0.529720583635900174949484387538132040        0.529720583635900174949484387538132040        0.529720583635900174949484387538132040        0.529720583635900174949484387538132040        0.529720583635900174949484387538132040         0.00000000000000000000000000000000000         0.00000000000000000000000000000000000         20.7334452076807129382796658383210336         1468.92622705853732267647257548350604      
   9.65883224115882606340667665118364882E-0002   0.00000000000000000000000000000000000         0.00000000000000000000000000000000000         1.00000000000000000000000000000000000         0.00000000000000000000000000000000000        0.724999999999999999999999999999999981        0.275000000000000000000000000000000019        0.512000024318695068359375000000000000        0.425000011920928955078125000000000000         6.30000010132789611816406250000000000E-0002  0.870056494511586616800702331296776776        0.129943505488413383199297668703223248         0.00000000000000000000000000000000000        0.683022559859958444886526535977552353        0.167811590859605266884724425470909642        0.129098359310438402074632433326122454         278.311176733591166694393935160429533        0.300000011920928955078125000000000000        -1.00000000000000000000000000000000000         4.50000000000000000000000000000000000         50.0000000000000000000000000000000000        0.537296343910365150732577773009226888        0.537296343910365150732577773009226888        0.537296343910365150732577773009226888        0.537296343910365150732577773009226888        0.537296343910365150732577773009226888         0.00000000000000000000000000000000000         0.00000000000000000000000000000000000         21.5660644049574785086028663590481150         1473.59832831081676363990312148849272      
  0.101163797976622046355106172347094973         0.00000000000000000000000000000000000         0.00000000000000000000000000000000000         1.00000000000000000000000000000000000         0.00000000000000000000000000000000000        0.724999999999999999999999999999999981        0.275000000000000000000000000000000019        0.512000024318695068359375000000000000        0.425000011920928955078125000000000000         6.30000010132789611816406250000000000E-0002  0.870056494511586616800702331296776776        0.129943505488413383199297668703223248         0.00000000000000000000000000000000000        0.683022559859958444886526535977552353        0.167811590859605266884724425470909642        0.129098359310438402074632433326122454         278.311176733591166694393935160429533        0.300000011920928955078125000000000000        -1.00000000000000000000000000000000000         4.50000000000000000000000000000000000         50.0000000000000000000000000000000000        0.544962703179829006493743402487861393        0.544962703179829006493743402487861393        0.544962703179829006493743402487861393        0.544962703179829006493743402487861393        0.544962703179829006493743402487861393         0.00000000000000000000000000000000000         0.00000000000000000000000000000000000         22.4322797804671329955585548270913305         1478.30447025684082089985349040899217      
  0.105956017927763003456833559312410793         0.00000000000000000000000000000000000         0.00000000000000000000000000000000000         1.00000000000000000000000000000000000         0.00000000000000000000000000000000000        0.724999999999999999999999999999999981        0.275000000000000000000000000000000019        0.512000024318695068359375000000000000        0.425000011920928955078125000000000000         6.30000010132789611816406250000000000E-0002  0.870056494511586616800702331296776776        0.129943505488413383199297668703223248         0.00000000000000000000000000000000000        0.683022559859958444886526535977552353        0.167811590859605266884724425470909642        0.129098359310438402074632433326122454         278.311176733591166694393935160429533        0.300000011920928955078125000000000000        -1.00000000000000000000000000000000000         4.50000000000000000000000000000000000         50.0000000000000000000000000000000000        0.552725964223099217621836846413646628        0.552725964223099217621836846413646628        0.552725964223099217621836846413646628        0.552725964223099217621836846413646628        0.552725964223099217621836846413646628         0.00000000000000000000000000000000000         0.00000000000000000000000000000000000         23.3376226420656893529749881817562500         1483.01975150586191683309175211547155      
  0.110975249641208698343586493910800654         0.00000000000000000000000000000000000         0.00000000000000000000000000000000000         1.00000000000000000000000000000000000         0.00000000000000000000000000000000000        0.724999999999999999999999999999999981        0.275000000000000000000000000000000019        0.512000024318695068359375000000000000        0.425000011920928955078125000000000000         6.30000010132789611816406250000000000E-0002  0.870056494511586616800702331296776776        0.129943505488413383199297668703223248         0.00000000000000000000000000000000000        0.683022559859958444886526535977552353        0.167811590859605266884724425470909642        0.129098359310438402074632433326122454         278.311176733591166694393935160429533        0.300000011920928955078125000000000000        -1.00000000000000000000000000000000000         4.50000000000000000000000000000000000         50.0000000000000000000000000000000000        0.560564923029549926236827201657021832        0.560564923029549926236827201657021832        0.560564923029549926236827201657021832        0.560564923029549926236827201657021832        0.560564923029549926236827201657021832         0.00000000000000000000000000000000000         0.00000000000000000000000000000000000         24.3458723716476755671098927382831254         1488.83268775774678099998548816469455      
  0.116232246867986863621532357708454707         0.00000000000000000000000000000000000         0.00000000000000000000000000000000000         1.00000000000000000000000000000000000         0.00000000000000000000000000000000000        0.724999999999999999999999999999999981        0.275000000000000000000000000000000019        0.512000024318695068359375000000000000        0.425000011920928955078125000000000000         6.30000010132789611816406250000000000E-0002  0.870056494511586616800702331296776776        0.129943505488413383199297668703223248         0.00000000000000000000000000000000000        0.683022559859958444886526535977552353        0.167811590859605266884724425470909642        0.129098359310438402074632433326122454         278.311176733591166694393935160429533        0.300000011920928955078125000000000000        -1.00000000000000000000000000000000000         4.50000000000000000000000000000000000         50.0000000000000000000000000000000000        0.568384714833767151431793042593362600        0.568384714833767151431793042593362600        0.568384714833767151431793042593362600        0.568384714833767151431793042593362600        0.568384714833767151431793042593362600         0.00000000000000000000000000000000000         0.00000000000000000000000000000000000         25.5179716583604064729392303095494052         1496.72429253047156822400170060038080      
  0.121738272773967847946541636711935559         0.00000000000000000000000000000000000         0.00000000000000000000000000000000000         1.00000000000000000000000000000000000         0.00000000000000000000000000000000000        0.724999999999999999999999999999999981        0.275000000000000000000000000000000019        0.512000024318695068359375000000000000        0.425000011920928955078125000000000000         6.30000010132789611816406250000000000E-0002  0.870056494511586616800702331296776776        0.129943505488413383199297668703223248         0.00000000000000000000000000000000000        0.683022559859958444886526535977552353        0.167811590859605266884724425470909642        0.129098359310438402074632433326122454         278.311176733591166694393935160429533        0.300000011920928955078125000000000000        -1.00000000000000000000000000000000000         4.50000000000000000000000000000000000         50.0000000000000000000000000000000000        0.576250812240452736553347112503421222        0.576250812240452736553347112503421222        0.576250812240452736553347112503421222        0.576250812240452736553347112503421222        0.576250812240452736553347112503421222         0.00000000000000000000000000000000000         0.00000000000000000000000000000000000         26.7748798564143301966742274957138085         1505.10976801010257770516961065763980      
  0.127505124071303144618257819009567858         0.00000000000000000000000000000000000         0.00000000000000000000000000000000000         1.00000000000000000000000000000000000         0.00000000000000000000000000000000000        0.724999999999999999999999999999999981        0.275000000000000000000000000000000019        0.512000024318695068359375000000000000        0.425000011920928955078125000000000000         6.30000010132789611816406250000000000E-0002  0.870056494511586616800702331296776776        0.129943505488413383199297668703223248         0.00000000000000000000000000000000000        0.683022559859958444886526535977552353        0.167811590859605266884724425470909642        0.129098359310438402074632433326122454         278.311176733591166694393935160429533        0.300000011920928955078125000000000000        -1.00000000000000000000000000000000000         4.50000000000000000000000000000000000         50.0000000000000000000000000000000000        0.584193243396335872337997957851729299        0.584193243396335872337997957851729299        0.584193243396335872337997957851729299        0.584193243396335872337997957851729299        0.584193243396335872337997957851729299         0.00000000000000000000000000000000000         0.00000000000000000000000000000000000         28.0137332839383205729202232305587755         1513.27443617165353747112371445930760      
  0.133545156292991832326932402316673282         0.00000000000000000000000000000000000         0.00000000000000000000000000000000000         1.00000000000000000000000000000000000         0.00000000000000000000000000000000000        0.724999999999999999999999999999999981        0.275000000000000000000000000000000019        0.512000024318695068359375000000000000        0.425000011920928955078125000000000000         6.30000010132789611816406250000000000E-0002  0.870056494511586616800702331296776776        0.129943505488413383199297668703223248         0.00000000000000000000000000000000000        0.683022559859958444886526535977552353        0.167811590859605266884724425470909642        0.129098359310438402074632433326122454         278.311176733591166694393935160429533        0.300000011920928955078125000000000000        -1.00000000000000000000000000000000000         4.50000000000000000000000000000000000         50.0000000000000000000000000000000000        0.592189546565505871352392590712182032        0.592189546565505871352392590712182032        0.592189546565505871352392590712182032        0.592189546565505871352392590712182032        0.592189546565505871352392590712182032         0.00000000000000000000000000000000000         0.00000000000000000000000000000000000         29.2757182909301656832565136142375957         1521.49651324672969948738155379869667      
  0.139871310264725923734212542400487802         0.00000000000000000000000000000000000         0.00000000000000000000000000000000000         1.00000000000000000000000000000000000         0.00000000000000000000000000000000000        0.724999999999999999999999999999999981        0.275000000000000000000000000000000019        0.512000024318695068359375000000000000        0.425000011920928955078125000000000000         6.30000010132789611816406250000000000E-0002  0.870056494511586616800702331296776776        0.129943505488413383199297668703223248         0.00000000000000000000000000000000000        0.683022559859958444886526535977552353        0.167811590859605266884724425470909642        0.129098359310438402074632433326122454         278.311176733591166694393935160429533        0.300000011920928955078125000000000000        -1.00000000000000000000000000000000000         4.50000000000000000000000000000000000         50.0000000000000000000000000000000000        0.600300277317879126902366514311438912        0.600300277317879126902366514311438912        0.600300277317879126902366514311438912        0.600300277317879126902366514311438912        0.600300277317879126902366514311438912         0.00000000000000000000000000000000000         0.00000000000000000000000000000000000         30.5664168022196102792703442601163217         1529.80570232693056686907928395104891      
  0.146497139830730798859885014704254904         0.00000000000000000000000000000000000         0.00000000000000000000000000000000000         1.00000000000000000000000000000000000         0.00000000000000000000000000000000000        0.724999999999999999999999999999999981        0.275000000000000000000000000000000019        0.512000024318695068359375000000000000        0.425000011920928955078125000000000000         6.30000010132789611816406250000000000E-0002  0.870056494511586616800702331296776776        0.129943505488413383199297668703223248         0.00000000000000000000000000000000000        0.683022559859958444886526535977552353        0.167811590859605266884724425470909642        0.129098359310438402074632433326122454         278.311176733591166694393935160429533        0.300000011920928955078125000000000000        -1.00000000000000000000000000000000000         4.50000000000000000000000000000000000         50.0000000000000000000000000000000000        0.608511885622053967321040311970549981        0.608511885622053967321040311970549981        0.608511885622053967321040311970549981        0.608511885622053967321040311970549981        0.608511885622053967321040311970549981         0.00000000000000000000000000000000000         0.00000000000000000000000000000000000         31.8888858089804874107016011560198342         1538.22043804214692273129363344346394      
  0.153436840893003596478571043987610540         0.00000000000000000000000000000000000         0.00000000000000000000000000000000000         1.00000000000000000000000000000000000         0.00000000000000000000000000000000000        0.724999999999999999999999999999999981        0.275000000000000000000000000000000019        0.512000024318695068359375000000000000        0.425000011920928955078125000000000000         6.30000010132789611816406250000000000E-0002  0.870056494511586616800702331296776776        0.129943505488413383199297668703223248         0.00000000000000000000000000000000000        0.683022559859958444886526535977552353        0.167811590859605266884724425470909642        0.129098359310438402074632433326122454         278.311176733591166694393935160429533        0.300000011920928955078125000000000000        -1.00000000000000000000000000000000000         4.50000000000000000000000000000000000         50.0000000000000000000000000000000000        0.616829659862764813680184608417686756        0.616829659862764813680184608417686756        0.616829659862764813680184608417686756        0.616829659862764813680184608417686756        0.616829659862764813680184608417686756         0.00000000000000000000000000000000000         0.00000000000000000000000000000000000         33.2482046920652210799558838704164677         1546.76909437504729138602636576440354      
  0.160705281826166404175411117660175785         0.00000000000000000000000000000000000         0.00000000000000000000000000000000000         1.00000000000000000000000000000000000         0.00000000000000000000000000000000000        0.724999999999999999999999999999999981        0.275000000000000000000000000000000019        0.512000024318695068359375000000000000        0.425000011920928955078125000000000000         6.30000010132789611816406250000000000E-0002  0.870056494511586616800702331296776776        0.129943505488413383199297668703223248         0.00000000000000000000000000000000000        0.683022559859958444886526535977552353        0.167811590859605266884724425470909642        0.129098359310438402074632433326122454         278.311176733591166694393935160429533        0.300000011920928955078125000000000000        -1.00000000000000000000000000000000000         4.50000000000000000000000000000000000         50.0000000000000000000000000000000000        0.625257971824859088304554448716099226        0.625257971824859088304554448716099226        0.625257971824859088304554448716099226        0.625257971824859088304554448716099226        0.625257971824859088304554448716099226         0.00000000000000000000000000000000000         0.00000000000000000000000000000000000         34.6419776836365193567752329675738642         1555.40800131479684938072555511798229      
  0.168318035333098355319523878900328206         0.00000000000000000000000000000000000         0.00000000000000000000000000000000000         1.00000000000000000000000000000000000         0.00000000000000000000000000000000000        0.724999999999999999999999999999999981        0.275000000000000000000000000000000019        0.512000024318695068359375000000000000        0.425000011920928955078125000000000000         6.30000010132789611816406250000000000E-0002  0.870056494511586616800702331296776776        0.129943505488413383199297668703223248         0.00000000000000000000000000000000000        0.683022559859958444886526535977552353        0.167811590859605266884724425470909642        0.129098359310438402074632433326122454         278.311176733591166694393935160429533        0.300000011920928955078125000000000000        -1.00000000000000000000000000000000000         4.50000000000000000000000000000000000         50.0000000000000000000000000000000000        0.633920571909045310403461217851644486        0.633920571909045310403461217851644486        0.633920571909045310403461217851644486        0.633920571909045310403461217851644486        0.633920571909045310403461217851644486         0.00000000000000000000000000000000000         0.00000000000000000000000000000000000         36.0771818865581290391763854097217993         1564.21568712219399363168215465835522      
  0.176291411809597623536968597048402244         0.00000000000000000000000000000000000         0.00000000000000000000000000000000000         1.00000000000000000000000000000000000         0.00000000000000000000000000000000000        0.724999999999999999999999999999999981        0.275000000000000000000000000000000019        0.512000024318695068359375000000000000        0.425000011920928955078125000000000000         6.30000010132789611816406250000000000E-0002  0.870056494511586616800702331296776776        0.129943505488413383199297668703223248         0.00000000000000000000000000000000000        0.683022559859958444886526535977552353        0.167811590859605266884724425470909642        0.129098359310438402074632433326122454         278.311176733591166694393935160429533        0.300000011920928955078125000000000000        -1.00000000000000000000000000000000000         4.50000000000000000000000000000000000         50.0000000000000000000000000000000000        0.642458079727579565036385575036274811        0.642458079727579565036385575036274811        0.642458079727579565036385575036274811        0.642458079727579565036385575036274811        0.642458079727579565036385575036274811         0.00000000000000000000000000000000000         0.00000000000000000000000000000000000         37.5605010795980298722088511399766453         1573.15443293577677915898927153647515      
  0.184642494289557415975419190134436407         0.00000000000000000000000000000000000         0.00000000000000000000000000000000000         1.00000000000000000000000000000000000         0.00000000000000000000000000000000000        0.724999999999999999999999999999999981        0.275000000000000000000000000000000019        0.512000024318695068359375000000000000        0.425000011920928955078125000000000000         6.30000010132789611816406250000000000E-0002  0.870056494511586616800702331296776776        0.129943505488413383199297668703223248         0.00000000000000000000000000000000000        0.683022559859958444886526535977552353        0.167811590859605266884724425470909642        0.129098359310438402074632433326122454         278.311176733591166694393935160429533        0.300000011920928955078125000000000000        -1.00000000000000000000000000000000000         4.50000000000000000000000000000000000         50.0000000000000000000000000000000000        0.651173027824360426295724642626900748        0.651173027824360426295724642626900748        0.651173027824360426295724642626900748        0.651173027824360426295724642626900748        0.651173027824360426295724642626900748         0.00000000000000000000000000000000000         0.00000000000000000000000000000000000         39.0804758750343560086509004698771525         1582.32408556741530038723959087557779      
  0.193389175045526332720793931968250954         0.00000000000000000000000000000000000         0.00000000000000000000000000000000000         1.00000000000000000000000000000000000         0.00000000000000000000000000000000000        0.724999999999999999999999999999999981        0.275000000000000000000000000000000019        0.512000024318695068359375000000000000        0.425000011920928955078125000000000000         6.30000010132789611816406250000000000E-0002  0.870056494511586616800702331296776776        0.129943505488413383199297668703223248         0.00000000000000000000000000000000000        0.683022559859958444886526535977552353        0.167811590859605266884724425470909642        0.129098359310438402074632433326122454         278.311176733591166694393935160429533        0.300000011920928955078125000000000000        -1.00000000000000000000000000000000000         4.50000000000000000000000000000000000         50.0000000000000000000000000000000000        0.660129940090148839171929543747794339        0.660129940090148839171929543747794339        0.660129940090148839171929543747794339        0.660129940090148839171929543747794339        0.660129940090148839171929543747794339         0.00000000000000000000000000000000000         0.00000000000000000000000000000000000         40.6559927243733685232723802014594829         1591.59183463616878113641064607665596      
  0.202550193923070136258493621901443151         0.00000000000000000000000000000000000         0.00000000000000000000000000000000000         1.00000000000000000000000000000000000         0.00000000000000000000000000000000000        0.724999999999999999999999999999999981        0.275000000000000000000000000000000019        0.512000024318695068359375000000000000        0.425000011920928955078125000000000000         6.30000010132789611816406250000000000E-0002  0.870056494511586616800702331296776776        0.129943505488413383199297668703223248         0.00000000000000000000000000000000000        0.683022559859958444886526535977552353        0.167811590859605266884724425470909642        0.129098359310438402074632433326122454         278.311176733591166694393935160429533        0.300000011920928955078125000000000000        -1.00000000000000000000000000000000000         4.50000000000000000000000000000000000         50.0000000000000000000000000000000000        0.669178927254240166664957524173068291        0.669178927254240166664957524173068291        0.669178927254240166664957524173068291        0.669178927254240166664957524173068291        0.669178927254240166664957524173068291         0.00000000000000000000000000000000000         0.00000000000000000000000000000000000         42.2812875738021196807883200137599387         1601.10595071009544976910569623631062      
  0.212145178491066660656421546258877797         0.00000000000000000000000000000000000         0.00000000000000000000000000000000000         1.00000000000000000000000000000000000         0.00000000000000000000000000000000000        0.724999999999999999999999999999999981        0.275000000000000000000000000000000019        0.512000024318695068359375000000000000        0.425000011920928955078125000000000000         6.30000010132789611816406250000000000E-0002  0.870056494511586616800702331296776776        0.129943505488413383199297668703223248         0.00000000000000000000000000000000000        0.683022559859958444886526535977552353        0.167811590859605266884724425470909642        0.129098359310438402074632433326122454         278.311176733591166694393935160429533        0.300000011920928955078125000000000000        -1.00000000000000000000000000000000000         4.50000000000000000000000000000000000         50.0000000000000000000000000000000000        0.678303930037446358369100898194041819        0.678303930037446358369100898194041819        0.678303930037446358369100898194041819        0.678303930037446358369100898194041819        0.678303930037446358369100898194041819         0.00000000000000000000000000000000000         0.00000000000000000000000000000000000         43.9615305877780367842427795033621286         1610.78850284677196630442363767763607      
  0.222194686093956243932729053068759355         0.00000000000000000000000000000000000         0.00000000000000000000000000000000000         1.00000000000000000000000000000000000         0.00000000000000000000000000000000000        0.724999999999999999999999999999999981        0.275000000000000000000000000000000019        0.512000024318695068359375000000000000        0.425000011920928955078125000000000000         6.30000010132789611816406250000000000E-0002  0.870056494511586616800702331296776776        0.129943505488413383199297668703223248         0.00000000000000000000000000000000000        0.683022559859958444886526535977552353        0.167811590859605266884724425470909642        0.129098359310438402074632433326122454         278.311176733591166694393935160429533        0.300000011920928955078125000000000000        -1.00000000000000000000000000000000000         4.50000000000000000000000000000000000         50.0000000000000000000000000000000000        0.687587623500519249948363142541760551        0.687587623500519249948363142541760551        0.687587623500519249948363142541760551        0.687587623500519249948363142541760551        0.687587623500519249948363142541760551         0.00000000000000000000000000000000000         0.00000000000000000000000000000000000         45.6996835601947585862075892602354043         1620.67013931843426453567358986335165      
  0.232720247896045024620482335420595173         0.00000000000000000000000000000000000         0.00000000000000000000000000000000000         1.00000000000000000000000000000000000         0.00000000000000000000000000000000000        0.724999999999999999999999999999999981        0.275000000000000000000000000000000019        0.512000024318695068359375000000000000        0.425000011920928955078125000000000000         6.30000010132789611816406250000000000E-0002  0.870056494511586616800702331296776776        0.129943505488413383199297668703223248         0.00000000000000000000000000000000000        0.683022559859958444886526535977552353        0.167811590859605266884724425470909642        0.129098359310438402074632433326122454         278.311176733591166694393935160429533        0.300000011920928955078125000000000000        -1.00000000000000000000000000000000000         4.50000000000000000000000000000000000         50.0000000000000000000000000000000000        0.697003748075193279933727690870170935        0.697003748075193279933727690870170935        0.697003748075193279933727690870170935        0.697003748075193279933727690870170935        0.697003748075193279933727690870170935         0.00000000000000000000000000000000000         0.00000000000000000000000000000000000         47.4983269133089546273081683142006760         1630.76129715751931127366016024689829      
  0.243744415012226435488952487885240485         0.00000000000000000000000000000000000         0.00000000000000000000000000000000000         1.00000000000000000000000000000000000         0.00000000000000000000000000000000000        0.724999999999999999999999999999999981        0.275000000000000000000000000000000019        0.512000024318695068359375000000000000        0.425000011920928955078125000000000000         6.30000010132789611816406250000000000E-0002  0.870056494511586616800702331296776776        0.129943505488413383199297668703223248         0.00000000000000000000000000000000000        0.683022559859958444886526535977552353        0.167811590859605266884724425470909642        0.129098359310438402074632433326122454         278.311176733591166694393935160429533        0.300000011920928955078125000000000000        -1.00000000000000000000000000000000000         4.50000000000000000000000000000000000         50.0000000000000000000000000000000000        0.706548696789328953954926028743703054        0.706548696789328953954926028743703054        0.706548696789328953954926028743703054        0.706548696789328953954926028743703054        0.706548696789328953954926028743703054         0.00000000000000000000000000000000000         0.00000000000000000000000000000000000         49.3606476359200072356166862921273884         1641.06492863843078907972607130942568      
  0.255290806823956397939774451911334331         0.00000000000000000000000000000000000         0.00000000000000000000000000000000000         1.00000000000000000000000000000000000         0.00000000000000000000000000000000000        0.724999999999999999999999999999999981        0.275000000000000000000000000000000019        0.512000024318695068359375000000000000        0.425000011920928955078125000000000000         6.30000010132789611816406250000000000E-0002  0.870056494511586616800702331296776776        0.129943505488413383199297668703223248         0.00000000000000000000000000000000000        0.683022559859958444886526535977552353        0.167811590859605266884724425470909642        0.129098359310438402074632433326122454         278.311176733591166694393935160429533        0.300000011920928955078125000000000000        -1.00000000000000000000000000000000000         4.50000000000000000000000000000000000         50.0000000000000000000000000000000000        0.716231715884892425949687378316628482        0.716231715884892425949687378316628482        0.716231715884892425949687378316628482        0.716231715884892425949687378316628482        0.716231715884892425949687378316628482         0.00000000000000000000000000000000000         0.00000000000000000000000000000000000         51.2893922652788493729706051122248092         1651.59694688020005783946116167822691      
  0.267384161583999647148154120888094587         0.00000000000000000000000000000000000         0.00000000000000000000000000000000000         1.00000000000000000000000000000000000         0.00000000000000000000000000000000000        0.724999999999999999999999999999999981        0.275000000000000000000000000000000019        0.512000024318695068359375000000000000        0.425000011920928955078125000000000000         6.30000010132789611816406250000000000E-0002  0.870056494511586616800702331296776776        0.129943505488413383199297668703223248         0.00000000000000000000000000000000000        0.683022559859958444886526535977552353        0.167811590859605266884724425470909642        0.129098359310438402074632433326122454         278.311176733591166694393935160429533        0.300000011920928955078125000000000000        -1.00000000000000000000000000000000000         4.50000000000000000000000000000000000         50.0000000000000000000000000000000000        0.725918381062548524253668741234278064        0.725918381062548524253668741234278064        0.725918381062548524253668741234278064        0.725918381062548524253668741234278064        0.725918381062548524253668741234278064         0.00000000000000000000000000000000000         0.00000000000000000000000000000000000         53.3057041778271840414813753297666783         1662.86800348683210962896495617518853      
  0.280050389418368331636181818145177102         0.00000000000000000000000000000000000         0.00000000000000000000000000000000000         1.00000000000000000000000000000000000         0.00000000000000000000000000000000000        0.724999999999999999999999999999999981        0.275000000000000000000000000000000019        0.512000024318695068359375000000000000        0.425000011920928955078125000000000000         6.30000010132789611816406250000000000E-0002  0.870056494511586616800702331296776776        0.129943505488413383199297668703223248         0.00000000000000000000000000000000000        0.683022559859958444886526535977552353        0.167811590859605266884724425470909642        0.129098359310438402074632433326122454         278.311176733591166694393935160429533        0.300000011920928955078125000000000000        -1.00000000000000000000000000000000000         4.50000000000000000000000000000000000         50.0000000000000000000000000000000000        0.736012591149142398705380877393826972        0.736012591149142398705380877393826972        0.736012591149142398705380877393826972        0.736012591149142398705380877393826972        0.736012591149142398705380877393826972         0.00000000000000000000000000000000000         0.00000000000000000000000000000000000         55.3580022295334409767485274214830791         1673.27143660808778713384137585538518      
  0.293316627839010037899556840640473318         0.00000000000000000000000000000000000         0.00000000000000000000000000000000000         1.00000000000000000000000000000000000         0.00000000000000000000000000000000000        0.724999999999999999999999999999999981        0.275000000000000000000000000000000019        0.512000024318695068359375000000000000        0.425000011920928955078125000000000000         6.30000010132789611816406250000000000E-0002  0.870056494511586616800702331296776776        0.129943505488413383199297668703223248         0.00000000000000000000000000000000000        0.683022559859958444886526535977552353        0.167811590859605266884724425470909642        0.129098359310438402074632433326122454         278.311176733591166694393935160429533        0.300000011920928955078125000000000000        -1.00000000000000000000000000000000000         4.50000000000000000000000000000000000         50.0000000000000000000000000000000000        0.746112829565406838592834239023208342        0.746112829565406838592834239023208342        0.746112829565406838592834239023208342        0.746112829565406838592834239023208342        0.746112829565406838592834239023208342         0.00000000000000000000000000000000000         0.00000000000000000000000000000000000         57.5080253839740615726576823879569824         1684.55170128086756448169654185565057      
  0.307211299886181694903675457144820827         0.00000000000000000000000000000000000         0.00000000000000000000000000000000000         1.00000000000000000000000000000000000         0.00000000000000000000000000000000000        0.724999999999999999999999999999999981        0.275000000000000000000000000000000019        0.512000024318695068359375000000000000        0.425000011920928955078125000000000000         6.30000010132789611816406250000000000E-0002  0.870056494511586616800702331296776776        0.129943505488413383199297668703223248         0.00000000000000000000000000000000000        0.683022559859958444886526535977552353        0.167811590859605266884724425470909642        0.129098359310438402074632433326122454         278.311176733591166694393935160429533        0.300000011920928955078125000000000000        -1.00000000000000000000000000000000000         4.50000000000000000000000000000000000         50.0000000000000000000000000000000000        0.756355354142621083745959961433793307        0.756355354142621083745959961433793307        0.756355354142621083745959961433793307        0.756355354142621083745959961433793307        0.756355354142621083745959961433793307         0.00000000000000000000000000000000000         0.00000000000000000000000000000000000         59.7362791479401769338050644794875972         1696.02075301153318469984247825281438      
  0.321764175025079939929779942085648449         0.00000000000000000000000000000000000         0.00000000000000000000000000000000000         1.00000000000000000000000000000000000         0.00000000000000000000000000000000000        0.724999999999999999999999999999999981        0.275000000000000000000000000000000019        0.512000024318695068359375000000000000        0.425000011920928955078125000000000000         6.30000010132789611816406250000000000E-0002  0.870056494511586616800702331296776776        0.129943505488413383199297668703223248         0.00000000000000000000000000000000000        0.683022559859958444886526535977552353        0.167811590859605266884724425470909642        0.129098359310438402074632433326122454         278.311176733591166694393935160429533        0.300000011920928955078125000000000000        -1.00000000000000000000000000000000000         4.50000000000000000000000000000000000         50.0000000000000000000000000000000000        0.766741425474222198860952231377917190        0.766741425474222198860952231377917190        0.766741425474222198860952231377917190        0.766741425474222198860952231377917190        0.766741425474222198860952231377917190         0.00000000000000000000000000000000000         0.00000000000000000000000000000000000         62.0562849889786737971631405378877697         1707.89413358552678993739299381401230      
  0.337006432927199547555937678304493054         0.00000000000000000000000000000000000         0.00000000000000000000000000000000000         1.00000000000000000000000000000000000         0.00000000000000000000000000000000000        0.724999999999999999999999999999999981        0.275000000000000000000000000000000019        0.512000024318695068359375000000000000        0.425000011920928955078125000000000000         6.30000010132789611816406250000000000E-0002  0.870056494511586616800702331296776776        0.129943505488413383199297668703223248         0.00000000000000000000000000000000000        0.683022559859958444886526535977552353        0.167811590859605266884724425470909642        0.129098359310438402074632433326122454         278.311176733591166694393935160429533        0.300000011920928955078125000000000000        -1.00000000000000000000000000000000000         4.50000000000000000000000000000000000         50.0000000000000000000000000000000000        0.777272870041452279028808114932055615        0.777272870041452279028808114932055615        0.777272870041452279028808114932055615        0.777272870041452279028808114932055615        0.777272870041452279028808114932055615         0.00000000000000000000000000000000000         0.00000000000000000000000000000000000         64.4588783534088750564109250992326650         1719.90389450459260549063409136174224      
  0.352970730273072080492371624264509206         0.00000000000000000000000000000000000         0.00000000000000000000000000000000000         1.00000000000000000000000000000000000         0.00000000000000000000000000000000000        0.724999999999999999999999999999999981        0.275000000000000000000000000000000019        0.512000024318695068359375000000000000        0.425000011920928955078125000000000000         6.30000010132789611816406250000000000E-0002  0.870056494511586616800702331296776776        0.129943505488413383199297668703223248         0.00000000000000000000000000000000000        0.683022559859958444886526535977552353        0.167811590859605266884724425470909642        0.129098359310438402074632433326122454         278.311176733591166694393935160429533        0.300000011920928955078125000000000000        -1.00000000000000000000000000000000000         4.50000000000000000000000000000000000         50.0000000000000000000000000000000000        0.787950992170492602631961233788679343        0.787950992170492602631961233788679343        0.787950992170492602631961233788679343        0.787950992170492602631961233788679343        0.787950992170492602631961233788679343         0.00000000000000000000000000000000000         0.00000000000000000000000000000000000         66.9552841492138444337927736605890250         1732.21053054688386019458490761495527      
  0.369691270719510256457304422777255813         0.00000000000000000000000000000000000         0.00000000000000000000000000000000000         1.00000000000000000000000000000000000         0.00000000000000000000000000000000000        0.724999999999999999999999999999999981        0.275000000000000000000000000000000019        0.512000024318695068359375000000000000        0.425000011920928955078125000000000000         6.30000010132789611816406250000000000E-0002  0.870056494511586616800702331296776776        0.129943505488413383199297668703223248         0.00000000000000000000000000000000000        0.683022559859958444886526535977552353        0.167811590859605266884724425470909642        0.129098359310438402074632433326122454         278.311176733591166694393935160429533        0.300000011920928955078125000000000000        -1.00000000000000000000000000000000000         4.50000000000000000000000000000000000         50.0000000000000000000000000000000000        0.798776221815557926790931366045213680        0.798776221815557926790931366045213680        0.798776221815557926790931366045213680        0.798776221815557926790931366045213680        0.798776221815557926790931366045213680         0.00000000000000000000000000000000000         0.00000000000000000000000000000000000         69.5490215699521830494966166719847863         1744.80246192196584733257346406134264      
  0.387203878181263508459966947142191053         0.00000000000000000000000000000000000         0.00000000000000000000000000000000000         1.00000000000000000000000000000000000         0.00000000000000000000000000000000000        0.724999999999999999999999999999999981        0.275000000000000000000000000000000019        0.512000024318695068359375000000000000        0.425000011920928955078125000000000000         6.30000010132789611816406250000000000E-0002  0.870056494511586616800702331296776776        0.129943505488413383199297668703223248         0.00000000000000000000000000000000000        0.683022559859958444886526535977552353        0.167811590859605266884724425470909642        0.129098359310438402074632433326122454         278.311176733591166694393935160429533        0.300000011920928955078125000000000000        -1.00000000000000000000000000000000000         4.50000000000000000000000000000000000         50.0000000000000000000000000000000000        0.809766045052330287291245582898157454        0.809766045052330287291245582898157454        0.809766045052330287291245582898157454        0.809766045052330287291245582898157454        0.809766045052330287291245582898157454         0.00000000000000000000000000000000000         0.00000000000000000000000000000000000         72.2448259686178768447066462736286042         1757.68410612296605529723596009497303      
  0.405546073584091372929320306957881816         0.00000000000000000000000000000000000         0.00000000000000000000000000000000000         1.00000000000000000000000000000000000         0.00000000000000000000000000000000000        0.724999999999999999999999999999999981        0.275000000000000000000000000000000019        0.512000024318695068359375000000000000        0.425000011920928955078125000000000000         6.30000010132789611816406250000000000E-0002  0.870056494511586616800702331296776776        0.129943505488413383199297668703223248         0.00000000000000000000000000000000000        0.683022559859958444886526535977552353        0.167811590859605266884724425470909642        0.129098359310438402074632433326122454         278.311176733591166694393935160429533        0.300000011920928955078125000000000000        -1.00000000000000000000000000000000000         4.50000000000000000000000000000000000         50.0000000000000000000000000000000000        0.820891991387517402192470761593584952        0.820891991387517402192470761593584952        0.820891991387517402192470761593584952        0.820891991387517402192470761593584952        0.820891991387517402192470761593584952         0.00000000000000000000000000000000000         0.00000000000000000000000000000000000         75.0473393895938814552178039147684124         1770.86523296531896881304586504546556      
  0.424757155253698885385985478437553801         0.00000000000000000000000000000000000         0.00000000000000000000000000000000000         1.00000000000000000000000000000000000         0.00000000000000000000000000000000000        0.724999999999999999999999999999999981        0.275000000000000000000000000000000019        0.512000024318695068359375000000000000        0.425000011920928955078125000000000000         6.30000010132789611816406250000000000E-0002  0.870056494511586616800702331296776776        0.129943505488413383199297668703223248         0.00000000000000000000000000000000000        0.683022559859958444886526535977552353        0.167811590859605266884724425470909642        0.129098359310438402074632433326122454         278.311176733591166694393935160429533        0.300000011920928955078125000000000000        -1.00000000000000000000000000000000000         4.50000000000000000000000000000000000         50.0000000000000000000000000000000000        0.832175455377960934676047944619842893        0.832175455377960934676047944619842893        0.832175455377960934676047944619842893        0.832175455377960934676047944619842893        0.832175455377960934676047944619842893         0.00000000000000000000000000000000000         0.00000000000000000000000000000000000         77.9623791192962913626495985389101641         1784.35139408778107522007874891850124      
  0.444878283112768031811350146623921564         0.00000000000000000000000000000000000         0.00000000000000000000000000000000000         1.00000000000000000000000000000000000         0.00000000000000000000000000000000000        0.724999999999999999999999999999999981        0.275000000000000000000000000000000019        0.512000024318695068359375000000000000        0.425000011920928955078125000000000000         6.30000010132789611816406250000000000E-0002  0.870056494511586616800702331296776776        0.129943505488413383199297668703223248         0.00000000000000000000000000000000000        0.683022559859958444886526535977552353        0.167811590859605266884724425470909642        0.129098359310438402074632433326122454         278.311176733591166694393935160429533        0.300000011920928955078125000000000000        -1.00000000000000000000000000000000000         4.50000000000000000000000000000000000         50.0000000000000000000000000000000000        0.843585156428325626128471609797064398        0.843585156428325626128471609797064398        0.843585156428325626128471609797064398        0.843585156428325626128471609797064398        0.843585156428325626128471609797064398         0.00000000000000000000000000000000000         0.00000000000000000000000000000000000         80.9943460483911084100858908920416631         1798.15272433032835355801474471129157      
  0.465952566866478185388067003418371743         0.00000000000000000000000000000000000         0.00000000000000000000000000000000000         1.00000000000000000000000000000000000         0.00000000000000000000000000000000000        0.724999999999999999999999999999999981        0.275000000000000000000000000000000019        0.512000024318695068359375000000000000        0.425000011920928955078125000000000000         6.30000010132789611816406250000000000E-0002  0.870056494511586616800702331296776776        0.129943505488413383199297668703223248         0.00000000000000000000000000000000000        0.683022559859958444886526535977552353        0.167811590859605266884724425470909642        0.129098359310438402074632433326122454         278.311176733591166694393935160429533        0.300000011920928955078125000000000000        -1.00000000000000000000000000000000000         4.50000000000000000000000000000000000         50.0000000000000000000000000000000000        0.855173722077730807516537452766337660        0.855173722077730807516537452766337660        0.855173722077730807516537452766337660        0.855173722077730807516537452766337660        0.855173722077730807516537452766337660         0.00000000000000000000000000000000000         0.00000000000000000000000000000000000         84.1500337414718891832707640933325661         1812.27781131009087882981647883637992      
  0.488025158365453833350361152141345848         0.00000000000000000000000000000000000         0.00000000000000000000000000000000000         1.00000000000000000000000000000000000         0.00000000000000000000000000000000000        0.724999999999999999999999999999999981        0.275000000000000000000000000000000019        0.512000024318695068359375000000000000        0.425000011920928955078125000000000000         6.30000010132789611816406250000000000E-0002  0.870056494511586616800702331296776776        0.129943505488413383199297668703223248         0.00000000000000000000000000000000000        0.683022559859958444886526535977552353        0.167811590859605266884724425470909642        0.129098359310438402074632433326122454         278.311176733591166694393935160429533        0.300000011920928955078125000000000000        -1.00000000000000000000000000000000000         4.50000000000000000000000000000000000         50.0000000000000000000000000000000000        0.866917699210761831976221845811612540        0.866917699210761831976221845811612540        0.866917699210761831976221845811612540        0.866917699210761831976221845811612540        0.866917699210761831976221845811612540         0.00000000000000000000000000000000000         0.00000000000000000000000000000000000         87.4388064238014045095590471604790461         1826.74912848960473345948667928974044      
  0.511143348344028075836959282509472174         0.00000000000000000000000000000000000         0.00000000000000000000000000000000000         1.00000000000000000000000000000000000         0.00000000000000000000000000000000000        0.724999999999999999999999999999999981        0.275000000000000000000000000000000019        0.512000024318695068359375000000000000        0.425000011920928955078125000000000000         6.30000010132789611816406250000000000E-0002  0.870056494511586616800702331296776776        0.129943505488413383199297668703223248         0.00000000000000000000000000000000000        0.683022559859958444886526535977552353        0.167811590859605266884724425470909642        0.129098359310438402074632433326122454         278.311176733591166694393935160429533        0.300000011920928955078125000000000000        -1.00000000000000000000000000000000000         4.50000000000000000000000000000000000         50.0000000000000000000000000000000000        0.878817223857528088488995244176602998        0.878817223857528088488995244176602998        0.878817223857528088488995244176602998        0.878817223857528088488995244176602998        0.878817223857528088488995244176602998         0.00000000000000000000000000000000000         0.00000000000000000000000000000000000         90.8672810089883358438761152425595620         1841.57281704735898255635527753238559      
  0.535356667741084533722548138030577650         0.00000000000000000000000000000000000         0.00000000000000000000000000000000000         1.00000000000000000000000000000000000         0.00000000000000000000000000000000000        0.724999999999999999999999999999999981        0.275000000000000000000000000000000019        0.512000024318695068359375000000000000        0.425000011920928955078125000000000000         6.30000010132789611816406250000000000E-0002  0.870056494511586616800702331296776776        0.129943505488413383199297668703223248         0.00000000000000000000000000000000000        0.683022559859958444886526535977552353        0.167811590859605266884724425470909642        0.129098359310438402074632433326122454         278.311176733591166694393935160429533        0.300000011920928955078125000000000000        -1.00000000000000000000000000000000000         4.50000000000000000000000000000000000         50.0000000000000000000000000000000000        0.890874693850083378824560228161667246        0.890874693850083378824560228161667246        0.890874693850083378824560228161667246        0.890874693850083378824560228161667246        0.890874693850083378824560228161667246         0.00000000000000000000000000000000000         0.00000000000000000000000000000000000         94.4357542756351901496805368781816972         1856.73465382767863319923129713380032      
  0.560716993820558519630662000117957924         0.00000000000000000000000000000000000         0.00000000000000000000000000000000000         1.00000000000000000000000000000000000         0.00000000000000000000000000000000000        0.724999999999999999999999999999999981        0.275000000000000000000000000000000019        0.512000024318695068359375000000000000        0.425000011920928955078125000000000000         6.30000010132789611816406250000000000E-0002  0.870056494511586616800702331296776776        0.129943505488413383199297668703223248         0.00000000000000000000000000000000000        0.683022559859958444886526535977552353        0.167811590859605266884724425470909642        0.129098359310438402074632433326122454         278.311176733591166694393935160429533        0.300000011920928955078125000000000000        -1.00000000000000000000000000000000000         4.50000000000000000000000000000000000         50.0000000000000000000000000000000000        0.903091490551318510888889961281621473        0.903091490551318510888889961281621473        0.903091490551318510888889961281621473        0.903091490551318510888889961281621473        0.903091490551318510888889961281621473         0.00000000000000000000000000000000000         0.00000000000000000000000000000000000         98.1539810633049225158945458976855092         1872.25232711496370823372574512680111      
  0.587278661318961641324294675315294360         0.00000000000000000000000000000000000         0.00000000000000000000000000000000000         1.00000000000000000000000000000000000         0.00000000000000000000000000000000000        0.724999999999999999999999999999999981        0.275000000000000000000000000000000019        0.512000024318695068359375000000000000        0.425000011920928955078125000000000000         6.30000010132789611816406250000000000E-0002  0.870056494511586616800702331296776776        0.129943505488413383199297668703223248         0.00000000000000000000000000000000000        0.683022559859958444886526535977552353        0.167811590859605266884724425470909642        0.129098359310438402074632433326122454         278.311176733591166694393935160429533        0.300000011920928955078125000000000000        -1.00000000000000000000000000000000000         4.50000000000000000000000000000000000         50.0000000000000000000000000000000000        0.915467801014418249580604692345773335        0.915467801014418249580604692345773335        0.915467801014418249580604692345773335        0.915467801014418249580604692345773335        0.915467801014418249580604692345773335         0.00000000000000000000000000000000000         0.00000000000000000000000000000000000         102.034600341774582444454261068978339         1888.15245761639945886382445416213790      
  0.615098578858064451529164264953569834         0.00000000000000000000000000000000000         0.00000000000000000000000000000000000         1.00000000000000000000000000000000000         0.00000000000000000000000000000000000        0.724999999999999999999999999999999981        0.275000000000000000000000000000000019        0.512000024318695068359375000000000000        0.425000011920928955078125000000000000         6.30000010132789611816406250000000000E-0002  0.870056494511586616800702331296776776        0.129943505488413383199297668703223248         0.00000000000000000000000000000000000        0.683022559859958444886526535977552353        0.167811590859605266884724425470909642        0.129098359310438402074632433326122454         278.311176733591166694393935160429533        0.300000011920928955078125000000000000        -1.00000000000000000000000000000000000         4.50000000000000000000000000000000000         50.0000000000000000000000000000000000        0.928004652200612606413688819751150840        0.928004652200612606413688819751150840        0.928004652200612606413688819751150840        0.928004652200612606413688819751150840        0.928004652200612606413688819751150840         0.00000000000000000000000000000000000         0.00000000000000000000000000000000000         106.079201815634345992963586263298709         1904.42394976273961986404865592128052      
  0.644236350872152408747567964251532425         0.00000000000000000000000000000000000         0.00000000000000000000000000000000000         1.00000000000000000000000000000000000         0.00000000000000000000000000000000000        0.724999999999999999999999999999999981        0.275000000000000000000000000000000019        0.512000024318695068359375000000000000        0.425000011920928955078125000000000000         6.30000010132789611816406250000000000E-0002  0.870056494511586616800702331296776776        0.129943505488413383199297668703223248         0.00000000000000000000000000000000000        0.683022559859958444886526535977552353        0.167811590859605266884724425470909642        0.129098359310438402074632433326122454         278.311176733591166694393935160429533        0.300000011920928955078125000000000000        -1.00000000000000000000000000000000000         4.50000000000000000000000000000000000         50.0000000000000000000000000000000000        0.940703399513923014336474538566430947        0.940703399513923014336474538566430947        0.940703399513923014336474538566430947        0.940703399513923014336474538566430947        0.940703399513923014336474538566430947         0.00000000000000000000000000000000000         0.00000000000000000000000000000000000         110.295955828963920662552631816403966         1921.07713948604221107539274366139126      
  0.674754405311085438667667359428963781         0.00000000000000000000000000000000000         0.00000000000000000000000000000000000         1.00000000000000000000000000000000000         0.00000000000000000000000000000000000        0.724999999999999999999999999999999981        0.275000000000000000000000000000000019        0.512000024318695068359375000000000000        0.425000011920928955078125000000000000         6.30000010132789611816406250000000000E-0002  0.870056494511586616800702331296776776        0.129943505488413383199297668703223248         0.00000000000000000000000000000000000        0.683022559859958444886526535977552353        0.167811590859605266884724425470909642        0.129098359310438402074632433326122454         278.311176733591166694393935160429533        0.300000011920928955078125000000000000        -1.00000000000000000000000000000000000         4.50000000000000000000000000000000000         50.0000000000000000000000000000000000        0.953564031105339786851611960855962791        0.953564031105339786851611960855962791        0.953564031105339786851611960855962791        0.953564031105339786851611960855962791        0.953564031105339786851611960855962791         0.00000000000000000000000000000000000         0.00000000000000000000000000000000000         114.693037808434019540965760915528126         1938.11747179528755125373608821987890      
  0.706718127392766099165833109055340844         0.00000000000000000000000000000000000         0.00000000000000000000000000000000000         1.00000000000000000000000000000000000         0.00000000000000000000000000000000000        0.724999999999999999999999999999999981        0.275000000000000000000000000000000019        0.512000024318695068359375000000000000        0.425000011920928955078125000000000000         6.30000010132789611816406250000000000E-0002  0.870056494511586616800702331296776776        0.129943505488413383199297668703223248         0.00000000000000000000000000000000000        0.683022559859958444886526535977552353        0.167811590859605266884724425470909642        0.129098359310438402074632433326122454         278.311176733591166694393935160429533        0.300000011920928955078125000000000000        -1.00000000000000000000000000000000000         4.50000000000000000000000000000000000         50.0000000000000000000000000000000000        0.966591408170699252107348153983724138        0.966591408170699252107348153983724138        0.966591408170699252107348153983724138        0.966591408170699252107348153983724138        0.966591408170699252107348153983724138         0.00000000000000000000000000000000000         0.00000000000000000000000000000000000         119.296323286399781024778802841306264         1955.56965296991878513374596584212782      
  0.740195999691582266577873530475029904         0.00000000000000000000000000000000000         0.00000000000000000000000000000000000         1.00000000000000000000000000000000000         0.00000000000000000000000000000000000        0.724999999999999999999999999999999981        0.275000000000000000000000000000000019        0.512000024318695068359375000000000000        0.425000011920928955078125000000000000         6.30000010132789611816406250000000000E-0002  0.870056494511586616800702331296776776        0.129943505488413383199297668703223248         0.00000000000000000000000000000000000        0.683022559859958444886526535977552353        0.167811590859605266884724425470909642        0.129098359310438402074632433326122454         278.311176733591166694393935160429533        0.300000011920928955078125000000000000        -1.00000000000000000000000000000000000         4.50000000000000000000000000000000000         50.0000000000000000000000000000000000        0.979711875828629621297593317917519552        0.979711875828629621297593317917519552        0.979711875828629621297593317917519552        0.979711875828629621297593317917519552        0.979711875828629621297593317917519552         0.00000000000000000000000000000000000         0.00000000000000000000000000000000000         124.555746019193991153917495717862342         1974.27926464263787496221237957329662      
  0.775259748862965145759849187317876307         0.00000000000000000000000000000000000         0.00000000000000000000000000000000000         1.00000000000000000000000000000000000         0.00000000000000000000000000000000000        0.724999999999999999999999999999999981        0.275000000000000000000000000000000019        0.512000024318695068359375000000000000        0.425000011920928955078125000000000000         6.30000010132789611816406250000000000E-0002  0.870056494511586616800702331296776776        0.129943505488413383199297668703223248         0.00000000000000000000000000000000000        0.683022559859958444886526535977552353        0.167811590859605266884724425470909642        0.129098359310438402074632433326122454         278.311176733591166694393935160429533        0.300000011920928955078125000000000000        -1.00000000000000000000000000000000000         4.50000000000000000000000000000000000         50.0000000000000000000000000000000000        0.992946359859999321844856627323600366        0.992946359859999321844856627323600366        0.992946359859999321844856627323600366        0.992946359859999321844856627323600366        0.992946359859999321844856627323600366         0.00000000000000000000000000000000000         0.00000000000000000000000000000000000         130.003086201767780950077505159494373         1993.17222350037415350195476527871828      
  0.811984499318421345788851126412103227         0.00000000000000000000000000000000000         0.00000000000000000000000000000000000         1.00000000000000000000000000000000000         0.00000000000000000000000000000000000        0.724999999999999999999999999999999981        0.275000000000000000000000000000000019        0.512000024318695068359375000000000000        0.425000011920928955078125000000000000         6.30000010132789611816406250000000000E-0002  0.870056494511586616800702331296776776        0.129943505488413383199297668703223248         0.00000000000000000000000000000000000        0.683022559859958444886526535977552353        0.167811590859605266884724425470909642        0.129098359310438402074632433326122454         278.311176733591166694393935160429533        0.300000011920928955078125000000000000        -1.00000000000000000000000000000000000         4.50000000000000000000000000000000000         50.0000000000000000000000000000000000         1.00633040839056042650946961786541417         1.00633040839056042650946961786541417         1.00633040839056042650946961786541417         1.00633040839056042650946961786541417         1.00633040839056042650946961786541417         0.00000000000000000000000000000000000         0.00000000000000000000000000000000000         135.581726334991188467307644825780991         2012.13623442304080773395917230983219      
  0.850448934180289219036975673402549010         0.00000000000000000000000000000000000         0.00000000000000000000000000000000000         1.00000000000000000000000000000000000         0.00000000000000000000000000000000000        0.724999999999999999999999999999999981        0.275000000000000000000000000000000019        0.512000024318695068359375000000000000        0.425000011920928955078125000000000000         6.30000010132789611816406250000000000E-0002  0.870056494511586616800702331296776776        0.129943505488413383199297668703223248         0.00000000000000000000000000000000000        0.683022559859958444886526535977552353        0.167811590859605266884724425470909642        0.129098359310438402074632433326122454         278.311176733591166694393935160429533        0.300000011920928955078125000000000000        -1.00000000000000000000000000000000000         4.50000000000000000000000000000000000         50.0000000000000000000000000000000000         1.01978469003981039268900369992232170         1.01978469003981039268900369992232170         1.01978469003981039268900369992232170         1.01978469003981039268900369992232170         1.01978469003981039268900369992232170         0.00000000000000000000000000000000000         0.00000000000000000000000000000000000         141.588186921793843424261065298930425         2031.83421816581234732539850254500193      
  0.890735463861066538871678342365989236         0.00000000000000000000000000000000000         0.00000000000000000000000000000000000         1.00000000000000000000000000000000000         0.00000000000000000000000000000000000        0.724999999999999999999999999999999981        0.275000000000000000000000000000000019        0.512000024318695068359375000000000000        0.425000011920928955078125000000000000         6.30000010132789611816406250000000000E-0002  0.870056494511586616800702331296776776        0.129943505488413383199297668703223248         0.00000000000000000000000000000000000        0.683022559859958444886526535977552353        0.167811590859605266884724425470909642        0.129098359310438402074632433326122454         278.311176733591166694393935160429533        0.300000011920928955078125000000000000        -1.00000000000000000000000000000000000         4.50000000000000000000000000000000000         50.0000000000000000000000000000000000         1.03343434794086140521125465733296202         1.03343434794086140521125465733296202         1.03343434794086140521125465733296202         1.03343434794086140521125465733296202         1.03343434794086140521125465733296202         0.00000000000000000000000000000000000         0.00000000000000000000000000000000000         147.734964696742691055888936045469191         2051.62567786602209109584990949153320      
  0.932930402628492306849122631846463221         0.00000000000000000000000000000000000         0.00000000000000000000000000000000000         1.00000000000000000000000000000000000         0.00000000000000000000000000000000000        0.724999999999999999999999999999999981        0.275000000000000000000000000000000019        0.512000024318695068359375000000000000        0.425000011920928955078125000000000000         6.30000010132789611816406250000000000E-0002  0.870056494511586616800702331296776776        0.129943505488413383199297668703223248         0.00000000000000000000000000000000000        0.683022559859958444886526535977552353        0.167811590859605266884724425470909642        0.129098359310438402074632433326122454         278.311176733591166694393935160429533        0.300000011920928955078125000000000000        -1.00000000000000000000000000000000000         4.50000000000000000000000000000000000         50.0000000000000000000000000000000000         1.04722847761969300270881844919064477         1.04722847761969300270881844919064477         1.04722847761969300270881844919064477         1.04722847761969300270881844919064477         1.04722847761969300270881844919064477         0.00000000000000000000000000000000000         0.00000000000000000000000000000000000         154.141562121144869549792281866441577         2071.75634433011931243644795087097849      
  0.977124153534675033397991232687960264         0.00000000000000000000000000000000000         0.00000000000000000000000000000000000         1.00000000000000000000000000000000000         0.00000000000000000000000000000000000        0.724999999999999999999999999999999981        0.275000000000000000000000000000000019        0.512000024318695068359375000000000000        0.425000011920928955078125000000000000         6.30000010132789611816406250000000000E-0002  0.870056494511586616800702331296776776        0.129943505488413383199297668703223248         0.00000000000000000000000000000000000        0.683022559859958444886526535977552353        0.167811590859605266884724425470909642        0.129098359310438402074632433326122454         278.311176733591166694393935160429533        0.300000011920928955078125000000000000        -1.00000000000000000000000000000000000         4.50000000000000000000000000000000000         50.0000000000000000000000000000000000         1.06117928244602083469036178652449963         1.06117928244602083469036178652449963         1.06117928244602083469036178652449963         1.06117928244602083469036178652449963         1.06117928244602083469036178652449963         0.00000000000000000000000000000000000         0.00000000000000000000000000000000000         160.839876809884385506389472810029124         2092.26584609734540836727906838927804      
   1.02341140210547988401757228923722065         0.00000000000000000000000000000000000         0.00000000000000000000000000000000000         1.00000000000000000000000000000000000         0.00000000000000000000000000000000000        0.724999999999999999999999999999999981        0.275000000000000000000000000000000019        0.512000024318695068359375000000000000        0.425000011920928955078125000000000000         6.30000010132789611816406250000000000E-0002  0.870056494511586616800702331296776776        0.129943505488413383199297668703223248         0.00000000000000000000000000000000000        0.683022559859958444886526535977552353        0.167811590859605266884724425470909642        0.129098359310438402074632433326122454         278.311176733591166694393935160429533        0.300000011920928955078125000000000000        -1.00000000000000000000000000000000000         4.50000000000000000000000000000000000         50.0000000000000000000000000000000000         1.07528604411366611655453486744186911         1.07528604411366611655453486744186911         1.07528604411366611655453486744186911         1.07528604411366611655453486744186911         1.07528604411366611655453486744186911         0.00000000000000000000000000000000000         0.00000000000000000000000000000000000         167.826463855220813647308345541068932         2113.14572217986925876364567908131681      
   1.07189131920515601980676290596541418         0.00000000000000000000000000000000000         0.00000000000000000000000000000000000         1.00000000000000000000000000000000000         0.00000000000000000000000000000000000        0.724999999999999999999999999999999981        0.275000000000000000000000000000000019        0.512000024318695068359375000000000000        0.425000011920928955078125000000000000         6.30000010132789611816406250000000000E-0002  0.870056494511586616800702331296776776        0.129943505488413383199297668703223248         0.00000000000000000000000000000000000        0.683022559859958444886526535977552353        0.167811590859605266884724425470909642        0.129098359310438402074632433326122454         278.311176733591166694393935160429533        0.300000011920928955078125000000000000        -1.00000000000000000000000000000000000         4.50000000000000000000000000000000000         50.0000000000000000000000000000000000         1.08954726680359606401747993316457481         1.08954726680359606401747993316457481         1.08954726680359606401747993316457481         1.08954726680359606401747993316457481         1.08954726680359606401747993316457481         0.00000000000000000000000000000000000         0.00000000000000000000000000000000000         175.111008144489501443782159239174051         2134.39750978399195148659038840935057      
   1.12266777351084349932308213365971722         0.00000000000000000000000000000000000         0.00000000000000000000000000000000000         1.00000000000000000000000000000000000         0.00000000000000000000000000000000000        0.724999999999999999999999999999999981        0.275000000000000000000000000000000019        0.512000024318695068359375000000000000        0.425000011920928955078125000000000000         6.30000010132789611816406250000000000E-0002  0.870056494511586616800702331296776776        0.129943505488413383199297668703223248         0.00000000000000000000000000000000000        0.683022559859958444886526535977552353        0.167811590859605266884724425470909642        0.129098359310438402074632433326122454         278.311176733591166694393935160429533        0.300000011920928955078125000000000000        -1.00000000000000000000000000000000000         4.50000000000000000000000000000000000         50.0000000000000000000000000000000000         1.10396286058499585320173275620409860         1.10396286058499585320173275620409860         1.10396286058499585320173275620409860         1.10396286058499585320173275620409860         1.10396286058499585320173275620409860         0.00000000000000000000000000000000000         0.00000000000000000000000000000000000         182.724833761890709059759947599442162         2156.03866210509899417404915989573351      
   1.17584955405218836587405952039268318         0.00000000000000000000000000000000000         0.00000000000000000000000000000000000         1.00000000000000000000000000000000000         0.00000000000000000000000000000000000        0.724999999999999999999999999999999981        0.275000000000000000000000000000000019        0.512000024318695068359375000000000000        0.425000011920928955078125000000000000         6.30000010132789611816406250000000000E-0002  0.870056494511586616800702331296776776        0.129943505488413383199297668703223248         0.00000000000000000000000000000000000        0.683022559859958444886526535977552353        0.167811590859605266884724425470909642        0.129098359310438402074632433326122454         278.311176733591166694393935160429533        0.300000011920928955078125000000000000        -1.00000000000000000000000000000000000         4.50000000000000000000000000000000000         50.0000000000000000000000000000000000         1.11858172797998505712755685790662997         1.11858172797998505712755685790662997         1.11858172797998505712755685790662997         1.11858172797998505712755685790662997         1.11858172797998505712755685790662997         0.00000000000000000000000000000000000         0.00000000000000000000000000000000000         190.673771397773989548556093588272317         2178.09152998270213294901737899278929      
   1.23155060329285913304393922610526752         0.00000000000000000000000000000000000         0.00000000000000000000000000000000000         1.00000000000000000000000000000000000         0.00000000000000000000000000000000000        0.724999999999999999999999999999999981        0.275000000000000000000000000000000019        0.512000024318695068359375000000000000        0.425000011920928955078125000000000000         6.30000010132789611816406250000000000E-0002  0.870056494511586616800702331296776776        0.129943505488413383199297668703223248         0.00000000000000000000000000000000000        0.683022559859958444886526535977552353        0.167811590859605266884724425470909642        0.129098359310438402074632433326122454         278.311176733591166694393935160429533        0.300000011920928955078125000000000000        -1.00000000000000000000000000000000000         4.50000000000000000000000000000000000         50.0000000000000000000000000000000000         1.13328320226945884995648060379827094         1.13328320226945884995648060379827094         1.13328320226945884995648060379827094         1.13328320226945884995648060379827094         1.13328320226945884995648060379827094         0.00000000000000000000000000000000000         0.00000000000000000000000000000000000         198.850814291367495964624186681729022         2200.14604005450030075255800452342053      
   1.28989026125334400389008600428654072         0.00000000000000000000000000000000000         0.00000000000000000000000000000000000         1.00000000000000000000000000000000000         0.00000000000000000000000000000000000        0.724999999999999999999999999999999981        0.275000000000000000000000000000000019        0.512000024318695068359375000000000000        0.425000011920928955078125000000000000         6.30000010132789611816406250000000000E-0002  0.870056494511586616800702331296776776        0.129943505488413383199297668703223248         0.00000000000000000000000000000000000        0.683022559859958444886526535977552353        0.167811590859605266884724425470909642        0.129098359310438402074632433326122454         278.311176733591166694393935160429533        0.300000011920928955078125000000000000        -1.00000000000000000000000000000000000         4.50000000000000000000000000000000000         50.0000000000000000000000000000000000         1.14819145590091640230009944824709716         1.14819145590091640230009944824709716         1.14819145590091640230009944824709716         1.14819145590091640230009944824709716         1.14819145590091640230009944824709716         0.00000000000000000000000000000000000         0.00000000000000000000000000000000000         207.700377586834178984196762441247367         2223.43360331820347609932331389501751      
   1.35099352119806420678539952158028216         0.00000000000000000000000000000000000         0.00000000000000000000000000000000000         1.00000000000000000000000000000000000         0.00000000000000000000000000000000000        0.724999999999999999999999999999999981        0.275000000000000000000000000000000019        0.512000024318695068359375000000000000        0.425000011920928955078125000000000000         6.30000010132789611816406250000000000E-0002  0.870056494511586616800702331296776776        0.129943505488413383199297668703223248         0.00000000000000000000000000000000000        0.683022559859958444886526535977552353        0.167811590859605266884724425470909642        0.129098359310438402074632433326122454         278.311176733591166694393935160429533        0.300000011920928955078125000000000000        -1.00000000000000000000000000000000000         4.50000000000000000000000000000000000         50.0000000000000000000000000000000000         1.16328641306215162218953214886691704         1.16328641306215162218953214886691704         1.16328641306215162218953214886691704         1.16328641306215162218953214886691704         1.16328641306215162218953214886691704         0.00000000000000000000000000000000000         0.00000000000000000000000000000000000         216.836604829740949380897764037993502         2246.86522802395815468402591784931886      
   1.41499129743461548663919584700832116         0.00000000000000000000000000000000000         0.00000000000000000000000000000000000         1.00000000000000000000000000000000000         0.00000000000000000000000000000000000        0.724999999999999999999999999999999981        0.275000000000000000000000000000000019        0.512000024318695068359375000000000000        0.425000011920928955078125000000000000         6.30000010132789611816406250000000000E-0002  0.870056494511586616800702331296776776        0.129943505488413383199297668703223248         0.00000000000000000000000000000000000        0.683022559859958444886526535977552353        0.167811590859605266884724425470909642        0.129098359310438402074632433326122454         278.311176733591166694393935160429533        0.300000011920928955078125000000000000        -1.00000000000000000000000000000000000         4.50000000000000000000000000000000000         50.0000000000000000000000000000000000         1.17853343206995101179403675298334106         1.17853343206995101179403675298334106         1.17853343206995101179403675298334106         1.17853343206995101179403675298334106         1.17853343206995101179403675298334106         0.00000000000000000000000000000000000         0.00000000000000000000000000000000000         226.301600931816288641346942265396337         2270.62027398945664097279951142604708      
   1.48202070579890013841676841137265918         0.00000000000000000000000000000000000         0.00000000000000000000000000000000000         1.00000000000000000000000000000000000         0.00000000000000000000000000000000000        0.724999999999999999999999999999999981        0.275000000000000000000000000000000019        0.512000024318695068359375000000000000        0.425000011920928955078125000000000000         6.30000010132789611816406250000000000E-0002  0.870056494511586616800702331296776776        0.129943505488413383199297668703223248         0.00000000000000000000000000000000000        0.683022559859958444886526535977552353        0.167811590859605266884724425470909642        0.129098359310438402074632433326122454         278.311176733591166694393935160429533        0.300000011920928955078125000000000000        -1.00000000000000000000000000000000000         4.50000000000000000000000000000000000         50.0000000000000000000000000000000000         1.19392959345137658731095163196804049         1.19392959345137658731095163196804049         1.19392959345137658731095163196804049         1.19392959345137658731095163196804049         1.19392959345137658731095163196804049         0.00000000000000000000000000000000000         0.00000000000000000000000000000000000         236.368300260882304555061174927501101         2294.95804746592434084184421558510648      
   1.55222535742709160936160846888458776         0.00000000000000000000000000000000000         0.00000000000000000000000000000000000         1.00000000000000000000000000000000000         0.00000000000000000000000000000000000        0.724999999999999999999999999999999981        0.275000000000000000000000000000000019        0.512000024318695068359375000000000000        0.425000011920928955078125000000000000         6.30000010132789611816406250000000000E-0002  0.870056494511586616800702331296776776        0.129943505488413383199297668703223248         0.00000000000000000000000000000000000        0.683022559859958444886526535977552353        0.167811590859605266884724425470909642        0.129098359310438402074632433326122454         278.311176733591166694393935160429533        0.300000011920928955078125000000000000        -1.00000000000000000000000000000000000         4.50000000000000000000000000000000000         50.0000000000000000000000000000000000         1.20950468639726211653214131958894507         1.20950468639726211653214131958894507         1.20950468639726211653214131958894507         1.20950468639726211653214131958894507         1.20950468639726211653214131958894507         0.00000000000000000000000000000000000         0.00000000000000000000000000000000000         246.815328191786314883882489660288709         2319.73584607288193005667555075431175      
   1.62575566644384085973659301860212051         0.00000000000000000000000000000000000         0.00000000000000000000000000000000000         1.00000000000000000000000000000000000         0.00000000000000000000000000000000000        0.724999999999999999999999999999999981        0.275000000000000000000000000000000019        0.512000024318695068359375000000000000        0.425000011920928955078125000000000000         6.30000010132789611816406250000000000E-0002  0.870056494511586616800702331296776776        0.129943505488413383199297668703223248         0.00000000000000000000000000000000000        0.683022559859958444886526535977552353        0.167811590859605266884724425470909642        0.129098359310438402074632433326122454         278.311176733591166694393935160429533        0.300000011920928955078125000000000000        -1.00000000000000000000000000000000000         4.50000000000000000000000000000000000         50.0000000000000000000000000000000000         1.22525098880718525336015820082187274         1.22525098880718525336015820082187274         1.22525098880718525336015820082187274         1.22525098880718525336015820082187274         1.22525098880718525336015820082187274         0.00000000000000000000000000000000000         0.00000000000000000000000000000000000         257.800149855930996697620134980866461         2344.97834706877824952331696521686967      
   1.70276917222594935040597643772334275         0.00000000000000000000000000000000000         0.00000000000000000000000000000000000         1.00000000000000000000000000000000000         0.00000000000000000000000000000000000        0.724999999999999999999999999999999981        0.275000000000000000000000000000000019        0.512000024318695068359375000000000000        0.425000011920928955078125000000000000         6.30000010132789611816406250000000000E-0002  0.870056494511586616800702331296776776        0.129943505488413383199297668703223248         0.00000000000000000000000000000000000        0.683022559859958444886526535977552353        0.167811590859605266884724425470909642        0.129098359310438402074632433326122454         278.311176733591166694393935160429533        0.300000011920928955078125000000000000        -1.00000000000000000000000000000000000         4.50000000000000000000000000000000000         50.0000000000000000000000000000000000         1.24115593874608703732982251798781573         1.24115593874608703732982251798781573         1.24115593874608703732982251798781573         1.24115593874608703732982251798781573         1.24115593874608703732982251798781573         0.00000000000000000000000000000000000         0.00000000000000000000000000000000000         269.121138173608325473693396948820876         2370.34354754474448176510831463615508      
   1.78343087693196159954962751479630605         0.00000000000000000000000000000000000         0.00000000000000000000000000000000000         1.00000000000000000000000000000000000         0.00000000000000000000000000000000000        0.724999999999999999999999999999999981        0.275000000000000000000000000000000019        0.512000024318695068359375000000000000        0.425000011920928955078125000000000000         6.30000010132789611816406250000000000E-0002  0.870056494511586616800702331296776776        0.129943505488413383199297668703223248         0.00000000000000000000000000000000000        0.683022559859958444886526535977552353        0.167811590859605266884724425470909642        0.129098359310438402074632433326122454         278.311176733591166694393935160429533        0.300000011920928955078125000000000000        -1.00000000000000000000000000000000000         4.50000000000000000000000000000000000         50.0000000000000000000000000000000000         1.25712765642033490039553787134244829         1.25712765642033490039553787134244829         1.25712765642033490039553787134244829         1.25712765642033490039553787134244829         1.25712765642033490039553787134244829         0.00000000000000000000000000000000000         0.00000000000000000000000000000000000         281.353255167297319135628835529231599         2397.01636191315610043057064069520797      
   1.86791359902083762667604333648365787         0.00000000000000000000000000000000000         0.00000000000000000000000000000000000         1.00000000000000000000000000000000000         0.00000000000000000000000000000000000        0.724999999999999999999999999999999981        0.275000000000000000000000000000000019        0.512000024318695068359375000000000000        0.425000011920928955078125000000000000         6.30000010132789611816406250000000000E-0002  0.870056494511586616800702331296776776        0.129943505488413383199297668703223248         0.00000000000000000000000000000000000        0.683022559859958444886526535977552353        0.167811590859605266884724425470909642        0.129098359310438402074632433326122454         278.311176733591166694393935160429533        0.300000011920928955078125000000000000        -1.00000000000000000000000000000000000         4.50000000000000000000000000000000000         50.0000000000000000000000000000000000         1.27349053762508632088380929672772064         1.27349053762508632088380929672772064         1.27349053762508632088380929672772064         1.27349053762508632088380929672772064         1.27349053762508632088380929672772064         0.00000000000000000000000000000000000         0.00000000000000000000000000000000000         293.681913983056946398834736452537269         2423.15768161678184771379998996344324      
   1.95639834351712235574086149449056598         0.00000000000000000000000000000000000         0.00000000000000000000000000000000000         1.00000000000000000000000000000000000         0.00000000000000000000000000000000000        0.724999999999999999999999999999999981        0.275000000000000000000000000000000019        0.512000024318695068359375000000000000        0.425000011920928955078125000000000000         6.30000010132789611816406250000000000E-0002  0.870056494511586616800702331296776776        0.129943505488413383199297668703223248         0.00000000000000000000000000000000000        0.683022559859958444886526535977552353        0.167811590859605266884724425470909642        0.129098359310438402074632433326122454         278.311176733591166694393935160429533        0.300000011920928955078125000000000000        -1.00000000000000000000000000000000000         4.50000000000000000000000000000000000         50.0000000000000000000000000000000000         1.28992160957611907347958187882046911         1.28992160957611907347958187882046911         1.28992160957611907347958187882046911         1.28992160957611907347958187882046911         1.28992160957611907347958187882046911         0.00000000000000000000000000000000000         0.00000000000000000000000000000000000         307.254160026634257337483747918335537         2451.15366675297177450049122466907404      
   2.04907468981590857599889354382844297         0.00000000000000000000000000000000000         0.00000000000000000000000000000000000         1.00000000000000000000000000000000000         0.00000000000000000000000000000000000        0.724999999999999999999999999999999981        0.275000000000000000000000000000000019        0.512000024318695068359375000000000000        0.425000011920928955078125000000000000         6.30000010132789611816406250000000000E-0002  0.870056494511586616800702331296776776        0.129943505488413383199297668703223248         0.00000000000000000000000000000000000        0.683022559859958444886526535977552353        0.167811590859605266884724425470909642        0.129098359310438402074632433326122454         278.311176733591166694393935160429533        0.300000011920928955078125000000000000        -1.00000000000000000000000000000000000         4.50000000000000000000000000000000000         50.0000000000000000000000000000000000         1.30652489488722541575235149055143895         1.30652489488722541575235149055143895         1.30652489488722541575235149055143895         1.30652489488722541575235149055143895         1.30652489488722541575235149055143895         0.00000000000000000000000000000000000         0.00000000000000000000000000000000000         321.174452167885953137433381154413193         2479.03186768099112823347407443590279      
   2.14614119785846923144288932206752821         0.00000000000000000000000000000000000         0.00000000000000000000000000000000000         1.00000000000000000000000000000000000         0.00000000000000000000000000000000000        0.724999999999999999999999999999999981        0.275000000000000000000000000000000019        0.512000024318695068359375000000000000        0.425000011920928955078125000000000000         6.30000010132789611816406250000000000E-0002  0.870056494511586616800702331296776776        0.129943505488413383199297668703223248         0.00000000000000000000000000000000000        0.683022559859958444886526535977552353        0.167811590859605266884724425470909642        0.129098359310438402074632433326122454         278.311176733591166694393935160429533        0.300000011920928955078125000000000000        -1.00000000000000000000000000000000000         4.50000000000000000000000000000000000         50.0000000000000000000000000000000000         1.32327872495756348350242901215209647         1.32327872495756348350242901215209647         1.32327872495756348350242901215209647         1.32327872495756348350242901215209647         1.32327872495756348350242901215209647         0.00000000000000000000000000000000000         0.00000000000000000000000000000000000         335.800111747249667110502944728839751         2507.50512179058681232335294464699224      
   2.24780583354879414104030832593962274         0.00000000000000000000000000000000000         0.00000000000000000000000000000000000         1.00000000000000000000000000000000000         0.00000000000000000000000000000000000        0.724999999999999999999999999999999981        0.275000000000000000000000000000000019        0.512000024318695068359375000000000000        0.425000011920928955078125000000000000         6.30000010132789611816406250000000000E-0002  0.870056494511586616800702331296776776        0.129943505488413383199297668703223248         0.00000000000000000000000000000000000        0.683022559859958444886526535977552353        0.167811590859605266884724425470909642        0.129098359310438402074632433326122454         278.311176733591166694393935160429533        0.300000011920928955078125000000000000        -1.00000000000000000000000000000000000         4.50000000000000000000000000000000000         50.0000000000000000000000000000000000         1.34021100444375871867173273624373291         1.34021100444375871867173273624373291         1.34021100444375871867173273624373291         1.34021100444375871867173273624373291         1.34021100444375871867173273624373291         0.00000000000000000000000000000000000         0.00000000000000000000000000000000000         351.180676516284115137150078493861767         2536.60576952022453061875804160203339      
   2.35428641432249007020695607335824657         0.00000000000000000000000000000000000         0.00000000000000000000000000000000000         1.00000000000000000000000000000000000         0.00000000000000000000000000000000000        0.724999999999999999999999999999999981        0.275000000000000000000000000000000019        0.512000024318695068359375000000000000        0.425000011920928955078125000000000000         6.30000010132789611816406250000000000E-0002  0.870056494511586616800702331296776776        0.129943505488413383199297668703223248         0.00000000000000000000000000000000000        0.683022559859958444886526535977552353        0.167811590859605266884724425470909642        0.129098359310438402074632433326122454         278.311176733591166694393935160429533        0.300000011920928955078125000000000000        -1.00000000000000000000000000000000000         4.50000000000000000000000000000000000         50.0000000000000000000000000000000000         1.35730001456975247294155980332402845         1.35730001456975247294155980332402845         1.35730001456975247294155980332402845         1.35730001456975247294155980332402845         1.35730001456975247294155980332402845         0.00000000000000000000000000000000000         0.00000000000000000000000000000000000         367.335313565755219758136297291355522         2566.26010460506454359511573623286159      
   2.46581107582267970147068279155487439         0.00000000000000000000000000000000000         0.00000000000000000000000000000000000         1.00000000000000000000000000000000000         0.00000000000000000000000000000000000        0.724999999999999999999999999999999981        0.275000000000000000000000000000000019        0.512000024318695068359375000000000000        0.425000011920928955078125000000000000         6.30000010132789611816406250000000000E-0002  0.870056494511586616800702331296776776        0.129943505488413383199297668703223248         0.00000000000000000000000000000000000        0.683022559859958444886526535977552353        0.167811590859605266884724425470909642        0.129098359310438402074632433326122454         278.311176733591166694393935160429533        0.300000011920928955078125000000000000        -1.00000000000000000000000000000000000         4.50000000000000000000000000000000000         50.0000000000000000000000000000000000         1.37455328378484049978485942768976217         1.37455328378484049978485942768976217         1.37455328378484049978485942768976217         1.37455328378484049978485942768976217         1.37455328378484049978485942768976217         0.00000000000000000000000000000000000         0.00000000000000000000000000000000000         384.305764119623407670450685085552166         2596.52159674657961539166060018890665      
   2.58261876068275699540889612963339913         0.00000000000000000000000000000000000         0.00000000000000000000000000000000000         1.00000000000000000000000000000000000         0.00000000000000000000000000000000000        0.724999999999999999999999999999999981        0.275000000000000000000000000000000019        0.512000024318695068359375000000000000        0.425000011920928955078125000000000000         6.30000010132789611816406250000000000E-0002  0.870056494511586616800702331296776776        0.129943505488413383199297668703223248         0.00000000000000000000000000000000000        0.683022559859958444886526535977552353        0.167811590859605266884724425470909642        0.129098359310438402074632433326122454         278.311176733591166694393935160429533        0.300000011920928955078125000000000000        -1.00000000000000000000000000000000000         4.50000000000000000000000000000000000         50.0000000000000000000000000000000000         1.39197923569533986706118806652707815         1.39197923569533986706118806652707815         1.39197923569533986706118806652707815         1.39197923569533986706118806652707815         1.39197923569533986706118806652707815         0.00000000000000000000000000000000000         0.00000000000000000000000000000000000         402.141774087140508366011802724365011         2627.39746172555371833010088001672586      
   2.70495973046322058012775948376762777         0.00000000000000000000000000000000000         0.00000000000000000000000000000000000         1.00000000000000000000000000000000000         0.00000000000000000000000000000000000        0.724999999999999999999999999999999981        0.275000000000000000000000000000000019        0.512000024318695068359375000000000000        0.425000011920928955078125000000000000         6.30000010132789611816406250000000000E-0002  0.870056494511586616800702331296776776        0.129943505488413383199297668703223248         0.00000000000000000000000000000000000        0.683022559859958444886526535977552353        0.167811590859605266884724425470909642        0.129098359310438402074632433326122454         278.311176733591166694393935160429533        0.300000011920928955078125000000000000        -1.00000000000000000000000000000000000         4.50000000000000000000000000000000000         50.0000000000000000000000000000000000         1.40958531921243612755899359453329246         1.40958531921243612755899359453329246         1.40958531921243612755899359453329246         1.40958531921243612755899359453329246         1.40958531921243612755899359453329246         0.00000000000000000000000000000000000         0.00000000000000000000000000000000000         420.901870994232811331281221808208604         2658.88079151415870687161562450187455      
   2.83309610183941463691826271807341983         0.00000000000000000000000000000000000         0.00000000000000000000000000000000000         1.00000000000000000000000000000000000         0.00000000000000000000000000000000000        0.724999999999999999999999999999999981        0.275000000000000000000000000000000019        0.512000024318695068359375000000000000        0.425000011920928955078125000000000000         6.30000010132789611816406250000000000E-0002  0.870056494511586616800702331296776776        0.129943505488413383199297668703223248         0.00000000000000000000000000000000000        0.683022559859958444886526535977552353        0.167811590859605266884724425470909642        0.129098359310438402074632433326122454         278.311176733591166694393935160429533        0.300000011920928955078125000000000000        -1.00000000000000000000000000000000000         4.50000000000000000000000000000000000         50.0000000000000000000000000000000000         1.42734861478316618560205947702431429         1.42734861478316618560205947702431429         1.42734861478316618560205947702431429         1.42734861478316618560205947702431429         1.42734861478316618560205947702431429         0.00000000000000000000000000000000000         0.00000000000000000000000000000000000         440.613539362581877237969588068370555         2691.04446295112679683152567245662609      
   2.96730240818896454651461614421851563         0.00000000000000000000000000000000000         0.00000000000000000000000000000000000         1.00000000000000000000000000000000000         0.00000000000000000000000000000000000        0.724999999999999999999999999999999981        0.275000000000000000000000000000000019        0.512000024318695068359375000000000000        0.425000011920928955078125000000000000         6.30000010132789611816406250000000000E-0002  0.870056494511586616800702331296776776        0.129943505488413383199297668703223248         0.00000000000000000000000000000000000        0.683022559859958444886526535977552353        0.167811590859605266884724425470909642        0.129098359310438402074632433326122454         278.311176733591166694393935160429533        0.300000011920928955078125000000000000        -1.00000000000000000000000000000000000         4.50000000000000000000000000000000000         50.0000000000000000000000000000000000         1.44527176657276982833176488832810879         1.44527176657276982833176488832810879         1.44527176657276982833176488832810879         1.44527176657276982833176488832810879         1.44527176657276982833176488832810879         0.00000000000000000000000000000000000         0.00000000000000000000000000000000000         461.917640639725262714290306225185349         2727.54690691932113600644766071734419      
   3.10786618778211364466063213094136699         0.00000000000000000000000000000000000         0.00000000000000000000000000000000000         1.00000000000000000000000000000000000         0.00000000000000000000000000000000000        0.724999999999999999999999999999999981        0.275000000000000000000000000000000019        0.512000024318695068359375000000000000        0.425000011920928955078125000000000000         6.30000010132789611816406250000000000E-0002  0.870056494511586616800702331296776776        0.129943505488413383199297668703223248         0.00000000000000000000000000000000000        0.683022559859958444886526535977552353        0.167811590859605266884724425470909642        0.129098359310438402074632433326122454         278.311176733591166694393935160429533        0.300000011920928955078125000000000000        -1.00000000000000000000000000000000000         4.50000000000000000000000000000000000         50.0000000000000000000000000000000000         1.46326688716478526686928885873961239         1.46326688716478526686928885873961239         1.46326688716478526686928885873961239         1.46326688716478526686928885873961239         1.46326688716478526686928885873961239         0.00000000000000000000000000000000000         0.00000000000000000000000000000000000         484.409787892595251915170412625372602         2765.90273715482151413034407520005251      
   3.25508859983516440085845691551799553         0.00000000000000000000000000000000000         0.00000000000000000000000000000000000         1.00000000000000000000000000000000000         0.00000000000000000000000000000000000        0.724999999999999999999999999999999981        0.275000000000000000000000000000000019        0.512000024318695068359375000000000000        0.425000011920928955078125000000000000         6.30000010132789611816406250000000000E-0002  0.870056494511586616800702331296776776        0.129943505488413383199297668703223248         0.00000000000000000000000000000000000        0.683022559859958444886526535977552353        0.167811590859605266884724425470909642        0.129098359310438402074632433326122454         278.311176733591166694393935160429533        0.300000011920928955078125000000000000        -1.00000000000000000000000000000000000         4.50000000000000000000000000000000000         50.0000000000000000000000000000000000         1.48144270624783524964464220525341380         1.48144270624783524964464220525341380         1.48144270624783524964464220525341380         1.48144270624783524964464220525341380         1.48144270624783524964464220525341380         0.00000000000000000000000000000000000         0.00000000000000000000000000000000000         508.413160350820778977878390179776495         2807.81646460030185633492646593388171      
   3.40928506974692429676371810701270237         0.00000000000000000000000000000000000         0.00000000000000000000000000000000000         1.00000000000000000000000000000000000         0.00000000000000000000000000000000000        0.724999999999999999999999999999999981        0.275000000000000000000000000000000019        0.512000024318695068359375000000000000        0.425000011920928955078125000000000000         6.30000010132789611816406250000000000E-0002  0.870056494511586616800702331296776776        0.129943505488413383199297668703223248         0.00000000000000000000000000000000000        0.683022559859958444886526535977552353        0.167811590859605266884724425470909642        0.129098359310438402074632433326122454         278.311176733591166694393935160429533        0.300000011920928955078125000000000000        -1.00000000000000000000000000000000000         4.50000000000000000000000000000000000         50.0000000000000000000000000000000000         1.49974762810058956303094568351604452         1.49974762810058956303094568351604452         1.49974762810058956303094568351604452         1.49974762810058956303094568351604452         1.49974762810058956303094568351604452         0.00000000000000000000000000000000000         0.00000000000000000000000000000000000         533.146876816115100327930467452036850         2846.93641411952847568180127879089261      
   3.57078596490058154200418219794212579         0.00000000000000000000000000000000000         0.00000000000000000000000000000000000         1.00000000000000000000000000000000000         0.00000000000000000000000000000000000        0.724999999999999999999999999999999981        0.275000000000000000000000000000000019        0.512000024318695068359375000000000000        0.425000011920928955078125000000000000         6.30000010132789611816406250000000000E-0002  0.870056494511586616800702331296776776        0.129943505488413383199297668703223248         0.00000000000000000000000000000000000        0.683022559859958444886526535977552353        0.167811590859605266884724425470909642        0.129098359310438402074632433326122454         278.311176733591166694393935160429533        0.300000011920928955078125000000000000        -1.00000000000000000000000000000000000         4.50000000000000000000000000000000000         50.0000000000000000000000000000000000         1.51819933297847462427829177681536116         1.51819933297847462427829177681536116         1.51819933297847462427829177681536116         1.51819933297847462427829177681536116         1.51819933297847462427829177681536116         0.00000000000000000000000000000000000         0.00000000000000000000000000000000000         559.344332231739435769785471572187371         2887.97485763035359626253489883231108      
   3.73993730247892248533723346676967991         0.00000000000000000000000000000000000         0.00000000000000000000000000000000000         1.00000000000000000000000000000000000         0.00000000000000000000000000000000000        0.724999999999999999999999999999999981        0.275000000000000000000000000000000019        0.512000024318695068359375000000000000        0.425000011920928955078125000000000000         6.30000010132789611816406250000000000E-0002  0.870056494511586616800702331296776776        0.129943505488413383199297668703223248         0.00000000000000000000000000000000000        0.683022559859958444886526535977552353        0.167811590859605266884724425470909642        0.129098359310438402074632433326122454         278.311176733591166694393935160429533        0.300000011920928955078125000000000000        -1.00000000000000000000000000000000000         4.50000000000000000000000000000000000         50.0000000000000000000000000000000000         1.53677961498010425738467413082015552         1.53677961498010425738467413082015552         1.53677961498010425738467413082015552         1.53677961498010425738467413082015552         1.53677961498010425738467413082015552         0.00000000000000000000000000000000000         0.00000000000000000000000000000000000         586.990022845735967617267899293484656         2930.28363540541124709766436366620517      
   3.91710149080939146393706924636129076         0.00000000000000000000000000000000000         0.00000000000000000000000000000000000         1.00000000000000000000000000000000000         0.00000000000000000000000000000000000        0.724999999999999999999999999999999981        0.275000000000000000000000000000000019        0.512000024318695068359375000000000000        0.425000011920928955078125000000000000         6.30000010132789611816406250000000000E-0002  0.870056494511586616800702331296776776        0.129943505488413383199297668703223248         0.00000000000000000000000000000000000        0.683022559859958444886526535977552353        0.167811590859605266884724425470909642        0.129098359310438402074632433326122454         278.311176733591166694393935160429533        0.300000011920928955078125000000000000        -1.00000000000000000000000000000000000         4.50000000000000000000000000000000000         50.0000000000000000000000000000000000         1.55554678942269493414042788491572229         1.55554678942269493414042788491572229         1.55554678942269493414042788491572229         1.55554678942269493414042788491572229         1.55554678942269493414042788491572229         0.00000000000000000000000000000000000         0.00000000000000000000000000000000000         616.143120573872603882857173700966641         2973.67269918031265697349586130608699      
   4.10265810582733183554468384630866708         0.00000000000000000000000000000000000         0.00000000000000000000000000000000000         1.00000000000000000000000000000000000         0.00000000000000000000000000000000000        0.724999999999999999999999999999999981        0.275000000000000000000000000000000019        0.512000024318695068359375000000000000        0.425000011920928955078125000000000000         6.30000010132789611816406250000000000E-0002  0.870056494511586616800702331296776776        0.129943505488413383199297668703223248         0.00000000000000000000000000000000000        0.683022559859958444886526535977552353        0.167811590859605266884724425470909642        0.129098359310438402074632433326122454         278.311176733591166694393935160429533        0.300000011920928955078125000000000000        -1.00000000000000000000000000000000000         4.50000000000000000000000000000000000         50.0000000000000000000000000000000000         1.57446732934603514878651741567277493         1.57446732934603514878651741567277493         1.57446732934603514878651741567277493         1.57446732934603514878651741567277493         1.57446732934603514878651741567277493         0.00000000000000000000000000000000000         0.00000000000000000000000000000000000         646.745320391987280455234448677981757         3017.38805386774308164083542296309527      
   4.29700470432098797081550436783669861         0.00000000000000000000000000000000000         0.00000000000000000000000000000000000         1.00000000000000000000000000000000000         0.00000000000000000000000000000000000        0.724999999999999999999999999999999981        0.275000000000000000000000000000000019        0.512000024318695068359375000000000000        0.425000011920928955078125000000000000         6.30000010132789611816406250000000000E-0002  0.870056494511586616800702331296776776        0.129943505488413383199297668703223248         0.00000000000000000000000000000000000        0.683022559859958444886526535977552353        0.167811590859605266884724425470909642        0.129098359310438402074632433326122454         278.311176733591166694393935160429533        0.300000011920928955078125000000000000        -1.00000000000000000000000000000000000         4.50000000000000000000000000000000000         50.0000000000000000000000000000000000         1.59351364528408270301778610553812696         1.59351364528408270301778610553812696         1.59351364528408270301778610553812696         1.59351364528408270301778610553812696         1.59351364528408270301778610553812696         0.00000000000000000000000000000000000         0.00000000000000000000000000000000000         678.968249624799213768605323733441711         3062.14248754232604759595700052976053      
   4.50055767570065325107907567564988206         0.00000000000000000000000000000000000         0.00000000000000000000000000000000000         1.00000000000000000000000000000000000         0.00000000000000000000000000000000000        0.724999999999999999999999999999999981        0.275000000000000000000000000000000019        0.512000024318695068359375000000000000        0.425000011920928955078125000000000000         6.30000010132789611816406250000000000E-0002  0.870056494511586616800702331296776776        0.129943505488413383199297668703223248         0.00000000000000000000000000000000000        0.683022559859958444886526535977552353        0.167811590859605266884724425470909642        0.129098359310438402074632433326122454         278.311176733591166694393935160429533        0.300000011920928955078125000000000000        -1.00000000000000000000000000000000000         4.50000000000000000000000000000000000         50.0000000000000000000000000000000000         1.61275864609310088688096219698640634         1.61275864609310088688096219698640634         1.61275864609310088688096219698640634         1.61275864609310088688096219698640634         1.61275864609310088688096219698640634         0.00000000000000000000000000000000000         0.00000000000000000000000000000000000         713.050533503864247463966597038603249         3109.43614844935968585177523501886082      
   4.71375313411688746090811432995346639         0.00000000000000000000000000000000000         0.00000000000000000000000000000000000         1.00000000000000000000000000000000000         0.00000000000000000000000000000000000        0.724999999999999999999999999999999981        0.275000000000000000000000000000000019        0.512000024318695068359375000000000000        0.425000011920928955078125000000000000         6.30000010132789611816406250000000000E-0002  0.870056494511586616800702331296776776        0.129943505488413383199297668703223248         0.00000000000000000000000000000000000        0.683022559859958444886526535977552353        0.167811590859605266884724425470909642        0.129098359310438402074632433326122454         278.311176733591166694393935160429533        0.300000011920928955078125000000000000        -1.00000000000000000000000000000000000         4.50000000000000000000000000000000000         50.0000000000000000000000000000000000         1.63210511270376299877372570667120070         1.63210511270376299877372570667120070         1.63210511270376299877372570667120070         1.63210511270376299877372570667120070         1.63210511270376299877372570667120070         0.00000000000000000000000000000000000         0.00000000000000000000000000000000000         748.559233012872850739631186001538334         3153.29919664879645673103274598809287      
   4.93704785283917522455720499133271388         0.00000000000000000000000000000000000         0.00000000000000000000000000000000000         1.00000000000000000000000000000000000         0.00000000000000000000000000000000000        0.724999999999999999999999999999999981        0.275000000000000000000000000000000019        0.512000024318695068359375000000000000        0.425000011920928955078125000000000000         6.30000010132789611816406250000000000E-0002  0.870056494511586616800702331296776776        0.129943505488413383199297668703223248         0.00000000000000000000000000000000000        0.683022559859958444886526535977552353        0.167811590859605266884724425470909642        0.129098359310438402074632433326122454         278.311176733591166694393935160429533        0.300000011920928955078125000000000000        -1.00000000000000000000000000000000000         4.50000000000000000000000000000000000         50.0000000000000000000000000000000000         1.65165596418812149773676589114158336         1.65165596418812149773676589114158336         1.65165596418812149773676589114158336         1.65165596418812149773676589114158336         1.65165596418812149773676589114158336         0.00000000000000000000000000000000000         0.00000000000000000000000000000000000         786.476179107218406774761484495881302         3202.65568901621442478599095481135235      
   5.17092024289694052668163232095138689         0.00000000000000000000000000000000000         0.00000000000000000000000000000000000         1.00000000000000000000000000000000000         0.00000000000000000000000000000000000        0.724999999999999999999999999999999981        0.275000000000000000000000000000000019        0.512000024318695068359375000000000000        0.425000011920928955078125000000000000         6.30000010132789611816406250000000000E-0002  0.870056494511586616800702331296776776        0.129943505488413383199297668703223248         0.00000000000000000000000000000000000        0.683022559859958444886526535977552353        0.167811590859605266884724425470909642        0.129098359310438402074632433326122454         278.311176733591166694393935160429533        0.300000011920928955078125000000000000        -1.00000000000000000000000000000000000         4.50000000000000000000000000000000000         50.0000000000000000000000000000000000         1.67133583048442037192847855562695264         1.67133583048442037192847855562695264         1.67133583048442037192847855562695264         1.67133583048442037192847855562695264         1.67133583048442037192847855562695264         0.00000000000000000000000000000000000         0.00000000000000000000000000000000000         826.293168652561551903650708351066081         3251.00767771869692653079241387085251      
   5.41587137807966487084961468635563235         0.00000000000000000000000000000000000         0.00000000000000000000000000000000000         1.00000000000000000000000000000000000         0.00000000000000000000000000000000000        0.724999999999999999999999999999999981        0.275000000000000000000000000000000019        0.512000024318695068359375000000000000        0.425000011920928955078125000000000000         6.30000010132789611816406250000000000E-0002  0.870056494511586616800702331296776776        0.129943505488413383199297668703223248         0.00000000000000000000000000000000000        0.683022559859958444886526535977552353        0.167811590859605266884724425470909642        0.129098359310438402074632433326122454         278.311176733591166694393935160429533        0.300000011920928955078125000000000000        -1.00000000000000000000000000000000000         4.50000000000000000000000000000000000         50.0000000000000000000000000000000000         1.69115834203384912926785215059250137         1.69115834203384912926785215059250137         1.69115834203384912926785215059250137         1.69115834203384912926785215059250137         1.69115834203384912926785215059250137         0.00000000000000000000000000000000000         0.00000000000000000000000000000000000         868.487000047442140618002106876772933         3302.65778591685785827452798266369029      
   5.67242606849218144376540893055636070         0.00000000000000000000000000000000000         0.00000000000000000000000000000000000         1.00000000000000000000000000000000000         0.00000000000000000000000000000000000        0.724999999999999999999999999999999981        0.275000000000000000000000000000000019        0.512000024318695068359375000000000000        0.425000011920928955078125000000000000         6.30000010132789611816406250000000000E-0002  0.870056494511586616800702331296776776        0.129943505488413383199297668703223248         0.00000000000000000000000000000000000        0.683022559859958444886526535977552353        0.167811590859605266884724425470909642        0.129098359310438402074632433326122454         278.311176733591166694393935160429533        0.300000011920928955078125000000000000        -1.00000000000000000000000000000000000         4.50000000000000000000000000000000000         50.0000000000000000000000000000000000         1.71112815123966672246186807956195199         1.71112815123966672246186807956195199         1.71112815123966672246186807956195199         1.71112815123966672246186807956195199         1.71112815123966672246186807956195199         0.00000000000000000000000000000000000         0.00000000000000000000000000000000000         912.808155919034998520177438187863139         3353.29561898386351824617001753186370      
   5.94113398496524757317294119695305884         0.00000000000000000000000000000000000         0.00000000000000000000000000000000000         1.00000000000000000000000000000000000         0.00000000000000000000000000000000000        0.724999999999999999999999999999999981        0.275000000000000000000000000000000019        0.512000024318695068359375000000000000        0.425000011920928955078125000000000000         6.30000010132789611816406250000000000E-0002  0.870056494511586616800702331296776776        0.129943505488413383199297668703223248         0.00000000000000000000000000000000000        0.683022559859958444886526535977552353        0.167811590859605266884724425470909642        0.129098359310438402074632433326122454         278.311176733591166694393935160429533        0.300000011920928955078125000000000000        -1.00000000000000000000000000000000000         4.50000000000000000000000000000000000         50.0000000000000000000000000000000000         1.73129599423036038468144062049464851         1.73129599423036038468144062049464851         1.73129599423036038468144062049464851         1.73129599423036038468144062049464851         1.73129599423036038468144062049464851         0.00000000000000000000000000000000000         0.00000000000000000000000000000000000         959.595178874126397595370313598481914         3404.83599758607617391012623990021298      
   6.22257083673045567818932634861224246         0.00000000000000000000000000000000000         0.00000000000000000000000000000000000         1.00000000000000000000000000000000000         0.00000000000000000000000000000000000        0.724999999999999999999999999999999981        0.275000000000000000000000000000000019        0.512000024318695068359375000000000000        0.425000011920928955078125000000000000         6.30000010132789611816406250000000000E-0002  0.870056494511586616800702331296776776        0.129943505488413383199297668703223248         0.00000000000000000000000000000000000        0.683022559859958444886526535977552353        0.167811590859605266884724425470909642        0.129098359310438402074632433326122454         278.311176733591166694393935160429533        0.300000011920928955078125000000000000        -1.00000000000000000000000000000000000         4.50000000000000000000000000000000000         50.0000000000000000000000000000000000         1.75157919548663642034878572482324265         1.75157919548663642034878572482324265         1.75157919548663642034878572482324265         1.75157919548663642034878572482324265         1.75157919548663642034878572482324265         0.00000000000000000000000000000000000         0.00000000000000000000000000000000000         1009.17909505204795789212394669088430         3459.14739807170244262361134027263425      
   6.51733960488266225567076642791935208         0.00000000000000000000000000000000000         0.00000000000000000000000000000000000         1.00000000000000000000000000000000000         0.00000000000000000000000000000000000        0.724999999999999999999999999999999981        0.275000000000000000000000000000000019        0.512000024318695068359375000000000000        0.425000011920928955078125000000000000         6.30000010132789611816406250000000000E-0002  0.870056494511586616800702331296776776        0.129943505488413383199297668703223248         0.00000000000000000000000000000000000        0.683022559859958444886526535977552353        0.167811590859605266884724425470909642        0.129098359310438402074632433326122454         278.311176733591166694393935160429533        0.300000011920928955078125000000000000        -1.00000000000000000000000000000000000         4.50000000000000000000000000000000000         50.0000000000000000000000000000000000         1.77203130470434087111325383811895342         1.77203130470434087111325383811895342         1.77203130470434087111325383811895342         1.77203130470434087111325383811895342         1.77203130470434087111325383811895342         0.00000000000000000000000000000000000         0.00000000000000000000000000000000000         1061.42512027612880883837018434275423         3513.16459093311128388582223839282696      
   6.82607183427263972690668329495824292         0.00000000000000000000000000000000000         0.00000000000000000000000000000000000         1.00000000000000000000000000000000000         0.00000000000000000000000000000000000        0.724999999999999999999999999999999981        0.275000000000000000000000000000000019        0.512000024318695068359375000000000000        0.425000011920928955078125000000000000         6.30000010132789611816406250000000000E-0002  0.870056494511586616800702331296776776        0.129943505488413383199297668703223248         0.00000000000000000000000000000000000        0.683022559859958444886526535977552353        0.167811590859605266884724425470909642        0.129098359310438402074632433326122454         278.311176733591166694393935160429533        0.300000011920928955078125000000000000        -1.00000000000000000000000000000000000         4.50000000000000000000000000000000000         50.0000000000000000000000000000000000         1.79262790653833541453016455750081520         1.79262790653833541453016455750081520         1.79262790653833541453016455750081520         1.79262790653833541453016455750081520         1.79262790653833541453016455750081520         0.00000000000000000000000000000000000         0.00000000000000000000000000000000000         1116.68388507406893076634716668916579         3569.40963642999791877847361438284301      
   7.14942898659784326950660524938800231         0.00000000000000000000000000000000000         0.00000000000000000000000000000000000         1.00000000000000000000000000000000000         0.00000000000000000000000000000000000        0.724999999999999999999999999999999981        0.275000000000000000000000000000000019        0.512000024318695068359375000000000000        0.425000011920928955078125000000000000         6.30000010132789611816406250000000000E-0002  0.870056494511586616800702331296776776        0.129943505488413383199297668703223248         0.00000000000000000000000000000000000        0.683022559859958444886526535977552353        0.167811590859605266884724425470909642        0.129098359310438402074632433326122454         278.311176733591166694393935160429533        0.300000011920928955078125000000000000        -1.00000000000000000000000000000000000         4.50000000000000000000000000000000000         50.0000000000000000000000000000000000         1.81335333910154144984380046377400645         1.81335333910154144984380046377400645         1.81335333910154144984380046377400645         1.81335333910154144984380046377400645         1.81335333910154144984380046377400645         0.00000000000000000000000000000000000         0.00000000000000000000000000000000000         1175.08166019724829684374217875980528         3625.25286818090381362508836491665836      
   7.48810385759030229475404929283587874         0.00000000000000000000000000000000000         0.00000000000000000000000000000000000         1.00000000000000000000000000000000000         0.00000000000000000000000000000000000        0.724999999999999999999999999999999981        0.275000000000000000000000000000000019        0.512000024318695068359375000000000000        0.425000011920928955078125000000000000         6.30000010132789611816406250000000000E-0002  0.870056494511586616800702331296776776        0.129943505488413383199297668703223248         0.00000000000000000000000000000000000        0.683022559859958444886526535977552353        0.167811590859605266884724425470909642        0.129098359310438402074632433326122454         278.311176733591166694393935160429533        0.300000011920928955078125000000000000        -1.00000000000000000000000000000000000         4.50000000000000000000000000000000000         50.0000000000000000000000000000000000         1.83420014151873366643363460819007109         1.83420014151873366643363460819007109         1.83420014151873366643363460819007109         1.83420014151873366643363460819007109         1.83420014151873366643363460819007109         0.00000000000000000000000000000000000         0.00000000000000000000000000000000000         1236.75362379482901595391176871507107         3683.65720524818189603449633882708749      
   7.84282206133797492150195102086104320         0.00000000000000000000000000000000000         0.00000000000000000000000000000000000         1.00000000000000000000000000000000000         0.00000000000000000000000000000000000        0.724999999999999999999999999999999981        0.275000000000000000000000000000000019        0.512000024318695068359375000000000000        0.425000011920928955078125000000000000         6.30000010132789611816406250000000000E-0002  0.870056494511586616800702331296776776        0.129943505488413383199297668703223248         0.00000000000000000000000000000000000        0.683022559859958444886526535977552353        0.167811590859605266884724425470909642        0.129098359310438402074632433326122454         278.311176733591166694393935160429533        0.300000011920928955078125000000000000        -1.00000000000000000000000000000000000         4.50000000000000000000000000000000000         50.0000000000000000000000000000000000         1.85529866774022799447531918807240844         1.85529866774022799447531918807240844         1.85529866774022799447531918807240844         1.85529866774022799447531918807240844         1.85529866774022799447531918807240844         0.00000000000000000000000000000000000         0.00000000000000000000000000000000000         1302.05909837822646780677460738099673         3742.94048817715922208651093788316072      
   8.21434358491973787188331079880935809         0.00000000000000000000000000000000000         0.00000000000000000000000000000000000         1.00000000000000000000000000000000000         0.00000000000000000000000000000000000        0.724999999999999999999999999999999981        0.275000000000000000000000000000000019        0.512000024318695068359375000000000000        0.425000011920928955078125000000000000         6.30000010132789611816406250000000000E-0002  0.870056494511586616800702331296776776        0.129943505488413383199297668703223248         0.00000000000000000000000000000000000        0.683022559859958444886526535977552353        0.167811590859605266884724425470909642        0.129098359310438402074632433326122454         278.311176733591166694393935160429533        0.300000011920928955078125000000000000        -1.00000000000000000000000000000000000         4.50000000000000000000000000000000000         50.0000000000000000000000000000000000         1.87637766133069419769753600232943037         1.87637766133069419769753600232943037         1.87637766133069419769753600232943037         1.87637766133069419769753600232943037         1.87637766133069419769753600232943037         0.00000000000000000000000000000000000         0.00000000000000000000000000000000000         1371.04770808077004890296068111285239         3803.15696304867716224333581134720767      
   8.60346441668483183756181982790961157         0.00000000000000000000000000000000000         0.00000000000000000000000000000000000         1.00000000000000000000000000000000000         0.00000000000000000000000000000000000        0.724999999999999999999999999999999981        0.275000000000000000000000000000000019        0.512000024318695068359375000000000000        0.425000011920928955078125000000000000         6.30000010132789611816406250000000000E-0002  0.870056494511586616800702331296776776        0.129943505488413383199297668703223248         0.00000000000000000000000000000000000        0.683022559859958444886526535977552353        0.167811590859605266884724425470909642        0.129098359310438402074632433326122454         278.311176733591166694393935160429533        0.300000011920928955078125000000000000        -1.00000000000000000000000000000000000         4.50000000000000000000000000000000000         50.0000000000000000000000000000000000         1.89768266591715473619030029182685756         1.89768266591715473619030029182685756         1.89768266591715473619030029182685756         1.89768266591715473619030029182685756         1.89768266591715473619030029182685756         0.00000000000000000000000000000000000         0.00000000000000000000000000000000000         1444.14409919678291642131444472506711         3864.76469351634863018999695637498761      
   9.01101825166536630189666009569239489         0.00000000000000000000000000000000000         0.00000000000000000000000000000000000         1.00000000000000000000000000000000000         0.00000000000000000000000000000000000        0.724999999999999999999999999999999981        0.275000000000000000000000000000000019        0.512000024318695068359375000000000000        0.425000011920928955078125000000000000         6.30000010132789611816406250000000000E-0002  0.870056494511586616800702331296776776        0.129943505488413383199297668703223248         0.00000000000000000000000000000000000        0.683022559859958444886526535977552353        0.167811590859605266884724425470909642        0.129098359310438402074632433326122454         278.311176733591166694393935160429533        0.300000011920928955078125000000000000        -1.00000000000000000000000000000000000         4.50000000000000000000000000000000000         50.0000000000000000000000000000000000         1.91909866933927806051253336100489567         1.91909866933927806051253336100489567         1.91909866933927806051253336100489567         1.91909866933927806051253336100489567         1.91909866933927806051253336100489567         0.00000000000000000000000000000000000         0.00000000000000000000000000000000000         1521.44447794810952955830553612377372         3927.72937312141625092700226270288045      
   9.43787827777574610680776305101093867         0.00000000000000000000000000000000000         0.00000000000000000000000000000000000         1.00000000000000000000000000000000000         0.00000000000000000000000000000000000        0.724999999999999999999999999999999981        0.275000000000000000000000000000000019        0.512000024318695068359375000000000000        0.425000011920928955078125000000000000         6.30000010132789611816406250000000000E-0002  0.870056494511586616800702331296776776        0.129943505488413383199297668703223248         0.00000000000000000000000000000000000        0.683022559859958444886526535977552353        0.167811590859605266884724425470909642        0.129098359310438402074632433326122454         278.311176733591166694393935160429533        0.300000011920928955078125000000000000        -1.00000000000000000000000000000000000         4.50000000000000000000000000000000000         50.0000000000000000000000000000000000         1.94072514088491504873384901674089260         1.94072514088491504873384901674089260         1.94072514088491504873384901674089260         1.94072514088491504873384901674089260         1.94072514088491504873384901674089260         0.00000000000000000000000000000000000         0.00000000000000000000000000000000000         1603.32927314753417741815680331018155         3991.97435328083150478011882550450314      
   9.88495904662596879076778864032827051         0.00000000000000000000000000000000000         0.00000000000000000000000000000000000         1.00000000000000000000000000000000000         0.00000000000000000000000000000000000        0.724999999999999999999999999999999981        0.275000000000000000000000000000000019        0.512000024318695068359375000000000000        0.425000011920928955078125000000000000         6.30000010132789611816406250000000000E-0002  0.870056494511586616800702331296776776        0.129943505488413383199297668703223248         0.00000000000000000000000000000000000        0.683022559859958444886526535977552353        0.167811590859605266884724425470909642        0.129098359310438402074632433326122454         278.311176733591166694393935160429533        0.300000011920928955078125000000000000        -1.00000000000000000000000000000000000         4.50000000000000000000000000000000000         50.0000000000000000000000000000000000         1.96239726575885162710386616754869484         1.96239726575885162710386616754869484         1.96239726575885162710386616754869484         1.96239726575885162710386616754869484         1.96239726575885162710386616754869484         0.00000000000000000000000000000000000         0.00000000000000000000000000000000000         1690.01692218899376117488004031128877         4057.53064386757740622778222810628913      
   10.3532184329570277361739405380354267         0.00000000000000000000000000000000000         0.00000000000000000000000000000000000         1.00000000000000000000000000000000000         0.00000000000000000000000000000000000        0.724999999999999999999999999999999981        0.275000000000000000000000000000000019        0.512000024318695068359375000000000000        0.425000011920928955078125000000000000         6.30000010132789611816406250000000000E-0002  0.870056494511586616800702331296776776        0.129943505488413383199297668703223248         0.00000000000000000000000000000000000        0.683022559859958444886526535977552353        0.167811590859605266884724425470909642        0.129098359310438402074632433326122454         278.311176733591166694393935160429533        0.300000011920928955078125000000000000        -1.00000000000000000000000000000000000         4.50000000000000000000000000000000000         50.0000000000000000000000000000000000         1.98427731903508658023832363481482725         1.98427731903508658023832363481482725         1.98427731903508658023832363481482725         1.98427731903508658023832363481482725         1.98427731903508658023832363481482725         0.00000000000000000000000000000000000         0.00000000000000000000000000000000000         1781.86115873351945840441954528361325         4124.46951465610667538638215773106277      
   10.8436596868965298573473131194133672         0.00000000000000000000000000000000000         0.00000000000000000000000000000000000         1.00000000000000000000000000000000000         0.00000000000000000000000000000000000        0.724999999999999999999999999999999981        0.275000000000000000000000000000000019        0.512000024318695068359375000000000000        0.425000011920928955078125000000000000         6.30000010132789611816406250000000000E-0002  0.870056494511586616800702331296776776        0.129943505488413383199297668703223248         0.00000000000000000000000000000000000        0.683022559859958444886526535977552353        0.167811590859605266884724425470909642        0.129098359310438402074632433326122454         278.311176733591166694393935160429533        0.300000011920928955078125000000000000        -1.00000000000000000000000000000000000         4.50000000000000000000000000000000000         50.0000000000000000000000000000000000         2.00625096329377070930893193779965296         2.00625096329377070930893193779965296         2.00625096329377070930893193779965296         2.00625096329377070930893193779965296         2.00625096329377070930893193779965296         0.00000000000000000000000000000000000         0.00000000000000000000000000000000000         1879.15060038101302769018201664619421         4192.74602095675659089453644502387426      
   11.3573335834315047407380755747457535         0.00000000000000000000000000000000000         0.00000000000000000000000000000000000         1.00000000000000000000000000000000000         0.00000000000000000000000000000000000        0.724999999999999999999999999999999981        0.275000000000000000000000000000000019        0.512000024318695068359375000000000000        0.425000011920928955078125000000000000         6.30000010132789611816406250000000000E-0002  0.870056494511586616800702331296776776        0.129943505488413383199297668703223248         0.00000000000000000000000000000000000        0.683022559859958444886526535977552353        0.167811590859605266884724425470909642        0.129098359310438402074632433326122454         278.311176733591166694393935160429533        0.300000011920928955078125000000000000        -1.00000000000000000000000000000000000         4.50000000000000000000000000000000000         50.0000000000000000000000000000000000         2.02837303767709303737891474713277273         2.02837303767709303737891474713277273         2.02837303767709303737891474713277273         2.02837303767709303737891474713277273         2.02837303767709303737891474713277273         0.00000000000000000000000000000000000         0.00000000000000000000000000000000000         1982.33580327889227340419173739042428         4263.53081378359362541310219761093048      
   11.8953406737036708935232311939754483         0.00000000000000000000000000000000000         0.00000000000000000000000000000000000         1.00000000000000000000000000000000000         0.00000000000000000000000000000000000        0.724999999999999999999999999999999981        0.275000000000000000000000000000000019        0.512000024318695068359375000000000000        0.425000011920928955078125000000000000         6.30000010132789611816406250000000000E-0002  0.870056494511586616800702331296776776        0.129943505488413383199297668703223248         0.00000000000000000000000000000000000        0.683022559859958444886526535977552353        0.167811590859605266884724425470909642        0.129098359310438402074632433326122454         278.311176733591166694393935160429533        0.300000011920928955078125000000000000        -1.00000000000000000000000000000000000         4.50000000000000000000000000000000000         50.0000000000000000000000000000000000         2.05059726353248553012755953710673170         2.05059726353248553012755953710673170         2.05059726353248553012755953710673170         2.05059726353248553012755953710673170         2.05059726353248553012755953710673170         0.00000000000000000000000000000000000         0.00000000000000000000000000000000000         2091.57133320047857504697170816197867         4333.37045556968465504262042919372132      
   12.4588336429505803262590704440291315         0.00000000000000000000000000000000000         0.00000000000000000000000000000000000         1.00000000000000000000000000000000000         0.00000000000000000000000000000000000        0.724999999999999999999999999999999981        0.275000000000000000000000000000000019        0.512000024318695068359375000000000000        0.425000011920928955078125000000000000         6.30000010132789611816406250000000000E-0002  0.870056494511586616800702331296776776        0.129943505488413383199297668703223248         0.00000000000000000000000000000000000        0.683022559859958444886526535977552353        0.167811590859605266884724425470909642        0.129098359310438402074632433326122454         278.311176733591166694393935160429533        0.300000011920928955078125000000000000        -1.00000000000000000000000000000000000         4.50000000000000000000000000000000000         50.0000000000000000000000000000000000         2.07293785471414819282117901822343993         2.07293785471414819282117901822343993         2.07293785471414819282117901822343993         2.07293785471414819282117901822343993         2.07293785471414819282117901822343993         0.00000000000000000000000000000000000         0.00000000000000000000000000000000000         2207.42542902788791578934055152021814         4405.85034890099317169610188965783651      
   13.0490197801445524899467209692621793         0.00000000000000000000000000000000000         0.00000000000000000000000000000000000         1.00000000000000000000000000000000000         0.00000000000000000000000000000000000        0.724999999999999999999999999999999981        0.275000000000000000000000000000000019        0.512000024318695068359375000000000000        0.425000011920928955078125000000000000         6.30000010132789611816406250000000000E-0002  0.870056494511586616800702331296776776        0.129943505488413383199297668703223248         0.00000000000000000000000000000000000        0.683022559859958444886526535977552353        0.167811590859605266884724425470909642        0.129098359310438402074632433326122454         278.311176733591166694393935160429533        0.300000011920928955078125000000000000        -1.00000000000000000000000000000000000         4.50000000000000000000000000000000000         50.0000000000000000000000000000000000         2.09545775358180354577068503168389373         2.09545775358180354577068503168389373         2.09545775358180354577068503168389373         2.09545775358180354577068503168389373         2.09545775358180354577068503168389373         0.00000000000000000000000000000000000         0.00000000000000000000000000000000000         2330.33648429855746127707419579649785         4480.12077171216008958675347080309216      
   13.6671635646206221493148154813537214         0.00000000000000000000000000000000000         0.00000000000000000000000000000000000         1.00000000000000000000000000000000000         0.00000000000000000000000000000000000        0.724999999999999999999999999999999981        0.275000000000000000000000000000000019        0.512000024318695068359375000000000000        0.425000011920928955078125000000000000         6.30000010132789611816406250000000000E-0002  0.870056494511586616800702331296776776        0.129943505488413383199297668703223248         0.00000000000000000000000000000000000        0.683022559859958444886526535977552353        0.167811590859605266884724425470909642        0.129098359310438402074632433326122454         278.311176733591166694393935160429533        0.300000011920928955078125000000000000        -1.00000000000000000000000000000000000         4.50000000000000000000000000000000000         50.0000000000000000000000000000000000         2.11808440048111994381709413945559821         2.11808440048111994381709413945559821         2.11808440048111994381709413945559821         2.11808440048111994381709413945559821         2.11808440048111994381709413945559821         0.00000000000000000000000000000000000         0.00000000000000000000000000000000000         2460.71202391243233447734539903792245         4555.36846006586883030490581603144321      
   14.3145893752353758338684692231306029         0.00000000000000000000000000000000000         0.00000000000000000000000000000000000         1.00000000000000000000000000000000000         0.00000000000000000000000000000000000        0.724999999999999999999999999999999981        0.275000000000000000000000000000000019        0.512000024318695068359375000000000000        0.425000011920928955078125000000000000         6.30000010132789611816406250000000000E-0002  0.870056494511586616800702331296776776        0.129943505488413383199297668703223248         0.00000000000000000000000000000000000        0.683022559859958444886526535977552353        0.167811590859605266884724425470909642        0.129098359310438402074632433326122454         278.311176733591166694393935160429533        0.300000011920928955078125000000000000        -1.00000000000000000000000000000000000         4.50000000000000000000000000000000000         50.0000000000000000000000000000000000         2.14076222330701717288270372399956751         2.14076222330701717288270372399956751         2.14076222330701717288270372399956751         2.14076222330701717288270372399956751         2.14076222330701717288270372399956751         0.00000000000000000000000000000000000         0.00000000000000000000000000000000000         2599.07675958322959307644110814730347         4633.51872301377676935346210813327108      
   14.9926843278610750864026478869771275         0.00000000000000000000000000000000000         0.00000000000000000000000000000000000         1.00000000000000000000000000000000000         0.00000000000000000000000000000000000        0.724999999999999999999999999999999981        0.275000000000000000000000000000000019        0.512000024318695068359375000000000000        0.425000011920928955078125000000000000         6.30000010132789611816406250000000000E-0002  0.870056494511586616800702331296776776        0.129943505488413383199297668703223248         0.00000000000000000000000000000000000        0.683022559859958444886526535977552353        0.167811590859605266884724425470909642        0.129098359310438402074632433326122454         278.311176733591166694393935160429533        0.300000011920928955078125000000000000        -1.00000000000000000000000000000000000         4.50000000000000000000000000000000000         50.0000000000000000000000000000000000         2.16354216238876416310865931968730906         2.16354216238876416310865931968730906         2.16354216238876416310865931968730906         2.16354216238876416310865931968730906         2.16354216238876416310865931968730906         0.00000000000000000000000000000000000         0.00000000000000000000000000000000000         2756.37982733241073899779354324317317         4727.13690075968485878221290225329999      
   15.7029012472944242844593367399923914         0.00000000000000000000000000000000000         0.00000000000000000000000000000000000         1.00000000000000000000000000000000000         0.00000000000000000000000000000000000        0.724999999999999999999999999999999981        0.275000000000000000000000000000000019        0.512000024318695068359375000000000000        0.425000011920928955078125000000000000         6.30000010132789611816406250000000000E-0002  0.870056494511586616800702331296776776        0.129943505488413383199297668703223248         0.00000000000000000000000000000000000        0.683022559859958444886526535977552353        0.167811590859605266884724425470909642        0.129098359310438402074632433326122454         278.311176733591166694393935160429533        0.300000011920928955078125000000000000        -1.00000000000000000000000000000000000         4.50000000000000000000000000000000000         50.0000000000000000000000000000000000         2.18588429449439001264032702761810170         2.18588429449439001264032702761810170         2.18588429449439001264032702761810170         2.18588429449439001264032702761810170         2.18588429449439001264032702761810170         0.00000000000000000000000000000000000         0.00000000000000000000000000000000000         2933.08751230764830871304713465894577         4833.38270668913175906493555339500716      
   16.4467617799473254470491446022305387         0.00000000000000000000000000000000000         0.00000000000000000000000000000000000         1.00000000000000000000000000000000000         0.00000000000000000000000000000000000        0.724999999999999999999999999999999981        0.275000000000000000000000000000000019        0.512000024318695068359375000000000000        0.425000011920928955078125000000000000         6.30000010132789611816406250000000000E-0002  0.870056494511586616800702331296776776        0.129943505488413383199297668703223248         0.00000000000000000000000000000000000        0.683022559859958444886526535977552353        0.167811590859605266884724425470909642        0.129098359310438402074632433326122454         278.311176733591166694393935160429533        0.300000011920928955078125000000000000        -1.00000000000000000000000000000000000         4.50000000000000000000000000000000000         50.0000000000000000000000000000000000         2.20804483512127554416532697308852678         2.20804483512127554416532697308852678         2.20804483512127554416532697308852678         2.20804483512127554416532697308852678         2.20804483512127554416532697308852678         0.00000000000000000000000000000000000         0.00000000000000000000000000000000000         3120.79203888790441790839785773578904         4946.83611160655285364448499979982863      
   17.2258596539885891666448939958271182         0.00000000000000000000000000000000000         0.00000000000000000000000000000000000         1.00000000000000000000000000000000000         0.00000000000000000000000000000000000        0.724999999999999999999999999999999981        0.275000000000000000000000000000000019        0.512000024318695068359375000000000000        0.425000011920928955078125000000000000         6.30000010132789611816406250000000000E-0002  0.870056494511586616800702331296776776        0.129943505488413383199297668703223248         0.00000000000000000000000000000000000        0.683022559859958444886526535977552353        0.167811590859605266884724425470909642        0.129098359310438402074632433326122454         278.311176733591166694393935160429533        0.300000011920928955078125000000000000        -1.00000000000000000000000000000000000         4.50000000000000000000000000000000000         50.0000000000000000000000000000000000         2.23023098176484365660830870767151798         2.23023098176484365660830870767151798         2.23023098176484365660830870767151798         2.23023098176484365660830870767151798         2.23023098176484365660830870767151798         0.00000000000000000000000000000000000         0.00000000000000000000000000000000000         3320.32502917180873443250537552744551         5059.95554807363685008895770785795005      
   18.0418640939214858630807661830989717         0.00000000000000000000000000000000000         0.00000000000000000000000000000000000         1.00000000000000000000000000000000000         0.00000000000000000000000000000000000        0.724999999999999999999999999999999981        0.275000000000000000000000000000000019        0.512000024318695068359375000000000000        0.425000011920928955078125000000000000         6.30000010132789611816406250000000000E-0002  0.870056494511586616800702331296776776        0.129943505488413383199297668703223248         0.00000000000000000000000000000000000        0.683022559859958444886526535977552353        0.167811590859605266884724425470909642        0.129098359310438402074632433326122454         278.311176733591166694393935160429533        0.300000011920928955078125000000000000        -1.00000000000000000000000000000000000         4.50000000000000000000000000000000000         50.0000000000000000000000000000000000         2.25243550298195711227201983727707949         2.25243550298195711227201983727707949         2.25243550298195711227201983727707949         2.25243550298195711227201983727707949         2.25243550298195711227201983727707949         0.00000000000000000000000000000000000         0.00000000000000000000000000000000000         3532.88886495547508935305226721024471         5177.41473280768175278812922417575164      
   18.8965233969129017925278720876753030         0.00000000000000000000000000000000000         0.00000000000000000000000000000000000         1.00000000000000000000000000000000000         0.00000000000000000000000000000000000        0.724999999999999999999999999999999981        0.275000000000000000000000000000000019        0.512000024318695068359375000000000000        0.425000011920928955078125000000000000         6.30000010132789611816406250000000000E-0002  0.870056494511586616800702331296776776        0.129943505488413383199297668703223248         0.00000000000000000000000000000000000        0.683022559859958444886526535977552353        0.167811590859605266884724425470909642        0.129098359310438402074632433326122454         278.311176733591166694393935160429533        0.300000011920928955078125000000000000        -1.00000000000000000000000000000000000         4.50000000000000000000000000000000000         50.0000000000000000000000000000000000         2.27466490026350226372583767288697037         2.27466490026350226372583767288697037         2.27466490026350226372583767288697037         2.27466490026350226372583767288697037         2.27466490026350226372583767288697037         0.00000000000000000000000000000000000         0.00000000000000000000000000000000000         3759.39214726213306504393265301364768         5300.35977551296681532387849693129572      
   19.7916686785364185751762295282302534         0.00000000000000000000000000000000000         0.00000000000000000000000000000000000         1.00000000000000000000000000000000000         0.00000000000000000000000000000000000        0.724999999999999999999999999999999981        0.275000000000000000000000000000000019        0.512000024318695068359375000000000000        0.425000011920928955078125000000000000         6.30000010132789611816406250000000000E-0002  0.870056494511586616800702331296776776        0.129943505488413383199297668703223248         0.00000000000000000000000000000000000        0.683022559859958444886526535977552353        0.167811590859605266884724425470909642        0.129098359310438402074632433326122454         278.311176733591166694393935160429533        0.300000011920928955078125000000000000        -1.00000000000000000000000000000000000         4.50000000000000000000000000000000000         50.0000000000000000000000000000000000         2.29678727326360351537614800644206003         2.29678727326360351537614800644206003         2.29678727326360351537614800644206003         2.29678727326360351537614800644206003         2.29678727326360351537614800644206003         0.00000000000000000000000000000000000         0.00000000000000000000000000000000000         4001.11595301964759443554927959077854         5426.28808809904609018337898642311972      
   20.7292177959546059255378205487295255         0.00000000000000000000000000000000000         0.00000000000000000000000000000000000         1.00000000000000000000000000000000000         0.00000000000000000000000000000000000        0.724999999999999999999999999999999981        0.275000000000000000000000000000000019        0.512000024318695068359375000000000000        0.425000011920928955078125000000000000         6.30000010132789611816406250000000000E-0002  0.870056494511586616800702331296776776        0.129943505488413383199297668703223248         0.00000000000000000000000000000000000        0.683022559859958444886526535977552353        0.167811590859605266884724425470909642        0.129098359310438402074632433326122454         278.311176733591166694393935160429533        0.300000011920928955078125000000000000        -1.00000000000000000000000000000000000         4.50000000000000000000000000000000000         50.0000000000000000000000000000000000         2.31892469819328134768290103396458809         2.31892469819328134768290103396458809         2.31892469819328134768290103396458809         2.31892469819328134768290103396458809         2.31892469819328134768290103396458809         0.00000000000000000000000000000000000         0.00000000000000000000000000000000000         4259.34899334943255927475978588982368         5556.37219592304289885855090816190523      
   21.7111794569459824479971497798839502         0.00000000000000000000000000000000000         0.00000000000000000000000000000000000         1.00000000000000000000000000000000000         0.00000000000000000000000000000000000        0.724999999999999999999999999999999981        0.275000000000000000000000000000000019        0.512000024318695068359375000000000000        0.425000011920928955078125000000000000         6.30000010132789611816406250000000000E-0002  0.870056494511586616800702331296776776        0.129943505488413383199297668703223248         0.00000000000000000000000000000000000        0.683022559859958444886526535977552353        0.167811590859605266884724425470909642        0.129098359310438402074632433326122454         278.311176733591166694393935160429533        0.300000011920928955078125000000000000        -1.00000000000000000000000000000000000         4.50000000000000000000000000000000000         50.0000000000000000000000000000000000         2.34099918728835848695861870994981906         2.34099918728835848695861870994981906         2.34099918728835848695861870994981906         2.34099918728835848695861870994981906         2.34099918728835848695861870994981906         0.00000000000000000000000000000000000         0.00000000000000000000000000000000000         4535.26022455590255585583259186923742         5692.15009695419843503422005213290398      
   22.7396575235802733048359620889347810         0.00000000000000000000000000000000000         0.00000000000000000000000000000000000         1.00000000000000000000000000000000000         0.00000000000000000000000000000000000        0.724999999999999999999999999999999981        0.275000000000000000000000000000000019        0.512000024318695068359375000000000000        0.425000011920928955078125000000000000         6.30000010132789611816406250000000000E-0002  0.870056494511586616800702331296776776        0.129943505488413383199297668703223248         0.00000000000000000000000000000000000        0.683022559859958444886526535977552353        0.167811590859605266884724425470909642        0.129098359310438402074632433326122454         278.311176733591166694393935160429533        0.300000011920928955078125000000000000        -1.00000000000000000000000000000000000         4.50000000000000000000000000000000000         50.0000000000000000000000000000000000         2.36292978943069699550233104261519565         2.36292978943069699550233104261519565         2.36292978943069699550233104261519565         2.36292978943069699550233104261519565         2.36292978943069699550233104261519565         0.00000000000000000000000000000000000         0.00000000000000000000000000000000000         4830.47067089094460246722617794606691         5832.34513685509428461064882527014019      
   23.8168555197626293658587845572158158         0.00000000000000000000000000000000000         0.00000000000000000000000000000000000         1.00000000000000000000000000000000000         0.00000000000000000000000000000000000        0.724999999999999999999999999999999981        0.275000000000000000000000000000000019        0.512000024318695068359375000000000000        0.425000011920928955078125000000000000         6.30000010132789611816406250000000000E-0002  0.870056494511586616800702331296776776        0.129943505488413383199297668703223248         0.00000000000000000000000000000000000        0.683022559859958444886526535977552353        0.167811590859605266884724425470909642        0.129098359310438402074632433326122454         278.311176733591166694393935160429533        0.300000011920928955078125000000000000        -1.00000000000000000000000000000000000         4.50000000000000000000000000000000000         50.0000000000000000000000000000000000         2.38486994641725107551678495226628976         2.38486994641725107551678495226628976         2.38486994641725107551678495226628976         2.38486994641725107551678495226628976         2.38486994641725107551678495226628976         0.00000000000000000000000000000000000         0.00000000000000000000000000000000000         5146.79538035289352120336469457821025         5978.98850179069632139101708219382920      
   24.9450813523042636110632071495682141         0.00000000000000000000000000000000000         0.00000000000000000000000000000000000         1.00000000000000000000000000000000000         0.00000000000000000000000000000000000        0.724999999999999999999999999999999981        0.275000000000000000000000000000000019        0.512000024318695068359375000000000000        0.425000011920928955078125000000000000         6.30000010132789611816406250000000000E-0002  0.870056494511586616800702331296776776        0.129943505488413383199297668703223248         0.00000000000000000000000000000000000        0.683022559859958444886526535977552353        0.167811590859605266884724425470909642        0.129098359310438402074632433326122454         278.311176733591166694393935160429533        0.300000011920928955078125000000000000        -1.00000000000000000000000000000000000         4.50000000000000000000000000000000000         50.0000000000000000000000000000000000         2.40697282528972123168738779088613569         2.40697282528972123168738779088613569         2.40697282528972123168738779088613569         2.40697282528972123168738779088613569         2.40697282528972123168738779088613569         0.00000000000000000000000000000000000         0.00000000000000000000000000000000000         5486.09561671144517583352025788594638         6128.29949900439432032425775135257219      
   26.1267522556344429096957856567219458         0.00000000000000000000000000000000000         0.00000000000000000000000000000000000         1.00000000000000000000000000000000000         0.00000000000000000000000000000000000        0.724999999999999999999999999999999981        0.275000000000000000000000000000000019        0.512000024318695068359375000000000000        0.425000011920928955078125000000000000         6.30000010132789611816406250000000000E-0002  0.870056494511586616800702331296776776        0.129943505488413383199297668703223248         0.00000000000000000000000000000000000        0.683022559859958444886526535977552353        0.167811590859605266884724425470909642        0.129098359310438402074632433326122454         278.311176733591166694393935160429533        0.300000011920928955078125000000000000        -1.00000000000000000000000000000000000         4.50000000000000000000000000000000000         50.0000000000000000000000000000000000         2.42895923450409006387423461398262073         2.42895923450409006387423461398262073         2.42895923450409006387423461398262073         2.42895923450409006387423461398262073         2.42895923450409006387423461398262073         0.00000000000000000000000000000000000         0.00000000000000000000000000000000000         5850.21020931912276877939789512598135         6285.09084779134671186702743310967194      
   27.3643999707479270007413801432196356         0.00000000000000000000000000000000000         0.00000000000000000000000000000000000         1.00000000000000000000000000000000000         0.00000000000000000000000000000000000        0.724999999999999999999999999999999981        0.275000000000000000000000000000000019        0.512000024318695068359375000000000000        0.425000011920928955078125000000000000         6.30000010132789611816406250000000000E-0002  0.870056494511586616800702331296776776        0.129943505488413383199297668703223248         0.00000000000000000000000000000000000        0.683022559859958444886526535977552353        0.167811590859605266884724425470909642        0.129098359310438402074632433326122454         278.311176733591166694393935160429533        0.300000011920928955078125000000000000        -1.00000000000000000000000000000000000         4.50000000000000000000000000000000000         50.0000000000000000000000000000000000         2.45090885959177787600866009617417071         2.45090885959177787600866009617417071         2.45090885959177787600866009617417071         2.45090885959177787600866009617417071         2.45090885959177787600866009617417071         0.00000000000000000000000000000000000         0.00000000000000000000000000000000000         6241.52556377961298222513988827533500         6447.38009766163489083158856213976641      
   28.6606761694837981427111233968978527         0.00000000000000000000000000000000000         0.00000000000000000000000000000000000         1.00000000000000000000000000000000000         0.00000000000000000000000000000000000        0.724999999999999999999999999999999981        0.275000000000000000000000000000000019        0.512000024318695068359375000000000000        0.425000011920928955078125000000000000         6.30000010132789611816406250000000000E-0002  0.870056494511586616800702331296776776        0.129943505488413383199297668703223248         0.00000000000000000000000000000000000        0.683022559859958444886526535977552353        0.167811590859605266884724425470909642        0.129098359310438402074632433326122454         278.311176733591166694393935160429533        0.300000011920928955078125000000000000        -1.00000000000000000000000000000000000         4.50000000000000000000000000000000000         50.0000000000000000000000000000000000         2.47270620624434963495334997456877240         2.47270620624434963495334997456877240         2.47270620624434963495334997456877240         2.47270620624434963495334997456877240         2.47270620624434963495334997456877240         0.00000000000000000000000000000000000         0.00000000000000000000000000000000000         6661.88771298469611843597645921708756         6618.45487869812748807546388927784521      
   30.0183581357572497063742795553511495         0.00000000000000000000000000000000000         0.00000000000000000000000000000000000         1.00000000000000000000000000000000000         0.00000000000000000000000000000000000        0.724999999999999999999999999999999981        0.275000000000000000000000000000000019        0.512000024318695068359375000000000000        0.425000011920928955078125000000000000         6.30000010132789611816406250000000000E-0002  0.870056494511586616800702331296776776        0.129943505488413383199297668703223248         0.00000000000000000000000000000000000        0.683022559859958444886526535977552353        0.167811590859605266884724425470909642        0.129098359310438402074632433326122454         278.311176733591166694393935160429533        0.300000011920928955078125000000000000        -1.00000000000000000000000000000000000         4.50000000000000000000000000000000000         50.0000000000000000000000000000000000         2.49447402241392362398469678828042400         2.49447402241392362398469678828042400         2.49447402241392362398469678828042400         2.49447402241392362398469678828042400         2.49447402241392362398469678828042400         0.00000000000000000000000000000000000         0.00000000000000000000000000000000000         7114.62851695135566732506826008205249         6795.20369511780645116965198639896015      
   31.4403547159164261088988818749477531         0.00000000000000000000000000000000000         0.00000000000000000000000000000000000         1.00000000000000000000000000000000000         0.00000000000000000000000000000000000        0.724999999999999999999999999999999981        0.275000000000000000000000000000000019        0.512000024318695068359375000000000000        0.425000011920928955078125000000000000         6.30000010132789611816406250000000000E-0002  0.870056494511586616800702331296776776        0.129943505488413383199297668703223248         0.00000000000000000000000000000000000        0.683022559859958444886526535977552353        0.167811590859605266884724425470909642        0.129098359310438402074632433326122454         278.311176733591166694393935160429533        0.300000011920928955078125000000000000        -1.00000000000000000000000000000000000         4.50000000000000000000000000000000000         50.0000000000000000000000000000000000         2.51614757017209137377648571670763751         2.51614757017209137377648571670763751         2.51614757017209137377648571670763751         2.51614757017209137377648571670763751         2.51614757017209137377648571670763751         0.00000000000000000000000000000000000         0.00000000000000000000000000000000000         7602.49731383065331503027845450039619         6980.50431348259480088516663091784280      
   32.9297125509730094348267134385588767         0.00000000000000000000000000000000000         0.00000000000000000000000000000000000         1.00000000000000000000000000000000000         0.00000000000000000000000000000000000        0.724999999999999999999999999999999981        0.275000000000000000000000000000000019        0.512000024318695068359375000000000000        0.425000011920928955078125000000000000         6.30000010132789611816406250000000000E-0002  0.870056494511586616800702331296776776        0.129943505488413383199297668703223248         0.00000000000000000000000000000000000        0.683022559859958444886526535977552353        0.167811590859605266884724425470909642        0.129098359310438402074632433326122454         278.311176733591166694393935160429533        0.300000011920928955078125000000000000        -1.00000000000000000000000000000000000         4.50000000000000000000000000000000000         50.0000000000000000000000000000000000         2.53745987912317562040549213370376657         2.53745987912317562040549213370376657         2.53745987912317562040549213370376657         2.53745987912317562040549213370376657         2.53745987912317562040549213370376657         0.00000000000000000000000000000000000         0.00000000000000000000000000000000000         8126.76517324785975637016731629294056         7169.66659804388318516861718197418379      
   34.4896226040591652356324616013479640         0.00000000000000000000000000000000000         0.00000000000000000000000000000000000         1.00000000000000000000000000000000000         0.00000000000000000000000000000000000        0.724999999999999999999999999999999981        0.275000000000000000000000000000000019        0.512000024318695068359375000000000000        0.425000011920928955078125000000000000         6.30000010132789611816406250000000000E-0002  0.870056494511586616800702331296776776        0.129943505488413383199297668703223248         0.00000000000000000000000000000000000        0.683022559859958444886526535977552353        0.167811590859605266884724425470909642        0.129098359310438402074632433326122454         278.311176733591166694393935160429533        0.300000011920928955078125000000000000        -1.00000000000000000000000000000000000         4.50000000000000000000000000000000000         50.0000000000000000000000000000000000         2.55885942511041404514189659842683801         2.55885942511041404514189659842683801         2.55885942511041404514189659842683801         2.55885942511041404514189659842683801         2.55885942511041404514189659842683801         0.00000000000000000000000000000000000         0.00000000000000000000000000000000000         8695.99764611636330199269974084925409         7373.94628622373313152468968020519886      
   36.1234269970959852434556329432163891         0.00000000000000000000000000000000000         0.00000000000000000000000000000000000         1.00000000000000000000000000000000000         0.00000000000000000000000000000000000        0.724999999999999999999999999999999981        0.275000000000000000000000000000000019        0.512000024318695068359375000000000000        0.425000011920928955078125000000000000         6.30000010132789611816406250000000000E-0002  0.870056494511586616800702331296776776        0.129943505488413383199297668703223248         0.00000000000000000000000000000000000        0.683022559859958444886526535977552353        0.167811590859605266884724425470909642        0.129098359310438402074632433326122454         278.311176733591166694393935160429533        0.300000011920928955078125000000000000        -1.00000000000000000000000000000000000         4.50000000000000000000000000000000000         50.0000000000000000000000000000000000         2.58016726150033809983121258628601710         2.58016726150033809983121258628601710         2.58016726150033809983121258628601710         2.58016726150033809983121258628601710         2.58016726150033809983121258628601710         0.00000000000000000000000000000000000         0.00000000000000000000000000000000000         9309.89383828543395303876948001644671         7586.76019440047252069103513710693101      
   37.8346261713210532672152332780757538         0.00000000000000000000000000000000000         0.00000000000000000000000000000000000         1.00000000000000000000000000000000000         0.00000000000000000000000000000000000        0.724999999999999999999999999999999981        0.275000000000000000000000000000000019        0.512000024318695068359375000000000000        0.425000011920928955078125000000000000         6.30000010132789611816406250000000000E-0002  0.870056494511586616800702331296776776        0.129943505488413383199297668703223248         0.00000000000000000000000000000000000        0.683022559859958444886526535977552353        0.167811590859605266884724425470909642        0.129098359310438402074632433326122454         278.311176733591166694393935160429533        0.300000011920928955078125000000000000        -1.00000000000000000000000000000000000         4.50000000000000000000000000000000000         50.0000000000000000000000000000000000         2.60125791970430653038957849173394392         2.60125791970430653038957849173394392         2.60125791970430653038957849173394392         2.60125791970430653038957849173394392         2.60125791970430653038957849173394392         0.00000000000000000000000000000000000         0.00000000000000000000000000000000000         9974.18304165106591559605692739586729         7805.12254882673476687553030650896852      
   39.6268863870166317486167498635414547         0.00000000000000000000000000000000000         0.00000000000000000000000000000000000         1.00000000000000000000000000000000000         0.00000000000000000000000000000000000        0.724999999999999999999999999999999981        0.275000000000000000000000000000000019        0.512000024318695068359375000000000000        0.425000011920928955078125000000000000         6.30000010132789611816406250000000000E-0002  0.870056494511586616800702331296776776        0.129943505488413383199297668703223248         0.00000000000000000000000000000000000        0.683022559859958444886526535977552353        0.167811590859605266884724425470909642        0.129098359310438402074632433326122454         278.311176733591166694393935160429533        0.300000011920928955078125000000000000        -1.00000000000000000000000000000000000         4.50000000000000000000000000000000000         50.0000000000000000000000000000000000         2.62221025986336441583101962976247905         2.62221025986336441583101962976247905         2.62221025986336441583101962976247905         2.62221025986336441583101962976247905         2.62221025986336441583101962976247905         0.00000000000000000000000000000000000         0.00000000000000000000000000000000000         10693.8517175037695393666689808233499         8036.35312787677979096415408061442464      
   41.5040475785067069671132337416860269         0.00000000000000000000000000000000000         0.00000000000000000000000000000000000         1.00000000000000000000000000000000000         0.00000000000000000000000000000000000        0.724999999999999999999999999999999981        0.275000000000000000000000000000000019        0.512000024318695068359375000000000000        0.425000011920928955078125000000000000         6.30000010132789611816406250000000000E-0002  0.870056494511586616800702331296776776        0.129943505488413383199297668703223248         0.00000000000000000000000000000000000        0.683022559859958444886526535977552353        0.167811590859605266884724425470909642        0.129098359310438402074632433326122454         278.311176733591166694393935160429533        0.300000011920928955078125000000000000        -1.00000000000000000000000000000000000         4.50000000000000000000000000000000000         50.0000000000000000000000000000000000         2.64296497593639287990925532775255631         2.64296497593639287990925532775255631         2.64296497593639287990925532775255631         2.64296497593639287990925532775255631         2.64296497593639287990925532775255631         0.00000000000000000000000000000000000         0.00000000000000000000000000000000000         11474.3724044047300842864860962221942         8278.59163609904570588325449482928695      
   43.4701315812522977450502814228557596         0.00000000000000000000000000000000000         0.00000000000000000000000000000000000         1.00000000000000000000000000000000000         0.00000000000000000000000000000000000        0.724999999999999999999999999999999981        0.275000000000000000000000000000000019        0.512000024318695068359375000000000000        0.425000011920928955078125000000000000         6.30000010132789611816406250000000000E-0002  0.870056494511586616800702331296776776        0.129943505488413383199297668703223248         0.00000000000000000000000000000000000        0.683022559859958444886526535977552353        0.167811590859605266884724425470909642        0.129098359310438402074632433326122454         278.311176733591166694393935160429533        0.300000011920928955078125000000000000        -1.00000000000000000000000000000000000         4.50000000000000000000000000000000000         50.0000000000000000000000000000000000         2.66349056168513823460676942348770739         2.66349056168513823460676942348770739         2.66349056168513823460676942348770739         2.66349056168513823460676942348770739         2.66349056168513823460676942348770739         0.00000000000000000000000000000000000         0.00000000000000000000000000000000000         12322.0187796919116735612716592199845         8534.42962879393147511866446435009869      
   45.5293507486716565241505913849878156         0.00000000000000000000000000000000000         0.00000000000000000000000000000000000         1.00000000000000000000000000000000000         0.00000000000000000000000000000000000        0.724999999999999999999999999999999981        0.275000000000000000000000000000000019        0.512000024318695068359375000000000000        0.425000011920928955078125000000000000         6.30000010132789611816406250000000000E-0002  0.870056494511586616800702331296776776        0.129943505488413383199297668703223248         0.00000000000000000000000000000000000        0.683022559859958444886526535977552353        0.167811590859605266884724425470909642        0.129098359310438402074632433326122454         278.311176733591166694393935160429533        0.300000011920928955078125000000000000        -1.00000000000000000000000000000000000         4.50000000000000000000000000000000000         50.0000000000000000000000000000000000         2.68375847295176710923186305863118488         2.68375847295176710923186305863118488         2.68375847295176710923186305863118488         2.68375847295176710923186305863118488         2.68375847295176710923186305863118488         0.00000000000000000000000000000000000         0.00000000000000000000000000000000000         13243.5059759035831952244485703550499         8800.47091104068682064517099900969407      
   47.6861169771469809221183781797401387         0.00000000000000000000000000000000000         0.00000000000000000000000000000000000         1.00000000000000000000000000000000000         0.00000000000000000000000000000000000        0.724999999999999999999999999999999981        0.275000000000000000000000000000000019        0.512000024318695068359375000000000000        0.425000011920928955078125000000000000         6.30000010132789611816406250000000000E-0002  0.870056494511586616800702331296776776        0.129943505488413383199297668703223248         0.00000000000000000000000000000000000        0.683022559859958444886526535977552353        0.167811590859605266884724425470909642        0.129098359310438402074632433326122454         278.311176733591166694393935160429533        0.300000011920928955078125000000000000        -1.00000000000000000000000000000000000         4.50000000000000000000000000000000000         50.0000000000000000000000000000000000         2.70378700800764374541402987248758365         2.70378700800764374541402987248758365         2.70378700800764374541402987248758365         2.70378700800764374541402987248758365         2.70378700800764374541402987248758365         0.00000000000000000000000000000000000         0.00000000000000000000000000000000000         14246.7833395692766823038585629142616         9081.93061620700580198575850200203991      
   49.9450511585537973057412883106299450         0.00000000000000000000000000000000000         0.00000000000000000000000000000000000         1.00000000000000000000000000000000000         0.00000000000000000000000000000000000        0.724999999999999999999999999999999981        0.275000000000000000000000000000000019        0.512000024318695068359375000000000000        0.425000011920928955078125000000000000         6.30000010132789611816406250000000000E-0002  0.870056494511586616800702331296776776        0.129943505488413383199297668703223248         0.00000000000000000000000000000000000        0.683022559859958444886526535977552353        0.167811590859605266884724425470909642        0.129098359310438402074632433326122454         278.311176733591166694393935160429533        0.300000011920928955078125000000000000        -1.00000000000000000000000000000000000         4.50000000000000000000000000000000000         50.0000000000000000000000000000000000         2.72351480838195561533811164260018523         2.72351480838195561533811164260018523         2.72351480838195561533811164260018523         2.72351480838195561533811164260018523         2.72351480838195561533811164260018523         0.00000000000000000000000000000000000         0.00000000000000000000000000000000000         15340.4542935823831602252965393925898         9377.99558352988191759849805116633679      
   52.3109930805651492519346455020741169         0.00000000000000000000000000000000000         0.00000000000000000000000000000000000         1.00000000000000000000000000000000000         0.00000000000000000000000000000000000        0.724999999999999999999999999999999981        0.275000000000000000000000000000000019        0.512000024318695068359375000000000000        0.425000011920928955078125000000000000         6.30000010132789611816406250000000000E-0002  0.870056494511586616800702331296776776        0.129943505488413383199297668703223248         0.00000000000000000000000000000000000        0.683022559859958444886526535977552353        0.167811590859605266884724425470909642        0.129098359310438402074632433326122454         278.311176733591166694393935160429533        0.300000011920928955078125000000000000        -1.00000000000000000000000000000000000         4.50000000000000000000000000000000000         50.0000000000000000000000000000000000         2.74292406994090870793256632661771143         2.74292406994090870793256632661771143         2.74292406994090870793256632661771143         2.74292406994090870793256632661771143         2.74292406994090870793256632661771143         0.00000000000000000000000000000000000         0.00000000000000000000000000000000000         16534.2756808171191405290898325375898         9691.29852633873197482726570387889276      
   54.7890117959420854878872849816232285         0.00000000000000000000000000000000000         0.00000000000000000000000000000000000         1.00000000000000000000000000000000000         0.00000000000000000000000000000000000        0.724999999999999999999999999999999981        0.275000000000000000000000000000000019        0.512000024318695068359375000000000000        0.425000011920928955078125000000000000         6.30000010132789611816406250000000000E-0002  0.870056494511586616800702331296776776        0.129943505488413383199297668703223248         0.00000000000000000000000000000000000        0.683022559859958444886526535977552353        0.167811590859605266884724425470909642        0.129098359310438402074632433326122454         278.311176733591166694393935160429533        0.300000011920928955078125000000000000        -1.00000000000000000000000000000000000         4.50000000000000000000000000000000000         50.0000000000000000000000000000000000         2.76198998291159369646029664431984205         2.76198998291159369646029664431984205         2.76198998291159369646029664431984205         2.76198998291159369646029664431984205         2.76198998291159369646029664431984205         0.00000000000000000000000000000000000         0.00000000000000000000000000000000000         17839.4365013423087873994774176440679         10020.5011423811529065095755646186088      
   57.3844164830267494473134630390337038         0.00000000000000000000000000000000000         0.00000000000000000000000000000000000         1.00000000000000000000000000000000000         0.00000000000000000000000000000000000        0.724999999999999999999999999999999981        0.275000000000000000000000000000000019        0.512000024318695068359375000000000000        0.425000011920928955078125000000000000         6.30000010132789611816406250000000000E-0002  0.870056494511586616800702331296776776        0.129943505488413383199297668703223248         0.00000000000000000000000000000000000        0.683022559859958444886526535977552353        0.167811590859605266884724425470909642        0.129098359310438402074632433326122454         278.311176733591166694393935160429533        0.300000011920928955078125000000000000        -1.00000000000000000000000000000000000         4.50000000000000000000000000000000000         50.0000000000000000000000000000000000         2.78068668883112306616667624189087137         2.78068668883112306616667624189087137         2.78068668883112306616667624189087137         2.78068668883112306616667624189087137         2.78068668883112306616667624189087137         0.00000000000000000000000000000000000         0.00000000000000000000000000000000000         19267.9722695031301991366015518800532         10373.3753892766191539448053458569702      
   60.1027678207067787613836741752440859         0.00000000000000000000000000000000000         0.00000000000000000000000000000000000         1.00000000000000000000000000000000000         0.00000000000000000000000000000000000        0.724999999999999999999999999999999981        0.275000000000000000000000000000000019        0.512000024318695068359375000000000000        0.425000011920928955078125000000000000         6.30000010132789611816406250000000000E-0002  0.870056494511586616800702331296776776        0.129943505488413383199297668703223248         0.00000000000000000000000000000000000        0.683022559859958444886526535977552353        0.167811590859605266884724425470909642        0.129098359310438402074632433326122454         278.311176733591166694393935160429533        0.300000011920928955078125000000000000        -1.00000000000000000000000000000000000         4.50000000000000000000000000000000000         50.0000000000000000000000000000000000         2.79896855672250990019965588440181356         2.79896855672250990019965588440181356         2.79896855672250990019965588440181356         2.79896855672250990019965588440181356         2.79896855672250990019965588440181356         0.00000000000000000000000000000000000         0.00000000000000000000000000000000000         20834.6234296601272553685396462682576         10739.8994210627759211374871508807984      
   62.9498899022219826103145225233349426         0.00000000000000000000000000000000000         0.00000000000000000000000000000000000         1.00000000000000000000000000000000000         0.00000000000000000000000000000000000        0.724999999999999999999999999999999981        0.275000000000000000000000000000000019        0.512000024318695068359375000000000000        0.425000011920928955078125000000000000         6.30000010132789611816406250000000000E-0002  0.870056494511586616800702331296776776        0.129943505488413383199297668703223248         0.00000000000000000000000000000000000        0.683022559859958444886526535977552353        0.167811590859605266884724425470909642        0.129098359310438402074632433326122454         278.311176733591166694393935160429533        0.300000011920928955078125000000000000        -1.00000000000000000000000000000000000         4.50000000000000000000000000000000000         50.0000000000000000000000000000000000         2.81680455954256193180017480903185491         2.81680455954256193180017480903185491         2.81680455954256193180017480903185491         2.81680455954256193180017480903185491         2.81680455954256193180017480903185491         0.00000000000000000000000000000000000         0.00000000000000000000000000000000000         22554.8316150389373875326393259446742         11131.5689193326369927175339185748429      
   65.9318827133387394963924236784617628         0.00000000000000000000000000000000000         0.00000000000000000000000000000000000         1.00000000000000000000000000000000000         0.00000000000000000000000000000000000        0.724999999999999999999999999999999981        0.275000000000000000000000000000000019        0.512000024318695068359375000000000000        0.425000011920928955078125000000000000         6.30000010132789611816406250000000000E-0002  0.870056494511586616800702331296776776        0.129943505488413383199297668703223248         0.00000000000000000000000000000000000        0.683022559859958444886526535977552353        0.167811590859605266884724425470909642        0.129098359310438402074632433326122454         278.311176733591166694393935160429533        0.300000011920928955078125000000000000        -1.00000000000000000000000000000000000         4.50000000000000000000000000000000000         50.0000000000000000000000000000000000         2.83415534836477937127438340011986470         2.83415534836477937127438340011986470         2.83415534836477937127438340011986470         2.83415534836477937127438340011986470         2.83415534836477937127438340011986470         0.00000000000000000000000000000000000         0.00000000000000000000000000000000000         24446.9468103153237502976796662498977         11550.0841166429497679056360129850663      
   69.0551352016267211341221719941803480         0.00000000000000000000000000000000000         0.00000000000000000000000000000000000         1.00000000000000000000000000000000000         0.00000000000000000000000000000000000        0.724999999999999999999999999999999981        0.275000000000000000000000000000000019        0.512000024318695068359375000000000000        0.425000011920928955078125000000000000         6.30000010132789611816406250000000000E-0002  0.870056494511586616800702331296776776        0.129943505488413383199297668703223248         0.00000000000000000000000000000000000        0.683022559859958444886526535977552353        0.167811590859605266884724425470909642        0.129098359310438402074632433326122454         278.311176733591166694393935160429533        0.300000011920928955078125000000000000        -1.00000000000000000000000000000000000         4.50000000000000000000000000000000000         50.0000000000000000000000000000000000         2.85101214108473042359064655246325813         2.85101214108473042359064655246325813         2.85101214108473042359064655246325813         2.85101214108473042359064655246325813         2.85101214108473042359064655246325813         0.00000000000000000000000000000000000         0.00000000000000000000000000000000000         26531.7250945965635404812046255859536         11991.7038005969883526797226674789603      
   72.3263389648389904315881138559222429         0.00000000000000000000000000000000000         0.00000000000000000000000000000000000         1.00000000000000000000000000000000000         0.00000000000000000000000000000000000        0.724999999999999999999999999999999981        0.275000000000000000000000000000000019        0.512000024318695068359375000000000000        0.425000011920928955078125000000000000         6.30000010132789611816406250000000000E-0002  0.870056494511586616800702331296776776        0.129943505488413383199297668703223248         0.00000000000000000000000000000000000        0.683022559859958444886526535977552353        0.167811590859605266884724425470909642        0.129098359310438402074632433326122454         278.311176733591166694393935160429533        0.300000011920928955078125000000000000        -1.00000000000000000000000000000000000         4.50000000000000000000000000000000000         50.0000000000000000000000000000000000         2.86729217653676468744222283054772009         2.86729217653676468744222283054772009         2.86729217653676468744222283054772009         2.86729217653676468744222283054772009         2.86729217653676468744222283054772009         0.00000000000000000000000000000000000         0.00000000000000000000000000000000000         28832.9924385068139270374676824913679         12459.1243137426477088297244422153740      
   75.7525025877229563234538363456045364         0.00000000000000000000000000000000000         0.00000000000000000000000000000000000         1.00000000000000000000000000000000000         0.00000000000000000000000000000000000        0.724999999999999999999999999999999981        0.275000000000000000000000000000000019        0.512000024318695068359375000000000000        0.425000011920928955078125000000000000         6.30000010132789611816406250000000000E-0002  0.870056494511586616800702331296776776        0.129943505488413383199297668703223248         0.00000000000000000000000000000000000        0.683022559859958444886526535977552353        0.167811590859605266884724425470909642        0.129098359310438402074632433326122454         278.311176733591166694393935160429533        0.300000011920928955078125000000000000        -1.00000000000000000000000000000000000         4.50000000000000000000000000000000000         50.0000000000000000000000000000000000         2.88300577913844060045441928060329706         2.88300577913844060045441928060329706         2.88300577913844060045441928060329706         2.88300577913844060045441928060329706         2.88300577913844060045441928060329706         0.00000000000000000000000000000000000         0.00000000000000000000000000000000000         31377.3083688864756030944603888145258         12963.2368496253118284877525054333008      
   79.3409666579789374092779396113335383         0.00000000000000000000000000000000000         0.00000000000000000000000000000000000         1.00000000000000000000000000000000000         0.00000000000000000000000000000000000        0.724999999999999999999999999999999981        0.275000000000000000000000000000000019        0.512000024318695068359375000000000000        0.425000011920928955078125000000000000         6.30000010132789611816406250000000000E-0002  0.870056494511586616800702331296776776        0.129943505488413383199297668703223248         0.00000000000000000000000000000000000        0.683022559859958444886526535977552353        0.167811590859605266884724425470909642        0.129098359310438402074632433326122454         278.311176733591166694393935160429533        0.300000011920928955078125000000000000        -1.00000000000000000000000000000000000         4.50000000000000000000000000000000000         50.0000000000000000000000000000000000         2.89808753411389826824782210375086701         2.89808753411389826824782210375086701         2.89808753411389826824782210375086701         2.89808753411389826824782210375086701         2.89808753411389826824782210375086701         0.00000000000000000000000000000000000         0.00000000000000000000000000000000000         34196.2666687468499920129120056163428         13495.5884417006558169997291199338963      
   83.0994194935381664732668516345784739         0.00000000000000000000000000000000000         0.00000000000000000000000000000000000         1.00000000000000000000000000000000000         0.00000000000000000000000000000000000        0.724999999999999999999999999999999981        0.275000000000000000000000000000000019        0.512000024318695068359375000000000000        0.425000011920928955078125000000000000         6.30000010132789611816406250000000000E-0002  0.870056494511586616800702331296776776        0.129943505488413383199297668703223248         0.00000000000000000000000000000000000        0.683022559859958444886526535977552353        0.167811590859605266884724425470909642        0.129098359310438402074632433326122454         278.311176733591166694393935160429533        0.300000011920928955078125000000000000        -1.00000000000000000000000000000000000         4.50000000000000000000000000000000000         50.0000000000000000000000000000000000         2.91247231627658569343322341054222689         2.91247231627658569343322341054222689         2.91247231627658569343322341054222689         2.91247231627658569343322341054222689         2.91247231627658569343322341054222689         0.00000000000000000000000000000000000         0.00000000000000000000000000000000000         37324.9853988746786829066528448165314         14068.3361613696371654943640988006041      
   87.0359136148560765360321240320169501         0.00000000000000000000000000000000000         0.00000000000000000000000000000000000         1.00000000000000000000000000000000000         0.00000000000000000000000000000000000        0.724999999999999999999999999999999981        0.275000000000000000000000000000000019        0.512000024318695068359375000000000000        0.425000011920928955078125000000000000         6.30000010132789611816406250000000000E-0002  0.870056494511586616800702331296776776        0.129943505488413383199297668703223248         0.00000000000000000000000000000000000        0.683022559859958444886526535977552353        0.167811590859605266884724425470909642        0.129098359310438402074632433326122454         278.311176733591166694393935160429533        0.300000011920928955078125000000000000        -1.00000000000000000000000000000000000         4.50000000000000000000000000000000000         50.0000000000000000000000000000000000         2.92614111552799547579851517110115900         2.92614111552799547579851517110115900         2.92614111552799547579851517110115900         2.92614111552799547579851517110115900         2.92614111552799547579851517110115900         0.00000000000000000000000000000000000         0.00000000000000000000000000000000000         40805.0298515113347861446887160747806         14680.7629115429753351804943464799728      
   91.1588829975129113180355582295095585         0.00000000000000000000000000000000000         0.00000000000000000000000000000000000         1.00000000000000000000000000000000000         0.00000000000000000000000000000000000        0.724999999999999999999999999999999981        0.275000000000000000000000000000000019        0.512000024318695068359375000000000000        0.425000011920928955078125000000000000         6.30000010132789611816406250000000000E-0002  0.870056494511586616800702331296776776        0.129943505488413383199297668703223248         0.00000000000000000000000000000000000        0.683022559859958444886526535977552353        0.167811590859605266884724425470909642        0.129098359310438402074632433326122454         278.311176733591166694393935160429533        0.300000011920928955078125000000000000        -1.00000000000000000000000000000000000         4.50000000000000000000000000000000000         50.0000000000000000000000000000000000         2.93898487823008900366522885234148323         2.93898487823008900366522885234148323         2.93898487823008900366522885234148323         2.93898487823008900366522885234148323         2.93898487823008900366522885234148323         0.00000000000000000000000000000000000         0.00000000000000000000000000000000000         44682.7850961514924575175721091567944         15339.2011271714171668067841836045117      
   95.4771611420855187564395181622441053         0.00000000000000000000000000000000000         0.00000000000000000000000000000000000         1.00000000000000000000000000000000000         0.00000000000000000000000000000000000        0.724999999999999999999999999999999981        0.275000000000000000000000000000000019        0.512000024318695068359375000000000000        0.425000011920928955078125000000000000         6.30000010132789611816406250000000000E-0002  0.870056494511586616800702331296776776        0.129943505488413383199297668703223248         0.00000000000000000000000000000000000        0.683022559859958444886526535977552353        0.167811590859605266884724425470909642        0.129098359310438402074632433326122454         278.311176733591166694393935160429533        0.300000011920928955078125000000000000        -1.00000000000000000000000000000000000         4.50000000000000000000000000000000000         50.0000000000000000000000000000000000         2.95107327756058097602105208126882489         2.95107327756058097602105208126882489         2.95107327756058097602105208126882489         2.95107327756058097602105208126882489         2.95107327756058097602105208126882489         0.00000000000000000000000000000000000         0.00000000000000000000000000000000000         49014.7923129210116407790743008290056         16046.9887536037042506730794353040643      
   100.000000000005197392984105217599543         0.00000000000000000000000000000000000         0.00000000000000000000000000000000000         1.00000000000000000000000000000000000         0.00000000000000000000000000000000000        0.724999999999999999999999999999999981        0.275000000000000000000000000000000019        0.512000024318695068359375000000000000        0.425000011920928955078125000000000000         6.30000010132789611816406250000000000E-0002  0.870056494511586616800702331296776776        0.129943505488413383199297668703223248         0.00000000000000000000000000000000000        0.683022559859958444886526535977552353        0.167811590859605266884724425470909642        0.129098359310438402074632433326122454         278.311176733591166694393935160429533        0.300000011920928955078125000000000000        -1.00000000000000000000000000000000000         4.50000000000000000000000000000000000         50.0000000000000000000000000000000000         2.96224710970192844985297942112661310         2.96224710970192844985297942112661310         2.96224710970192844985297942112661310         2.96224710970192844985297942112661310         2.96224710970192844985297942112661310         0.00000000000000000000000000000000000         0.00000000000000000000000000000000000         53864.3963196481784771692257033696980         16806.1307500778778648178995332935232      
