 mass envelope_frac water_frac mantle_frac core_frac H_frac_envelope He_frac_envelope MgO_frac_mantle SiO2_frac_mantle FeO_frac_mantle Fe_frac_solid_core FeS_frac_solid_core FeO_frac_solid_core Fe_frac_liquid_core FeS_frac_liquid_core FeO_frac_liquid_core T_eq albedo rotation_period age atmospheric_Z 100pa_radius 2000pa_radius transit_radius twothirdsopt_radius condensed_radius diff_v_2000pa diff_v_100pa inner_pressure inner_temperature
   1.00000000000000000000000000000000002E-0002   0.00000000000000000000000000000000000         0.00000000000000000000000000000000000        0.400000000000000000000000000000000019        0.599999999999999999999999999999999981        0.724999999999999999999999999999999981        0.275000000000000000000000000000000019        0.512000024318695068359375000000000000        0.425000011920928955078125000000000000         6.30000010132789611816406250000000000E-0002  0.870056494511586616800702331296776776        0.129943505488413383199297668703223248         0.00000000000000000000000000000000000        0.683022559859958444886526535977552353        0.167811590859605266884724425470909642        0.129098359310438402074632433326122454         278.311176733591166694393935160429533        0.300000011920928955078125000000000000        -1.00000000000000000000000000000000000         4.50000000000000000000000000000000000         50.0000000000000000000000000000000000        0.225725066086820462104119023561004435        0.225725066086820462104119023561004435        0.225725066086820462104119023561004435        0.225725066086820462104119023561004435        0.225725066086820462104119023561004435         0.00000000000000000000000000000000000         0.00000000000000000000000000000000000         10.7760837608879204700825412978227920         1629.81497137798551216813760470142928      
   1.04737089795944979999999999999999994E-0002   0.00000000000000000000000000000000000         0.00000000000000000000000000000000000        0.400000000000000000000000000000000019        0.599999999999999999999999999999999981        0.724999999999999999999999999999999981        0.275000000000000000000000000000000019        0.512000024318695068359375000000000000        0.425000011920928955078125000000000000         6.30000010132789611816406250000000000E-0002  0.870056494511586616800702331296776776        0.129943505488413383199297668703223248         0.00000000000000000000000000000000000        0.683022559859958444886526535977552353        0.167811590859605266884724425470909642        0.129098359310438402074632433326122454         278.311176733591166694393935160429533        0.300000011920928955078125000000000000        -1.00000000000000000000000000000000000         4.50000000000000000000000000000000000         50.0000000000000000000000000000000000        0.229200046528932821660162341402870592        0.229200046528932821660162341402870592        0.229200046528932821660162341402870592        0.229200046528932821660162341402870592        0.229200046528932821660162341402870592         0.00000000000000000000000000000000000         0.00000000000000000000000000000000000         11.1317567235004957689762262228973706         1640.04451526434972189702859600090586      
   1.09698579789238420522548511872003990E-0002   0.00000000000000000000000000000000000         0.00000000000000000000000000000000000        0.400000000000000000000000000000000019        0.599999999999999999999999999999999981        0.724999999999999999999999999999999981        0.275000000000000000000000000000000019        0.512000024318695068359375000000000000        0.425000011920928955078125000000000000         6.30000010132789611816406250000000000E-0002  0.870056494511586616800702331296776776        0.129943505488413383199297668703223248         0.00000000000000000000000000000000000        0.683022559859958444886526535977552353        0.167811590859605266884724425470909642        0.129098359310438402074632433326122454         278.311176733591166694393935160429533        0.300000011920928955078125000000000000        -1.00000000000000000000000000000000000         4.50000000000000000000000000000000000         50.0000000000000000000000000000000000        0.232701241426689302802809642256017497        0.232701241426689302802809642256017497        0.232701241426689302802809642256017497        0.232701241426689302802809642256017497        0.232701241426689302802809642256017497         0.00000000000000000000000000000000000         0.00000000000000000000000000000000000         11.5001354475981125500671973423001619         1650.43586812376763573233767606089014      
   1.14895100018730995888633688328071024E-0002   0.00000000000000000000000000000000000         0.00000000000000000000000000000000000        0.400000000000000000000000000000000019        0.599999999999999999999999999999999981        0.724999999999999999999999999999999981        0.275000000000000000000000000000000019        0.512000024318695068359375000000000000        0.425000011920928955078125000000000000         6.30000010132789611816406250000000000E-0002  0.870056494511586616800702331296776776        0.129943505488413383199297668703223248         0.00000000000000000000000000000000000        0.683022559859958444886526535977552353        0.167811590859605266884724425470909642        0.129098359310438402074632433326122454         278.311176733591166694393935160429533        0.300000011920928955078125000000000000        -1.00000000000000000000000000000000000         4.50000000000000000000000000000000000         50.0000000000000000000000000000000000        0.236331372013004693694654545097224063        0.236331372013004693694654545097224063        0.236331372013004693694654545097224063        0.236331372013004693694654545097224063        0.236331372013004693694654545097224063         0.00000000000000000000000000000000000         0.00000000000000000000000000000000000         11.8816013757108764196569118165588634         1661.17823825098191152787968831256377      
   1.20337784077759080699533028507740594E-0002   0.00000000000000000000000000000000000         0.00000000000000000000000000000000000        0.400000000000000000000000000000000019        0.599999999999999999999999999999999981        0.724999999999999999999999999999999981        0.275000000000000000000000000000000019        0.512000024318695068359375000000000000        0.425000011920928955078125000000000000         6.30000010132789611816406250000000000E-0002  0.870056494511586616800702331296776776        0.129943505488413383199297668703223248         0.00000000000000000000000000000000000        0.683022559859958444886526535977552353        0.167811590859605266884724425470909642        0.129098359310438402074632433326122454         278.311176733591166694393935160429533        0.300000011920928955078125000000000000        -1.00000000000000000000000000000000000         4.50000000000000000000000000000000000         50.0000000000000000000000000000000000        0.239900415181485701294424921620064883        0.239900415181485701294424921620064883        0.239900415181485701294424921620064883        0.239900415181485701294424921620064883        0.239900415181485701294424921620064883         0.00000000000000000000000000000000000         0.00000000000000000000000000000000000         12.2772015767373133590185080906802520         1672.20289254209683683628136678008387      
   1.26038292967972908968014429974629652E-0002   0.00000000000000000000000000000000000         0.00000000000000000000000000000000000        0.400000000000000000000000000000000019        0.599999999999999999999999999999999981        0.724999999999999999999999999999999981        0.275000000000000000000000000000000019        0.512000024318695068359375000000000000        0.425000011920928955078125000000000000         6.30000010132789611816406250000000000E-0002  0.870056494511586616800702331296776776        0.129943505488413383199297668703223248         0.00000000000000000000000000000000000        0.683022559859958444886526535977552353        0.167811590859605266884724425470909642        0.129098359310438402074632433326122454         278.311176733591166694393935160429533        0.300000011920928955078125000000000000        -1.00000000000000000000000000000000000         4.50000000000000000000000000000000000         50.0000000000000000000000000000000000        0.243545720714228399894129084534824569        0.243545720714228399894129084534824569        0.243545720714228399894129084534824569        0.243545720714228399894129084534824569        0.243545720714228399894129084534824569         0.00000000000000000000000000000000000         0.00000000000000000000000000000000000         12.6846135719863397516416784202095359         1683.56660809280081001950985755054553      
   1.32008840083141992917991631746251185E-0002   0.00000000000000000000000000000000000         0.00000000000000000000000000000000000        0.400000000000000000000000000000000019        0.599999999999999999999999999999999981        0.724999999999999999999999999999999981        0.275000000000000000000000000000000019        0.512000024318695068359375000000000000        0.425000011920928955078125000000000000         6.30000010132789611816406250000000000E-0002  0.870056494511586616800702331296776776        0.129943505488413383199297668703223248         0.00000000000000000000000000000000000        0.683022559859958444886526535977552353        0.167811590859605266884724425470909642        0.129098359310438402074632433326122454         278.311176733591166694393935160429533        0.300000011920928955078125000000000000        -1.00000000000000000000000000000000000         4.50000000000000000000000000000000000         50.0000000000000000000000000000000000        0.247294043906852005496113738540056941        0.247294043906852005496113738540056941        0.247294043906852005496113738540056941        0.247294043906852005496113738540056941        0.247294043906852005496113738540056941         0.00000000000000000000000000000000000         0.00000000000000000000000000000000000         13.1089164427183837939155989471241488         1695.19069791823135885788200934251047      
   1.38262217376465838916887111257333255E-0002   0.00000000000000000000000000000000000         0.00000000000000000000000000000000000        0.400000000000000000000000000000000019        0.599999999999999999999999999999999981        0.724999999999999999999999999999999981        0.275000000000000000000000000000000019        0.512000024318695068359375000000000000        0.425000011920928955078125000000000000         6.30000010132789611816406250000000000E-0002  0.870056494511586616800702331296776776        0.129943505488413383199297668703223248         0.00000000000000000000000000000000000        0.683022559859958444886526535977552353        0.167811590859605266884724425470909642        0.129098359310438402074632433326122454         278.311176733591166694393935160429533        0.300000011920928955078125000000000000        -1.00000000000000000000000000000000000         4.50000000000000000000000000000000000         50.0000000000000000000000000000000000        0.251040972648129857571323008514056981        0.251040972648129857571323008514056981        0.251040972648129857571323008514056981        0.251040972648129857571323008514056981        0.251040972648129857571323008514056981         0.00000000000000000000000000000000000         0.00000000000000000000000000000000000         13.5479257316561140653284809420768152         1707.15883303014954585682038459906341      
   1.44811822767453669205644236020971476E-0002   0.00000000000000000000000000000000000         0.00000000000000000000000000000000000        0.400000000000000000000000000000000019        0.599999999999999999999999999999999981        0.724999999999999999999999999999999981        0.275000000000000000000000000000000019        0.512000024318695068359375000000000000        0.425000011920928955078125000000000000         6.30000010132789611816406250000000000E-0002  0.870056494511586616800702331296776776        0.129943505488413383199297668703223248         0.00000000000000000000000000000000000        0.683022559859958444886526535977552353        0.167811590859605266884724425470909642        0.129098359310438402074632433326122454         278.311176733591166694393935160429533        0.300000011920928955078125000000000000        -1.00000000000000000000000000000000000         4.50000000000000000000000000000000000         50.0000000000000000000000000000000000        0.254896496705866728576463789852948487        0.254896496705866728576463789852948487        0.254896496705866728576463789852948487        0.254896496705866728576463789852948487        0.254896496705866728576463789852948487         0.00000000000000000000000000000000000         0.00000000000000000000000000000000000         13.9997114431025520193902457923779096         1719.48841702848981772225782338780737      
   1.51671688847092646313725750372786121E-0002   0.00000000000000000000000000000000000         0.00000000000000000000000000000000000        0.400000000000000000000000000000000019        0.599999999999999999999999999999999981        0.724999999999999999999999999999999981        0.275000000000000000000000000000000019        0.512000024318695068359375000000000000        0.425000011920928955078125000000000000         6.30000010132789611816406250000000000E-0002  0.870056494511586616800702331296776776        0.129943505488413383199297668703223248         0.00000000000000000000000000000000000        0.683022559859958444886526535977552353        0.167811590859605266884724425470909642        0.129098359310438402074632433326122454         278.311176733591166694393935160429533        0.300000011920928955078125000000000000        -1.00000000000000000000000000000000000         4.50000000000000000000000000000000000         50.0000000000000000000000000000000000        0.258804352080195874177967428001676528        0.258804352080195874177967428001676528        0.258804352080195874177967428001676528        0.258804352080195874177967428001676528        0.258804352080195874177967428001676528         0.00000000000000000000000000000000000         0.00000000000000000000000000000000000         14.4708929776408530846077021448679401         1732.13623952958559617619770581649622      
   1.58856512942805692341715952667117983E-0002   0.00000000000000000000000000000000000         0.00000000000000000000000000000000000        0.400000000000000000000000000000000019        0.599999999999999999999999999999999981        0.724999999999999999999999999999999981        0.275000000000000000000000000000000019        0.512000024318695068359375000000000000        0.425000011920928955078125000000000000         6.30000010132789611816406250000000000E-0002  0.870056494511586616800702331296776776        0.129943505488413383199297668703223248         0.00000000000000000000000000000000000        0.683022559859958444886526535977552353        0.167811590859605266884724425470909642        0.129098359310438402074632433326122454         278.311176733591166694393935160429533        0.300000011920928955078125000000000000        -1.00000000000000000000000000000000000         4.50000000000000000000000000000000000         50.0000000000000000000000000000000000        0.262754047507228811460998728091857491        0.262754047507228811460998728091857491        0.262754047507228811460998728091857491        0.262754047507228811460998728091857491        0.262754047507228811460998728091857491         0.00000000000000000000000000000000000         0.00000000000000000000000000000000000         14.9569801162412779646917086687245537         1745.22957998106322170874510197587403      
   1.66381688607613357256321400820289791E-0002   0.00000000000000000000000000000000000         0.00000000000000000000000000000000000        0.400000000000000000000000000000000019        0.599999999999999999999999999999999981        0.724999999999999999999999999999999981        0.275000000000000000000000000000000019        0.512000024318695068359375000000000000        0.425000011920928955078125000000000000         6.30000010132789611816406250000000000E-0002  0.870056494511586616800702331296776776        0.129943505488413383199297668703223248         0.00000000000000000000000000000000000        0.683022559859958444886526535977552353        0.167811590859605266884724425470909642        0.129098359310438402074632433326122454         278.311176733591166694393935160429533        0.300000011920928955078125000000000000        -1.00000000000000000000000000000000000         4.50000000000000000000000000000000000         50.0000000000000000000000000000000000        0.266844103849904707023460548098643520        0.266844103849904707023460548098643520        0.266844103849904707023460548098643520        0.266844103849904707023460548098643520        0.266844103849904707023460548098643520         0.00000000000000000000000000000000000         0.00000000000000000000000000000000000         15.4584299931838246899464863438323034         1758.66925385523377170612128905321828      
   1.74263338600965560876971718594349557E-0002   0.00000000000000000000000000000000000         0.00000000000000000000000000000000000        0.400000000000000000000000000000000019        0.599999999999999999999999999999999981        0.724999999999999999999999999999999981        0.275000000000000000000000000000000019        0.512000024318695068359375000000000000        0.425000011920928955078125000000000000         6.30000010132789611816406250000000000E-0002  0.870056494511586616800702331296776776        0.129943505488413383199297668703223248         0.00000000000000000000000000000000000        0.683022559859958444886526535977552353        0.167811590859605266884724425470909642        0.129098359310438402074632433326122454         278.311176733591166694393935160429533        0.300000011920928955078125000000000000        -1.00000000000000000000000000000000000         4.50000000000000000000000000000000000         50.0000000000000000000000000000000000        0.270837307702309938969980582299544287        0.270837307702309938969980582299544287        0.270837307702309938969980582299544287        0.270837307702309938969980582299544287        0.270837307702309938969980582299544287         0.00000000000000000000000000000000000         0.00000000000000000000000000000000000         15.9821236494582192355796724671116840         1772.45125154408396805252536633093900      
   1.82518349431904949929850662738093818E-0002   0.00000000000000000000000000000000000         0.00000000000000000000000000000000000        0.400000000000000000000000000000000019        0.599999999999999999999999999999999981        0.724999999999999999999999999999999981        0.275000000000000000000000000000000019        0.512000024318695068359375000000000000        0.425000011920928955078125000000000000         6.30000010132789611816406250000000000E-0002  0.870056494511586616800702331296776776        0.129943505488413383199297668703223248         0.00000000000000000000000000000000000        0.683022559859958444886526535977552353        0.167811590859605266884724425470909642        0.129098359310438402074632433326122454         278.311176733591166694393935160429533        0.300000011920928955078125000000000000        -1.00000000000000000000000000000000000         4.50000000000000000000000000000000000         50.0000000000000000000000000000000000        0.274941822195134164416729988135621695        0.274941822195134164416729988135621695        0.274941822195134164416729988135621695        0.274941822195134164416729988135621695        0.274941822195134164416729988135621695         0.00000000000000000000000000000000000         0.00000000000000000000000000000000000         16.5209504477558725856919417969615913         1786.63222291577572497883524858025132      
   1.91164407538570921685539093537247029E-0002   0.00000000000000000000000000000000000         0.00000000000000000000000000000000000        0.400000000000000000000000000000000019        0.599999999999999999999999999999999981        0.724999999999999999999999999999999981        0.275000000000000000000000000000000019        0.512000024318695068359375000000000000        0.425000011920928955078125000000000000         6.30000010132789611816406250000000000E-0002  0.870056494511586616800702331296776776        0.129943505488413383199297668703223248         0.00000000000000000000000000000000000        0.683022559859958444886526535977552353        0.167811590859605266884724425470909642        0.129098359310438402074632433326122454         278.311176733591166694393935160429533        0.300000011920928955078125000000000000        -1.00000000000000000000000000000000000         4.50000000000000000000000000000000000         50.0000000000000000000000000000000000        0.279162267431572630291807934967476175        0.279162267431572630291807934967476175        0.279162267431572630291807934967476175        0.279162267431572630291807934967476175        0.279162267431572630291807934967476175         0.00000000000000000000000000000000000         0.00000000000000000000000000000000000         17.0813720927137987405742216931458956         1801.25356593479354566485501955284376      
   2.00220037181559240923900195423679447E-0002   0.00000000000000000000000000000000000         0.00000000000000000000000000000000000        0.400000000000000000000000000000000019        0.599999999999999999999999999999999981        0.724999999999999999999999999999999981        0.275000000000000000000000000000000019        0.512000024318695068359375000000000000        0.425000011920928955078125000000000000         6.30000010132789611816406250000000000E-0002  0.870056494511586616800702331296776776        0.129943505488413383199297668703223248         0.00000000000000000000000000000000000        0.683022559859958444886526535977552353        0.167811590859605266884724425470909642        0.129098359310438402074632433326122454         278.311176733591166694393935160429533        0.300000011920928955078125000000000000        -1.00000000000000000000000000000000000         4.50000000000000000000000000000000000         50.0000000000000000000000000000000000        0.283438896663508074341812075927981608        0.283438896663508074341812075927981608        0.283438896663508074341812075927981608        0.283438896663508074341812075927981608        0.283438896663508074341812075927981608         0.00000000000000000000000000000000000         0.00000000000000000000000000000000000         17.6593339234828841041209452337895108         1816.25296633467235174988515584022240      
   2.09704640132324128654944033811962271E-0002   0.00000000000000000000000000000000000         0.00000000000000000000000000000000000        0.400000000000000000000000000000000019        0.599999999999999999999999999999999981        0.724999999999999999999999999999999981        0.275000000000000000000000000000000019        0.512000024318695068359375000000000000        0.425000011920928955078125000000000000         6.30000010132789611816406250000000000E-0002  0.870056494511586616800702331296776776        0.129943505488413383199297668703223248         0.00000000000000000000000000000000000        0.683022559859958444886526535977552353        0.167811590859605266884724425470909642        0.129098359310438402074632433326122454         278.311176733591166694393935160429533        0.300000011920928955078125000000000000        -1.00000000000000000000000000000000000         4.50000000000000000000000000000000000         50.0000000000000000000000000000000000        0.287718409736420417181023422356038178        0.287718409736420417181023422356038178        0.287718409736420417181023422356038178        0.287718409736420417181023422356038178        0.287718409736420417181023422356038178         0.00000000000000000000000000000000000         0.00000000000000000000000000000000000         18.2640494499825220324187003740562536         1831.55957486513157831867498847857487      
   2.19638537241655596358102494951593575E-0002   0.00000000000000000000000000000000000         0.00000000000000000000000000000000000        0.400000000000000000000000000000000019        0.599999999999999999999999999999999981        0.724999999999999999999999999999999981        0.275000000000000000000000000000000019        0.512000024318695068359375000000000000        0.425000011920928955078125000000000000         6.30000010132789611816406250000000000E-0002  0.870056494511586616800702331296776776        0.129943505488413383199297668703223248         0.00000000000000000000000000000000000        0.683022559859958444886526535977552353        0.167811590859605266884724425470909642        0.129098359310438402074632433326122454         278.311176733591166694393935160429533        0.300000011920928955078125000000000000        -1.00000000000000000000000000000000000         4.50000000000000000000000000000000000         50.0000000000000000000000000000000000        0.292090136362736273224101368663579949        0.292090136362736273224101368663579949        0.292090136362736273224101368663579949        0.292090136362736273224101368663579949        0.292090136362736273224101368663579949         0.00000000000000000000000000000000000         0.00000000000000000000000000000000000         18.8866034959435216075004236234904755         1847.44585353779829612775695182967966      
   2.30043011977292878351454756950050690E-0002   0.00000000000000000000000000000000000         0.00000000000000000000000000000000000        0.400000000000000000000000000000000019        0.599999999999999999999999999999999981        0.724999999999999999999999999999999981        0.275000000000000000000000000000000019        0.512000024318695068359375000000000000        0.425000011920928955078125000000000000         6.30000010132789611816406250000000000E-0002  0.870056494511586616800702331296776776        0.129943505488413383199297668703223248         0.00000000000000000000000000000000000        0.683022559859958444886526535977552353        0.167811590859605266884724425470909642        0.129098359310438402074632433326122454         278.311176733591166694393935160429533        0.300000011920928955078125000000000000        -1.00000000000000000000000000000000000         4.50000000000000000000000000000000000         50.0000000000000000000000000000000000        0.296593735834006095214382336298720521        0.296593735834006095214382336298720521        0.296593735834006095214382336298720521        0.296593735834006095214382336298720521        0.296593735834006095214382336298720521         0.00000000000000000000000000000000000         0.00000000000000000000000000000000000         19.5311520735904166911587323317432650         1863.72267603611136912171698441864832      
   2.40940356023953707463686306717419161E-0002   0.00000000000000000000000000000000000         0.00000000000000000000000000000000000        0.400000000000000000000000000000000019        0.599999999999999999999999999999999981        0.724999999999999999999999999999999981        0.275000000000000000000000000000000019        0.512000024318695068359375000000000000        0.425000011920928955078125000000000000         6.30000010132789611816406250000000000E-0002  0.870056494511586616800702331296776776        0.129943505488413383199297668703223248         0.00000000000000000000000000000000000        0.683022559859958444886526535977552353        0.167811590859605266884724425470909642        0.129098359310438402074632433326122454         278.311176733591166694393935160429533        0.300000011920928955078125000000000000        -1.00000000000000000000000000000000000         4.50000000000000000000000000000000000         50.0000000000000000000000000000000000        0.301050274829503690454167856638600466        0.301050274829503690454167856638600466        0.301050274829503690454167856638600466        0.301050274829503690454167856638600466        0.301050274829503690454167856638600466         0.00000000000000000000000000000000000         0.00000000000000000000000000000000000         20.1983367301330207790617205847929428         1880.53431054585719006914317593644068      
   2.52353917043477924471827901828532746E-0002   0.00000000000000000000000000000000000         0.00000000000000000000000000000000000        0.400000000000000000000000000000000019        0.599999999999999999999999999999999981        0.724999999999999999999999999999999981        0.275000000000000000000000000000000019        0.512000024318695068359375000000000000        0.425000011920928955078125000000000000         6.30000010132789611816406250000000000E-0002  0.870056494511586616800702331296776776        0.129943505488413383199297668703223248         0.00000000000000000000000000000000000        0.683022559859958444886526535977552353        0.167811590859605266884724425470909642        0.129098359310438402074632433326122454         278.311176733591166694393935160429533        0.300000011920928955078125000000000000        -1.00000000000000000000000000000000000         4.50000000000000000000000000000000000         50.0000000000000000000000000000000000        0.305642128699769675203842241937022627        0.305642128699769675203842241937022627        0.305642128699769675203842241937022627        0.305642128699769675203842241937022627        0.305642128699769675203842241937022627         0.00000000000000000000000000000000000         0.00000000000000000000000000000000000         20.8938596694325403284055789699747980         1897.70430815138242270507176207460800      
   2.64308148697411976990338126706688651E-0002   0.00000000000000000000000000000000000         0.00000000000000000000000000000000000        0.400000000000000000000000000000000019        0.599999999999999999999999999999999981        0.724999999999999999999999999999999981        0.275000000000000000000000000000000019        0.512000024318695068359375000000000000        0.425000011920928955078125000000000000         6.30000010132789611816406250000000000E-0002  0.870056494511586616800702331296776776        0.129943505488413383199297668703223248         0.00000000000000000000000000000000000        0.683022559859958444886526535977552353        0.167811590859605266884724425470909642        0.129098359310438402074632433326122454         278.311176733591166694393935160429533        0.300000011920928955078125000000000000        -1.00000000000000000000000000000000000         4.50000000000000000000000000000000000         50.0000000000000000000000000000000000        0.310261762591371260474345902283200662        0.310261762591371260474345902283200662        0.310261762591371260474345902283200662        0.310261762591371260474345902283200662        0.310261762591371260474345902283200662         0.00000000000000000000000000000000000         0.00000000000000000000000000000000000         21.6100709636547590317807846444960890         1915.43634404786372254876388626056129      
   2.76828663039208164325015985943068658E-0002   0.00000000000000000000000000000000000         0.00000000000000000000000000000000000        0.400000000000000000000000000000000019        0.599999999999999999999999999999999981        0.724999999999999999999999999999999981        0.275000000000000000000000000000000019        0.512000024318695068359375000000000000        0.425000011920928955078125000000000000         6.30000010132789611816406250000000000E-0002  0.870056494511586616800702331296776776        0.129943505488413383199297668703223248         0.00000000000000000000000000000000000        0.683022559859958444886526535977552353        0.167811590859605266884724425470909642        0.129098359310438402074632433326122454         278.311176733591166694393935160429533        0.300000011920928955078125000000000000        -1.00000000000000000000000000000000000         4.50000000000000000000000000000000000         50.0000000000000000000000000000000000        0.315008371763356334917682655058383766        0.315008371763356334917682655058383766        0.315008371763356334917682655058383766        0.315008371763356334917682655058383766        0.315008371763356334917682655058383766         0.00000000000000000000000000000000000         0.00000000000000000000000000000000000         22.3564149569682092705807414429270273         1933.60975781698083385029832285619372      
   2.89942285388289406626051058156534930E-0002   0.00000000000000000000000000000000000         0.00000000000000000000000000000000000        0.400000000000000000000000000000000019        0.599999999999999999999999999999999981        0.724999999999999999999999999999999981        0.275000000000000000000000000000000019        0.512000024318695068359375000000000000        0.425000011920928955078125000000000000         6.30000010132789611816406250000000000E-0002  0.870056494511586616800702331296776776        0.129943505488413383199297668703223248         0.00000000000000000000000000000000000        0.683022559859958444886526535977552353        0.167811590859605266884724425470909642        0.129098359310438402074632433326122454         278.311176733591166694393935160429533        0.300000011920928955078125000000000000        -1.00000000000000000000000000000000000         4.50000000000000000000000000000000000         50.0000000000000000000000000000000000        0.319815058449782403077785289370111585        0.319815058449782403077785289370111585        0.319815058449782403077785289370111585        0.319815058449782403077785289370111585        0.319815058449782403077785289370111585         0.00000000000000000000000000000000000         0.00000000000000000000000000000000000         23.1320515851803288327082645734542142         1952.19422093771917315944164120269111      
   3.03677111803547736840862033878692513E-0002   0.00000000000000000000000000000000000         0.00000000000000000000000000000000000        0.400000000000000000000000000000000019        0.599999999999999999999999999999999981        0.724999999999999999999999999999999981        0.275000000000000000000000000000000019        0.512000024318695068359375000000000000        0.425000011920928955078125000000000000         6.30000010132789611816406250000000000E-0002  0.870056494511586616800702331296776776        0.129943505488413383199297668703223248         0.00000000000000000000000000000000000        0.683022559859958444886526535977552353        0.167811590859605266884724425470909642        0.129098359310438402074632433326122454         278.311176733591166694393935160429533        0.300000011920928955078125000000000000        -1.00000000000000000000000000000000000         4.50000000000000000000000000000000000         50.0000000000000000000000000000000000        0.324579845775006626987824804546626227        0.324579845775006626987824804546626227        0.324579845775006626987824804546626227        0.324579845775006626987824804546626227        0.324579845775006626987824804546626227         0.00000000000000000000000000000000000         0.00000000000000000000000000000000000         23.9319798692348895973979602455058289         1971.49511042776633222102964296679565      
   3.18062569279414025101825130079188269E-0002   0.00000000000000000000000000000000000         0.00000000000000000000000000000000000        0.400000000000000000000000000000000019        0.599999999999999999999999999999999981        0.724999999999999999999999999999999981        0.275000000000000000000000000000000019        0.512000024318695068359375000000000000        0.425000011920928955078125000000000000         6.30000010132789611816406250000000000E-0002  0.870056494511586616800702331296776776        0.129943505488413383199297668703223248         0.00000000000000000000000000000000000        0.683022559859958444886526535977552353        0.167811590859605266884724425470909642        0.129098359310438402074632433326122454         278.311176733591166694393935160429533        0.300000011920928955078125000000000000        -1.00000000000000000000000000000000000         4.50000000000000000000000000000000000         50.0000000000000000000000000000000000        0.329456725910549568689524508414743782        0.329456725910549568689524508414743782        0.329456725910549568689524508414743782        0.329456725910549568689524508414743782        0.329456725910549568689524508414743782         0.00000000000000000000000000000000000         0.00000000000000000000000000000000000         24.7663311314154778649861103404666291         1991.16354966832313409346599681452389      
   3.33129478793469579587899033329322212E-0002   0.00000000000000000000000000000000000         0.00000000000000000000000000000000000        0.400000000000000000000000000000000019        0.599999999999999999999999999999999981        0.724999999999999999999999999999999981        0.275000000000000000000000000000000019        0.512000024318695068359375000000000000        0.425000011920928955078125000000000000         6.30000010132789611816406250000000000E-0002  0.870056494511586616800702331296776776        0.129943505488413383199297668703223248         0.00000000000000000000000000000000000        0.683022559859958444886526535977552353        0.167811590859605266884724425470909642        0.129098359310438402074632433326122454         278.311176733591166694393935160429533        0.300000011920928955078125000000000000        -1.00000000000000000000000000000000000         4.50000000000000000000000000000000000         50.0000000000000000000000000000000000        0.334503626370230356509512766708200165        0.334503626370230356509512766708200165        0.334503626370230356509512766708200165        0.334503626370230356509512766708200165        0.334503626370230356509512766708200165         0.00000000000000000000000000000000000         0.00000000000000000000000000000000000         25.6304199724943196678839440499376879         2011.46139894016117453196595759168639      
   3.48910121340679723117689330325258897E-0002   0.00000000000000000000000000000000000         0.00000000000000000000000000000000000        0.400000000000000000000000000000000019        0.599999999999999999999999999999999981        0.724999999999999999999999999999999981        0.275000000000000000000000000000000019        0.512000024318695068359375000000000000        0.425000011920928955078125000000000000         6.30000010132789611816406250000000000E-0002  0.870056494511586616800702331296776776        0.129943505488413383199297668703223248         0.00000000000000000000000000000000000        0.683022559859958444886526535977552353        0.167811590859605266884724425470909642        0.129098359310438402074632433326122454         278.311176733591166694393935160429533        0.300000011920928955078125000000000000        -1.00000000000000000000000000000000000         4.50000000000000000000000000000000000         50.0000000000000000000000000000000000        0.339486919565542794303408841078834701        0.339486919565542794303408841078834701        0.339486919565542794303408841078834701        0.339486919565542794303408841078834701        0.339486919565542794303408841078834701         0.00000000000000000000000000000000000         0.00000000000000000000000000000000000         26.5242151338864220717748706478474787         2032.28994838939011676194971169374450      
   3.65438307095728310329776802679418081E-0002   0.00000000000000000000000000000000000         0.00000000000000000000000000000000000        0.400000000000000000000000000000000019        0.599999999999999999999999999999999981        0.724999999999999999999999999999999981        0.275000000000000000000000000000000019        0.512000024318695068359375000000000000        0.425000011920928955078125000000000000         6.30000010132789611816406250000000000E-0002  0.870056494511586616800702331296776776        0.129943505488413383199297668703223248         0.00000000000000000000000000000000000        0.683022559859958444886526535977552353        0.167811590859605266884724425470909642        0.129098359310438402074632433326122454         278.311176733591166694393935160429533        0.300000011920928955078125000000000000        -1.00000000000000000000000000000000000         4.50000000000000000000000000000000000         50.0000000000000000000000000000000000        0.344690695597751019726119070905847340        0.344690695597751019726119070905847340        0.344690695597751019726119070905847340        0.344690695597751019726119070905847340        0.344690695597751019726119070905847340         0.00000000000000000000000000000000000         0.00000000000000000000000000000000000         27.4548528529846697605763518593595140         2053.69966086888779894623545937270019      
   3.82749447851634135913727803832376407E-0002   0.00000000000000000000000000000000000         0.00000000000000000000000000000000000        0.400000000000000000000000000000000019        0.599999999999999999999999999999999981        0.724999999999999999999999999999999981        0.275000000000000000000000000000000019        0.512000024318695068359375000000000000        0.425000011920928955078125000000000000         6.30000010132789611816406250000000000E-0002  0.870056494511586616800702331296776776        0.129943505488413383199297668703223248         0.00000000000000000000000000000000000        0.683022559859958444886526535977552353        0.167811590859605266884724425470909642        0.129098359310438402074632433326122454         278.311176733591166694393935160429533        0.300000011920928955078125000000000000        -1.00000000000000000000000000000000000         4.50000000000000000000000000000000000         50.0000000000000000000000000000000000        0.349845105957898164597597472220268392        0.349845105957898164597597472220268392        0.349845105957898164597597472220268392        0.349845105957898164597597472220268392        0.349845105957898164597597472220268392         0.00000000000000000000000000000000000         0.00000000000000000000000000000000000         28.4211071513044532074544936746585735         2075.62550960039437091068277087101856      
   4.00880632889849649039141805889355062E-0002   0.00000000000000000000000000000000000         0.00000000000000000000000000000000000        0.400000000000000000000000000000000019        0.599999999999999999999999999999999981        0.724999999999999999999999999999999981        0.275000000000000000000000000000000019        0.512000024318695068359375000000000000        0.425000011920928955078125000000000000         6.30000010132789611816406250000000000E-0002  0.870056494511586616800702331296776776        0.129943505488413383199297668703223248         0.00000000000000000000000000000000000        0.683022559859958444886526535977552353        0.167811590859605266884724425470909642        0.129098359310438402074632433326122454         278.311176733591166694393935160429533        0.300000011920928955078125000000000000        -1.00000000000000000000000000000000000         4.50000000000000000000000000000000000         50.0000000000000000000000000000000000        0.355123142689881913777891056406472279        0.355123142689881913777891056406472279        0.355123142689881913777891056406472279        0.355123142689881913777891056406472279        0.355123142689881913777891056406472279         0.00000000000000000000000000000000000         0.00000000000000000000000000000000000         29.4233648758961861469087003810105605         2098.20257495971168757138538165008825      
   4.19870708444394372159300809145208468E-0002   0.00000000000000000000000000000000000         0.00000000000000000000000000000000000        0.400000000000000000000000000000000019        0.599999999999999999999999999999999981        0.724999999999999999999999999999999981        0.275000000000000000000000000000000019        0.512000024318695068359375000000000000        0.425000011920928955078125000000000000         6.30000010132789611816406250000000000E-0002  0.870056494511586616800702331296776776        0.129943505488413383199297668703223248         0.00000000000000000000000000000000000        0.683022559859958444886526535977552353        0.167811590859605266884724425470909642        0.129098359310438402074632433326122454         278.311176733591166694393935160429533        0.300000011920928955078125000000000000        -1.00000000000000000000000000000000000         4.50000000000000000000000000000000000         50.0000000000000000000000000000000000        0.360493861373246925540130271149687289        0.360493861373246925540130271149687289        0.360493861373246925540130271149687289        0.360493861373246925540130271149687289        0.360493861373246925540130271149687289         0.00000000000000000000000000000000000         0.00000000000000000000000000000000000         30.4630844187086828410943926919850003         2121.41680632702240030069511417572327      
   4.39760360930275675433071206856609502E-0002   0.00000000000000000000000000000000000         0.00000000000000000000000000000000000        0.400000000000000000000000000000000019        0.599999999999999999999999999999999981        0.724999999999999999999999999999999981        0.275000000000000000000000000000000019        0.512000024318695068359375000000000000        0.425000011920928955078125000000000000         6.30000010132789611816406250000000000E-0002  0.870056494511586616800702331296776776        0.129943505488413383199297668703223248         0.00000000000000000000000000000000000        0.683022559859958444886526535977552353        0.167811590859605266884724425470909642        0.129098359310438402074632433326122454         278.311176733591166694393935160429533        0.300000011920928955078125000000000000        -1.00000000000000000000000000000000000         4.50000000000000000000000000000000000         50.0000000000000000000000000000000000        0.365917904510225732121716625301039708        0.365917904510225732121716625301039708        0.365917904510225732121716625301039708        0.365917904510225732121716625301039708        0.365917904510225732121716625301039708         0.00000000000000000000000000000000000         0.00000000000000000000000000000000000         31.5434168192633271916138968794555649         2145.25876108132659450012230485747272      
   4.60592204114514578978097464129404699E-0002   0.00000000000000000000000000000000000         0.00000000000000000000000000000000000        0.400000000000000000000000000000000019        0.599999999999999999999999999999999981        0.724999999999999999999999999999999981        0.275000000000000000000000000000000019        0.512000024318695068359375000000000000        0.425000011920928955078125000000000000         6.30000010132789611816406250000000000E-0002  0.870056494511586616800702331296776776        0.129943505488413383199297668703223248         0.00000000000000000000000000000000000        0.683022559859958444886526535977552353        0.167811590859605266884724425470909642        0.129098359310438402074632433326122454         278.311176733591166694393935160429533        0.300000011920928955078125000000000000        -1.00000000000000000000000000000000000         4.50000000000000000000000000000000000         50.0000000000000000000000000000000000        0.371341598901335762198409639262015911        0.371341598901335762198409639262015911        0.371341598901335762198409639262015911        0.371341598901335762198409639262015911        0.371341598901335762198409639262015911         0.00000000000000000000000000000000000         0.00000000000000000000000000000000000         32.6675302526731363784218750200573883         2169.66870982582573728843821916435082      
   4.82410870416541323423097474256259733E-0002   0.00000000000000000000000000000000000         0.00000000000000000000000000000000000        0.400000000000000000000000000000000019        0.599999999999999999999999999999999981        0.724999999999999999999999999999999981        0.275000000000000000000000000000000019        0.512000024318695068359375000000000000        0.425000011920928955078125000000000000         6.30000010132789611816406250000000000E-0002  0.870056494511586616800702331296776776        0.129943505488413383199297668703223248         0.00000000000000000000000000000000000        0.683022559859958444886526535977552353        0.167811590859605266884724425470909642        0.129098359310438402074632433326122454         278.311176733591166694393935160429533        0.300000011920928955078125000000000000        -1.00000000000000000000000000000000000         4.50000000000000000000000000000000000         50.0000000000000000000000000000000000        0.376998186629732141102589764551829778        0.376998186629732141102589764551829778        0.376998186629732141102589764551829778        0.376998186629732141102589764551829778        0.376998186629732141102589764551829778         0.00000000000000000000000000000000000         0.00000000000000000000000000000000000         33.8342840633743221223944727269532074         2194.93930290807193867766137730692652      
   5.05263106533572662690193201580239323E-0002   0.00000000000000000000000000000000000         0.00000000000000000000000000000000000        0.400000000000000000000000000000000019        0.599999999999999999999999999999999981        0.724999999999999999999999999999999981        0.275000000000000000000000000000000019        0.512000024318695068359375000000000000        0.425000011920928955078125000000000000         6.30000010132789611816406250000000000E-0002  0.870056494511586616800702331296776776        0.129943505488413383199297668703223248         0.00000000000000000000000000000000000        0.683022559859958444886526535977552353        0.167811590859605266884724425470909642        0.129098359310438402074632433326122454         278.311176733591166694393935160429533        0.300000011920928955078125000000000000        -1.00000000000000000000000000000000000         4.50000000000000000000000000000000000         50.0000000000000000000000000000000000        0.382601258160407214755720792305221596        0.382601258160407214755720792305221596        0.382601258160407214755720792305221596        0.382601258160407214755720792305221596        0.382601258160407214755720792305221596         0.00000000000000000000000000000000000         0.00000000000000000000000000000000000         35.0450365563667760755794455292316139         2220.94531901853041486242257773579593      
   5.29197873595849146847521071145970371E-0002   0.00000000000000000000000000000000000         0.00000000000000000000000000000000000        0.400000000000000000000000000000000019        0.599999999999999999999999999999999981        0.724999999999999999999999999999999981        0.275000000000000000000000000000000019        0.512000024318695068359375000000000000        0.425000011920928955078125000000000000         6.30000010132789611816406250000000000E-0002  0.870056494511586616800702331296776776        0.129943505488413383199297668703223248         0.00000000000000000000000000000000000        0.683022559859958444886526535977552353        0.167811590859605266884724425470909642        0.129098359310438402074632433326122454         278.311176733591166694393935160429533        0.300000011920928955078125000000000000        -1.00000000000000000000000000000000000         4.50000000000000000000000000000000000         50.0000000000000000000000000000000000        0.388473463101830841814251213093628340        0.388473463101830841814251213093628340        0.388473463101830841814251213093628340        0.388473463101830841814251213093628340        0.388473463101830841814251213093628340         0.00000000000000000000000000000000000         0.00000000000000000000000000000000000         36.3043479712141379792258755921867786         2247.97427184158314332432935640649540      
   5.54266452066315930392335611285580509E-0002   0.00000000000000000000000000000000000         0.00000000000000000000000000000000000        0.400000000000000000000000000000000019        0.599999999999999999999999999999999981        0.724999999999999999999999999999999981        0.275000000000000000000000000000000019        0.512000024318695068359375000000000000        0.425000011920928955078125000000000000         6.30000010132789611816406250000000000E-0002  0.870056494511586616800702331296776776        0.129943505488413383199297668703223248         0.00000000000000000000000000000000000        0.683022559859958444886526535977552353        0.167811590859605266884724425470909642        0.129098359310438402074632433326122454         278.311176733591166694393935160429533        0.300000011920928955078125000000000000        -1.00000000000000000000000000000000000         4.50000000000000000000000000000000000         50.0000000000000000000000000000000000        0.394240473721131015021585602025017784        0.394240473721131015021585602025017784        0.394240473721131015021585602025017784        0.394240473721131015021585602025017784        0.394240473721131015021585602025017784         0.00000000000000000000000000000000000         0.00000000000000000000000000000000000         37.6081641124561133826553356892155430         2276.62773631073055399486523494740347      
   5.80522551609495656082146517268962107E-0002   0.00000000000000000000000000000000000         0.00000000000000000000000000000000000        0.400000000000000000000000000000000019        0.599999999999999999999999999999999981        0.724999999999999999999999999999999981        0.275000000000000000000000000000000019        0.512000024318695068359375000000000000        0.425000011920928955078125000000000000         6.30000010132789611816406250000000000E-0002  0.870056494511586616800702331296776776        0.129943505488413383199297668703223248         0.00000000000000000000000000000000000        0.683022559859958444886526535977552353        0.167811590859605266884724425470909642        0.129098359310438402074632433326122454         278.311176733591166694393935160429533        0.300000011920928955078125000000000000        -1.00000000000000000000000000000000000         4.50000000000000000000000000000000000         50.0000000000000000000000000000000000        0.400132525525976709114011394441444713        0.400132525525976709114011394441444713        0.400132525525976709114011394441444713        0.400132525525976709114011394441444713        0.400132525525976709114011394441444713         0.00000000000000000000000000000000000         0.00000000000000000000000000000000000         38.9555076111869777658837980348135547         2308.07967067062645056450999618728351      
   6.08022426164948505065581588806303073E-0002   0.00000000000000000000000000000000000         0.00000000000000000000000000000000000        0.400000000000000000000000000000000019        0.599999999999999999999999999999999981        0.724999999999999999999999999999999981        0.275000000000000000000000000000000019        0.512000024318695068359375000000000000        0.425000011920928955078125000000000000         6.30000010132789611816406250000000000E-0002  0.870056494511586616800702331296776776        0.129943505488413383199297668703223248         0.00000000000000000000000000000000000        0.683022559859958444886526535977552353        0.167811590859605266884724425470909642        0.129098359310438402074632433326122454         278.311176733591166694393935160429533        0.300000011920928955078125000000000000        -1.00000000000000000000000000000000000         4.50000000000000000000000000000000000         50.0000000000000000000000000000000000        0.406032198451009816867029718038749239        0.406032198451009816867029718038749239        0.406032198451009816867029718038749239        0.406032198451009816867029718038749239        0.406032198451009816867029718038749239         0.00000000000000000000000000000000000         0.00000000000000000000000000000000000         40.3338619380991498791389004732458656         2344.44770653178393539556825700456017      
   6.36824994471865380888821842690214039E-0002   0.00000000000000000000000000000000000         0.00000000000000000000000000000000000        0.400000000000000000000000000000000019        0.599999999999999999999999999999999981        0.724999999999999999999999999999999981        0.275000000000000000000000000000000019        0.512000024318695068359375000000000000        0.425000011920928955078125000000000000         6.30000010132789611816406250000000000E-0002  0.870056494511586616800702331296776776        0.129943505488413383199297668703223248         0.00000000000000000000000000000000000        0.683022559859958444886526535977552353        0.167811590859605266884724425470909642        0.129098359310438402074632433326122454         278.311176733591166694393935160429533        0.300000011920928955078125000000000000        -1.00000000000000000000000000000000000         4.50000000000000000000000000000000000         50.0000000000000000000000000000000000        0.412240774730975174360687113546662745        0.412240774730975174360687113546662745        0.412240774730975174360687113546662745        0.412240774730975174360687113546662745        0.412240774730975174360687113546662745         0.00000000000000000000000000000000000         0.00000000000000000000000000000000000         41.7129448257011423550347837590042645         2386.63383688822363772830851994581426      
   6.66991966303019298825804335972346273E-0002   0.00000000000000000000000000000000000         0.00000000000000000000000000000000000        0.400000000000000000000000000000000019        0.599999999999999999999999999999999981        0.724999999999999999999999999999999981        0.275000000000000000000000000000000019        0.512000024318695068359375000000000000        0.425000011920928955078125000000000000         6.30000010132789611816406250000000000E-0002  0.870056494511586616800702331296776776        0.129943505488413383199297668703223248         0.00000000000000000000000000000000000        0.683022559859958444886526535977552353        0.167811590859605266884724425470909642        0.129098359310438402074632433326122454         278.311176733591166694393935160429533        0.300000011920928955078125000000000000        -1.00000000000000000000000000000000000         4.50000000000000000000000000000000000         50.0000000000000000000000000000000000        0.418350858295769121465142712527829052        0.418350858295769121465142712527829052        0.418350858295769121465142712527829052        0.418350858295769121465142712527829052        0.418350858295769121465142712527829052         0.00000000000000000000000000000000000         0.00000000000000000000000000000000000         43.0262243905890169197106327201631622         2434.25073281970162423051166798406436      
   6.98587974678532405490532339768403819E-0002   0.00000000000000000000000000000000000         0.00000000000000000000000000000000000        0.400000000000000000000000000000000019        0.599999999999999999999999999999999981        0.724999999999999999999999999999999981        0.275000000000000000000000000000000019        0.512000024318695068359375000000000000        0.425000011920928955078125000000000000         6.30000010132789611816406250000000000E-0002  0.870056494511586616800702331296776776        0.129943505488413383199297668703223248         0.00000000000000000000000000000000000        0.683022559859958444886526535977552353        0.167811590859605266884724425470909642        0.129098359310438402074632433326122454         278.311176733591166694393935160429533        0.300000011920928955078125000000000000        -1.00000000000000000000000000000000000         4.50000000000000000000000000000000000         50.0000000000000000000000000000000000        0.424622959125129747566328069704327812        0.424622959125129747566328069704327812        0.424622959125129747566328069704327812        0.424622959125129747566328069704327812        0.424622959125129747566328069704327812         0.00000000000000000000000000000000000         0.00000000000000000000000000000000000         44.5208229668513632352598784638342127         2473.72918864135307926050130065712225      
   7.31680714342727864769909562452151975E-0002   0.00000000000000000000000000000000000         0.00000000000000000000000000000000000        0.400000000000000000000000000000000019        0.599999999999999999999999999999999981        0.724999999999999999999999999999999981        0.275000000000000000000000000000000019        0.512000024318695068359375000000000000        0.425000011920928955078125000000000000         6.30000010132789611816406250000000000E-0002  0.870056494511586616800702331296776776        0.129943505488413383199297668703223248         0.00000000000000000000000000000000000        0.683022559859958444886526535977552353        0.167811590859605266884724425470909642        0.129098359310438402074632433326122454         278.311176733591166694393935160429533        0.300000011920928955078125000000000000        -1.00000000000000000000000000000000000         4.50000000000000000000000000000000000         50.0000000000000000000000000000000000        0.430894494328232189830381914577569154        0.430894494328232189830381914577569154        0.430894494328232189830381914577569154        0.430894494328232189830381914577569154        0.430894494328232189830381914577569154         0.00000000000000000000000000000000000         0.00000000000000000000000000000000000         46.1207031850798160684356707079235107         2507.85722493239098255103964090352258      
   7.66341086800754564190942258342304675E-0002   0.00000000000000000000000000000000000         0.00000000000000000000000000000000000        0.400000000000000000000000000000000019        0.599999999999999999999999999999999981        0.724999999999999999999999999999999981        0.275000000000000000000000000000000019        0.512000024318695068359375000000000000        0.425000011920928955078125000000000000         6.30000010132789611816406250000000000E-0002  0.870056494511586616800702331296776776        0.129943505488413383199297668703223248         0.00000000000000000000000000000000000        0.683022559859958444886526535977552353        0.167811590859605266884724425470909642        0.129098359310438402074632433326122454         278.311176733591166694393935160429533        0.300000011920928955078125000000000000        -1.00000000000000000000000000000000000         4.50000000000000000000000000000000000         50.0000000000000000000000000000000000        0.437345889256706815785656370170227007        0.437345889256706815785656370170227007        0.437345889256706815785656370170227007        0.437345889256706815785656370170227007        0.437345889256706815785656370170227007         0.00000000000000000000000000000000000         0.00000000000000000000000000000000000         47.7831113061359138781360866218972480         2544.27989183977527641658057361433026      
   8.02643352225726970636277878857272017E-0002   0.00000000000000000000000000000000000         0.00000000000000000000000000000000000        0.400000000000000000000000000000000019        0.599999999999999999999999999999999981        0.724999999999999999999999999999999981        0.275000000000000000000000000000000019        0.512000024318695068359375000000000000        0.425000011920928955078125000000000000         6.30000010132789611816406250000000000E-0002  0.870056494511586616800702331296776776        0.129943505488413383199297668703223248         0.00000000000000000000000000000000000        0.683022559859958444886526535977552353        0.167811590859605266884724425470909642        0.129098359310438402074632433326122454         278.311176733591166694393935160429533        0.300000011920928955078125000000000000        -1.00000000000000000000000000000000000         4.50000000000000000000000000000000000         50.0000000000000000000000000000000000        0.443865853813142580072732389976120146        0.443865853813142580072732389976120146        0.443865853813142580072732389976120146        0.443865853813142580072732389976120146        0.443865853813142580072732389976120146         0.00000000000000000000000000000000000         0.00000000000000000000000000000000000         49.5205709697177311859363477107259452         2579.57084828192234931519262867463252      
   8.40665288561842607476714319551580939E-0002   0.00000000000000000000000000000000000         0.00000000000000000000000000000000000        0.400000000000000000000000000000000019        0.599999999999999999999999999999999981        0.724999999999999999999999999999999981        0.275000000000000000000000000000000019        0.512000024318695068359375000000000000        0.425000011920928955078125000000000000         6.30000010132789611816406250000000000E-0002  0.870056494511586616800702331296776776        0.129943505488413383199297668703223248         0.00000000000000000000000000000000000        0.683022559859958444886526535977552353        0.167811590859605266884724425470909642        0.129098359310438402074632433326122454         278.311176733591166694393935160429533        0.300000011920928955078125000000000000        -1.00000000000000000000000000000000000         4.50000000000000000000000000000000000         50.0000000000000000000000000000000000        0.450426316279980107618169367419155098        0.450426316279980107618169367419155098        0.450426316279980107618169367419155098        0.450426316279980107618169367419155098        0.450426316279980107618169367419155098         0.00000000000000000000000000000000000         0.00000000000000000000000000000000000         51.3378123165222427183494775254895863         2615.48392749491236098454909834749618      
   8.80488358164357074743307360856496004E-0002   0.00000000000000000000000000000000000         0.00000000000000000000000000000000000        0.400000000000000000000000000000000019        0.599999999999999999999999999999999981        0.724999999999999999999999999999999981        0.275000000000000000000000000000000019        0.512000024318695068359375000000000000        0.425000011920928955078125000000000000         6.30000010132789611816406250000000000E-0002  0.870056494511586616800702331296776776        0.129943505488413383199297668703223248         0.00000000000000000000000000000000000        0.683022559859958444886526535977552353        0.167811590859605266884724425470909642        0.129098359310438402074632433326122454         278.311176733591166694393935160429533        0.300000011920928955078125000000000000        -1.00000000000000000000000000000000000         4.50000000000000000000000000000000000         50.0000000000000000000000000000000000        0.457166303136275406978757779108980852        0.457166303136275406978757779108980852        0.457166303136275406978757779108980852        0.457166303136275406978757779108980852        0.457166303136275406978757779108980852         0.00000000000000000000000000000000000         0.00000000000000000000000000000000000         53.2240776463623293714145186223244163         2651.99832641039724198134988387695327      
   9.22197882333444321945314637778022181E-0002   0.00000000000000000000000000000000000         0.00000000000000000000000000000000000        0.400000000000000000000000000000000019        0.599999999999999999999999999999999981        0.724999999999999999999999999999999981        0.275000000000000000000000000000000019        0.512000024318695068359375000000000000        0.425000011920928955078125000000000000         6.30000010132789611816406250000000000E-0002  0.870056494511586616800702331296776776        0.129943505488413383199297668703223248         0.00000000000000000000000000000000000        0.683022559859958444886526535977552353        0.167811590859605266884724425470909642        0.129098359310438402074632433326122454         278.311176733591166694393935160429533        0.300000011920928955078125000000000000        -1.00000000000000000000000000000000000         4.50000000000000000000000000000000000         50.0000000000000000000000000000000000        0.463811200105349472891268949428841435        0.463811200105349472891268949428841435        0.463811200105349472891268949428841435        0.463811200105349472891268949428841435        0.463811200105349472891268949428841435         0.00000000000000000000000000000000000         0.00000000000000000000000000000000000         55.1886751498123285443251035793991354         2689.65635127179425840666943230167390      
   9.65883224115882606340667665118364882E-0002   0.00000000000000000000000000000000000         0.00000000000000000000000000000000000        0.400000000000000000000000000000000019        0.599999999999999999999999999999999981        0.724999999999999999999999999999999981        0.275000000000000000000000000000000019        0.512000024318695068359375000000000000        0.425000011920928955078125000000000000         6.30000010132789611816406250000000000E-0002  0.870056494511586616800702331296776776        0.129943505488413383199297668703223248         0.00000000000000000000000000000000000        0.683022559859958444886526535977552353        0.167811590859605266884724425470909642        0.129098359310438402074632433326122454         278.311176733591166694393935160429533        0.300000011920928955078125000000000000        -1.00000000000000000000000000000000000         4.50000000000000000000000000000000000         50.0000000000000000000000000000000000        0.470734471832574081794397773270197050        0.470734471832574081794397773270197050        0.470734471832574081794397773270197050        0.470734471832574081794397773270197050        0.470734471832574081794397773270197050         0.00000000000000000000000000000000000         0.00000000000000000000000000000000000         57.2351698066057053644355728149756634         2727.94693634272614773874147731714750      
  0.101163797976622046355106172347094973         0.00000000000000000000000000000000000         0.00000000000000000000000000000000000        0.400000000000000000000000000000000019        0.599999999999999999999999999999999981        0.724999999999999999999999999999999981        0.275000000000000000000000000000000019        0.512000024318695068359375000000000000        0.425000011920928955078125000000000000         6.30000010132789611816406250000000000E-0002  0.870056494511586616800702331296776776        0.129943505488413383199297668703223248         0.00000000000000000000000000000000000        0.683022559859958444886526535977552353        0.167811590859605266884724425470909642        0.129098359310438402074632433326122454         278.311176733591166694393935160429533        0.300000011920928955078125000000000000        -1.00000000000000000000000000000000000         4.50000000000000000000000000000000000         50.0000000000000000000000000000000000        0.477661453131115647882484040869262555        0.477661453131115647882484040869262555        0.477661453131115647882484040869262555        0.477661453131115647882484040869262555        0.477661453131115647882484040869262555         0.00000000000000000000000000000000000         0.00000000000000000000000000000000000         59.3589878464968704255878792404750713         2767.30675723028188319937876620218303      
  0.105956017927763003456833559312410793         0.00000000000000000000000000000000000         0.00000000000000000000000000000000000        0.400000000000000000000000000000000019        0.599999999999999999999999999999999981        0.724999999999999999999999999999999981        0.275000000000000000000000000000000019        0.512000024318695068359375000000000000        0.425000011920928955078125000000000000         6.30000010132789611816406250000000000E-0002  0.870056494511586616800702331296776776        0.129943505488413383199297668703223248         0.00000000000000000000000000000000000        0.683022559859958444886526535977552353        0.167811590859605266884724425470909642        0.129098359310438402074632433326122454         278.311176733591166694393935160429533        0.300000011920928955078125000000000000        -1.00000000000000000000000000000000000         4.50000000000000000000000000000000000         50.0000000000000000000000000000000000        0.484666088914174307343296033159306146        0.484666088914174307343296033159306146        0.484666088914174307343296033159306146        0.484666088914174307343296033159306146        0.484666088914174307343296033159306146         0.00000000000000000000000000000000000         0.00000000000000000000000000000000000         61.5826910636351050580036507810681052         2807.68454822422878746784557430212742      
  0.110975249641208698343586493910800654         0.00000000000000000000000000000000000         0.00000000000000000000000000000000000        0.400000000000000000000000000000000019        0.599999999999999999999999999999999981        0.724999999999999999999999999999999981        0.275000000000000000000000000000000019        0.512000024318695068359375000000000000        0.425000011920928955078125000000000000         6.30000010132789611816406250000000000E-0002  0.870056494511586616800702331296776776        0.129943505488413383199297668703223248         0.00000000000000000000000000000000000        0.683022559859958444886526535977552353        0.167811590859605266884724425470909642        0.129098359310438402074632433326122454         278.311176733591166694393935160429533        0.300000011920928955078125000000000000        -1.00000000000000000000000000000000000         4.50000000000000000000000000000000000         50.0000000000000000000000000000000000        0.491823515875817021946304985830669877        0.491823515875817021946304985830669877        0.491823515875817021946304985830669877        0.491823515875817021946304985830669877        0.491823515875817021946304985830669877         0.00000000000000000000000000000000000         0.00000000000000000000000000000000000         63.9103241463158998615276708726792787         2848.96603370581969569372836537224626      
  0.116232246867986863621532357708454707         0.00000000000000000000000000000000000         0.00000000000000000000000000000000000        0.400000000000000000000000000000000019        0.599999999999999999999999999999999981        0.724999999999999999999999999999999981        0.275000000000000000000000000000000019        0.512000024318695068359375000000000000        0.425000011920928955078125000000000000         6.30000010132789611816406250000000000E-0002  0.870056494511586616800702331296776776        0.129943505488413383199297668703223248         0.00000000000000000000000000000000000        0.683022559859958444886526535977552353        0.167811590859605266884724425470909642        0.129098359310438402074632433326122454         278.311176733591166694393935160429533        0.300000011920928955078125000000000000        -1.00000000000000000000000000000000000         4.50000000000000000000000000000000000         50.0000000000000000000000000000000000        0.498886283230838127292523060728482537        0.498886283230838127292523060728482537        0.498886283230838127292523060728482537        0.498886283230838127292523060728482537        0.498886283230838127292523060728482537         0.00000000000000000000000000000000000         0.00000000000000000000000000000000000         66.3129092258353491175498883124853108         2891.57129502380356321008799125855649      
  0.121738272773967847946541636711935559         0.00000000000000000000000000000000000         0.00000000000000000000000000000000000        0.400000000000000000000000000000000019        0.599999999999999999999999999999999981        0.724999999999999999999999999999999981        0.275000000000000000000000000000000019        0.512000024318695068359375000000000000        0.425000011920928955078125000000000000         6.30000010132789611816406250000000000E-0002  0.870056494511586616800702331296776776        0.129943505488413383199297668703223248         0.00000000000000000000000000000000000        0.683022559859958444886526535977552353        0.167811590859605266884724425470909642        0.129098359310438402074632433326122454         278.311176733591166694393935160429533        0.300000011920928955078125000000000000        -1.00000000000000000000000000000000000         4.50000000000000000000000000000000000         50.0000000000000000000000000000000000        0.506060876396648226358856634032131744        0.506060876396648226358856634032131744        0.506060876396648226358856634032131744        0.506060876396648226358856634032131744        0.506060876396648226358856634032131744         0.00000000000000000000000000000000000         0.00000000000000000000000000000000000         68.8241359646529469532600762394802896         2935.06817370809271277145377907858091      
  0.127505124071303144618257819009567858         0.00000000000000000000000000000000000         0.00000000000000000000000000000000000        0.400000000000000000000000000000000019        0.599999999999999999999999999999999981        0.724999999999999999999999999999999981        0.275000000000000000000000000000000019        0.512000024318695068359375000000000000        0.425000011920928955078125000000000000         6.30000010132789611816406250000000000E-0002  0.870056494511586616800702331296776776        0.129943505488413383199297668703223248         0.00000000000000000000000000000000000        0.683022559859958444886526535977552353        0.167811590859605266884724425470909642        0.129098359310438402074632433326122454         278.311176733591166694393935160429533        0.300000011920928955078125000000000000        -1.00000000000000000000000000000000000         4.50000000000000000000000000000000000         50.0000000000000000000000000000000000        0.513530411211456970412272237877801709        0.513530411211456970412272237877801709        0.513530411211456970412272237877801709        0.513530411211456970412272237877801709        0.513530411211456970412272237877801709         0.00000000000000000000000000000000000         0.00000000000000000000000000000000000         71.4466577405295338887699505304031774         2979.41670055137497049998542852765088      
  0.133545156292991832326932402316673282         0.00000000000000000000000000000000000         0.00000000000000000000000000000000000        0.400000000000000000000000000000000019        0.599999999999999999999999999999999981        0.724999999999999999999999999999999981        0.275000000000000000000000000000000019        0.512000024318695068359375000000000000        0.425000011920928955078125000000000000         6.30000010132789611816406250000000000E-0002  0.870056494511586616800702331296776776        0.129943505488413383199297668703223248         0.00000000000000000000000000000000000        0.683022559859958444886526535977552353        0.167811590859605266884724425470909642        0.129098359310438402074632433326122454         278.311176733591166694393935160429533        0.300000011920928955078125000000000000        -1.00000000000000000000000000000000000         4.50000000000000000000000000000000000         50.0000000000000000000000000000000000        0.520947786514749274720885416346142833        0.520947786514749274720885416346142833        0.520947786514749274720885416346142833        0.520947786514749274720885416346142833        0.520947786514749274720885416346142833         0.00000000000000000000000000000000000         0.00000000000000000000000000000000000         74.1847108268723155279010225965640973         3025.51742538811981548394300297834366      
  0.139871310264725923734212542400487802         0.00000000000000000000000000000000000         0.00000000000000000000000000000000000        0.400000000000000000000000000000000019        0.599999999999999999999999999999999981        0.724999999999999999999999999999999981        0.275000000000000000000000000000000019        0.512000024318695068359375000000000000        0.425000011920928955078125000000000000         6.30000010132789611816406250000000000E-0002  0.870056494511586616800702331296776776        0.129943505488413383199297668703223248         0.00000000000000000000000000000000000        0.683022559859958444886526535977552353        0.167811590859605266884724425470909642        0.129098359310438402074632433326122454         278.311176733591166694393935160429533        0.300000011920928955078125000000000000        -1.00000000000000000000000000000000000         4.50000000000000000000000000000000000         50.0000000000000000000000000000000000        0.528402086823264616132536144705323650        0.528402086823264616132536144705323650        0.528402086823264616132536144705323650        0.528402086823264616132536144705323650        0.528402086823264616132536144705323650         0.00000000000000000000000000000000000         0.00000000000000000000000000000000000         77.0693623550886954829054042258958111         3072.78876687131829343538935418557224      
  0.146497139830730798859885014704254904         0.00000000000000000000000000000000000         0.00000000000000000000000000000000000        0.400000000000000000000000000000000019        0.599999999999999999999999999999999981        0.724999999999999999999999999999999981        0.275000000000000000000000000000000019        0.512000024318695068359375000000000000        0.425000011920928955078125000000000000         6.30000010132789611816406250000000000E-0002  0.870056494511586616800702331296776776        0.129943505488413383199297668703223248         0.00000000000000000000000000000000000        0.683022559859958444886526535977552353        0.167811590859605266884724425470909642        0.129098359310438402074632433326122454         278.311176733591166694393935160429533        0.300000011920928955078125000000000000        -1.00000000000000000000000000000000000         4.50000000000000000000000000000000000         50.0000000000000000000000000000000000        0.535907741278411942053545234295800254        0.535907741278411942053545234295800254        0.535907741278411942053545234295800254        0.535907741278411942053545234295800254        0.535907741278411942053545234295800254         0.00000000000000000000000000000000000         0.00000000000000000000000000000000000         80.0570530237176141165485723744015697         3121.45597922768914654990081579340344      
  0.153436840893003596478571043987610540         0.00000000000000000000000000000000000         0.00000000000000000000000000000000000        0.400000000000000000000000000000000019        0.599999999999999999999999999999999981        0.724999999999999999999999999999999981        0.275000000000000000000000000000000019        0.512000024318695068359375000000000000        0.425000011920928955078125000000000000         6.30000010132789611816406250000000000E-0002  0.870056494511586616800702331296776776        0.129943505488413383199297668703223248         0.00000000000000000000000000000000000        0.683022559859958444886526535977552353        0.167811590859605266884724425470909642        0.129098359310438402074632433326122454         278.311176733591166694393935160429533        0.300000011920928955078125000000000000        -1.00000000000000000000000000000000000         4.50000000000000000000000000000000000         50.0000000000000000000000000000000000        0.543438156996854082114982247456294226        0.543438156996854082114982247456294226        0.543438156996854082114982247456294226        0.543438156996854082114982247456294226        0.543438156996854082114982247456294226         0.00000000000000000000000000000000000         0.00000000000000000000000000000000000         83.1933075237515519784614906268634036         3171.36338857302019147666114685464014      
  0.160705281826166404175411117660175785         0.00000000000000000000000000000000000         0.00000000000000000000000000000000000        0.400000000000000000000000000000000019        0.599999999999999999999999999999999981        0.724999999999999999999999999999999981        0.275000000000000000000000000000000019        0.512000024318695068359375000000000000        0.425000011920928955078125000000000000         6.30000010132789611816406250000000000E-0002  0.870056494511586616800702331296776776        0.129943505488413383199297668703223248         0.00000000000000000000000000000000000        0.683022559859958444886526535977552353        0.167811590859605266884724425470909642        0.129098359310438402074632433326122454         278.311176733591166694393935160429533        0.300000011920928955078125000000000000        -1.00000000000000000000000000000000000         4.50000000000000000000000000000000000         50.0000000000000000000000000000000000        0.551129539402835664442970218278863615        0.551129539402835664442970218278863615        0.551129539402835664442970218278863615        0.551129539402835664442970218278863615        0.551129539402835664442970218278863615         0.00000000000000000000000000000000000         0.00000000000000000000000000000000000         86.4619543916983168766003173108455965         3222.18814369070017642267265319093885      
  0.168318035333098355319523878900328206         0.00000000000000000000000000000000000         0.00000000000000000000000000000000000        0.400000000000000000000000000000000019        0.599999999999999999999999999999999981        0.724999999999999999999999999999999981        0.275000000000000000000000000000000019        0.512000024318695068359375000000000000        0.425000011920928955078125000000000000         6.30000010132789611816406250000000000E-0002  0.870056494511586616800702331296776776        0.129943505488413383199297668703223248         0.00000000000000000000000000000000000        0.683022559859958444886526535977552353        0.167811590859605266884724425470909642        0.129098359310438402074632433326122454         278.311176733591166694393935160429533        0.300000011920928955078125000000000000        -1.00000000000000000000000000000000000         4.50000000000000000000000000000000000         50.0000000000000000000000000000000000        0.558983606207013113116080748194172630        0.558983606207013113116080748194172630        0.558983606207013113116080748194172630        0.558983606207013113116080748194172630        0.558983606207013113116080748194172630         0.00000000000000000000000000000000000         0.00000000000000000000000000000000000         89.8616867865126570855458262477446623         3273.80953061862174027690222207212665      
  0.176291411809597623536968597048402244         0.00000000000000000000000000000000000         0.00000000000000000000000000000000000        0.400000000000000000000000000000000019        0.599999999999999999999999999999999981        0.724999999999999999999999999999999981        0.275000000000000000000000000000000019        0.512000024318695068359375000000000000        0.425000011920928955078125000000000000         6.30000010132789611816406250000000000E-0002  0.870056494511586616800702331296776776        0.129943505488413383199297668703223248         0.00000000000000000000000000000000000        0.683022559859958444886526535977552353        0.167811590859605266884724425470909642        0.129098359310438402074632433326122454         278.311176733591166694393935160429533        0.300000011920928955078125000000000000        -1.00000000000000000000000000000000000         4.50000000000000000000000000000000000         50.0000000000000000000000000000000000        0.566740349956008768908271098941577884        0.566740349956008768908271098941577884        0.566740349956008768908271098941577884        0.566740349956008768908271098941577884        0.566740349956008768908271098941577884         0.00000000000000000000000000000000000         0.00000000000000000000000000000000000         93.3973076639472573859757438991372864         3326.97586682058811129421361208345824      
  0.184642494289557415975419190134436407         0.00000000000000000000000000000000000         0.00000000000000000000000000000000000        0.400000000000000000000000000000000019        0.599999999999999999999999999999999981        0.724999999999999999999999999999999981        0.275000000000000000000000000000000019        0.512000024318695068359375000000000000        0.425000011920928955078125000000000000         6.30000010132789611816406250000000000E-0002  0.870056494511586616800702331296776776        0.129943505488413383199297668703223248         0.00000000000000000000000000000000000        0.683022559859958444886526535977552353        0.167811590859605266884724425470909642        0.129098359310438402074632433326122454         278.311176733591166694393935160429533        0.300000011920928955078125000000000000        -1.00000000000000000000000000000000000         4.50000000000000000000000000000000000         50.0000000000000000000000000000000000        0.574698657662770541138037606065983248        0.574698657662770541138037606065983248        0.574698657662770541138037606065983248        0.574698657662770541138037606065983248        0.574698657662770541138037606065983248         0.00000000000000000000000000000000000         0.00000000000000000000000000000000000         97.0898383442675207483876324917379935         3381.10538186508738481161885783127687      
  0.193389175045526332720793931968250954         0.00000000000000000000000000000000000         0.00000000000000000000000000000000000        0.400000000000000000000000000000000019        0.599999999999999999999999999999999981        0.724999999999999999999999999999999981        0.275000000000000000000000000000000019        0.512000024318695068359375000000000000        0.425000011920928955078125000000000000         6.30000010132789611816406250000000000E-0002  0.870056494511586616800702331296776776        0.129943505488413383199297668703223248         0.00000000000000000000000000000000000        0.683022559859958444886526535977552353        0.167811590859605266884724425470909642        0.129098359310438402074632433326122454         278.311176733591166694393935160429533        0.300000011920928955078125000000000000        -1.00000000000000000000000000000000000         4.50000000000000000000000000000000000         50.0000000000000000000000000000000000        0.582796339802419555953474101180406135        0.582796339802419555953474101180406135        0.582796339802419555953474101180406135        0.582796339802419555953474101180406135        0.582796339802419555953474101180406135         0.00000000000000000000000000000000000         0.00000000000000000000000000000000000         100.856620947408640287736170966761860         3435.35092053071254192467960916250765      
  0.202550193923070136258493621901443151         0.00000000000000000000000000000000000         0.00000000000000000000000000000000000        0.400000000000000000000000000000000019        0.599999999999999999999999999999999981        0.724999999999999999999999999999999981        0.275000000000000000000000000000000019        0.512000024318695068359375000000000000        0.425000011920928955078125000000000000         6.30000010132789611816406250000000000E-0002  0.870056494511586616800702331296776776        0.129943505488413383199297668703223248         0.00000000000000000000000000000000000        0.683022559859958444886526535977552353        0.167811590859605266884724425470909642        0.129098359310438402074632433326122454         278.311176733591166694393935160429533        0.300000011920928955078125000000000000        -1.00000000000000000000000000000000000         4.50000000000000000000000000000000000         50.0000000000000000000000000000000000        0.591032152688695022238838016166774707        0.591032152688695022238838016166774707        0.591032152688695022238838016166774707        0.591032152688695022238838016166774707        0.591032152688695022238838016166774707         0.00000000000000000000000000000000000         0.00000000000000000000000000000000000         104.496074632780872144837693991457407         3488.68246541469875065280835656003757      
  0.212145178491066660656421546258877797         0.00000000000000000000000000000000000         0.00000000000000000000000000000000000        0.400000000000000000000000000000000019        0.599999999999999999999999999999999981        0.724999999999999999999999999999999981        0.275000000000000000000000000000000019        0.512000024318695068359375000000000000        0.425000011920928955078125000000000000         6.30000010132789611816406250000000000E-0002  0.870056494511586616800702331296776776        0.129943505488413383199297668703223248         0.00000000000000000000000000000000000        0.683022559859958444886526535977552353        0.167811590859605266884724425470909642        0.129098359310438402074632433326122454         278.311176733591166694393935160429533        0.300000011920928955078125000000000000        -1.00000000000000000000000000000000000         4.50000000000000000000000000000000000         50.0000000000000000000000000000000000        0.599352253475511218293376085960936352        0.599352253475511218293376085960936352        0.599352253475511218293376085960936352        0.599352253475511218293376085960936352        0.599352253475511218293376085960936352         0.00000000000000000000000000000000000         0.00000000000000000000000000000000000         108.345557516949385148300268983810934         3543.54072527119436667915148589347045      
  0.222194686093956243932729053068759355         0.00000000000000000000000000000000000         0.00000000000000000000000000000000000        0.400000000000000000000000000000000019        0.599999999999999999999999999999999981        0.724999999999999999999999999999999981        0.275000000000000000000000000000000019        0.512000024318695068359375000000000000        0.425000011920928955078125000000000000         6.30000010132789611816406250000000000E-0002  0.870056494511586616800702331296776776        0.129943505488413383199297668703223248         0.00000000000000000000000000000000000        0.683022559859958444886526535977552353        0.167811590859605266884724425470909642        0.129098359310438402074632433326122454         278.311176733591166694393935160429533        0.300000011920928955078125000000000000        -1.00000000000000000000000000000000000         4.50000000000000000000000000000000000         50.0000000000000000000000000000000000        0.607740682125798943197510263990070057        0.607740682125798943197510263990070057        0.607740682125798943197510263990070057        0.607740682125798943197510263990070057        0.607740682125798943197510263990070057         0.00000000000000000000000000000000000         0.00000000000000000000000000000000000         112.389099299640294938455397525711029         3600.34440714728026500575576036705902      
  0.232720247896045024620482335420595173         0.00000000000000000000000000000000000         0.00000000000000000000000000000000000        0.400000000000000000000000000000000019        0.599999999999999999999999999999999981        0.724999999999999999999999999999999981        0.275000000000000000000000000000000019        0.512000024318695068359375000000000000        0.425000011920928955078125000000000000         6.30000010132789611816406250000000000E-0002  0.870056494511586616800702331296776776        0.129943505488413383199297668703223248         0.00000000000000000000000000000000000        0.683022559859958444886526535977552353        0.167811590859605266884724425470909642        0.129098359310438402074632433326122454         278.311176733591166694393935160429533        0.300000011920928955078125000000000000        -1.00000000000000000000000000000000000         4.50000000000000000000000000000000000         50.0000000000000000000000000000000000        0.616135891504061314267070572514179471        0.616135891504061314267070572514179471        0.616135891504061314267070572514179471        0.616135891504061314267070572514179471        0.616135891504061314267070572514179471         0.00000000000000000000000000000000000         0.00000000000000000000000000000000000         116.681865929091333014657830803902810         3659.45356219002100949569168062324522      
  0.243744415012226435488952487885240485         0.00000000000000000000000000000000000         0.00000000000000000000000000000000000        0.400000000000000000000000000000000019        0.599999999999999999999999999999999981        0.724999999999999999999999999999999981        0.275000000000000000000000000000000019        0.512000024318695068359375000000000000        0.425000011920928955078125000000000000         6.30000010132789611816406250000000000E-0002  0.870056494511586616800702331296776776        0.129943505488413383199297668703223248         0.00000000000000000000000000000000000        0.683022559859958444886526535977552353        0.167811590859605266884724425470909642        0.129098359310438402074632433326122454         278.311176733591166694393935160429533        0.300000011920928955078125000000000000        -1.00000000000000000000000000000000000         4.50000000000000000000000000000000000         50.0000000000000000000000000000000000        0.624578450562148274602953080506373004        0.624578450562148274602953080506373004        0.624578450562148274602953080506373004        0.624578450562148274602953080506373004        0.624578450562148274602953080506373004         0.00000000000000000000000000000000000         0.00000000000000000000000000000000000         121.196693694348520769644266039567666         3720.41371482777655884761650566809895      
  0.255290806823956397939774451911334331         0.00000000000000000000000000000000000         0.00000000000000000000000000000000000        0.400000000000000000000000000000000019        0.599999999999999999999999999999999981        0.724999999999999999999999999999999981        0.275000000000000000000000000000000019        0.512000024318695068359375000000000000        0.425000011920928955078125000000000000         6.30000010132789611816406250000000000E-0002  0.870056494511586616800702331296776776        0.129943505488413383199297668703223248         0.00000000000000000000000000000000000        0.683022559859958444886526535977552353        0.167811590859605266884724425470909642        0.129098359310438402074632433326122454         278.311176733591166694393935160429533        0.300000011920928955078125000000000000        -1.00000000000000000000000000000000000         4.50000000000000000000000000000000000         50.0000000000000000000000000000000000        0.633375714463735437674354193719054111        0.633375714463735437674354193719054111        0.633375714463735437674354193719054111        0.633375714463735437674354193719054111        0.633375714463735437674354193719054111         0.00000000000000000000000000000000000         0.00000000000000000000000000000000000         125.943207768564597245378143200795149         3782.01613661593440681010650680937399      
  0.267384161583999647148154120888094587         0.00000000000000000000000000000000000         0.00000000000000000000000000000000000        0.400000000000000000000000000000000019        0.599999999999999999999999999999999981        0.724999999999999999999999999999999981        0.275000000000000000000000000000000019        0.512000024318695068359375000000000000        0.425000011920928955078125000000000000         6.30000010132789611816406250000000000E-0002  0.870056494511586616800702331296776776        0.129943505488413383199297668703223248         0.00000000000000000000000000000000000        0.683022559859958444886526535977552353        0.167811590859605266884724425470909642        0.129098359310438402074632433326122454         278.311176733591166694393935160429533        0.300000011920928955078125000000000000        -1.00000000000000000000000000000000000         4.50000000000000000000000000000000000         50.0000000000000000000000000000000000        0.641731331752034818531594566852150160        0.641731331752034818531594566852150160        0.641731331752034818531594566852150160        0.641731331752034818531594566852150160        0.641731331752034818531594566852150160         0.00000000000000000000000000000000000         0.00000000000000000000000000000000000         130.888164124215954647574107465917876         3846.84208758052247821330692584574809      
  0.280050389418368331636181818145177102         0.00000000000000000000000000000000000         0.00000000000000000000000000000000000        0.400000000000000000000000000000000019        0.599999999999999999999999999999999981        0.724999999999999999999999999999999981        0.275000000000000000000000000000000019        0.512000024318695068359375000000000000        0.425000011920928955078125000000000000         6.30000010132789611816406250000000000E-0002  0.870056494511586616800702331296776776        0.129943505488413383199297668703223248         0.00000000000000000000000000000000000        0.683022559859958444886526535977552353        0.167811590859605266884724425470909642        0.129098359310438402074632433326122454         278.311176733591166694393935160429533        0.300000011920928955078125000000000000        -1.00000000000000000000000000000000000         4.50000000000000000000000000000000000         50.0000000000000000000000000000000000        0.650590664718857639681084611464329076        0.650590664718857639681084611464329076        0.650590664718857639681084611464329076        0.650590664718857639681084611464329076        0.650590664718857639681084611464329076         0.00000000000000000000000000000000000         0.00000000000000000000000000000000000         136.087595070225758008240649469600309         3912.32710032642298399953901449402761      
  0.293316627839010037899556840640473318         0.00000000000000000000000000000000000         0.00000000000000000000000000000000000        0.400000000000000000000000000000000019        0.599999999999999999999999999999999981        0.724999999999999999999999999999999981        0.275000000000000000000000000000000019        0.512000024318695068359375000000000000        0.425000011920928955078125000000000000         6.30000010132789611816406250000000000E-0002  0.870056494511586616800702331296776776        0.129943505488413383199297668703223248         0.00000000000000000000000000000000000        0.683022559859958444886526535977552353        0.167811590859605266884724425470909642        0.129098359310438402074632433326122454         278.311176733591166694393935160429533        0.300000011920928955078125000000000000        -1.00000000000000000000000000000000000         4.50000000000000000000000000000000000         50.0000000000000000000000000000000000        0.659452783997333072417311663375651203        0.659452783997333072417311663375651203        0.659452783997333072417311663375651203        0.659452783997333072417311663375651203        0.659452783997333072417311663375651203         0.00000000000000000000000000000000000         0.00000000000000000000000000000000000         141.536210751357935334650013771672673         3979.55521731574587276358917194038018      
  0.307211299886181694903675457144820827         0.00000000000000000000000000000000000         0.00000000000000000000000000000000000        0.400000000000000000000000000000000019        0.599999999999999999999999999999999981        0.724999999999999999999999999999999981        0.275000000000000000000000000000000019        0.512000024318695068359375000000000000        0.425000011920928955078125000000000000         6.30000010132789611816406250000000000E-0002  0.870056494511586616800702331296776776        0.129943505488413383199297668703223248         0.00000000000000000000000000000000000        0.683022559859958444886526535977552353        0.167811590859605266884724425470909642        0.129098359310438402074632433326122454         278.311176733591166694393935160429533        0.300000011920928955078125000000000000        -1.00000000000000000000000000000000000         4.50000000000000000000000000000000000         50.0000000000000000000000000000000000        0.668678940668572260286295334079249618        0.668678940668572260286295334079249618        0.668678940668572260286295334079249618        0.668678940668572260286295334079249618        0.668678940668572260286295334079249618         0.00000000000000000000000000000000000         0.00000000000000000000000000000000000         147.257042104876423606986760590554685         4047.61953265450522099786306470528570      
  0.321764175025079939929779942085648449         0.00000000000000000000000000000000000         0.00000000000000000000000000000000000        0.400000000000000000000000000000000019        0.599999999999999999999999999999999981        0.724999999999999999999999999999999981        0.275000000000000000000000000000000019        0.512000024318695068359375000000000000        0.425000011920928955078125000000000000         6.30000010132789611816406250000000000E-0002  0.870056494511586616800702331296776776        0.129943505488413383199297668703223248         0.00000000000000000000000000000000000        0.683022559859958444886526535977552353        0.167811590859605266884724425470909642        0.129098359310438402074632433326122454         278.311176733591166694393935160429533        0.300000011920928955078125000000000000        -1.00000000000000000000000000000000000         4.50000000000000000000000000000000000         50.0000000000000000000000000000000000        0.677872619246368204008657823323483850        0.677872619246368204008657823323483850        0.677872619246368204008657823323483850        0.677872619246368204008657823323483850        0.677872619246368204008657823323483850         0.00000000000000000000000000000000000         0.00000000000000000000000000000000000         153.232900524353792023020137810482567         4117.91079169376712918102983659223525      
  0.337006432927199547555937678304493054         0.00000000000000000000000000000000000         0.00000000000000000000000000000000000        0.400000000000000000000000000000000019        0.599999999999999999999999999999999981        0.724999999999999999999999999999999981        0.275000000000000000000000000000000019        0.512000024318695068359375000000000000        0.425000011920928955078125000000000000         6.30000010132789611816406250000000000E-0002  0.870056494511586616800702331296776776        0.129943505488413383199297668703223248         0.00000000000000000000000000000000000        0.683022559859958444886526535977552353        0.167811590859605266884724425470909642        0.129098359310438402074632433326122454         278.311176733591166694393935160429533        0.300000011920928955078125000000000000        -1.00000000000000000000000000000000000         4.50000000000000000000000000000000000         50.0000000000000000000000000000000000        0.686811174065342397092663576573552991        0.686811174065342397092663576573552991        0.686811174065342397092663576573552991        0.686811174065342397092663576573552991        0.686811174065342397092663576573552991         0.00000000000000000000000000000000000         0.00000000000000000000000000000000000         159.489309090940828072911499614410187         4191.10306674446248473385269272878502      
  0.352970730273072080492371624264509206         0.00000000000000000000000000000000000         0.00000000000000000000000000000000000        0.400000000000000000000000000000000019        0.599999999999999999999999999999999981        0.724999999999999999999999999999999981        0.275000000000000000000000000000000019        0.512000024318695068359375000000000000        0.425000011920928955078125000000000000         6.30000010132789611816406250000000000E-0002  0.870056494511586616800702331296776776        0.129943505488413383199297668703223248         0.00000000000000000000000000000000000        0.683022559859958444886526535977552353        0.167811590859605266884724425470909642        0.129098359310438402074632433326122454         278.311176733591166694393935160429533        0.300000011920928955078125000000000000        -1.00000000000000000000000000000000000         4.50000000000000000000000000000000000         50.0000000000000000000000000000000000        0.696175042767298416738307868111600882        0.696175042767298416738307868111600882        0.696175042767298416738307868111600882        0.696175042767298416738307868111600882        0.696175042767298416738307868111600882         0.00000000000000000000000000000000000         0.00000000000000000000000000000000000         166.047505363778888934038373950310291         4265.08422193684322612510605201748060      
  0.369691270719510256457304422777255813         0.00000000000000000000000000000000000         0.00000000000000000000000000000000000        0.400000000000000000000000000000000019        0.599999999999999999999999999999999981        0.724999999999999999999999999999999981        0.275000000000000000000000000000000019        0.512000024318695068359375000000000000        0.425000011920928955078125000000000000         6.30000010132789611816406250000000000E-0002  0.870056494511586616800702331296776776        0.129943505488413383199297668703223248         0.00000000000000000000000000000000000        0.683022559859958444886526535977552353        0.167811590859605266884724425470909642        0.129098359310438402074632433326122454         278.311176733591166694393935160429533        0.300000011920928955078125000000000000        -1.00000000000000000000000000000000000         4.50000000000000000000000000000000000         50.0000000000000000000000000000000000        0.705665353461081391521564519911481647        0.705665353461081391521564519911481647        0.705665353461081391521564519911481647        0.705665353461081391521564519911481647        0.705665353461081391521564519911481647         0.00000000000000000000000000000000000         0.00000000000000000000000000000000000         172.935460689001454861330608092255883         4340.82513894264442484641262640076112      
  0.387203878181263508459966947142191053         0.00000000000000000000000000000000000         0.00000000000000000000000000000000000        0.400000000000000000000000000000000019        0.599999999999999999999999999999999981        0.724999999999999999999999999999999981        0.275000000000000000000000000000000019        0.512000024318695068359375000000000000        0.425000011920928955078125000000000000         6.30000010132789611816406250000000000E-0002  0.870056494511586616800702331296776776        0.129943505488413383199297668703223248         0.00000000000000000000000000000000000        0.683022559859958444886526535977552353        0.167811590859605266884724425470909642        0.129098359310438402074632433326122454         278.311176733591166694393935160429533        0.300000011920928955078125000000000000        -1.00000000000000000000000000000000000         4.50000000000000000000000000000000000         50.0000000000000000000000000000000000        0.715317784029095898537042272024274585        0.715317784029095898537042272024274585        0.715317784029095898537042272024274585        0.715317784029095898537042272024274585        0.715317784029095898537042272024274585         0.00000000000000000000000000000000000         0.00000000000000000000000000000000000         180.151982936962425812345153021319953         4418.27557721849371598815023203113296      
  0.405546073584091372929320306957881816         0.00000000000000000000000000000000000         0.00000000000000000000000000000000000        0.400000000000000000000000000000000019        0.599999999999999999999999999999999981        0.724999999999999999999999999999999981        0.275000000000000000000000000000000019        0.512000024318695068359375000000000000        0.425000011920928955078125000000000000         6.30000010132789611816406250000000000E-0002  0.870056494511586616800702331296776776        0.129943505488413383199297668703223248         0.00000000000000000000000000000000000        0.683022559859958444886526535977552353        0.167811590859605266884724425470909642        0.129098359310438402074632433326122454         278.311176733591166694393935160429533        0.300000011920928955078125000000000000        -1.00000000000000000000000000000000000         4.50000000000000000000000000000000000         50.0000000000000000000000000000000000        0.724874638452841349616862346600738158        0.724874638452841349616862346600738158        0.724874638452841349616862346600738158        0.724874638452841349616862346600738158        0.724874638452841349616862346600738158         0.00000000000000000000000000000000000         0.00000000000000000000000000000000000         187.686291041359706897610477023109078         4498.09233440463990853385229530075951      
  0.424757155253698885385985478437553801         0.00000000000000000000000000000000000         0.00000000000000000000000000000000000        0.400000000000000000000000000000000019        0.599999999999999999999999999999999981        0.724999999999999999999999999999999981        0.275000000000000000000000000000000019        0.512000024318695068359375000000000000        0.425000011920928955078125000000000000         6.30000010132789611816406250000000000E-0002  0.870056494511586616800702331296776776        0.129943505488413383199297668703223248         0.00000000000000000000000000000000000        0.683022559859958444886526535977552353        0.167811590859605266884724425470909642        0.129098359310438402074632433326122454         278.311176733591166694393935160429533        0.300000011920928955078125000000000000        -1.00000000000000000000000000000000000         4.50000000000000000000000000000000000         50.0000000000000000000000000000000000        0.734724149792057092603991486560261428        0.734724149792057092603991486560261428        0.734724149792057092603991486560261428        0.734724149792057092603991486560261428        0.734724149792057092603991486560261428         0.00000000000000000000000000000000000         0.00000000000000000000000000000000000         195.617608605923359517314833496324047         4579.64303275779564079996370181550284      
  0.444878283112768031811350146623921564         0.00000000000000000000000000000000000         0.00000000000000000000000000000000000        0.400000000000000000000000000000000019        0.599999999999999999999999999999999981        0.724999999999999999999999999999999981        0.275000000000000000000000000000000019        0.512000024318695068359375000000000000        0.425000011920928955078125000000000000         6.30000010132789611816406250000000000E-0002  0.870056494511586616800702331296776776        0.129943505488413383199297668703223248         0.00000000000000000000000000000000000        0.683022559859958444886526535977552353        0.167811590859605266884724425470909642        0.129098359310438402074632433326122454         278.311176733591166694393935160429533        0.300000011920928955078125000000000000        -1.00000000000000000000000000000000000         4.50000000000000000000000000000000000         50.0000000000000000000000000000000000        0.744762010657393104030112287370042595        0.744762010657393104030112287370042595        0.744762010657393104030112287370042595        0.744762010657393104030112287370042595        0.744762010657393104030112287370042595         0.00000000000000000000000000000000000         0.00000000000000000000000000000000000         203.909774903134481820924566006703605         4662.89737675779856934570824729473214      
  0.465952566866478185388067003418371743         0.00000000000000000000000000000000000         0.00000000000000000000000000000000000        0.400000000000000000000000000000000019        0.599999999999999999999999999999999981        0.724999999999999999999999999999999981        0.275000000000000000000000000000000019        0.512000024318695068359375000000000000        0.425000011920928955078125000000000000         6.30000010132789611816406250000000000E-0002  0.870056494511586616800702331296776776        0.129943505488413383199297668703223248         0.00000000000000000000000000000000000        0.683022559859958444886526535977552353        0.167811590859605266884724425470909642        0.129098359310438402074632433326122454         278.311176733591166694393935160429533        0.300000011920928955078125000000000000        -1.00000000000000000000000000000000000         4.50000000000000000000000000000000000         50.0000000000000000000000000000000000        0.754772235039619090487280387413617139        0.754772235039619090487280387413617139        0.754772235039619090487280387413617139        0.754772235039619090487280387413617139        0.754772235039619090487280387413617139         0.00000000000000000000000000000000000         0.00000000000000000000000000000000000         212.619056134270802469299153381712709         4748.60287543567451521261295197545599      
  0.488025158365453833350361152141345848         0.00000000000000000000000000000000000         0.00000000000000000000000000000000000        0.400000000000000000000000000000000019        0.599999999999999999999999999999999981        0.724999999999999999999999999999999981        0.275000000000000000000000000000000019        0.512000024318695068359375000000000000        0.425000011920928955078125000000000000         6.30000010132789611816406250000000000E-0002  0.870056494511586616800702331296776776        0.129943505488413383199297668703223248         0.00000000000000000000000000000000000        0.683022559859958444886526535977552353        0.167811590859605266884724425470909642        0.129098359310438402074632433326122454         278.311176733591166694393935160429533        0.300000011920928955078125000000000000        -1.00000000000000000000000000000000000         4.50000000000000000000000000000000000         50.0000000000000000000000000000000000        0.764981454805635791602612286014853756        0.764981454805635791602612286014853756        0.764981454805635791602612286014853756        0.764981454805635791602612286014853756        0.764981454805635791602612286014853756         0.00000000000000000000000000000000000         0.00000000000000000000000000000000000         221.722757259698868344448065610146679         4836.13852995795815861090450860998595      
  0.511143348344028075836959282509472174         0.00000000000000000000000000000000000         0.00000000000000000000000000000000000        0.400000000000000000000000000000000019        0.599999999999999999999999999999999981        0.724999999999999999999999999999999981        0.275000000000000000000000000000000019        0.512000024318695068359375000000000000        0.425000011920928955078125000000000000         6.30000010132789611816406250000000000E-0002  0.870056494511586616800702331296776776        0.129943505488413383199297668703223248         0.00000000000000000000000000000000000        0.683022559859958444886526535977552353        0.167811590859605266884724425470909642        0.129098359310438402074632433326122454         278.311176733591166694393935160429533        0.300000011920928955078125000000000000        -1.00000000000000000000000000000000000         4.50000000000000000000000000000000000         50.0000000000000000000000000000000000        0.775252624739090870135375906556567220        0.775252624739090870135375906556567220        0.775252624739090870135375906556567220        0.775252624739090870135375906556567220        0.775252624739090870135375906556567220         0.00000000000000000000000000000000000         0.00000000000000000000000000000000000         231.288627270515920447968290385323684         4925.98913595674447163350797887889640      
  0.535356667741084533722548138030577650         0.00000000000000000000000000000000000         0.00000000000000000000000000000000000        0.400000000000000000000000000000000019        0.599999999999999999999999999999999981        0.724999999999999999999999999999999981        0.275000000000000000000000000000000019        0.512000024318695068359375000000000000        0.425000011920928955078125000000000000         6.30000010132789611816406250000000000E-0002  0.870056494511586616800702331296776776        0.129943505488413383199297668703223248         0.00000000000000000000000000000000000        0.683022559859958444886526535977552353        0.167811590859605266884724425470909642        0.129098359310438402074632433326122454         278.311176733591166694393935160429533        0.300000011920928955078125000000000000        -1.00000000000000000000000000000000000         4.50000000000000000000000000000000000         50.0000000000000000000000000000000000        0.785697310258216973362050487191260063        0.785697310258216973362050487191260063        0.785697310258216973362050487191260063        0.785697310258216973362050487191260063        0.785697310258216973362050487191260063         0.00000000000000000000000000000000000         0.00000000000000000000000000000000000         241.330765927862584686805528758248991         5017.97337886141198881787584987398809      
  0.560716993820558519630662000117957924         0.00000000000000000000000000000000000         0.00000000000000000000000000000000000        0.400000000000000000000000000000000019        0.599999999999999999999999999999999981        0.724999999999999999999999999999999981        0.275000000000000000000000000000000019        0.512000024318695068359375000000000000        0.425000011920928955078125000000000000         6.30000010132789611816406250000000000E-0002  0.870056494511586616800702331296776776        0.129943505488413383199297668703223248         0.00000000000000000000000000000000000        0.683022559859958444886526535977552353        0.167811590859605266884724425470909642        0.129098359310438402074632433326122454         278.311176733591166694393935160429533        0.300000011920928955078125000000000000        -1.00000000000000000000000000000000000         4.50000000000000000000000000000000000         50.0000000000000000000000000000000000        0.796044149823918502294972559672023643        0.796044149823918502294972559672023643        0.796044149823918502294972559672023643        0.796044149823918502294972559672023643        0.796044149823918502294972559672023643         0.00000000000000000000000000000000000         0.00000000000000000000000000000000000         251.740019938053508318266600235274127         5112.67975577085400914511925998306149      
  0.587278661318961641324294675315294360         0.00000000000000000000000000000000000         0.00000000000000000000000000000000000        0.400000000000000000000000000000000019        0.599999999999999999999999999999999981        0.724999999999999999999999999999999981        0.275000000000000000000000000000000019        0.512000024318695068359375000000000000        0.425000011920928955078125000000000000         6.30000010132789611816406250000000000E-0002  0.870056494511586616800702331296776776        0.129943505488413383199297668703223248         0.00000000000000000000000000000000000        0.683022559859958444886526535977552353        0.167811590859605266884724425470909642        0.129098359310438402074632433326122454         278.311176733591166694393935160429533        0.300000011920928955078125000000000000        -1.00000000000000000000000000000000000         4.50000000000000000000000000000000000         50.0000000000000000000000000000000000        0.806056235911149321308975412229357532        0.806056235911149321308975412229357532        0.806056235911149321308975412229357532        0.806056235911149321308975412229357532        0.806056235911149321308975412229357532         0.00000000000000000000000000000000000         0.00000000000000000000000000000000000         262.889266836311667061241012723375888         5208.78764183016270864846369616870498      
  0.615098578858064451529164264953569834         0.00000000000000000000000000000000000         0.00000000000000000000000000000000000        0.400000000000000000000000000000000019        0.599999999999999999999999999999999981        0.724999999999999999999999999999999981        0.275000000000000000000000000000000019        0.512000024318695068359375000000000000        0.425000011920928955078125000000000000         6.30000010132789611816406250000000000E-0002  0.870056494511586616800702331296776776        0.129943505488413383199297668703223248         0.00000000000000000000000000000000000        0.683022559859958444886526535977552353        0.167811590859605266884724425470909642        0.129098359310438402074632433326122454         278.311176733591166694393935160429533        0.300000011920928955078125000000000000        -1.00000000000000000000000000000000000         4.50000000000000000000000000000000000         50.0000000000000000000000000000000000        0.817670239330050385337527973414689984        0.817670239330050385337527973414689984        0.817670239330050385337527973414689984        0.817670239330050385337527973414689984        0.817670239330050385337527973414689984         0.00000000000000000000000000000000000         0.00000000000000000000000000000000000         274.442189365790247919809934281801526         5307.85106947533926334280880054677985      
  0.644236350872152408747567964251532425         0.00000000000000000000000000000000000         0.00000000000000000000000000000000000        0.400000000000000000000000000000000019        0.599999999999999999999999999999999981        0.724999999999999999999999999999999981        0.275000000000000000000000000000000019        0.512000024318695068359375000000000000        0.425000011920928955078125000000000000         6.30000010132789611816406250000000000E-0002  0.870056494511586616800702331296776776        0.129943505488413383199297668703223248         0.00000000000000000000000000000000000        0.683022559859958444886526535977552353        0.167811590859605266884724425470909642        0.129098359310438402074632433326122454         278.311176733591166694393935160429533        0.300000011920928955078125000000000000        -1.00000000000000000000000000000000000         4.50000000000000000000000000000000000         50.0000000000000000000000000000000000        0.828640253199527711901347790861972501        0.828640253199527711901347790861972501        0.828640253199527711901347790861972501        0.828640253199527711901347790861972501        0.828640253199527711901347790861972501         0.00000000000000000000000000000000000         0.00000000000000000000000000000000000         286.630846194828048822816383058260310         5409.24144454768455260188518081324087      
  0.674754405311085438667667359428963781         0.00000000000000000000000000000000000         0.00000000000000000000000000000000000        0.400000000000000000000000000000000019        0.599999999999999999999999999999999981        0.724999999999999999999999999999999981        0.275000000000000000000000000000000019        0.512000024318695068359375000000000000        0.425000011920928955078125000000000000         6.30000010132789611816406250000000000E-0002  0.870056494511586616800702331296776776        0.129943505488413383199297668703223248         0.00000000000000000000000000000000000        0.683022559859958444886526535977552353        0.167811590859605266884724425470909642        0.129098359310438402074632433326122454         278.311176733591166694393935160429533        0.300000011920928955078125000000000000        -1.00000000000000000000000000000000000         4.50000000000000000000000000000000000         50.0000000000000000000000000000000000        0.839771786242354471812928081958161829        0.839771786242354471812928081958161829        0.839771786242354471812928081958161829        0.839771786242354471812928081958161829        0.839771786242354471812928081958161829         0.00000000000000000000000000000000000         0.00000000000000000000000000000000000         299.366427449725111479446069562335056         5512.90436531740746806164162525687893      
  0.706718127392766099165833109055340844         0.00000000000000000000000000000000000         0.00000000000000000000000000000000000        0.400000000000000000000000000000000019        0.599999999999999999999999999999999981        0.724999999999999999999999999999999981        0.275000000000000000000000000000000019        0.512000024318695068359375000000000000        0.425000011920928955078125000000000000         6.30000010132789611816406250000000000E-0002  0.870056494511586616800702331296776776        0.129943505488413383199297668703223248         0.00000000000000000000000000000000000        0.683022559859958444886526535977552353        0.167811590859605266884724425470909642        0.129098359310438402074632433326122454         278.311176733591166694393935160429533        0.300000011920928955078125000000000000        -1.00000000000000000000000000000000000         4.50000000000000000000000000000000000         50.0000000000000000000000000000000000        0.850888602610253038082993331145543735        0.850888602610253038082993331145543735        0.850888602610253038082993331145543735        0.850888602610253038082993331145543735        0.850888602610253038082993331145543735         0.00000000000000000000000000000000000         0.00000000000000000000000000000000000         312.755497698415671932708362004760137         5619.62299920655223087150325786203226      
  0.740195999691582266577873530475029904         0.00000000000000000000000000000000000         0.00000000000000000000000000000000000        0.400000000000000000000000000000000019        0.599999999999999999999999999999999981        0.724999999999999999999999999999999981        0.275000000000000000000000000000000019        0.512000024318695068359375000000000000        0.425000011920928955078125000000000000         6.30000010132789611816406250000000000E-0002  0.870056494511586616800702331296776776        0.129943505488413383199297668703223248         0.00000000000000000000000000000000000        0.683022559859958444886526535977552353        0.167811590859605266884724425470909642        0.129098359310438402074632433326122454         278.311176733591166694393935160429533        0.300000011920928955078125000000000000        -1.00000000000000000000000000000000000         4.50000000000000000000000000000000000         50.0000000000000000000000000000000000        0.862214007417338204420393549501137317        0.862214007417338204420393549501137317        0.862214007417338204420393549501137317        0.862214007417338204420393549501137317        0.862214007417338204420393549501137317         0.00000000000000000000000000000000000         0.00000000000000000000000000000000000         326.825154493459760839671358448816694         5728.87079715394143544962865814299151      
  0.775259748862965145759849187317876307         0.00000000000000000000000000000000000         0.00000000000000000000000000000000000        0.400000000000000000000000000000000019        0.599999999999999999999999999999999981        0.724999999999999999999999999999999981        0.275000000000000000000000000000000019        0.512000024318695068359375000000000000        0.425000011920928955078125000000000000         6.30000010132789611816406250000000000E-0002  0.870056494511586616800702331296776776        0.129943505488413383199297668703223248         0.00000000000000000000000000000000000        0.683022559859958444886526535977552353        0.167811590859605266884724425470909642        0.129098359310438402074632433326122454         278.311176733591166694393935160429533        0.300000011920928955078125000000000000        -1.00000000000000000000000000000000000         4.50000000000000000000000000000000000         50.0000000000000000000000000000000000        0.873693012999797506696097564150324787        0.873693012999797506696097564150324787        0.873693012999797506696097564150324787        0.873693012999797506696097564150324787        0.873693012999797506696097564150324787         0.00000000000000000000000000000000000         0.00000000000000000000000000000000000         341.685714825227198151282294657787182         5841.64168924673045083908769899912779      
  0.811984499318421345788851126412103227         0.00000000000000000000000000000000000         0.00000000000000000000000000000000000        0.400000000000000000000000000000000019        0.599999999999999999999999999999999981        0.724999999999999999999999999999999981        0.275000000000000000000000000000000019        0.512000024318695068359375000000000000        0.425000011920928955078125000000000000         6.30000010132789611816406250000000000E-0002  0.870056494511586616800702331296776776        0.129943505488413383199297668703223248         0.00000000000000000000000000000000000        0.683022559859958444886526535977552353        0.167811590859605266884724425470909642        0.129098359310438402074632433326122454         278.311176733591166694393935160429533        0.300000011920928955078125000000000000        -1.00000000000000000000000000000000000         4.50000000000000000000000000000000000         50.0000000000000000000000000000000000        0.885452365573858697310176054915517798        0.885452365573858697310176054915517798        0.885452365573858697310176054915517798        0.885452365573858697310176054915517798        0.885452365573858697310176054915517798         0.00000000000000000000000000000000000         0.00000000000000000000000000000000000         358.100624904812714258247528967229122         5962.73568875879211008015980409181594      
  0.850448934180289219036975673402549010         0.00000000000000000000000000000000000         0.00000000000000000000000000000000000        0.400000000000000000000000000000000019        0.599999999999999999999999999999999981        0.724999999999999999999999999999999981        0.275000000000000000000000000000000019        0.512000024318695068359375000000000000        0.425000011920928955078125000000000000         6.30000010132789611816406250000000000E-0002  0.870056494511586616800702331296776776        0.129943505488413383199297668703223248         0.00000000000000000000000000000000000        0.683022559859958444886526535977552353        0.167811590859605266884724425470909642        0.129098359310438402074632433326122454         278.311176733591166694393935160429533        0.300000011920928955078125000000000000        -1.00000000000000000000000000000000000         4.50000000000000000000000000000000000         50.0000000000000000000000000000000000        0.896749331697967384212620438402020020        0.896749331697967384212620438402020020        0.896749331697967384212620438402020020        0.896749331697967384212620438402020020        0.896749331697967384212620438402020020         0.00000000000000000000000000000000000         0.00000000000000000000000000000000000         377.208003499779654622278403459389836         6103.98962940357608121278346596786094      
  0.890735463861066538871678342365989236         0.00000000000000000000000000000000000         0.00000000000000000000000000000000000        0.400000000000000000000000000000000019        0.599999999999999999999999999999999981        0.724999999999999999999999999999999981        0.275000000000000000000000000000000019        0.512000024318695068359375000000000000        0.425000011920928955078125000000000000         6.30000010132789611816406250000000000E-0002  0.870056494511586616800702331296776776        0.129943505488413383199297668703223248         0.00000000000000000000000000000000000        0.683022559859958444886526535977552353        0.167811590859605266884724425470909642        0.129098359310438402074632433326122454         278.311176733591166694393935160429533        0.300000011920928955078125000000000000        -1.00000000000000000000000000000000000         4.50000000000000000000000000000000000         50.0000000000000000000000000000000000        0.908557293915241069200803733587421367        0.908557293915241069200803733587421367        0.908557293915241069200803733587421367        0.908557293915241069200803733587421367        0.908557293915241069200803733587421367         0.00000000000000000000000000000000000         0.00000000000000000000000000000000000         397.187424765731903442846639381202777         6244.44680132701223176937627298718737      
  0.932930402628492306849122631846463221         0.00000000000000000000000000000000000         0.00000000000000000000000000000000000        0.400000000000000000000000000000000019        0.599999999999999999999999999999999981        0.724999999999999999999999999999999981        0.275000000000000000000000000000000019        0.512000024318695068359375000000000000        0.425000011920928955078125000000000000         6.30000010132789611816406250000000000E-0002  0.870056494511586616800702331296776776        0.129943505488413383199297668703223248         0.00000000000000000000000000000000000        0.683022559859958444886526535977552353        0.167811590859605266884724425470909642        0.129098359310438402074632433326122454         278.311176733591166694393935160429533        0.300000011920928955078125000000000000        -1.00000000000000000000000000000000000         4.50000000000000000000000000000000000         50.0000000000000000000000000000000000        0.920130566711623933569353081608540738        0.920130566711623933569353081608540738        0.920130566711623933569353081608540738        0.920130566711623933569353081608540738        0.920130566711623933569353081608540738         0.00000000000000000000000000000000000         0.00000000000000000000000000000000000         417.809271228825637931949411391315242         6384.46771432159480227008364706468247      
  0.977124153534675033397991232687960264         0.00000000000000000000000000000000000         0.00000000000000000000000000000000000        0.400000000000000000000000000000000019        0.599999999999999999999999999999999981        0.724999999999999999999999999999999981        0.275000000000000000000000000000000019        0.512000024318695068359375000000000000        0.425000011920928955078125000000000000         6.30000010132789611816406250000000000E-0002  0.870056494511586616800702331296776776        0.129943505488413383199297668703223248         0.00000000000000000000000000000000000        0.683022559859958444886526535977552353        0.167811590859605266884724425470909642        0.129098359310438402074632433326122454         278.311176733591166694393935160429533        0.300000011920928955078125000000000000        -1.00000000000000000000000000000000000         4.50000000000000000000000000000000000         50.0000000000000000000000000000000000        0.931947794011226592375828210947987758        0.931947794011226592375828210947987758        0.931947794011226592375828210947987758        0.931947794011226592375828210947987758        0.931947794011226592375828210947987758         0.00000000000000000000000000000000000         0.00000000000000000000000000000000000         438.915884115649944583729654789520982         6522.10184767360438496749227102829474      
   1.02341140210547988401757228923722065         0.00000000000000000000000000000000000         0.00000000000000000000000000000000000        0.400000000000000000000000000000000019        0.599999999999999999999999999999999981        0.724999999999999999999999999999999981        0.275000000000000000000000000000000019        0.512000024318695068359375000000000000        0.425000011920928955078125000000000000         6.30000010132789611816406250000000000E-0002  0.870056494511586616800702331296776776        0.129943505488413383199297668703223248         0.00000000000000000000000000000000000        0.683022559859958444886526535977552353        0.167811590859605266884724425470909642        0.129098359310438402074632433326122454         278.311176733591166694393935160429533        0.300000011920928955078125000000000000        -1.00000000000000000000000000000000000         4.50000000000000000000000000000000000         50.0000000000000000000000000000000000        0.943890499462332665615419778223495576        0.943890499462332665615419778223495576        0.943890499462332665615419778223495576        0.943890499462332665615419778223495576        0.943890499462332665615419778223495576         0.00000000000000000000000000000000000         0.00000000000000000000000000000000000         462.092984372387925147805293184513178         6667.51401569158595571385603449473759      
   1.07189131920515601980676290596541418         0.00000000000000000000000000000000000         0.00000000000000000000000000000000000        0.400000000000000000000000000000000019        0.599999999999999999999999999999999981        0.724999999999999999999999999999999981        0.275000000000000000000000000000000019        0.512000024318695068359375000000000000        0.425000011920928955078125000000000000         6.30000010132789611816406250000000000E-0002  0.870056494511586616800702331296776776        0.129943505488413383199297668703223248         0.00000000000000000000000000000000000        0.683022559859958444886526535977552353        0.167811590859605266884724425470909642        0.129098359310438402074632433326122454         278.311176733591166694393935160429533        0.300000011920928955078125000000000000        -1.00000000000000000000000000000000000         4.50000000000000000000000000000000000         50.0000000000000000000000000000000000        0.955942740554564852674660278653023759        0.955942740554564852674660278653023759        0.955942740554564852674660278653023759        0.955942740554564852674660278653023759        0.955942740554564852674660278653023759         0.00000000000000000000000000000000000         0.00000000000000000000000000000000000         485.804527195225032457300043713266330         6810.33266837545940680519845485675731      
   1.12266777351084349932308213365971722         0.00000000000000000000000000000000000         0.00000000000000000000000000000000000        0.400000000000000000000000000000000019        0.599999999999999999999999999999999981        0.724999999999999999999999999999999981        0.275000000000000000000000000000000019        0.512000024318695068359375000000000000        0.425000011920928955078125000000000000         6.30000010132789611816406250000000000E-0002  0.870056494511586616800702331296776776        0.129943505488413383199297668703223248         0.00000000000000000000000000000000000        0.683022559859958444886526535977552353        0.167811590859605266884724425470909642        0.129098359310438402074632433326122454         278.311176733591166694393935160429533        0.300000011920928955078125000000000000        -1.00000000000000000000000000000000000         4.50000000000000000000000000000000000         50.0000000000000000000000000000000000        0.968078865211433220249181169451776643        0.968078865211433220249181169451776643        0.968078865211433220249181169451776643        0.968078865211433220249181169451776643        0.968078865211433220249181169451776643         0.00000000000000000000000000000000000         0.00000000000000000000000000000000000         510.557390244327536792083004370608962         6953.59854523530112322507576919908622      
   1.17584955405218836587405952039268318         0.00000000000000000000000000000000000         0.00000000000000000000000000000000000        0.400000000000000000000000000000000019        0.599999999999999999999999999999999981        0.724999999999999999999999999999999981        0.275000000000000000000000000000000019        0.512000024318695068359375000000000000        0.425000011920928955078125000000000000         6.30000010132789611816406250000000000E-0002  0.870056494511586616800702331296776776        0.129943505488413383199297668703223248         0.00000000000000000000000000000000000        0.683022559859958444886526535977552353        0.167811590859605266884724425470909642        0.129098359310438402074632433326122454         278.311176733591166694393935160429533        0.300000011920928955078125000000000000        -1.00000000000000000000000000000000000         4.50000000000000000000000000000000000         50.0000000000000000000000000000000000        0.980232811522609177179701058198649389        0.980232811522609177179701058198649389        0.980232811522609177179701058198649389        0.980232811522609177179701058198649389        0.980232811522609177179701058198649389         0.00000000000000000000000000000000000         0.00000000000000000000000000000000000         536.599855555211003976873354890267808         7095.51408226590541844996917104434851      
   1.23155060329285913304393922610526752         0.00000000000000000000000000000000000         0.00000000000000000000000000000000000        0.400000000000000000000000000000000019        0.599999999999999999999999999999999981        0.724999999999999999999999999999999981        0.275000000000000000000000000000000019        0.512000024318695068359375000000000000        0.425000011920928955078125000000000000         6.30000010132789611816406250000000000E-0002  0.870056494511586616800702331296776776        0.129943505488413383199297668703223248         0.00000000000000000000000000000000000        0.683022559859958444886526535977552353        0.167811590859605266884724425470909642        0.129098359310438402074632433326122454         278.311176733591166694393935160429533        0.300000011920928955078125000000000000        -1.00000000000000000000000000000000000         4.50000000000000000000000000000000000         50.0000000000000000000000000000000000        0.992592689995083023839106345510021982        0.992592689995083023839106345510021982        0.992592689995083023839106345510021982        0.992592689995083023839106345510021982        0.992592689995083023839106345510021982         0.00000000000000000000000000000000000         0.00000000000000000000000000000000000         564.215849651736137095491900479253803         7239.05632180396202605710401065013992      
   1.28989026125334400389008600428654072         0.00000000000000000000000000000000000         0.00000000000000000000000000000000000        0.400000000000000000000000000000000019        0.599999999999999999999999999999999981        0.724999999999999999999999999999999981        0.275000000000000000000000000000000019        0.512000024318695068359375000000000000        0.425000011920928955078125000000000000         6.30000010132789611816406250000000000E-0002  0.870056494511586616800702331296776776        0.129943505488413383199297668703223248         0.00000000000000000000000000000000000        0.683022559859958444886526535977552353        0.167811590859605266884724425470909642        0.129098359310438402074632433326122454         278.311176733591166694393935160429533        0.300000011920928955078125000000000000        -1.00000000000000000000000000000000000         4.50000000000000000000000000000000000         50.0000000000000000000000000000000000         1.00489177653593206989079045283504481         1.00489177653593206989079045283504481         1.00489177653593206989079045283504481         1.00489177653593206989079045283504481         1.00489177653593206989079045283504481         0.00000000000000000000000000000000000         0.00000000000000000000000000000000000         593.009531340838241869120210346777091         7382.28575641025934912697624934252844      
   1.35099352119806420678539952158028216         0.00000000000000000000000000000000000         0.00000000000000000000000000000000000        0.400000000000000000000000000000000019        0.599999999999999999999999999999999981        0.724999999999999999999999999999999981        0.275000000000000000000000000000000019        0.512000024318695068359375000000000000        0.425000011920928955078125000000000000         6.30000010132789611816406250000000000E-0002  0.870056494511586616800702331296776776        0.129943505488413383199297668703223248         0.00000000000000000000000000000000000        0.683022559859958444886526535977552353        0.167811590859605266884724425470909642        0.129098359310438402074632433326122454         278.311176733591166694393935160429533        0.300000011920928955078125000000000000        -1.00000000000000000000000000000000000         4.50000000000000000000000000000000000         50.0000000000000000000000000000000000         1.01760095072103773344239390210207967         1.01760095072103773344239390210207967         1.01760095072103773344239390210207967         1.01760095072103773344239390210207967         1.01760095072103773344239390210207967         0.00000000000000000000000000000000000         0.00000000000000000000000000000000000         623.295438740812820244151128491111223         7525.58645554044863792742594867160347      
   1.41499129743461548663919584700832116         0.00000000000000000000000000000000000         0.00000000000000000000000000000000000        0.400000000000000000000000000000000019        0.599999999999999999999999999999999981        0.724999999999999999999999999999999981        0.275000000000000000000000000000000019        0.512000024318695068359375000000000000        0.425000011920928955078125000000000000         6.30000010132789611816406250000000000E-0002  0.870056494511586616800702331296776776        0.129943505488413383199297668703223248         0.00000000000000000000000000000000000        0.683022559859958444886526535977552353        0.167811590859605266884724425470909642        0.129098359310438402074632433326122454         278.311176733591166694393935160429533        0.300000011920928955078125000000000000        -1.00000000000000000000000000000000000         4.50000000000000000000000000000000000         50.0000000000000000000000000000000000         1.02987356610477025225456145476541968         1.02987356610477025225456145476541968         1.02987356610477025225456145476541968         1.02987356610477025225456145476541968         1.02987356610477025225456145476541968         0.00000000000000000000000000000000000         0.00000000000000000000000000000000000         654.843453500526835094124982476593542         7668.47873150950065346658966506047818      
   1.48202070579890013841676841137265918         0.00000000000000000000000000000000000         0.00000000000000000000000000000000000        0.400000000000000000000000000000000019        0.599999999999999999999999999999999981        0.724999999999999999999999999999999981        0.275000000000000000000000000000000019        0.512000024318695068359375000000000000        0.425000011920928955078125000000000000         6.30000010132789611816406250000000000E-0002  0.870056494511586616800702331296776776        0.129943505488413383199297668703223248         0.00000000000000000000000000000000000        0.683022559859958444886526535977552353        0.167811590859605266884724425470909642        0.129098359310438402074632433326122454         278.311176733591166694393935160429533        0.300000011920928955078125000000000000        -1.00000000000000000000000000000000000         4.50000000000000000000000000000000000         50.0000000000000000000000000000000000         1.04267440172609916461922948584366854         1.04267440172609916461922948584366854         1.04267440172609916461922948584366854         1.04267440172609916461922948584366854         1.04267440172609916461922948584366854         0.00000000000000000000000000000000000         0.00000000000000000000000000000000000         688.847799121954632247649003389332960         7814.72206632638947729022105667461130      
   1.55222535742709160936160846888458776         0.00000000000000000000000000000000000         0.00000000000000000000000000000000000        0.400000000000000000000000000000000019        0.599999999999999999999999999999999981        0.724999999999999999999999999999999981        0.275000000000000000000000000000000019        0.512000024318695068359375000000000000        0.425000011920928955078125000000000000         6.30000010132789611816406250000000000E-0002  0.870056494511586616800702331296776776        0.129943505488413383199297668703223248         0.00000000000000000000000000000000000        0.683022559859958444886526535977552353        0.167811590859605266884724425470909642        0.129098359310438402074632433326122454         278.311176733591166694393935160429533        0.300000011920928955078125000000000000        -1.00000000000000000000000000000000000         4.50000000000000000000000000000000000         50.0000000000000000000000000000000000         1.05510879270871524240730000992734921         1.05510879270871524240730000992734921         1.05510879270871524240730000992734921         1.05510879270871524240730000992734921         1.05510879270871524240730000992734921         0.00000000000000000000000000000000000         0.00000000000000000000000000000000000         723.891526352993667117973920859661989         7959.47210698985500892572873066746301      
   1.62575566644384085973659301860212051         0.00000000000000000000000000000000000         0.00000000000000000000000000000000000        0.400000000000000000000000000000000019        0.599999999999999999999999999999999981        0.724999999999999999999999999999999981        0.275000000000000000000000000000000019        0.512000024318695068359375000000000000        0.425000011920928955078125000000000000         6.30000010132789611816406250000000000E-0002  0.870056494511586616800702331296776776        0.129943505488413383199297668703223248         0.00000000000000000000000000000000000        0.683022559859958444886526535977552353        0.167811590859605266884724425470909642        0.129098359310438402074632433326122454         278.311176733591166694393935160429533        0.300000011920928955078125000000000000        -1.00000000000000000000000000000000000         4.50000000000000000000000000000000000         50.0000000000000000000000000000000000         1.06798583065458891546184521455625704         1.06798583065458891546184521455625704         1.06798583065458891546184521455625704         1.06798583065458891546184521455625704         1.06798583065458891546184521455625704         0.00000000000000000000000000000000000         0.00000000000000000000000000000000000         760.856797622325572340189254018317067         8104.00479715725048280072090026977675      
   1.70276917222594935040597643772334275         0.00000000000000000000000000000000000         0.00000000000000000000000000000000000        0.400000000000000000000000000000000019        0.599999999999999999999999999999999981        0.724999999999999999999999999999999981        0.275000000000000000000000000000000019        0.512000024318695068359375000000000000        0.425000011920928955078125000000000000         6.30000010132789611816406250000000000E-0002  0.870056494511586616800702331296776776        0.129943505488413383199297668703223248         0.00000000000000000000000000000000000        0.683022559859958444886526535977552353        0.167811590859605266884724425470909642        0.129098359310438402074632433326122454         278.311176733591166694393935160429533        0.300000011920928955078125000000000000        -1.00000000000000000000000000000000000         4.50000000000000000000000000000000000         50.0000000000000000000000000000000000         1.08096030677724368799096179763777158         1.08096030677724368799096179763777158         1.08096030677724368799096179763777158         1.08096030677724368799096179763777158         1.08096030677724368799096179763777158         0.00000000000000000000000000000000000         0.00000000000000000000000000000000000         799.833497911981588700321490438400810         8249.32711968788057096824341111644797      
   1.78343087693196159954962751479630605         0.00000000000000000000000000000000000         0.00000000000000000000000000000000000        0.400000000000000000000000000000000019        0.599999999999999999999999999999999981        0.724999999999999999999999999999999981        0.275000000000000000000000000000000019        0.512000024318695068359375000000000000        0.425000011920928955078125000000000000         6.30000010132789611816406250000000000E-0002  0.870056494511586616800702331296776776        0.129943505488413383199297668703223248         0.00000000000000000000000000000000000        0.683022559859958444886526535977552353        0.167811590859605266884724425470909642        0.129098359310438402074632433326122454         278.311176733591166694393935160429533        0.300000011920928955078125000000000000        -1.00000000000000000000000000000000000         4.50000000000000000000000000000000000         50.0000000000000000000000000000000000         1.09373874591592886679775524103944387         1.09373874591592886679775524103944387         1.09373874591592886679775524103944387         1.09373874591592886679775524103944387         1.09373874591592886679775524103944387         0.00000000000000000000000000000000000         0.00000000000000000000000000000000000         840.621248340082920696113391652584676         8394.01872094999450035075804360206689      
   1.86791359902083762667604333648365787         0.00000000000000000000000000000000000         0.00000000000000000000000000000000000        0.400000000000000000000000000000000019        0.599999999999999999999999999999999981        0.724999999999999999999999999999999981        0.275000000000000000000000000000000019        0.512000024318695068359375000000000000        0.425000011920928955078125000000000000         6.30000010132789611816406250000000000E-0002  0.870056494511586616800702331296776776        0.129943505488413383199297668703223248         0.00000000000000000000000000000000000        0.683022559859958444886526535977552353        0.167811590859605266884724425470909642        0.129098359310438402074632433326122454         278.311176733591166694393935160429533        0.300000011920928955078125000000000000        -1.00000000000000000000000000000000000         4.50000000000000000000000000000000000         50.0000000000000000000000000000000000         1.10717496622666138948474263759076857         1.10717496622666138948474263759076857         1.10717496622666138948474263759076857         1.10717496622666138948474263759076857         1.10717496622666138948474263759076857         0.00000000000000000000000000000000000         0.00000000000000000000000000000000000         883.645209547523213774596308865061541         8538.84743634085912832495360134032112      
   1.95639834351712235574086149449056598         0.00000000000000000000000000000000000         0.00000000000000000000000000000000000        0.400000000000000000000000000000000019        0.599999999999999999999999999999999981        0.724999999999999999999999999999999981        0.275000000000000000000000000000000019        0.512000024318695068359375000000000000        0.425000011920928955078125000000000000         6.30000010132789611816406250000000000E-0002  0.870056494511586616800702331296776776        0.129943505488413383199297668703223248         0.00000000000000000000000000000000000        0.683022559859958444886526535977552353        0.167811590859605266884724425470909642        0.129098359310438402074632433326122454         278.311176733591166694393935160429533        0.300000011920928955078125000000000000        -1.00000000000000000000000000000000000         4.50000000000000000000000000000000000         50.0000000000000000000000000000000000         1.12052267272673888760974022111099086         1.12052267272673888760974022111099086         1.12052267272673888760974022111099086         1.12052267272673888760974022111099086         1.12052267272673888760974022111099086         0.00000000000000000000000000000000000         0.00000000000000000000000000000000000         928.933900835361217305407245358661984         8683.91412458865462808235073079321663      
   2.04907468981590857599889354382844297         0.00000000000000000000000000000000000         0.00000000000000000000000000000000000        0.400000000000000000000000000000000019        0.599999999999999999999999999999999981        0.724999999999999999999999999999999981        0.275000000000000000000000000000000019        0.512000024318695068359375000000000000        0.425000011920928955078125000000000000         6.30000010132789611816406250000000000E-0002  0.870056494511586616800702331296776776        0.129943505488413383199297668703223248         0.00000000000000000000000000000000000        0.683022559859958444886526535977552353        0.167811590859605266884724425470909642        0.129098359310438402074632433326122454         278.311176733591166694393935160429533        0.300000011920928955078125000000000000        -1.00000000000000000000000000000000000         4.50000000000000000000000000000000000         50.0000000000000000000000000000000000         1.13388929203598893326856067813013800         1.13388929203598893326856067813013800         1.13388929203598893326856067813013800         1.13388929203598893326856067813013800         1.13388929203598893326856067813013800         0.00000000000000000000000000000000000         0.00000000000000000000000000000000000         976.494617090513508394949743493214209         8829.55411681729301292829306557974432      
   2.14614119785846923144288932206752821         0.00000000000000000000000000000000000         0.00000000000000000000000000000000000        0.400000000000000000000000000000000019        0.599999999999999999999999999999999981        0.724999999999999999999999999999999981        0.275000000000000000000000000000000019        0.512000024318695068359375000000000000        0.425000011920928955078125000000000000         6.30000010132789611816406250000000000E-0002  0.870056494511586616800702331296776776        0.129943505488413383199297668703223248         0.00000000000000000000000000000000000        0.683022559859958444886526535977552353        0.167811590859605266884724425470909642        0.129098359310438402074632433326122454         278.311176733591166694393935160429533        0.300000011920928955078125000000000000        -1.00000000000000000000000000000000000         4.50000000000000000000000000000000000         50.0000000000000000000000000000000000         1.14769135547547635172890986673067950         1.14769135547547635172890986673067950         1.14769135547547635172890986673067950         1.14769135547547635172890986673067950         1.14769135547547635172890986673067950         0.00000000000000000000000000000000000         0.00000000000000000000000000000000000         1026.91080460496296071080432949927056         8973.09363435004747064859944777879582      
   2.24780583354879414104030832593962274         0.00000000000000000000000000000000000         0.00000000000000000000000000000000000        0.400000000000000000000000000000000019        0.599999999999999999999999999999999981        0.724999999999999999999999999999999981        0.275000000000000000000000000000000019        0.512000024318695068359375000000000000        0.425000011920928955078125000000000000         6.30000010132789611816406250000000000E-0002  0.870056494511586616800702331296776776        0.129943505488413383199297668703223248         0.00000000000000000000000000000000000        0.683022559859958444886526535977552353        0.167811590859605266884724425470909642        0.129098359310438402074632433326122454         278.311176733591166694393935160429533        0.300000011920928955078125000000000000        -1.00000000000000000000000000000000000         4.50000000000000000000000000000000000         50.0000000000000000000000000000000000         1.16126438730635437318046961067871358         1.16126438730635437318046961067871358         1.16126438730635437318046961067871358         1.16126438730635437318046961067871358         1.16126438730635437318046961067871358         0.00000000000000000000000000000000000         0.00000000000000000000000000000000000         1079.10197352217424970151311789786973         9136.56094838497847020396885342808858      
   2.35428641432249007020695607335824657         0.00000000000000000000000000000000000         0.00000000000000000000000000000000000        0.400000000000000000000000000000000019        0.599999999999999999999999999999999981        0.724999999999999999999999999999999981        0.275000000000000000000000000000000019        0.512000024318695068359375000000000000        0.425000011920928955078125000000000000         6.30000010132789611816406250000000000E-0002  0.870056494511586616800702331296776776        0.129943505488413383199297668703223248         0.00000000000000000000000000000000000        0.683022559859958444886526535977552353        0.167811590859605266884724425470909642        0.129098359310438402074632433326122454         278.311176733591166694393935160429533        0.300000011920928955078125000000000000        -1.00000000000000000000000000000000000         4.50000000000000000000000000000000000         50.0000000000000000000000000000000000         1.17562644690964859028808144110145559         1.17562644690964859028808144110145559         1.17562644690964859028808144110145559         1.17562644690964859028808144110145559         1.17562644690964859028808144110145559         0.00000000000000000000000000000000000         0.00000000000000000000000000000000000         1133.43325714935584342408421118067854         9336.69692496909006849058581924556737      
   2.46581107582267970147068279155487439         0.00000000000000000000000000000000000         0.00000000000000000000000000000000000        0.400000000000000000000000000000000019        0.599999999999999999999999999999999981        0.724999999999999999999999999999999981        0.275000000000000000000000000000000019        0.512000024318695068359375000000000000        0.425000011920928955078125000000000000         6.30000010132789611816406250000000000E-0002  0.870056494511586616800702331296776776        0.129943505488413383199297668703223248         0.00000000000000000000000000000000000        0.683022559859958444886526535977552353        0.167811590859605266884724425470909642        0.129098359310438402074632433326122454         278.311176733591166694393935160429533        0.300000011920928955078125000000000000        -1.00000000000000000000000000000000000         4.50000000000000000000000000000000000         50.0000000000000000000000000000000000         1.19028580154210783429840439111908506         1.19028580154210783429840439111908506         1.19028580154210783429840439111908506         1.19028580154210783429840439111908506         1.19028580154210783429840439111908506         0.00000000000000000000000000000000000         0.00000000000000000000000000000000000         1191.15527059812432111376512186323482         9537.02811770146756554568747517031015      
   2.58261876068275699540889612963339913         0.00000000000000000000000000000000000         0.00000000000000000000000000000000000        0.400000000000000000000000000000000019        0.599999999999999999999999999999999981        0.724999999999999999999999999999999981        0.275000000000000000000000000000000019        0.512000024318695068359375000000000000        0.425000011920928955078125000000000000         6.30000010132789611816406250000000000E-0002  0.870056494511586616800702331296776776        0.129943505488413383199297668703223248         0.00000000000000000000000000000000000        0.683022559859958444886526535977552353        0.167811590859605266884724425470909642        0.129098359310438402074632433326122454         278.311176733591166694393935160429533        0.300000011920928955078125000000000000        -1.00000000000000000000000000000000000         4.50000000000000000000000000000000000         50.0000000000000000000000000000000000         1.20482855359069283719888407595736611         1.20482855359069283719888407595736611         1.20482855359069283719888407595736611         1.20482855359069283719888407595736611         1.20482855359069283719888407595736611         0.00000000000000000000000000000000000         0.00000000000000000000000000000000000         1251.84355719832208471279363288665842         9742.98509365910397761258999651812941      
   2.70495973046322058012775948376762777         0.00000000000000000000000000000000000         0.00000000000000000000000000000000000        0.400000000000000000000000000000000019        0.599999999999999999999999999999999981        0.724999999999999999999999999999999981        0.275000000000000000000000000000000019        0.512000024318695068359375000000000000        0.425000011920928955078125000000000000         6.30000010132789611816406250000000000E-0002  0.870056494511586616800702331296776776        0.129943505488413383199297668703223248         0.00000000000000000000000000000000000        0.683022559859958444886526535977552353        0.167811590859605266884724425470909642        0.129098359310438402074632433326122454         278.311176733591166694393935160429533        0.300000011920928955078125000000000000        -1.00000000000000000000000000000000000         4.50000000000000000000000000000000000         50.0000000000000000000000000000000000         1.21873788202787180242151038007859557         1.21873788202787180242151038007859557         1.21873788202787180242151038007859557         1.21873788202787180242151038007859557         1.21873788202787180242151038007859557         0.00000000000000000000000000000000000         0.00000000000000000000000000000000000         1315.16597833660564544904120274568576         9958.19790758182459665242254923020784      
   2.83309610183941463691826271807341983         0.00000000000000000000000000000000000         0.00000000000000000000000000000000000        0.400000000000000000000000000000000019        0.599999999999999999999999999999999981        0.724999999999999999999999999999999981        0.275000000000000000000000000000000019        0.512000024318695068359375000000000000        0.425000011920928955078125000000000000         6.30000010132789611816406250000000000E-0002  0.870056494511586616800702331296776776        0.129943505488413383199297668703223248         0.00000000000000000000000000000000000        0.683022559859958444886526535977552353        0.167811590859605266884724425470909642        0.129098359310438402074632433326122454         278.311176733591166694393935160429533        0.300000011920928955078125000000000000        -1.00000000000000000000000000000000000         4.50000000000000000000000000000000000         50.0000000000000000000000000000000000         1.23333963391998808604089487133438232         1.23333963391998808604089487133438232         1.23333963391998808604089487133438232         1.23333963391998808604089487133438232         1.23333963391998808604089487133438232         0.00000000000000000000000000000000000         0.00000000000000000000000000000000000         1382.70063190525621329177954960669285         10170.1324409582430188134440553466038      
   2.96730240818896454651461614421851563         0.00000000000000000000000000000000000         0.00000000000000000000000000000000000        0.400000000000000000000000000000000019        0.599999999999999999999999999999999981        0.724999999999999999999999999999999981        0.275000000000000000000000000000000019        0.512000024318695068359375000000000000        0.425000011920928955078125000000000000         6.30000010132789611816406250000000000E-0002  0.870056494511586616800702331296776776        0.129943505488413383199297668703223248         0.00000000000000000000000000000000000        0.683022559859958444886526535977552353        0.167811590859605266884724425470909642        0.129098359310438402074632433326122454         278.311176733591166694393935160429533        0.300000011920928955078125000000000000        -1.00000000000000000000000000000000000         4.50000000000000000000000000000000000         50.0000000000000000000000000000000000         1.24812940020175883022313678315081534         1.24812940020175883022313678315081534         1.24812940020175883022313678315081534         1.24812940020175883022313678315081534         1.24812940020175883022313678315081534         0.00000000000000000000000000000000000         0.00000000000000000000000000000000000         1454.15396304533450789673338751769527         10384.3536265194386825489153589276941      
   3.10786618778211364466063213094136699         0.00000000000000000000000000000000000         0.00000000000000000000000000000000000        0.400000000000000000000000000000000019        0.599999999999999999999999999999999981        0.724999999999999999999999999999999981        0.275000000000000000000000000000000019        0.512000024318695068359375000000000000        0.425000011920928955078125000000000000         6.30000010132789611816406250000000000E-0002  0.870056494511586616800702331296776776        0.129943505488413383199297668703223248         0.00000000000000000000000000000000000        0.683022559859958444886526535977552353        0.167811590859605266884724425470909642        0.129098359310438402074632433326122454         278.311176733591166694393935160429533        0.300000011920928955078125000000000000        -1.00000000000000000000000000000000000         4.50000000000000000000000000000000000         50.0000000000000000000000000000000000         1.26301214363793246098171439104082719         1.26301214363793246098171439104082719         1.26301214363793246098171439104082719         1.26301214363793246098171439104082719         1.26301214363793246098171439104082719         0.00000000000000000000000000000000000         0.00000000000000000000000000000000000         1529.62173815533867743553255605700649         10600.5567296108864836904202268702086      
   3.25508859983516440085845691551799553         0.00000000000000000000000000000000000         0.00000000000000000000000000000000000        0.400000000000000000000000000000000019        0.599999999999999999999999999999999981        0.724999999999999999999999999999999981        0.275000000000000000000000000000000019        0.512000024318695068359375000000000000        0.425000011920928955078125000000000000         6.30000010132789611816406250000000000E-0002  0.870056494511586616800702331296776776        0.129943505488413383199297668703223248         0.00000000000000000000000000000000000        0.683022559859958444886526535977552353        0.167811590859605266884724425470909642        0.129098359310438402074632433326122454         278.311176733591166694393935160429533        0.300000011920928955078125000000000000        -1.00000000000000000000000000000000000         4.50000000000000000000000000000000000         50.0000000000000000000000000000000000         1.27875003373905012495749015323890403         1.27875003373905012495749015323890403         1.27875003373905012495749015323890403         1.27875003373905012495749015323890403         1.27875003373905012495749015323890403         0.00000000000000000000000000000000000         0.00000000000000000000000000000000000         1610.09476187877010599246115749474462         10813.5734812041461184072375240045821      
   3.40928506974692429676371810701270237         0.00000000000000000000000000000000000         0.00000000000000000000000000000000000        0.400000000000000000000000000000000019        0.599999999999999999999999999999999981        0.724999999999999999999999999999999981        0.275000000000000000000000000000000019        0.512000024318695068359375000000000000        0.425000011920928955078125000000000000         6.30000010132789611816406250000000000E-0002  0.870056494511586616800702331296776776        0.129943505488413383199297668703223248         0.00000000000000000000000000000000000        0.683022559859958444886526535977552353        0.167811590859605266884724425470909642        0.129098359310438402074632433326122454         278.311176733591166694393935160429533        0.300000011920928955078125000000000000        -1.00000000000000000000000000000000000         4.50000000000000000000000000000000000         50.0000000000000000000000000000000000         1.29335530150364878553763019902386913         1.29335530150364878553763019902386913         1.29335530150364878553763019902386913         1.29335530150364878553763019902386913         1.29335530150364878553763019902386913         0.00000000000000000000000000000000000         0.00000000000000000000000000000000000         1693.91288739949298558636589008111782         11038.0285903659624149908476937604708      
   3.57078596490058154200418219794212579         0.00000000000000000000000000000000000         0.00000000000000000000000000000000000        0.400000000000000000000000000000000019        0.599999999999999999999999999999999981        0.724999999999999999999999999999999981        0.275000000000000000000000000000000019        0.512000024318695068359375000000000000        0.425000011920928955078125000000000000         6.30000010132789611816406250000000000E-0002  0.870056494511586616800702331296776776        0.129943505488413383199297668703223248         0.00000000000000000000000000000000000        0.683022559859958444886526535977552353        0.167811590859605266884724425470909642        0.129098359310438402074632433326122454         278.311176733591166694393935160429533        0.300000011920928955078125000000000000        -1.00000000000000000000000000000000000         4.50000000000000000000000000000000000         50.0000000000000000000000000000000000         1.30861544152393548241719262445016837         1.30861544152393548241719262445016837         1.30861544152393548241719262445016837         1.30861544152393548241719262445016837         1.30861544152393548241719262445016837         0.00000000000000000000000000000000000         0.00000000000000000000000000000000000         1783.18097566477310982853268714657782         11258.7875314566612057158687232843289      
   3.73993730247892248533723346676967991         0.00000000000000000000000000000000000         0.00000000000000000000000000000000000        0.400000000000000000000000000000000019        0.599999999999999999999999999999999981        0.724999999999999999999999999999999981        0.275000000000000000000000000000000019        0.512000024318695068359375000000000000        0.425000011920928955078125000000000000         6.30000010132789611816406250000000000E-0002  0.870056494511586616800702331296776776        0.129943505488413383199297668703223248         0.00000000000000000000000000000000000        0.683022559859958444886526535977552353        0.167811590859605266884724425470909642        0.129098359310438402074632433326122454         278.311176733591166694393935160429533        0.300000011920928955078125000000000000        -1.00000000000000000000000000000000000         4.50000000000000000000000000000000000         50.0000000000000000000000000000000000         1.32399045550034654533852095601759904         1.32399045550034654533852095601759904         1.32399045550034654533852095601759904         1.32399045550034654533852095601759904         1.32399045550034654533852095601759904         0.00000000000000000000000000000000000         0.00000000000000000000000000000000000         1877.68614358414543950669506812155675         11480.4546674916947717721920364452286      
   3.91710149080939146393706924636129076         0.00000000000000000000000000000000000         0.00000000000000000000000000000000000        0.400000000000000000000000000000000019        0.599999999999999999999999999999999981        0.724999999999999999999999999999999981        0.275000000000000000000000000000000019        0.512000024318695068359375000000000000        0.425000011920928955078125000000000000         6.30000010132789611816406250000000000E-0002  0.870056494511586616800702331296776776        0.129943505488413383199297668703223248         0.00000000000000000000000000000000000        0.683022559859958444886526535977552353        0.167811590859605266884724425470909642        0.129098359310438402074632433326122454         278.311176733591166694393935160429533        0.300000011920928955078125000000000000        -1.00000000000000000000000000000000000         4.50000000000000000000000000000000000         50.0000000000000000000000000000000000         1.34017434904454832119264619253453600         1.34017434904454832119264619253453600         1.34017434904454832119264619253453600         1.34017434904454832119264619253453600         1.34017434904454832119264619253453600         0.00000000000000000000000000000000000         0.00000000000000000000000000000000000         1978.47413800181486719997278964763074         11692.8171239129022922602773576001274      
   4.10265810582733183554468384630866708         0.00000000000000000000000000000000000         0.00000000000000000000000000000000000        0.400000000000000000000000000000000019        0.599999999999999999999999999999999981        0.724999999999999999999999999999999981        0.275000000000000000000000000000000019        0.512000024318695068359375000000000000        0.425000011920928955078125000000000000         6.30000010132789611816406250000000000E-0002  0.870056494511586616800702331296776776        0.129943505488413383199297668703223248         0.00000000000000000000000000000000000        0.683022559859958444886526535977552353        0.167811590859605266884724425470909642        0.129098359310438402074632433326122454         278.311176733591166694393935160429533        0.300000011920928955078125000000000000        -1.00000000000000000000000000000000000         4.50000000000000000000000000000000000         50.0000000000000000000000000000000000         1.35520634041096867367796852346927355         1.35520634041096867367796852346927355         1.35520634041096867367796852346927355         1.35520634041096867367796852346927355         1.35520634041096867367796852346927355         0.00000000000000000000000000000000000         0.00000000000000000000000000000000000         2083.96312841272365192171298279997533         11814.0569806865530130546128069465554      
   4.29700470432098797081550436783669861         0.00000000000000000000000000000000000         0.00000000000000000000000000000000000        0.400000000000000000000000000000000019        0.599999999999999999999999999999999981        0.724999999999999999999999999999999981        0.275000000000000000000000000000000019        0.512000024318695068359375000000000000        0.425000011920928955078125000000000000         6.30000010132789611816406250000000000E-0002  0.870056494511586616800702331296776776        0.129943505488413383199297668703223248         0.00000000000000000000000000000000000        0.683022559859958444886526535977552353        0.167811590859605266884724425470909642        0.129098359310438402074632433326122454         278.311176733591166694393935160429533        0.300000011920928955078125000000000000        -1.00000000000000000000000000000000000         4.50000000000000000000000000000000000         50.0000000000000000000000000000000000         1.37112556097784108819991276368677595         1.37112556097784108819991276368677595         1.37112556097784108819991276368677595         1.37112556097784108819991276368677595         1.37112556097784108819991276368677595         0.00000000000000000000000000000000000         0.00000000000000000000000000000000000         2196.41410672916296888289660598907014         11933.7876239295830336422354632275116      
   4.50055767570065325107907567564988206         0.00000000000000000000000000000000000         0.00000000000000000000000000000000000        0.400000000000000000000000000000000019        0.599999999999999999999999999999999981        0.724999999999999999999999999999999981        0.275000000000000000000000000000000019        0.512000024318695068359375000000000000        0.425000011920928955078125000000000000         6.30000010132789611816406250000000000E-0002  0.870056494511586616800702331296776776        0.129943505488413383199297668703223248         0.00000000000000000000000000000000000        0.683022559859958444886526535977552353        0.167811590859605266884724425470909642        0.129098359310438402074632433326122454         278.311176733591166694393935160429533        0.300000011920928955078125000000000000        -1.00000000000000000000000000000000000         4.50000000000000000000000000000000000         50.0000000000000000000000000000000000         1.38701064326321812306130029781289565         1.38701064326321812306130029781289565         1.38701064326321812306130029781289565         1.38701064326321812306130029781289565         1.38701064326321812306130029781289565         0.00000000000000000000000000000000000         0.00000000000000000000000000000000000         2315.57550632422588446018677240977578         12053.7896732951952605932569037115138      
   4.71375313411688746090811432995346639         0.00000000000000000000000000000000000         0.00000000000000000000000000000000000        0.400000000000000000000000000000000019        0.599999999999999999999999999999999981        0.724999999999999999999999999999999981        0.275000000000000000000000000000000019        0.512000024318695068359375000000000000        0.425000011920928955078125000000000000         6.30000010132789611816406250000000000E-0002  0.870056494511586616800702331296776776        0.129943505488413383199297668703223248         0.00000000000000000000000000000000000        0.683022559859958444886526535977552353        0.167811590859605266884724425470909642        0.129098359310438402074632433326122454         278.311176733591166694393935160429533        0.300000011920928955078125000000000000        -1.00000000000000000000000000000000000         4.50000000000000000000000000000000000         50.0000000000000000000000000000000000         1.40304835457234616033033881639438919         1.40304835457234616033033881639438919         1.40304835457234616033033881639438919         1.40304835457234616033033881639438919         1.40304835457234616033033881639438919         0.00000000000000000000000000000000000         0.00000000000000000000000000000000000         2441.69085592486720230919665923383122         12173.7002397632284404303609571466232      
   4.93704785283917522455720499133271388         0.00000000000000000000000000000000000         0.00000000000000000000000000000000000        0.400000000000000000000000000000000019        0.599999999999999999999999999999999981        0.724999999999999999999999999999999981        0.275000000000000000000000000000000019        0.512000024318695068359375000000000000        0.425000011920928955078125000000000000         6.30000010132789611816406250000000000E-0002  0.870056494511586616800702331296776776        0.129943505488413383199297668703223248         0.00000000000000000000000000000000000        0.683022559859958444886526535977552353        0.167811590859605266884724425470909642        0.129098359310438402074632433326122454         278.311176733591166694393935160429533        0.300000011920928955078125000000000000        -1.00000000000000000000000000000000000         4.50000000000000000000000000000000000         50.0000000000000000000000000000000000         1.41919528351253146357315413716042123         1.41919528351253146357315413716042123         1.41919528351253146357315413716042123         1.41919528351253146357315413716042123         1.41919528351253146357315413716042123         0.00000000000000000000000000000000000         0.00000000000000000000000000000000000         2575.57221643408414554845819967466560         12293.6926981293136987132509676755915      
   5.17092024289694052668163232095138689         0.00000000000000000000000000000000000         0.00000000000000000000000000000000000        0.400000000000000000000000000000000019        0.599999999999999999999999999999999981        0.724999999999999999999999999999999981        0.275000000000000000000000000000000019        0.512000024318695068359375000000000000        0.425000011920928955078125000000000000         6.30000010132789611816406250000000000E-0002  0.870056494511586616800702331296776776        0.129943505488413383199297668703223248         0.00000000000000000000000000000000000        0.683022559859958444886526535977552353        0.167811590859605266884724425470909642        0.129098359310438402074632433326122454         278.311176733591166694393935160429533        0.300000011920928955078125000000000000        -1.00000000000000000000000000000000000         4.50000000000000000000000000000000000         50.0000000000000000000000000000000000         1.43532470044977108218145375396189425         1.43532470044977108218145375396189425         1.43532470044977108218145375396189425         1.43532470044977108218145375396189425         1.43532470044977108218145375396189425         0.00000000000000000000000000000000000         0.00000000000000000000000000000000000         2717.69970251071014966496188590046384         12414.0208825834717792977397362114464      
   5.41587137807966487084961468635563235         0.00000000000000000000000000000000000         0.00000000000000000000000000000000000        0.400000000000000000000000000000000019        0.599999999999999999999999999999999981        0.724999999999999999999999999999999981        0.275000000000000000000000000000000019        0.512000024318695068359375000000000000        0.425000011920928955078125000000000000         6.30000010132789611816406250000000000E-0002  0.870056494511586616800702331296776776        0.129943505488413383199297668703223248         0.00000000000000000000000000000000000        0.683022559859958444886526535977552353        0.167811590859605266884724425470909642        0.129098359310438402074632433326122454         278.311176733591166694393935160429533        0.300000011920928955078125000000000000        -1.00000000000000000000000000000000000         4.50000000000000000000000000000000000         50.0000000000000000000000000000000000         1.45210190887461930523537914774393670         1.45210190887461930523537914774393670         1.45210190887461930523537914774393670         1.45210190887461930523537914774393670         1.45210190887461930523537914774393670         0.00000000000000000000000000000000000         0.00000000000000000000000000000000000         2868.29032456996636849118640089016449         12533.2840172479638390932616600561770      
   5.67242606849218144376540893055636070         0.00000000000000000000000000000000000         0.00000000000000000000000000000000000        0.400000000000000000000000000000000019        0.599999999999999999999999999999999981        0.724999999999999999999999999999999981        0.275000000000000000000000000000000019        0.512000024318695068359375000000000000        0.425000011920928955078125000000000000         6.30000010132789611816406250000000000E-0002  0.870056494511586616800702331296776776        0.129943505488413383199297668703223248         0.00000000000000000000000000000000000        0.683022559859958444886526535977552353        0.167811590859605266884724425470909642        0.129098359310438402074632433326122454         278.311176733591166694393935160429533        0.300000011920928955078125000000000000        -1.00000000000000000000000000000000000         4.50000000000000000000000000000000000         50.0000000000000000000000000000000000         1.46813656538513701966161789804838791         1.46813656538513701966161789804838791         1.46813656538513701966161789804838791         1.46813656538513701966161789804838791         1.46813656538513701966161789804838791         0.00000000000000000000000000000000000         0.00000000000000000000000000000000000         3027.84517494398011620262453377830429         12655.0228204538493968223049531035042      
   5.94113398496524757317294119695305884         0.00000000000000000000000000000000000         0.00000000000000000000000000000000000        0.400000000000000000000000000000000019        0.599999999999999999999999999999999981        0.724999999999999999999999999999999981        0.275000000000000000000000000000000019        0.512000024318695068359375000000000000        0.425000011920928955078125000000000000         6.30000010132789611816406250000000000E-0002  0.870056494511586616800702331296776776        0.129943505488413383199297668703223248         0.00000000000000000000000000000000000        0.683022559859958444886526535977552353        0.167811590859605266884724425470909642        0.129098359310438402074632433326122454         278.311176733591166694393935160429533        0.300000011920928955078125000000000000        -1.00000000000000000000000000000000000         4.50000000000000000000000000000000000         50.0000000000000000000000000000000000         1.48468797712637063041537603660546392         1.48468797712637063041537603660546392         1.48468797712637063041537603660546392         1.48468797712637063041537603660546392         1.48468797712637063041537603660546392         0.00000000000000000000000000000000000         0.00000000000000000000000000000000000         3197.16037053219508077080100157016596         12775.8281421902132991117259712418760      
   6.22257083673045567818932634861224246         0.00000000000000000000000000000000000         0.00000000000000000000000000000000000        0.400000000000000000000000000000000019        0.599999999999999999999999999999999981        0.724999999999999999999999999999999981        0.275000000000000000000000000000000019        0.512000024318695068359375000000000000        0.425000011920928955078125000000000000         6.30000010132789611816406250000000000E-0002  0.870056494511586616800702331296776776        0.129943505488413383199297668703223248         0.00000000000000000000000000000000000        0.683022559859958444886526535977552353        0.167811590859605266884724425470909642        0.129098359310438402074632433326122454         278.311176733591166694393935160429533        0.300000011920928955078125000000000000        -1.00000000000000000000000000000000000         4.50000000000000000000000000000000000         50.0000000000000000000000000000000000         1.50129596822515794844989935085712657         1.50129596822515794844989935085712657         1.50129596822515794844989935085712657         1.50129596822515794844989935085712657         1.50129596822515794844989935085712657         0.00000000000000000000000000000000000         0.00000000000000000000000000000000000         3377.31648247872865464333581774774116         12894.3894700125011962062736193907197      
   6.51733960488266225567076642791935208         0.00000000000000000000000000000000000         0.00000000000000000000000000000000000        0.400000000000000000000000000000000019        0.599999999999999999999999999999999981        0.724999999999999999999999999999999981        0.275000000000000000000000000000000019        0.512000024318695068359375000000000000        0.425000011920928955078125000000000000         6.30000010132789611816406250000000000E-0002  0.870056494511586616800702331296776776        0.129943505488413383199297668703223248         0.00000000000000000000000000000000000        0.683022559859958444886526535977552353        0.167811590859605266884724425470909642        0.129098359310438402074632433326122454         278.311176733591166694393935160429533        0.300000011920928955078125000000000000        -1.00000000000000000000000000000000000         4.50000000000000000000000000000000000         50.0000000000000000000000000000000000         1.51786285447024952114905022511484348         1.51786285447024952114905022511484348         1.51786285447024952114905022511484348         1.51786285447024952114905022511484348         1.51786285447024952114905022511484348         0.00000000000000000000000000000000000         0.00000000000000000000000000000000000         3567.29607536207135575147150035932303         13018.0383733059894785801234274237035      
   6.82607183427263972690668329495824292         0.00000000000000000000000000000000000         0.00000000000000000000000000000000000        0.400000000000000000000000000000000019        0.599999999999999999999999999999999981        0.724999999999999999999999999999999981        0.275000000000000000000000000000000019        0.512000024318695068359375000000000000        0.425000011920928955078125000000000000         6.30000010132789611816406250000000000E-0002  0.870056494511586616800702331296776776        0.129943505488413383199297668703223248         0.00000000000000000000000000000000000        0.683022559859958444886526535977552353        0.167811590859605266884724425470909642        0.129098359310438402074632433326122454         278.311176733591166694393935160429533        0.300000011920928955078125000000000000        -1.00000000000000000000000000000000000         4.50000000000000000000000000000000000         50.0000000000000000000000000000000000         1.53364308934762666396577973800708917         1.53364308934762666396577973800708917         1.53364308934762666396577973800708917         1.53364308934762666396577973800708917         1.53364308934762666396577973800708917         0.00000000000000000000000000000000000         0.00000000000000000000000000000000000         3771.47306850240946902978717817040706         13131.7358821807711203636316291010688      
   7.14942898659784326950660524938800231         0.00000000000000000000000000000000000         0.00000000000000000000000000000000000        0.400000000000000000000000000000000019        0.599999999999999999999999999999999981        0.724999999999999999999999999999999981        0.275000000000000000000000000000000019        0.512000024318695068359375000000000000        0.425000011920928955078125000000000000         6.30000010132789611816406250000000000E-0002  0.870056494511586616800702331296776776        0.129943505488413383199297668703223248         0.00000000000000000000000000000000000        0.683022559859958444886526535977552353        0.167811590859605266884724425470909642        0.129098359310438402074632433326122454         278.311176733591166694393935160429533        0.300000011920928955078125000000000000        -1.00000000000000000000000000000000000         4.50000000000000000000000000000000000         50.0000000000000000000000000000000000         1.55230295705886595038163124334456876         1.55230295705886595038163124334456876         1.55230295705886595038163124334456876         1.55230295705886595038163124334456876         1.55230295705886595038163124334456876         0.00000000000000000000000000000000000         0.00000000000000000000000000000000000         3984.08342752882717109612611346528931         13260.8701889454402250199916560778429      
   7.48810385759030229475404929283587874         0.00000000000000000000000000000000000         0.00000000000000000000000000000000000        0.400000000000000000000000000000000019        0.599999999999999999999999999999999981        0.724999999999999999999999999999999981        0.275000000000000000000000000000000019        0.512000024318695068359375000000000000        0.425000011920928955078125000000000000         6.30000010132789611816406250000000000E-0002  0.870056494511586616800702331296776776        0.129943505488413383199297668703223248         0.00000000000000000000000000000000000        0.683022559859958444886526535977552353        0.167811590859605266884724425470909642        0.129098359310438402074632433326122454         278.311176733591166694393935160429533        0.300000011920928955078125000000000000        -1.00000000000000000000000000000000000         4.50000000000000000000000000000000000         50.0000000000000000000000000000000000         1.56881153226092718313849098011242815         1.56881153226092718313849098011242815         1.56881153226092718313849098011242815         1.56881153226092718313849098011242815         1.56881153226092718313849098011242815         0.00000000000000000000000000000000000         0.00000000000000000000000000000000000         4211.95463505288318483268438986246825         13384.2907984623801076856852091977284      
   7.84282206133797492150195102086104320         0.00000000000000000000000000000000000         0.00000000000000000000000000000000000        0.400000000000000000000000000000000019        0.599999999999999999999999999999999981        0.724999999999999999999999999999999981        0.275000000000000000000000000000000019        0.512000024318695068359375000000000000        0.425000011920928955078125000000000000         6.30000010132789611816406250000000000E-0002  0.870056494511586616800702331296776776        0.129943505488413383199297668703223248         0.00000000000000000000000000000000000        0.683022559859958444886526535977552353        0.167811590859605266884724425470909642        0.129098359310438402074632433326122454         278.311176733591166694393935160429533        0.300000011920928955078125000000000000        -1.00000000000000000000000000000000000         4.50000000000000000000000000000000000         50.0000000000000000000000000000000000         1.58599190228776055302598897421104133         1.58599190228776055302598897421104133         1.58599190228776055302598897421104133         1.58599190228776055302598897421104133         1.58599190228776055302598897421104133         0.00000000000000000000000000000000000         0.00000000000000000000000000000000000         4453.64484252055011461370159682431780         13506.9754254520202006079628799643869      
   8.21434358491973787188331079880935809         0.00000000000000000000000000000000000         0.00000000000000000000000000000000000        0.400000000000000000000000000000000019        0.599999999999999999999999999999999981        0.724999999999999999999999999999999981        0.275000000000000000000000000000000019        0.512000024318695068359375000000000000        0.425000011920928955078125000000000000         6.30000010132789611816406250000000000E-0002  0.870056494511586616800702331296776776        0.129943505488413383199297668703223248         0.00000000000000000000000000000000000        0.683022559859958444886526535977552353        0.167811590859605266884724425470909642        0.129098359310438402074632433326122454         278.311176733591166694393935160429533        0.300000011920928955078125000000000000        -1.00000000000000000000000000000000000         4.50000000000000000000000000000000000         50.0000000000000000000000000000000000         1.60330853727905521902902979070414666         1.60330853727905521902902979070414666         1.60330853727905521902902979070414666         1.60330853727905521902902979070414666         1.60330853727905521902902979070414666         0.00000000000000000000000000000000000         0.00000000000000000000000000000000000         4710.62813307527898392958982410704995         13630.3569834086004661638082680860352      
   8.60346441668483183756181982790961157         0.00000000000000000000000000000000000         0.00000000000000000000000000000000000        0.400000000000000000000000000000000019        0.599999999999999999999999999999999981        0.724999999999999999999999999999999981        0.275000000000000000000000000000000019        0.512000024318695068359375000000000000        0.425000011920928955078125000000000000         6.30000010132789611816406250000000000E-0002  0.870056494511586616800702331296776776        0.129943505488413383199297668703223248         0.00000000000000000000000000000000000        0.683022559859958444886526535977552353        0.167811590859605266884724425470909642        0.129098359310438402074632433326122454         278.311176733591166694393935160429533        0.300000011920928955078125000000000000        -1.00000000000000000000000000000000000         4.50000000000000000000000000000000000         50.0000000000000000000000000000000000         1.62121293668999665217457755366637524         1.62121293668999665217457755366637524         1.62121293668999665217457755366637524         1.62121293668999665217457755366637524         1.62121293668999665217457755366637524         0.00000000000000000000000000000000000         0.00000000000000000000000000000000000         4983.79580509479314411544296411046740         13753.2353815055374991600544250480677      
   9.01101825166536630189666009569239489         0.00000000000000000000000000000000000         0.00000000000000000000000000000000000        0.400000000000000000000000000000000019        0.599999999999999999999999999999999981        0.724999999999999999999999999999999981        0.275000000000000000000000000000000019        0.512000024318695068359375000000000000        0.425000011920928955078125000000000000         6.30000010132789611816406250000000000E-0002  0.870056494511586616800702331296776776        0.129943505488413383199297668703223248         0.00000000000000000000000000000000000        0.683022559859958444886526535977552353        0.167811590859605266884724425470909642        0.129098359310438402074632433326122454         278.311176733591166694393935160429533        0.300000011920928955078125000000000000        -1.00000000000000000000000000000000000         4.50000000000000000000000000000000000         50.0000000000000000000000000000000000         1.63832348291154725634263827029233453         1.63832348291154725634263827029233453         1.63832348291154725634263827029233453         1.63832348291154725634263827029233453         1.63832348291154725634263827029233453         0.00000000000000000000000000000000000         0.00000000000000000000000000000000000         5273.55687289594460186190639520478507         13879.1729867685436212622065023141175      
   9.43787827777574610680776305101093867         0.00000000000000000000000000000000000         0.00000000000000000000000000000000000        0.400000000000000000000000000000000019        0.599999999999999999999999999999999981        0.724999999999999999999999999999999981        0.275000000000000000000000000000000019        0.512000024318695068359375000000000000        0.425000011920928955078125000000000000         6.30000010132789611816406250000000000E-0002  0.870056494511586616800702331296776776        0.129943505488413383199297668703223248         0.00000000000000000000000000000000000        0.683022559859958444886526535977552353        0.167811590859605266884724425470909642        0.129098359310438402074632433326122454         278.311176733591166694393935160429533        0.300000011920928955078125000000000000        -1.00000000000000000000000000000000000         4.50000000000000000000000000000000000         50.0000000000000000000000000000000000         1.65572547698946633040789355129678866         1.65572547698946633040789355129678866         1.65572547698946633040789355129678866         1.65572547698946633040789355129678866         1.65572547698946633040789355129678866         0.00000000000000000000000000000000000         0.00000000000000000000000000000000000         5581.79324633172011001096385282764626         14004.7029195524633589998189217467631      
   9.88495904662596879076778864032827051         0.00000000000000000000000000000000000         0.00000000000000000000000000000000000        0.400000000000000000000000000000000019        0.599999999999999999999999999999999981        0.724999999999999999999999999999999981        0.275000000000000000000000000000000019        0.512000024318695068359375000000000000        0.425000011920928955078125000000000000         6.30000010132789611816406250000000000E-0002  0.870056494511586616800702331296776776        0.129943505488413383199297668703223248         0.00000000000000000000000000000000000        0.683022559859958444886526535977552353        0.167811590859605266884724425470909642        0.129098359310438402074632433326122454         278.311176733591166694393935160429533        0.300000011920928955078125000000000000        -1.00000000000000000000000000000000000         4.50000000000000000000000000000000000         50.0000000000000000000000000000000000         1.67387034864091137315892121167247763         1.67387034864091137315892121167247763         1.67387034864091137315892121167247763         1.67387034864091137315892121167247763         1.67387034864091137315892121167247763         0.00000000000000000000000000000000000         0.00000000000000000000000000000000000         5909.88609136685926839974496954999901         14129.8818489369153776613803157822062      
   10.3532184329570277361739405380354267         0.00000000000000000000000000000000000         0.00000000000000000000000000000000000        0.400000000000000000000000000000000019        0.599999999999999999999999999999999981        0.724999999999999999999999999999999981        0.275000000000000000000000000000000019        0.512000024318695068359375000000000000        0.425000011920928955078125000000000000         6.30000010132789611816406250000000000E-0002  0.870056494511586616800702331296776776        0.129943505488413383199297668703223248         0.00000000000000000000000000000000000        0.683022559859958444886526535977552353        0.167811590859605266884724425470909642        0.129098359310438402074632433326122454         278.311176733591166694393935160429533        0.300000011920928955078125000000000000        -1.00000000000000000000000000000000000         4.50000000000000000000000000000000000         50.0000000000000000000000000000000000         1.69109694217529283903696179485006482         1.69109694217529283903696179485006482         1.69109694217529283903696179485006482         1.69109694217529283903696179485006482         1.69109694217529283903696179485006482         0.00000000000000000000000000000000000         0.00000000000000000000000000000000000         6257.72964336277460628869421646419133         14258.2193932042980854748182930670225      
   10.8436596868965298573473131194133672         0.00000000000000000000000000000000000         0.00000000000000000000000000000000000        0.400000000000000000000000000000000019        0.599999999999999999999999999999999981        0.724999999999999999999999999999999981        0.275000000000000000000000000000000019        0.512000024318695068359375000000000000        0.425000011920928955078125000000000000         6.30000010132789611816406250000000000E-0002  0.870056494511586616800702331296776776        0.129943505488413383199297668703223248         0.00000000000000000000000000000000000        0.683022559859958444886526535977552353        0.167811590859605266884724425470909642        0.129098359310438402074632433326122454         278.311176733591166694393935160429533        0.300000011920928955078125000000000000        -1.00000000000000000000000000000000000         4.50000000000000000000000000000000000         50.0000000000000000000000000000000000         1.70951741271882756785173209232056820         1.70951741271882756785173209232056820         1.70951741271882756785173209232056820         1.70951741271882756785173209232056820         1.70951741271882756785173209232056820         0.00000000000000000000000000000000000         0.00000000000000000000000000000000000         6628.77975096967521647170097577568900         14384.8082660839867998234031984894062      
   11.3573335834315047407380755747457535         0.00000000000000000000000000000000000         0.00000000000000000000000000000000000        0.400000000000000000000000000000000019        0.599999999999999999999999999999999981        0.724999999999999999999999999999999981        0.275000000000000000000000000000000019        0.512000024318695068359375000000000000        0.425000011920928955078125000000000000         6.30000010132789611816406250000000000E-0002  0.870056494511586616800702331296776776        0.129943505488413383199297668703223248         0.00000000000000000000000000000000000        0.683022559859958444886526535977552353        0.167811590859605266884724425470909642        0.129098359310438402074632433326122454         278.311176733591166694393935160429533        0.300000011920928955078125000000000000        -1.00000000000000000000000000000000000         4.50000000000000000000000000000000000         50.0000000000000000000000000000000000         1.72734531937443454870167404127821620         1.72734531937443454870167404127821620         1.72734531937443454870167404127821620         1.72734531937443454870167404127821620         1.72734531937443454870167404127821620         0.00000000000000000000000000000000000         0.00000000000000000000000000000000000         7022.73384303615359308682603689719676         14515.0507809270708500858676589991308      
   11.8953406737036708935232311939754483         0.00000000000000000000000000000000000         0.00000000000000000000000000000000000        0.400000000000000000000000000000000019        0.599999999999999999999999999999999981        0.724999999999999999999999999999999981        0.275000000000000000000000000000000019        0.512000024318695068359375000000000000        0.425000011920928955078125000000000000         6.30000010132789611816406250000000000E-0002  0.870056494511586616800702331296776776        0.129943505488413383199297668703223248         0.00000000000000000000000000000000000        0.683022559859958444886526535977552353        0.167811590859605266884724425470909642        0.129098359310438402074632433326122454         278.311176733591166694393935160429533        0.300000011920928955078125000000000000        -1.00000000000000000000000000000000000         4.50000000000000000000000000000000000         50.0000000000000000000000000000000000         1.74460605444900465954503443855595838         1.74460605444900465954503443855595838         1.74460605444900465954503443855595838         1.74460605444900465954503443855595838         1.74460605444900465954503443855595838         0.00000000000000000000000000000000000         0.00000000000000000000000000000000000         7441.29778760531911497236832718635166         14646.9051936095356208681936771461023      
   12.4588336429505803262590704440291315         0.00000000000000000000000000000000000         0.00000000000000000000000000000000000        0.400000000000000000000000000000000019        0.599999999999999999999999999999999981        0.724999999999999999999999999999999981        0.275000000000000000000000000000000019        0.512000024318695068359375000000000000        0.425000011920928955078125000000000000         6.30000010132789611816406250000000000E-0002  0.870056494511586616800702331296776776        0.129943505488413383199297668703223248         0.00000000000000000000000000000000000        0.683022559859958444886526535977552353        0.167811590859605266884724425470909642        0.129098359310438402074632433326122454         278.311176733591166694393935160429533        0.300000011920928955078125000000000000        -1.00000000000000000000000000000000000         4.50000000000000000000000000000000000         50.0000000000000000000000000000000000         1.76268350255691545880724925678440896         1.76268350255691545880724925678440896         1.76268350255691545880724925678440896         1.76268350255691545880724925678440896         1.76268350255691545880724925678440896         0.00000000000000000000000000000000000         0.00000000000000000000000000000000000         7886.99636431771524723457998507218824         14778.9934446212876545713113996918343      
   13.0490197801445524899467209692621793         0.00000000000000000000000000000000000         0.00000000000000000000000000000000000        0.400000000000000000000000000000000019        0.599999999999999999999999999999999981        0.724999999999999999999999999999999981        0.275000000000000000000000000000000019        0.512000024318695068359375000000000000        0.425000011920928955078125000000000000         6.30000010132789611816406250000000000E-0002  0.870056494511586616800702331296776776        0.129943505488413383199297668703223248         0.00000000000000000000000000000000000        0.683022559859958444886526535977552353        0.167811590859605266884724425470909642        0.129098359310438402074632433326122454         278.311176733591166694393935160429533        0.300000011920928955078125000000000000        -1.00000000000000000000000000000000000         4.50000000000000000000000000000000000         50.0000000000000000000000000000000000         1.78080668028609880590446275109475343         1.78080668028609880590446275109475343         1.78080668028609880590446275109475343         1.78080668028609880590446275109475343         1.78080668028609880590446275109475343         0.00000000000000000000000000000000000         0.00000000000000000000000000000000000         8361.50692964920869332693679190361479         14912.7613461884287357776726258988361      
   13.6671635646206221493148154813537214         0.00000000000000000000000000000000000         0.00000000000000000000000000000000000        0.400000000000000000000000000000000019        0.599999999999999999999999999999999981        0.724999999999999999999999999999999981        0.275000000000000000000000000000000019        0.512000024318695068359375000000000000        0.425000011920928955078125000000000000         6.30000010132789611816406250000000000E-0002  0.870056494511586616800702331296776776        0.129943505488413383199297668703223248         0.00000000000000000000000000000000000        0.683022559859958444886526535977552353        0.167811590859605266884724425470909642        0.129098359310438402074632433326122454         278.311176733591166694393935160429533        0.300000011920928955078125000000000000        -1.00000000000000000000000000000000000         4.50000000000000000000000000000000000         50.0000000000000000000000000000000000         1.79917159458269073627011588171659352         1.79917159458269073627011588171659352         1.79917159458269073627011588171659352         1.79917159458269073627011588171659352         1.79917159458269073627011588171659352         0.00000000000000000000000000000000000         0.00000000000000000000000000000000000         8866.47037770674681822848076139598040         15048.2295465173311830420660697540273      
   14.3145893752353758338684692231306029         0.00000000000000000000000000000000000         0.00000000000000000000000000000000000        0.400000000000000000000000000000000019        0.599999999999999999999999999999999981        0.724999999999999999999999999999999981        0.275000000000000000000000000000000019        0.512000024318695068359375000000000000        0.425000011920928955078125000000000000         6.30000010132789611816406250000000000E-0002  0.870056494511586616800702331296776776        0.129943505488413383199297668703223248         0.00000000000000000000000000000000000        0.683022559859958444886526535977552353        0.167811590859605266884724425470909642        0.129098359310438402074632433326122454         278.311176733591166694393935160429533        0.300000011920928955078125000000000000        -1.00000000000000000000000000000000000         4.50000000000000000000000000000000000         50.0000000000000000000000000000000000         1.81849195479306382086750142148875730         1.81849195479306382086750142148875730         1.81849195479306382086750142148875730         1.81849195479306382086750142148875730         1.81849195479306382086750142148875730         0.00000000000000000000000000000000000         0.00000000000000000000000000000000000         9406.32982674158923421895938171194026         15181.8042531808043620590546550243730      
   14.9926843278610750864026478869771275         0.00000000000000000000000000000000000         0.00000000000000000000000000000000000        0.400000000000000000000000000000000019        0.599999999999999999999999999999999981        0.724999999999999999999999999999999981        0.275000000000000000000000000000000019        0.512000024318695068359375000000000000        0.425000011920928955078125000000000000         6.30000010132789611816406250000000000E-0002  0.870056494511586616800702331296776776        0.129943505488413383199297668703223248         0.00000000000000000000000000000000000        0.683022559859958444886526535977552353        0.167811590859605266884724425470909642        0.129098359310438402074632433326122454         278.311176733591166694393935160429533        0.300000011920928955078125000000000000        -1.00000000000000000000000000000000000         4.50000000000000000000000000000000000         50.0000000000000000000000000000000000         1.83584310383055515743398856446132538         1.83584310383055515743398856446132538         1.83584310383055515743398856446132538         1.83584310383055515743398856446132538         1.83584310383055515743398856446132538         0.00000000000000000000000000000000000         0.00000000000000000000000000000000000         9976.21268289896970030967638097706271         15324.5630467060875960372659081135060      
   15.7029012472944242844593367399923914         0.00000000000000000000000000000000000         0.00000000000000000000000000000000000        0.400000000000000000000000000000000019        0.599999999999999999999999999999999981        0.724999999999999999999999999999999981        0.275000000000000000000000000000000019        0.512000024318695068359375000000000000        0.425000011920928955078125000000000000         6.30000010132789611816406250000000000E-0002  0.870056494511586616800702331296776776        0.129943505488413383199297668703223248         0.00000000000000000000000000000000000        0.683022559859958444886526535977552353        0.167811590859605266884724425470909642        0.129098359310438402074632433326122454         278.311176733591166694393935160429533        0.300000011920928955078125000000000000        -1.00000000000000000000000000000000000         4.50000000000000000000000000000000000         50.0000000000000000000000000000000000         1.85425517039687417347662981310222078         1.85425517039687417347662981310222078         1.85425517039687417347662981310222078         1.85425517039687417347662981310222078         1.85425517039687417347662981310222078         0.00000000000000000000000000000000000         0.00000000000000000000000000000000000         10585.1860436636909915122989640989360         15465.6933088665121610614263860420126      
   16.4467617799473254470491446022305387         0.00000000000000000000000000000000000         0.00000000000000000000000000000000000        0.400000000000000000000000000000000019        0.599999999999999999999999999999999981        0.724999999999999999999999999999999981        0.275000000000000000000000000000000019        0.512000024318695068359375000000000000        0.425000011920928955078125000000000000         6.30000010132789611816406250000000000E-0002  0.870056494511586616800702331296776776        0.129943505488413383199297668703223248         0.00000000000000000000000000000000000        0.683022559859958444886526535977552353        0.167811590859605266884724425470909642        0.129098359310438402074632433326122454         278.311176733591166694393935160429533        0.300000011920928955078125000000000000        -1.00000000000000000000000000000000000         4.50000000000000000000000000000000000         50.0000000000000000000000000000000000         1.87380174820668324103562077865409397         1.87380174820668324103562077865409397         1.87380174820668324103562077865409397         1.87380174820668324103562077865409397         1.87380174820668324103562077865409397         0.00000000000000000000000000000000000         0.00000000000000000000000000000000000         11235.4594895924928799803090514027091         15607.5351945649355124728971430371093      
   17.2258596539885891666448939958271182         0.00000000000000000000000000000000000         0.00000000000000000000000000000000000        0.400000000000000000000000000000000019        0.599999999999999999999999999999999981        0.724999999999999999999999999999999981        0.275000000000000000000000000000000019        0.512000024318695068359375000000000000        0.425000011920928955078125000000000000         6.30000010132789611816406250000000000E-0002  0.870056494511586616800702331296776776        0.129943505488413383199297668703223248         0.00000000000000000000000000000000000        0.683022559859958444886526535977552353        0.167811590859605266884724425470909642        0.129098359310438402074632433326122454         278.311176733591166694393935160429533        0.300000011920928955078125000000000000        -1.00000000000000000000000000000000000         4.50000000000000000000000000000000000         50.0000000000000000000000000000000000         1.89256491783570207150373377040751127         1.89256491783570207150373377040751127         1.89256491783570207150373377040751127         1.89256491783570207150373377040751127         1.89256491783570207150373377040751127         0.00000000000000000000000000000000000         0.00000000000000000000000000000000000         11926.8702939844958565723296610268750         15752.4030776577729576933083082803626      
   18.0418640939214858630807661830989717         0.00000000000000000000000000000000000         0.00000000000000000000000000000000000        0.400000000000000000000000000000000019        0.599999999999999999999999999999999981        0.724999999999999999999999999999999981        0.275000000000000000000000000000000019        0.512000024318695068359375000000000000        0.425000011920928955078125000000000000         6.30000010132789611816406250000000000E-0002  0.870056494511586616800702331296776776        0.129943505488413383199297668703223248         0.00000000000000000000000000000000000        0.683022559859958444886526535977552353        0.167811590859605266884724425470909642        0.129098359310438402074632433326122454         278.311176733591166694393935160429533        0.300000011920928955078125000000000000        -1.00000000000000000000000000000000000         4.50000000000000000000000000000000000         50.0000000000000000000000000000000000         1.91079734200904323067049367080958803         1.91079734200904323067049367080958803         1.91079734200904323067049367080958803         1.91079734200904323067049367080958803         1.91079734200904323067049367080958803         0.00000000000000000000000000000000000         0.00000000000000000000000000000000000         12660.3182331590230379040887572800028         15903.6311463358273923879151457019540      
   18.8965233969129017925278720876753030         0.00000000000000000000000000000000000         0.00000000000000000000000000000000000        0.400000000000000000000000000000000019        0.599999999999999999999999999999999981        0.724999999999999999999999999999999981        0.275000000000000000000000000000000019        0.512000024318695068359375000000000000        0.425000011920928955078125000000000000         6.30000010132789611816406250000000000E-0002  0.870056494511586616800702331296776776        0.129943505488413383199297668703223248         0.00000000000000000000000000000000000        0.683022559859958444886526535977552353        0.167811590859605266884724425470909642        0.129098359310438402074632433326122454         278.311176733591166694393935160429533        0.300000011920928955078125000000000000        -1.00000000000000000000000000000000000         4.50000000000000000000000000000000000         50.0000000000000000000000000000000000         1.93004989332206994119185043902868836         1.93004989332206994119185043902868836         1.93004989332206994119185043902868836         1.93004989332206994119185043902868836         1.93004989332206994119185043902868836         0.00000000000000000000000000000000000         0.00000000000000000000000000000000000         13446.2052777067152977374185806265595         16052.6779590697132909450958848491388      
   19.7916686785364185751762295282302534         0.00000000000000000000000000000000000         0.00000000000000000000000000000000000        0.400000000000000000000000000000000019        0.599999999999999999999999999999999981        0.724999999999999999999999999999999981        0.275000000000000000000000000000000019        0.512000024318695068359375000000000000        0.425000011920928955078125000000000000         6.30000010132789611816406250000000000E-0002  0.870056494511586616800702331296776776        0.129943505488413383199297668703223248         0.00000000000000000000000000000000000        0.683022559859958444886526535977552353        0.167811590859605266884724425470909642        0.129098359310438402074632433326122454         278.311176733591166694393935160429533        0.300000011920928955078125000000000000        -1.00000000000000000000000000000000000         4.50000000000000000000000000000000000         50.0000000000000000000000000000000000         1.94897380151338398471392425954996436         1.94897380151338398471392425954996436         1.94897380151338398471392425954996436         1.94897380151338398471392425954996436         1.94897380151338398471392425954996436         0.00000000000000000000000000000000000         0.00000000000000000000000000000000000         14281.8746659923130873892964297444840         16206.0978049283091325664113265815183      
   20.7292177959546059255378205487295255         0.00000000000000000000000000000000000         0.00000000000000000000000000000000000        0.400000000000000000000000000000000019        0.599999999999999999999999999999999981        0.724999999999999999999999999999999981        0.275000000000000000000000000000000019        0.512000024318695068359375000000000000        0.425000011920928955078125000000000000         6.30000010132789611816406250000000000E-0002  0.870056494511586616800702331296776776        0.129943505488413383199297668703223248         0.00000000000000000000000000000000000        0.683022559859958444886526535977552353        0.167811590859605266884724425470909642        0.129098359310438402074632433326122454         278.311176733591166694393935160429533        0.300000011920928955078125000000000000        -1.00000000000000000000000000000000000         4.50000000000000000000000000000000000         50.0000000000000000000000000000000000         1.96789719927375372147886904537918096         1.96789719927375372147886904537918096         1.96789719927375372147886904537918096         1.96789719927375372147886904537918096         1.96789719927375372147886904537918096         0.00000000000000000000000000000000000         0.00000000000000000000000000000000000         15172.3017860331413987699771284403801         16363.6275999662397313788211434046145      
   21.7111794569459824479971497798839502         0.00000000000000000000000000000000000         0.00000000000000000000000000000000000        0.400000000000000000000000000000000019        0.599999999999999999999999999999999981        0.724999999999999999999999999999999981        0.275000000000000000000000000000000019        0.512000024318695068359375000000000000        0.425000011920928955078125000000000000         6.30000010132789611816406250000000000E-0002  0.870056494511586616800702331296776776        0.129943505488413383199297668703223248         0.00000000000000000000000000000000000        0.683022559859958444886526535977552353        0.167811590859605266884724425470909642        0.129098359310438402074632433326122454         278.311176733591166694393935160429533        0.300000011920928955078125000000000000        -1.00000000000000000000000000000000000         4.50000000000000000000000000000000000         50.0000000000000000000000000000000000         1.98675362410839419499842111514247389         1.98675362410839419499842111514247389         1.98675362410839419499842111514247389         1.98675362410839419499842111514247389         1.98675362410839419499842111514247389         0.00000000000000000000000000000000000         0.00000000000000000000000000000000000         16117.8096438594531930621617564008727         16525.6696997996592183305604914673945      
   22.7396575235802733048359620889347810         0.00000000000000000000000000000000000         0.00000000000000000000000000000000000        0.400000000000000000000000000000000019        0.599999999999999999999999999999999981        0.724999999999999999999999999999999981        0.275000000000000000000000000000000019        0.512000024318695068359375000000000000        0.425000011920928955078125000000000000         6.30000010132789611816406250000000000E-0002  0.870056494511586616800702331296776776        0.129943505488413383199297668703223248         0.00000000000000000000000000000000000        0.683022559859958444886526535977552353        0.167811590859605266884724425470909642        0.129098359310438402074632433326122454         278.311176733591166694393935160429533        0.300000011920928955078125000000000000        -1.00000000000000000000000000000000000         4.50000000000000000000000000000000000         50.0000000000000000000000000000000000         2.00543926489397737018251294239345703         2.00543926489397737018251294239345703         2.00543926489397737018251294239345703         2.00543926489397737018251294239345703         2.00543926489397737018251294239345703         0.00000000000000000000000000000000000         0.00000000000000000000000000000000000         17139.2674121884544349806611179005479         16690.7381227561489581035287657389831      
   23.8168555197626293658587845572158158         0.00000000000000000000000000000000000         0.00000000000000000000000000000000000        0.400000000000000000000000000000000019        0.599999999999999999999999999999999981        0.724999999999999999999999999999999981        0.275000000000000000000000000000000019        0.512000024318695068359375000000000000        0.425000011920928955078125000000000000         6.30000010132789611816406250000000000E-0002  0.870056494511586616800702331296776776        0.129943505488413383199297668703223248         0.00000000000000000000000000000000000        0.683022559859958444886526535977552353        0.167811590859605266884724425470909642        0.129098359310438402074632433326122454         278.311176733591166694393935160429533        0.300000011920928955078125000000000000        -1.00000000000000000000000000000000000         4.50000000000000000000000000000000000         50.0000000000000000000000000000000000         2.02345986465105934544161054511017166         2.02345986465105934544161054511017166         2.02345986465105934544161054511017166         2.02345986465105934544161054511017166         2.02345986465105934544161054511017166         0.00000000000000000000000000000000000         0.00000000000000000000000000000000000         18226.8819526433890318948617978875320         16863.2766468097961379678987704924451      
   24.9450813523042636110632071495682141         0.00000000000000000000000000000000000         0.00000000000000000000000000000000000        0.400000000000000000000000000000000019        0.599999999999999999999999999999999981        0.724999999999999999999999999999999981        0.275000000000000000000000000000000019        0.512000024318695068359375000000000000        0.425000011920928955078125000000000000         6.30000010132789611816406250000000000E-0002  0.870056494511586616800702331296776776        0.129943505488413383199297668703223248         0.00000000000000000000000000000000000        0.683022559859958444886526535977552353        0.167811590859605266884724425470909642        0.129098359310438402074632433326122454         278.311176733591166694393935160429533        0.300000011920928955078125000000000000        -1.00000000000000000000000000000000000         4.50000000000000000000000000000000000         50.0000000000000000000000000000000000         2.04193417736823536044029836183338825         2.04193417736823536044029836183338825         2.04193417736823536044029836183338825         2.04193417736823536044029836183338825         2.04193417736823536044029836183338825         0.00000000000000000000000000000000000         0.00000000000000000000000000000000000         19389.3697320647801308949334074097777         17037.9940093516925034602752102329929      
   26.1267522556344429096957856567219458         0.00000000000000000000000000000000000         0.00000000000000000000000000000000000        0.400000000000000000000000000000000019        0.599999999999999999999999999999999981        0.724999999999999999999999999999999981        0.275000000000000000000000000000000019        0.512000024318695068359375000000000000        0.425000011920928955078125000000000000         6.30000010132789611816406250000000000E-0002  0.870056494511586616800702331296776776        0.129943505488413383199297668703223248         0.00000000000000000000000000000000000        0.683022559859958444886526535977552353        0.167811590859605266884724425470909642        0.129098359310438402074632433326122454         278.311176733591166694393935160429533        0.300000011920928955078125000000000000        -1.00000000000000000000000000000000000         4.50000000000000000000000000000000000         50.0000000000000000000000000000000000         2.06101770075306050234483343272750940         2.06101770075306050234483343272750940         2.06101770075306050234483343272750940         2.06101770075306050234483343272750940         2.06101770075306050234483343272750940         0.00000000000000000000000000000000000         0.00000000000000000000000000000000000         20635.4530605536401832588696372909534         17214.4809173969492201733288163304481      
   27.3643999707479270007413801432196356         0.00000000000000000000000000000000000         0.00000000000000000000000000000000000        0.400000000000000000000000000000000019        0.599999999999999999999999999999999981        0.724999999999999999999999999999999981        0.275000000000000000000000000000000019        0.512000024318695068359375000000000000        0.425000011920928955078125000000000000         6.30000010132789611816406250000000000E-0002  0.870056494511586616800702331296776776        0.129943505488413383199297668703223248         0.00000000000000000000000000000000000        0.683022559859958444886526535977552353        0.167811590859605266884724425470909642        0.129098359310438402074632433326122454         278.311176733591166694393935160429533        0.300000011920928955078125000000000000        -1.00000000000000000000000000000000000         4.50000000000000000000000000000000000         50.0000000000000000000000000000000000         2.07952922144961655081201555343302110         2.07952922144961655081201555343302110         2.07952922144961655081201555343302110         2.07952922144961655081201555343302110         2.07952922144961655081201555343302110         0.00000000000000000000000000000000000         0.00000000000000000000000000000000000         21956.3468898070159315923310993466340         17398.8503181860881342450535241239474      
   28.6606761694837981427111233968978527         0.00000000000000000000000000000000000         0.00000000000000000000000000000000000        0.400000000000000000000000000000000019        0.599999999999999999999999999999999981        0.724999999999999999999999999999999981        0.275000000000000000000000000000000019        0.512000024318695068359375000000000000        0.425000011920928955078125000000000000         6.30000010132789611816406250000000000E-0002  0.870056494511586616800702331296776776        0.129943505488413383199297668703223248         0.00000000000000000000000000000000000        0.683022559859958444886526535977552353        0.167811590859605266884724425470909642        0.129098359310438402074632433326122454         278.311176733591166694393935160429533        0.300000011920928955078125000000000000        -1.00000000000000000000000000000000000         4.50000000000000000000000000000000000         50.0000000000000000000000000000000000         2.09793712845398247141510644764895492         2.09793712845398247141510644764895492         2.09793712845398247141510644764895492         2.09793712845398247141510644764895492         2.09793712845398247141510644764895492         0.00000000000000000000000000000000000         0.00000000000000000000000000000000000         23364.9612798495449630877238437228187         17588.1197763871056486136379376433894      
   30.0183581357572497063742795553511495         0.00000000000000000000000000000000000         0.00000000000000000000000000000000000        0.400000000000000000000000000000000019        0.599999999999999999999999999999999981        0.724999999999999999999999999999999981        0.275000000000000000000000000000000019        0.512000024318695068359375000000000000        0.425000011920928955078125000000000000         6.30000010132789611816406250000000000E-0002  0.870056494511586616800702331296776776        0.129943505488413383199297668703223248         0.00000000000000000000000000000000000        0.683022559859958444886526535977552353        0.167811590859605266884724425470909642        0.129098359310438402074632433326122454         278.311176733591166694393935160429533        0.300000011920928955078125000000000000        -1.00000000000000000000000000000000000         4.50000000000000000000000000000000000         50.0000000000000000000000000000000000         2.11674747940732101176813840816964397         2.11674747940732101176813840816964397         2.11674747940732101176813840816964397         2.11674747940732101176813840816964397         2.11674747940732101176813840816964397         0.00000000000000000000000000000000000         0.00000000000000000000000000000000000         24873.6153992697661428451261947656693         17779.7873818240220801894992215482421      
   31.4403547159164261088988818749477531         0.00000000000000000000000000000000000         0.00000000000000000000000000000000000        0.400000000000000000000000000000000019        0.599999999999999999999999999999999981        0.724999999999999999999999999999999981        0.275000000000000000000000000000000019        0.512000024318695068359375000000000000        0.425000011920928955078125000000000000         6.30000010132789611816406250000000000E-0002  0.870056494511586616800702331296776776        0.129943505488413383199297668703223248         0.00000000000000000000000000000000000        0.683022559859958444886526535977552353        0.167811590859605266884724425470909642        0.129098359310438402074632433326122454         278.311176733591166694393935160429533        0.300000011920928955078125000000000000        -1.00000000000000000000000000000000000         4.50000000000000000000000000000000000         50.0000000000000000000000000000000000         2.13531769343593341221011148360571315         2.13531769343593341221011148360571315         2.13531769343593341221011148360571315         2.13531769343593341221011148360571315         2.13531769343593341221011148360571315         0.00000000000000000000000000000000000         0.00000000000000000000000000000000000         26478.0645608561658972333870571050486         17978.9729532595320770594135414219861      
   32.9297125509730094348267134385588767         0.00000000000000000000000000000000000         0.00000000000000000000000000000000000        0.400000000000000000000000000000000019        0.599999999999999999999999999999999981        0.724999999999999999999999999999999981        0.275000000000000000000000000000000019        0.512000024318695068359375000000000000        0.425000011920928955078125000000000000         6.30000010132789611816406250000000000E-0002  0.870056494511586616800702331296776776        0.129943505488413383199297668703223248         0.00000000000000000000000000000000000        0.683022559859958444886526535977552353        0.167811590859605266884724425470909642        0.129098359310438402074632433326122454         278.311176733591166694393935160429533        0.300000011920928955078125000000000000        -1.00000000000000000000000000000000000         4.50000000000000000000000000000000000         50.0000000000000000000000000000000000         2.15397563714084515966039261266772723         2.15397563714084515966039261266772723         2.15397563714084515966039261266772723         2.15397563714084515966039261266772723         2.15397563714084515966039261266772723         0.00000000000000000000000000000000000         0.00000000000000000000000000000000000         28193.5245078771440652982930281185362         18182.6069650238324233427456208806228      
   34.4896226040591652356324616013479640         0.00000000000000000000000000000000000         0.00000000000000000000000000000000000        0.400000000000000000000000000000000019        0.599999999999999999999999999999999981        0.724999999999999999999999999999999981        0.275000000000000000000000000000000019        0.512000024318695068359375000000000000        0.425000011920928955078125000000000000         6.30000010132789611816406250000000000E-0002  0.870056494511586616800702331296776776        0.129943505488413383199297668703223248         0.00000000000000000000000000000000000        0.683022559859958444886526535977552353        0.167811590859605266884724425470909642        0.129098359310438402074632433326122454         278.311176733591166694393935160429533        0.300000011920928955078125000000000000        -1.00000000000000000000000000000000000         4.50000000000000000000000000000000000         50.0000000000000000000000000000000000         2.17234232939886759998618562047355491         2.17234232939886759998618562047355491         2.17234232939886759998618562047355491         2.17234232939886759998618562047355491         2.17234232939886759998618562047355491         0.00000000000000000000000000000000000         0.00000000000000000000000000000000000         30019.0803559860970294375937831403898         18394.0104122112315746520219927191802      
   36.1234269970959852434556329432163891         0.00000000000000000000000000000000000         0.00000000000000000000000000000000000        0.400000000000000000000000000000000019        0.599999999999999999999999999999999981        0.724999999999999999999999999999999981        0.275000000000000000000000000000000019        0.512000024318695068359375000000000000        0.425000011920928955078125000000000000         6.30000010132789611816406250000000000E-0002  0.870056494511586616800702331296776776        0.129943505488413383199297668703223248         0.00000000000000000000000000000000000        0.683022559859958444886526535977552353        0.167811590859605266884724425470909642        0.129098359310438402074632433326122454         278.311176733591166694393935160429533        0.300000011920928955078125000000000000        -1.00000000000000000000000000000000000         4.50000000000000000000000000000000000         50.0000000000000000000000000000000000         2.19109891937712648909300200597999191         2.19109891937712648909300200597999191         2.19109891937712648909300200597999191         2.19109891937712648909300200597999191         2.19109891937712648909300200597999191         0.00000000000000000000000000000000000         0.00000000000000000000000000000000000         31970.7619934590459982263905216144197         18609.5539701010731571806028732532850      
   37.8346261713210532672152332780757538         0.00000000000000000000000000000000000         0.00000000000000000000000000000000000        0.400000000000000000000000000000000019        0.599999999999999999999999999999999981        0.724999999999999999999999999999999981        0.275000000000000000000000000000000019        0.512000024318695068359375000000000000        0.425000011920928955078125000000000000         6.30000010132789611816406250000000000E-0002  0.870056494511586616800702331296776776        0.129943505488413383199297668703223248         0.00000000000000000000000000000000000        0.683022559859958444886526535977552353        0.167811590859605266884724425470909642        0.129098359310438402074632433326122454         278.311176733591166694393935160429533        0.300000011920928955078125000000000000        -1.00000000000000000000000000000000000         4.50000000000000000000000000000000000         50.0000000000000000000000000000000000         2.20988282377655587525184097558859352         2.20988282377655587525184097558859352         2.20988282377655587525184097558859352         2.20988282377655587525184097558859352         2.20988282377655587525184097558859352         0.00000000000000000000000000000000000         0.00000000000000000000000000000000000         34063.7779469713111310652942734009834         18829.2493557073028994781798107707784      
   39.6268863870166317486167498635414547         0.00000000000000000000000000000000000         0.00000000000000000000000000000000000        0.400000000000000000000000000000000019        0.599999999999999999999999999999999981        0.724999999999999999999999999999999981        0.275000000000000000000000000000000019        0.512000024318695068359375000000000000        0.425000011920928955078125000000000000         6.30000010132789611816406250000000000E-0002  0.870056494511586616800702331296776776        0.129943505488413383199297668703223248         0.00000000000000000000000000000000000        0.683022559859958444886526535977552353        0.167811590859605266884724425470909642        0.129098359310438402074632433326122454         278.311176733591166694393935160429533        0.300000011920928955078125000000000000        -1.00000000000000000000000000000000000         4.50000000000000000000000000000000000         50.0000000000000000000000000000000000         2.22842605912564295768440039122185675         2.22842605912564295768440039122185675         2.22842605912564295768440039122185675         2.22842605912564295768440039122185675         2.22842605912564295768440039122185675         0.00000000000000000000000000000000000         0.00000000000000000000000000000000000         36283.1743977563602953997708904226738         19058.6708306007915611573914050502467      
   41.5040475785067069671132337416860269         0.00000000000000000000000000000000000         0.00000000000000000000000000000000000        0.400000000000000000000000000000000019        0.599999999999999999999999999999999981        0.724999999999999999999999999999999981        0.275000000000000000000000000000000019        0.512000024318695068359375000000000000        0.425000011920928955078125000000000000         6.30000010132789611816406250000000000E-0002  0.870056494511586616800702331296776776        0.129943505488413383199297668703223248         0.00000000000000000000000000000000000        0.683022559859958444886526535977552353        0.167811590859605266884724425470909642        0.129098359310438402074632433326122454         278.311176733591166694393935160429533        0.300000011920928955078125000000000000        -1.00000000000000000000000000000000000         4.50000000000000000000000000000000000         50.0000000000000000000000000000000000         2.24698002768259208633928090544832373         2.24698002768259208633928090544832373         2.24698002768259208633928090544832373         2.24698002768259208633928090544832373         2.24698002768259208633928090544832373         0.00000000000000000000000000000000000         0.00000000000000000000000000000000000         38656.2151372294517696669442237429548         19294.8678716497725640447956517051632      
   43.4701315812522977450502814228557596         0.00000000000000000000000000000000000         0.00000000000000000000000000000000000        0.400000000000000000000000000000000019        0.599999999999999999999999999999999981        0.724999999999999999999999999999999981        0.275000000000000000000000000000000019        0.512000024318695068359375000000000000        0.425000011920928955078125000000000000         6.30000010132789611816406250000000000E-0002  0.870056494511586616800702331296776776        0.129943505488413383199297668703223248         0.00000000000000000000000000000000000        0.683022559859958444886526535977552353        0.167811590859605266884724425470909642        0.129098359310438402074632433326122454         278.311176733591166694393935160429533        0.300000011920928955078125000000000000        -1.00000000000000000000000000000000000         4.50000000000000000000000000000000000         50.0000000000000000000000000000000000         2.26553103511113798305575585916707245         2.26553103511113798305575585916707245         2.26553103511113798305575585916707245         2.26553103511113798305575585916707245         2.26553103511113798305575585916707245         0.00000000000000000000000000000000000         0.00000000000000000000000000000000000         41194.7872372377462913752664845133632         19536.8629478211574111571382897273101      
   45.5293507486716565241505913849878156         0.00000000000000000000000000000000000         0.00000000000000000000000000000000000        0.400000000000000000000000000000000019        0.599999999999999999999999999999999981        0.724999999999999999999999999999999981        0.275000000000000000000000000000000019        0.512000024318695068359375000000000000        0.425000011920928955078125000000000000         6.30000010132789611816406250000000000E-0002  0.870056494511586616800702331296776776        0.129943505488413383199297668703223248         0.00000000000000000000000000000000000        0.683022559859958444886526535977552353        0.167811590859605266884724425470909642        0.129098359310438402074632433326122454         278.311176733591166694393935160429533        0.300000011920928955078125000000000000        -1.00000000000000000000000000000000000         4.50000000000000000000000000000000000         50.0000000000000000000000000000000000         2.28421336474417916117218518695132727         2.28421336474417916117218518695132727         2.28421336474417916117218518695132727         2.28421336474417916117218518695132727         2.28421336474417916117218518695132727         0.00000000000000000000000000000000000         0.00000000000000000000000000000000000         43911.4447811708240594696386565175868         19784.9803070270338740039401956683387      
   47.6861169771469809221183781797401387         0.00000000000000000000000000000000000         0.00000000000000000000000000000000000        0.400000000000000000000000000000000019        0.599999999999999999999999999999999981        0.724999999999999999999999999999999981        0.275000000000000000000000000000000019        0.512000024318695068359375000000000000        0.425000011920928955078125000000000000         6.30000010132789611816406250000000000E-0002  0.870056494511586616800702331296776776        0.129943505488413383199297668703223248         0.00000000000000000000000000000000000        0.683022559859958444886526535977552353        0.167811590859605266884724425470909642        0.129098359310438402074632433326122454         278.311176733591166694393935160429533        0.300000011920928955078125000000000000        -1.00000000000000000000000000000000000         4.50000000000000000000000000000000000         50.0000000000000000000000000000000000         2.30248881077125422406585661482321834         2.30248881077125422406585661482321834         2.30248881077125422406585661482321834         2.30248881077125422406585661482321834         2.30248881077125422406585661482321834         0.00000000000000000000000000000000000         0.00000000000000000000000000000000000         46795.1261712649478677540819569410536         20043.6779649424774579548843549101818      
   49.9450511585537973057412883106299450         0.00000000000000000000000000000000000         0.00000000000000000000000000000000000        0.400000000000000000000000000000000019        0.599999999999999999999999999999999981        0.724999999999999999999999999999999981        0.275000000000000000000000000000000019        0.512000024318695068359375000000000000        0.425000011920928955078125000000000000         6.30000010132789611816406250000000000E-0002  0.870056494511586616800702331296776776        0.129943505488413383199297668703223248         0.00000000000000000000000000000000000        0.683022559859958444886526535977552353        0.167811590859605266884724425470909642        0.129098359310438402074632433326122454         278.311176733591166694393935160429533        0.300000011920928955078125000000000000        -1.00000000000000000000000000000000000         4.50000000000000000000000000000000000         50.0000000000000000000000000000000000         2.32097204554787932634882133849331859         2.32097204554787932634882133849331859         2.32097204554787932634882133849331859         2.32097204554787932634882133849331859         2.32097204554787932634882133849331859         0.00000000000000000000000000000000000         0.00000000000000000000000000000000000         49885.3775934473651573350166769044302         20308.9550764084850806794497487440143      
   52.3109930805651492519346455020741169         0.00000000000000000000000000000000000         0.00000000000000000000000000000000000        0.400000000000000000000000000000000019        0.599999999999999999999999999999999981        0.724999999999999999999999999999999981        0.275000000000000000000000000000000019        0.512000024318695068359375000000000000        0.425000011920928955078125000000000000         6.30000010132789611816406250000000000E-0002  0.870056494511586616800702331296776776        0.129943505488413383199297668703223248         0.00000000000000000000000000000000000        0.683022559859958444886526535977552353        0.167811590859605266884724425470909642        0.129098359310438402074632433326122454         278.311176733591166694393935160429533        0.300000011920928955078125000000000000        -1.00000000000000000000000000000000000         4.50000000000000000000000000000000000         50.0000000000000000000000000000000000         2.33744299827971024290993753520271603         2.33744299827971024290993753520271603         2.33744299827971024290993753520271603         2.33744299827971024290993753520271603         2.33744299827971024290993753520271603         0.00000000000000000000000000000000000         0.00000000000000000000000000000000000         53180.2123065188177594943284638548922         20582.8851678612303651827624109935892      
   54.7890117959420854878872849816232285         0.00000000000000000000000000000000000         0.00000000000000000000000000000000000        0.400000000000000000000000000000000019        0.599999999999999999999999999999999981        0.724999999999999999999999999999999981        0.275000000000000000000000000000000019        0.512000024318695068359375000000000000        0.425000011920928955078125000000000000         6.30000010132789611816406250000000000E-0002  0.870056494511586616800702331296776776        0.129943505488413383199297668703223248         0.00000000000000000000000000000000000        0.683022559859958444886526535977552353        0.167811590859605266884724425470909642        0.129098359310438402074632433326122454         278.311176733591166694393935160429533        0.300000011920928955078125000000000000        -1.00000000000000000000000000000000000         4.50000000000000000000000000000000000         50.0000000000000000000000000000000000         2.35779287869365819799670909251991365         2.35779287869365819799670909251991365         2.35779287869365819799670909251991365         2.35779287869365819799670909251991365         2.35779287869365819799670909251991365         0.00000000000000000000000000000000000         0.00000000000000000000000000000000000         56722.2282301496527864108444763543961         20862.7654206351947162526062602284861      
   57.3844164830267494473134630390337038         0.00000000000000000000000000000000000         0.00000000000000000000000000000000000        0.400000000000000000000000000000000019        0.599999999999999999999999999999999981        0.724999999999999999999999999999999981        0.275000000000000000000000000000000019        0.512000024318695068359375000000000000        0.425000011920928955078125000000000000         6.30000010132789611816406250000000000E-0002  0.870056494511586616800702331296776776        0.129943505488413383199297668703223248         0.00000000000000000000000000000000000        0.683022559859958444886526535977552353        0.167811590859605266884724425470909642        0.129098359310438402074632433326122454         278.311176733591166694393935160429533        0.300000011920928955078125000000000000        -1.00000000000000000000000000000000000         4.50000000000000000000000000000000000         50.0000000000000000000000000000000000         2.37610256131163805225980705385820474         2.37610256131163805225980705385820474         2.37610256131163805225980705385820474         2.37610256131163805225980705385820474         2.37610256131163805225980705385820474         0.00000000000000000000000000000000000         0.00000000000000000000000000000000000         60492.9470631627434087072636809007015         21153.6069633178798398646326273844815      
   60.1027678207067787613836741752440859         0.00000000000000000000000000000000000         0.00000000000000000000000000000000000        0.400000000000000000000000000000000019        0.599999999999999999999999999999999981        0.724999999999999999999999999999999981        0.275000000000000000000000000000000019        0.512000024318695068359375000000000000        0.425000011920928955078125000000000000         6.30000010132789611816406250000000000E-0002  0.870056494511586616800702331296776776        0.129943505488413383199297668703223248         0.00000000000000000000000000000000000        0.683022559859958444886526535977552353        0.167811590859605266884724425470909642        0.129098359310438402074632433326122454         278.311176733591166694393935160429533        0.300000011920928955078125000000000000        -1.00000000000000000000000000000000000         4.50000000000000000000000000000000000         50.0000000000000000000000000000000000         2.39446516510425830617116824287313739         2.39446516510425830617116824287313739         2.39446516510425830617116824287313739         2.39446516510425830617116824287313739         2.39446516510425830617116824287313739         0.00000000000000000000000000000000000         0.00000000000000000000000000000000000         64535.8353570029503300519974111277489         21451.6173069248452163591746202496072      
   62.9498899022219826103145225233349426         0.00000000000000000000000000000000000         0.00000000000000000000000000000000000        0.400000000000000000000000000000000019        0.599999999999999999999999999999999981        0.724999999999999999999999999999999981        0.275000000000000000000000000000000019        0.512000024318695068359375000000000000        0.425000011920928955078125000000000000         6.30000010132789611816406250000000000E-0002  0.870056494511586616800702331296776776        0.129943505488413383199297668703223248         0.00000000000000000000000000000000000        0.683022559859958444886526535977552353        0.167811590859605266884724425470909642        0.129098359310438402074632433326122454         278.311176733591166694393935160429533        0.300000011920928955078125000000000000        -1.00000000000000000000000000000000000         4.50000000000000000000000000000000000         50.0000000000000000000000000000000000         2.41257880319340025056206429986112559         2.41257880319340025056206429986112559         2.41257880319340025056206429986112559         2.41257880319340025056206429986112559         2.41257880319340025056206429986112559         0.00000000000000000000000000000000000         0.00000000000000000000000000000000000         68841.1957611121415723467193262738340         21760.1981704181585591169356009117786      
   65.9318827133387394963924236784617628         0.00000000000000000000000000000000000         0.00000000000000000000000000000000000        0.400000000000000000000000000000000019        0.599999999999999999999999999999999981        0.724999999999999999999999999999999981        0.275000000000000000000000000000000019        0.512000024318695068359375000000000000        0.425000011920928955078125000000000000         6.30000010132789611816406250000000000E-0002  0.870056494511586616800702331296776776        0.129943505488413383199297668703223248         0.00000000000000000000000000000000000        0.683022559859958444886526535977552353        0.167811590859605266884724425470909642        0.129098359310438402074632433326122454         278.311176733591166694393935160429533        0.300000011920928955078125000000000000        -1.00000000000000000000000000000000000         4.50000000000000000000000000000000000         50.0000000000000000000000000000000000         2.43069553731025113292218060666000509         2.43069553731025113292218060666000509         2.43069553731025113292218060666000509         2.43069553731025113292218060666000509         2.43069553731025113292218060666000509         0.00000000000000000000000000000000000         0.00000000000000000000000000000000000         73452.4943227755132346814879730922573         22078.4195061763730665644357981480214      
   69.0551352016267211341221719941803480         0.00000000000000000000000000000000000         0.00000000000000000000000000000000000        0.400000000000000000000000000000000019        0.599999999999999999999999999999999981        0.724999999999999999999999999999999981        0.275000000000000000000000000000000019        0.512000024318695068359375000000000000        0.425000011920928955078125000000000000         6.30000010132789611816406250000000000E-0002  0.870056494511586616800702331296776776        0.129943505488413383199297668703223248         0.00000000000000000000000000000000000        0.683022559859958444886526535977552353        0.167811590859605266884724425470909642        0.129098359310438402074632433326122454         278.311176733591166694393935160429533        0.300000011920928955078125000000000000        -1.00000000000000000000000000000000000         4.50000000000000000000000000000000000         50.0000000000000000000000000000000000         2.44849735356895035863027286721705698         2.44849735356895035863027286721705698         2.44849735356895035863027286721705698         2.44849735356895035863027286721705698         2.44849735356895035863027286721705698         0.00000000000000000000000000000000000         0.00000000000000000000000000000000000         78372.0770339015225799399489783772863         22407.1417829943311059987761854645213      
   72.3263389648389904315881138559222429         0.00000000000000000000000000000000000         0.00000000000000000000000000000000000        0.400000000000000000000000000000000019        0.599999999999999999999999999999999981        0.724999999999999999999999999999999981        0.275000000000000000000000000000000019        0.512000024318695068359375000000000000        0.425000011920928955078125000000000000         6.30000010132789611816406250000000000E-0002  0.870056494511586616800702331296776776        0.129943505488413383199297668703223248         0.00000000000000000000000000000000000        0.683022559859958444886526535977552353        0.167811590859605266884724425470909642        0.129098359310438402074632433326122454         278.311176733591166694393935160429533        0.300000011920928955078125000000000000        -1.00000000000000000000000000000000000         4.50000000000000000000000000000000000         50.0000000000000000000000000000000000         2.46687373388243323152181200074160006         2.46687373388243323152181200074160006         2.46687373388243323152181200074160006         2.46687373388243323152181200074160006         2.46687373388243323152181200074160006         0.00000000000000000000000000000000000         0.00000000000000000000000000000000000         83682.8569473604567521681077800544235         22743.1510664418657841644146587968237      
   75.7525025877229563234538363456045364         0.00000000000000000000000000000000000         0.00000000000000000000000000000000000        0.400000000000000000000000000000000019        0.599999999999999999999999999999999981        0.724999999999999999999999999999999981        0.275000000000000000000000000000000019        0.512000024318695068359375000000000000        0.425000011920928955078125000000000000         6.30000010132789611816406250000000000E-0002  0.870056494511586616800702331296776776        0.129943505488413383199297668703223248         0.00000000000000000000000000000000000        0.683022559859958444886526535977552353        0.167811590859605266884724425470909642        0.129098359310438402074632433326122454         278.311176733591166694393935160429533        0.300000011920928955078125000000000000        -1.00000000000000000000000000000000000         4.50000000000000000000000000000000000         50.0000000000000000000000000000000000         2.48440705066024741346731946234512001         2.48440705066024741346731946234512001         2.48440705066024741346731946234512001         2.48440705066024741346731946234512001         2.48440705066024741346731946234512001         0.00000000000000000000000000000000000         0.00000000000000000000000000000000000         89296.2915090046530639674962334010685         23093.7237537999914663599528876131116      
   79.3409666579789374092779396113335383         0.00000000000000000000000000000000000         0.00000000000000000000000000000000000        0.400000000000000000000000000000000019        0.599999999999999999999999999999999981        0.724999999999999999999999999999999981        0.275000000000000000000000000000000019        0.512000024318695068359375000000000000        0.425000011920928955078125000000000000         6.30000010132789611816406250000000000E-0002  0.870056494511586616800702331296776776        0.129943505488413383199297668703223248         0.00000000000000000000000000000000000        0.683022559859958444886526535977552353        0.167811590859605266884724425470909642        0.129098359310438402074632433326122454         278.311176733591166694393935160429533        0.300000011920928955078125000000000000        -1.00000000000000000000000000000000000         4.50000000000000000000000000000000000         50.0000000000000000000000000000000000         2.50234956335137589892371514652161105         2.50234956335137589892371514652161105         2.50234956335137589892371514652161105         2.50234956335137589892371514652161105         2.50234956335137589892371514652161105         0.00000000000000000000000000000000000         0.00000000000000000000000000000000000         95346.2195939370195403123225116713837         23453.8852084558742651498036172338107      
   83.0994194935381664732668516345784739         0.00000000000000000000000000000000000         0.00000000000000000000000000000000000        0.400000000000000000000000000000000019        0.599999999999999999999999999999999981        0.724999999999999999999999999999999981        0.275000000000000000000000000000000019        0.512000024318695068359375000000000000        0.425000011920928955078125000000000000         6.30000010132789611816406250000000000E-0002  0.870056494511586616800702331296776776        0.129943505488413383199297668703223248         0.00000000000000000000000000000000000        0.683022559859958444886526535977552353        0.167811590859605266884724425470909642        0.129098359310438402074632433326122454         278.311176733591166694393935160429533        0.300000011920928955078125000000000000        -1.00000000000000000000000000000000000         4.50000000000000000000000000000000000         50.0000000000000000000000000000000000         2.51966383659187431813945623535352534         2.51966383659187431813945623535352534         2.51966383659187431813945623535352534         2.51966383659187431813945623535352534         2.51966383659187431813945623535352534         0.00000000000000000000000000000000000         0.00000000000000000000000000000000000         101792.365627210437906980128596667872         23824.1419278550867247842348422358468      
   87.0359136148560765360321240320169501         0.00000000000000000000000000000000000         0.00000000000000000000000000000000000        0.400000000000000000000000000000000019        0.599999999999999999999999999999999981        0.724999999999999999999999999999999981        0.275000000000000000000000000000000019        0.512000024318695068359375000000000000        0.425000011920928955078125000000000000         6.30000010132789611816406250000000000E-0002  0.870056494511586616800702331296776776        0.129943505488413383199297668703223248         0.00000000000000000000000000000000000        0.683022559859958444886526535977552353        0.167811590859605266884724425470909642        0.129098359310438402074632433326122454         278.311176733591166694393935160429533        0.300000011920928955078125000000000000        -1.00000000000000000000000000000000000         4.50000000000000000000000000000000000         50.0000000000000000000000000000000000         2.53729406766174937167252372636263237         2.53729406766174937167252372636263237         2.53729406766174937167252372636263237         2.53729406766174937167252372636263237         2.53729406766174937167252372636263237         0.00000000000000000000000000000000000         0.00000000000000000000000000000000000         108715.163742842404857429029794065490         24207.9776732602844175603506623214296      
   91.1588829975129113180355582295095585         0.00000000000000000000000000000000000         0.00000000000000000000000000000000000        0.400000000000000000000000000000000019        0.599999999999999999999999999999999981        0.724999999999999999999999999999999981        0.275000000000000000000000000000000019        0.512000024318695068359375000000000000        0.425000011920928955078125000000000000         6.30000010132789611816406250000000000E-0002  0.870056494511586616800702331296776776        0.129943505488413383199297668703223248         0.00000000000000000000000000000000000        0.683022559859958444886526535977552353        0.167811590859605266884724425470909642        0.129098359310438402074632433326122454         278.311176733591166694393935160429533        0.300000011920928955078125000000000000        -1.00000000000000000000000000000000000         4.50000000000000000000000000000000000         50.0000000000000000000000000000000000         2.55488524447585642285375133604994274         2.55488524447585642285375133604994274         2.55488524447585642285375133604994274         2.55488524447585642285375133604994274         2.55488524447585642285375133604994274         0.00000000000000000000000000000000000         0.00000000000000000000000000000000000         116141.756392273963006021994280938620         24601.6618913886993624622850580613815      
   95.4771611420855187564395181622441053         0.00000000000000000000000000000000000         0.00000000000000000000000000000000000        0.400000000000000000000000000000000019        0.599999999999999999999999999999999981        0.724999999999999999999999999999999981        0.275000000000000000000000000000000019        0.512000024318695068359375000000000000        0.425000011920928955078125000000000000         6.30000010132789611816406250000000000E-0002  0.870056494511586616800702331296776776        0.129943505488413383199297668703223248         0.00000000000000000000000000000000000        0.683022559859958444886526535977552353        0.167811590859605266884724425470909642        0.129098359310438402074632433326122454         278.311176733591166694393935160429533        0.300000011920928955078125000000000000        -1.00000000000000000000000000000000000         4.50000000000000000000000000000000000         50.0000000000000000000000000000000000         2.57083906652612844454400152165233169         2.57083906652612844454400152165233169         2.57083906652612844454400152165233169         2.57083906652612844454400152165233169         2.57083906652612844454400152165233169         0.00000000000000000000000000000000000         0.00000000000000000000000000000000000         124002.409332451275591786605152102469         25010.8306132607786575538919966777679      
   100.000000000005197392984105217599543         0.00000000000000000000000000000000000         0.00000000000000000000000000000000000        0.400000000000000000000000000000000019        0.599999999999999999999999999999999981        0.724999999999999999999999999999999981        0.275000000000000000000000000000000019        0.512000024318695068359375000000000000        0.425000011920928955078125000000000000         6.30000010132789611816406250000000000E-0002  0.870056494511586616800702331296776776        0.129943505488413383199297668703223248         0.00000000000000000000000000000000000        0.683022559859958444886526535977552353        0.167811590859605266884724425470909642        0.129098359310438402074632433326122454         278.311176733591166694393935160429533        0.300000011920928955078125000000000000        -1.00000000000000000000000000000000000         4.50000000000000000000000000000000000         50.0000000000000000000000000000000000         2.58618798250328483782317518874155135         2.58618798250328483782317518874155135         2.58618798250328483782317518874155135         2.58618798250328483782317518874155135         2.58618798250328483782317518874155135         0.00000000000000000000000000000000000         0.00000000000000000000000000000000000         132490.126223310929234209080835574829         25430.4254535937769988202221589706874      
