 mass envelope_frac water_frac mantle_frac core_frac H_frac_envelope He_frac_envelope MgO_frac_mantle SiO2_frac_mantle FeO_frac_mantle Fe_frac_solid_core FeS_frac_solid_core FeO_frac_solid_core Fe_frac_liquid_core FeS_frac_liquid_core FeO_frac_liquid_core T_eq albedo rotation_period age atmospheric_Z 100pa_radius 2000pa_radius transit_radius twothirdsopt_radius condensed_radius diff_v_2000pa diff_v_100pa inner_pressure inner_temperature
   1.00000000000000000000000000000000002E-0002   0.00000000000000000000000000000000000         0.00000000000000000000000000000000000        0.599999999999999999999999999999999981        0.400000000000000000000000000000000019        0.724999999999999999999999999999999981        0.275000000000000000000000000000000019        0.512000024318695068359375000000000000        0.425000011920928955078125000000000000         6.30000010132789611816406250000000000E-0002  0.870056494511586616800702331296776776        0.129943505488413383199297668703223248         0.00000000000000000000000000000000000        0.683022559859958444886526535977552353        0.167811590859605266884724425470909642        0.129098359310438402074632433326122454         2500.00000000000000000000000000000000        0.300000011920928955078125000000000000        -1.00000000000000000000000000000000000         4.50000000000000000000000000000000000         50.0000000000000000000000000000000000        0.250057048285194641251506634927110219        0.250049576854727142830385030397601872        0.250049576854727142830385030397601872        0.250049576854727142830385030397601872        0.250049576854727142830385030397601872         0.00000000000000000000000000000000000        -2.98797964846752951258938827202149853E-0003   8.57526282783208405570686148397861013         2591.50752388542657976595840742859849      
   1.04737089795944979999999999999999994E-0002   0.00000000000000000000000000000000000         0.00000000000000000000000000000000000        0.599999999999999999999999999999999981        0.400000000000000000000000000000000019        0.724999999999999999999999999999999981        0.275000000000000000000000000000000019        0.512000024318695068359375000000000000        0.425000011920928955078125000000000000         6.30000010132789611816406250000000000E-0002  0.870056494511586616800702331296776776        0.129943505488413383199297668703223248         0.00000000000000000000000000000000000        0.683022559859958444886526535977552353        0.167811590859605266884724425470909642        0.129098359310438402074632433326122454         2500.00000000000000000000000000000000        0.300000011920928955078125000000000000        -1.00000000000000000000000000000000000         4.50000000000000000000000000000000000         50.0000000000000000000000000000000000        0.253871094152030822863079573152946449        0.253871136506183935266202111688457045        0.253871136506183935266202111688457045        0.253871136506183935266202111688457045        0.253871136506183935266202111688457045         0.00000000000000000000000000000000000         1.66833274925570108542635704952790842E-0005   8.86503628504801479929062831389153842         2600.23894439433202546441498982155097      
   1.09698579789238420522548511872003990E-0002   0.00000000000000000000000000000000000         0.00000000000000000000000000000000000        0.599999999999999999999999999999999981        0.400000000000000000000000000000000019        0.724999999999999999999999999999999981        0.275000000000000000000000000000000019        0.512000024318695068359375000000000000        0.425000011920928955078125000000000000         6.30000010132789611816406250000000000E-0002  0.870056494511586616800702331296776776        0.129943505488413383199297668703223248         0.00000000000000000000000000000000000        0.683022559859958444886526535977552353        0.167811590859605266884724425470909642        0.129098359310438402074632433326122454         2500.00000000000000000000000000000000        0.300000011920928955078125000000000000        -1.00000000000000000000000000000000000         4.50000000000000000000000000000000000         50.0000000000000000000000000000000000        0.257740169043918290703317636721773941        0.257738943092828243814010801907956190        0.257738943092828243814010801907956190        0.257738943092828243814010801907956190        0.257738943092828243814010801907956190         0.00000000000000000000000000000000000        -4.75656133037430075882065149578034485E-0004   9.16313439030969597675677989626217018         2609.13379347712085801811250117077001      
   1.14895100018730995888633688328071024E-0002   0.00000000000000000000000000000000000         0.00000000000000000000000000000000000        0.599999999999999999999999999999999981        0.400000000000000000000000000000000019        0.724999999999999999999999999999999981        0.275000000000000000000000000000000019        0.512000024318695068359375000000000000        0.425000011920928955078125000000000000         6.30000010132789611816406250000000000E-0002  0.870056494511586616800702331296776776        0.129943505488413383199297668703223248         0.00000000000000000000000000000000000        0.683022559859958444886526535977552353        0.167811590859605266884724425470909642        0.129098359310438402074632433326122454         2500.00000000000000000000000000000000        0.300000011920928955078125000000000000        -1.00000000000000000000000000000000000         4.50000000000000000000000000000000000         50.0000000000000000000000000000000000        0.261667353022926060502546286065895410        0.261648112587434353147546815552017237        0.261648112587434353147546815552017237        0.261648112587434353147546815552017237        0.261648112587434353147546815552017237         0.00000000000000000000000000000000000        -7.35355409272360890627203414624855511E-0003   9.46455149701445089212367522404766949         2618.00158850989758419426467928624654      
   1.20337784077759080699533028507740594E-0002   0.00000000000000000000000000000000000         0.00000000000000000000000000000000000        0.599999999999999999999999999999999981        0.400000000000000000000000000000000019        0.724999999999999999999999999999999981        0.275000000000000000000000000000000019        0.512000024318695068359375000000000000        0.425000011920928955078125000000000000         6.30000010132789611816406250000000000E-0002  0.870056494511586616800702331296776776        0.129943505488413383199297668703223248         0.00000000000000000000000000000000000        0.683022559859958444886526535977552353        0.167811590859605266884724425470909642        0.129098359310438402074632433326122454         2500.00000000000000000000000000000000        0.300000011920928955078125000000000000        -1.00000000000000000000000000000000000         4.50000000000000000000000000000000000         50.0000000000000000000000000000000000        0.265652361062437856263126388889218692        0.265640690836456818059230421484230793        0.265640690836456818059230421484230793        0.265640690836456818059230421484230793        0.265640690836456818059230421484230793         0.00000000000000000000000000000000000        -4.39323732530986527511657355015454184E-0003   9.79059897186271392594689903635908574         2627.54849200099760438080674794808080      
   1.26038292967972908968014429974629652E-0002   0.00000000000000000000000000000000000         0.00000000000000000000000000000000000        0.599999999999999999999999999999999981        0.400000000000000000000000000000000019        0.724999999999999999999999999999999981        0.275000000000000000000000000000000019        0.512000024318695068359375000000000000        0.425000011920928955078125000000000000         6.30000010132789611816406250000000000E-0002  0.870056494511586616800702331296776776        0.129943505488413383199297668703223248         0.00000000000000000000000000000000000        0.683022559859958444886526535977552353        0.167811590859605266884724425470909642        0.129098359310438402074632433326122454         2500.00000000000000000000000000000000        0.300000011920928955078125000000000000        -1.00000000000000000000000000000000000         4.50000000000000000000000000000000000         50.0000000000000000000000000000000000        0.269695522274854604396089900798992821        0.269694323156402345929490048981464573        0.269694323156402345929490048981464573        0.269694323156402345929490048981464573        0.269694323156402345929490048981464573         0.00000000000000000000000000000000000        -4.44621317284112216598962229267800661E-0004   10.1174253230931818460748145530108073         2636.98605828060781206252229135034253      
   1.32008840083141992917991631746251185E-0002   0.00000000000000000000000000000000000         0.00000000000000000000000000000000000        0.599999999999999999999999999999999981        0.400000000000000000000000000000000019        0.724999999999999999999999999999999981        0.275000000000000000000000000000000019        0.512000024318695068359375000000000000        0.425000011920928955078125000000000000         6.30000010132789611816406250000000000E-0002  0.870056494511586616800702331296776776        0.129943505488413383199297668703223248         0.00000000000000000000000000000000000        0.683022559859958444886526535977552353        0.167811590859605266884724425470909642        0.129098359310438402074632433326122454         2500.00000000000000000000000000000000        0.300000011920928955078125000000000000        -1.00000000000000000000000000000000000         4.50000000000000000000000000000000000         50.0000000000000000000000000000000000        0.273797355101522450402884523122512806        0.273784722978329882672146982347796014        0.273784722978329882672146982347796014        0.273784722978329882672146982347796014        0.273784722978329882672146982347796014         0.00000000000000000000000000000000000        -4.61388899101122084714339596137711496E-0003   10.4548781629491883799905655341936842         2646.64025266863915917471889399504023      
   1.38262217376465838916887111257333255E-0002   0.00000000000000000000000000000000000         0.00000000000000000000000000000000000        0.599999999999999999999999999999999981        0.400000000000000000000000000000000019        0.724999999999999999999999999999999981        0.275000000000000000000000000000000019        0.512000024318695068359375000000000000        0.425000011920928955078125000000000000         6.30000010132789611816406250000000000E-0002  0.870056494511586616800702331296776776        0.129943505488413383199297668703223248         0.00000000000000000000000000000000000        0.683022559859958444886526535977552353        0.167811590859605266884724425470909642        0.129098359310438402074632433326122454         2500.00000000000000000000000000000000        0.300000011920928955078125000000000000        -1.00000000000000000000000000000000000         4.50000000000000000000000000000000000         50.0000000000000000000000000000000000        0.277958037696918825425784257136695517        0.277954904156556226211518062123485282        0.277954904156556226211518062123485282        0.277954904156556226211518062123485282        0.277954904156556226211518062123485282         0.00000000000000000000000000000000000        -1.12735566659916486977529897560930043E-0003   10.8105469030152210186485472342753346         2656.72562591820150711811738017023559      
   1.44811822767453669205644236020971476E-0002   0.00000000000000000000000000000000000         0.00000000000000000000000000000000000        0.599999999999999999999999999999999981        0.400000000000000000000000000000000019        0.724999999999999999999999999999999981        0.275000000000000000000000000000000019        0.512000024318695068359375000000000000        0.425000011920928955078125000000000000         6.30000010132789611816406250000000000E-0002  0.870056494511586616800702331296776776        0.129943505488413383199297668703223248         0.00000000000000000000000000000000000        0.683022559859958444886526535977552353        0.167811590859605266884724425470909642        0.129098359310438402074632433326122454         2500.00000000000000000000000000000000        0.300000011920928955078125000000000000        -1.00000000000000000000000000000000000         4.50000000000000000000000000000000000         50.0000000000000000000000000000000000        0.282182545966349432953658480909420091        0.282179714710518797773893293200361893        0.282179714710518797773893293200361893        0.282179714710518797773893293200361893        0.282179714710518797773893293200361893         0.00000000000000000000000000000000000        -1.00335200690797182828846330111852148E-0003   11.1765532436883670842211232287071397         2666.97273646395684979524447355077961      
   1.51671688847092646313725750372786121E-0002   0.00000000000000000000000000000000000         0.00000000000000000000000000000000000        0.599999999999999999999999999999999981        0.400000000000000000000000000000000019        0.724999999999999999999999999999999981        0.275000000000000000000000000000000019        0.512000024318695068359375000000000000        0.425000011920928955078125000000000000         6.30000010132789611816406250000000000E-0002  0.870056494511586616800702331296776776        0.129943505488413383199297668703223248         0.00000000000000000000000000000000000        0.683022559859958444886526535977552353        0.167811590859605266884724425470909642        0.129098359310438402074632433326122454         2500.00000000000000000000000000000000        0.300000011920928955078125000000000000        -1.00000000000000000000000000000000000         4.50000000000000000000000000000000000         50.0000000000000000000000000000000000        0.286466650807513139100379225341640868        0.286464241727916459827749362962192769        0.286464241727916459827749362962192769        0.286464241727916459827749362962192769        0.286464241727916459827749362962192769         0.00000000000000000000000000000000000        -8.40970440899710888615723851970147650E-0004   11.5544718088902296581497278568893236         2677.43423402212330202954605328153567      
   1.58856512942805692341715952667117983E-0002   0.00000000000000000000000000000000000         0.00000000000000000000000000000000000        0.599999999999999999999999999999999981        0.400000000000000000000000000000000019        0.724999999999999999999999999999999981        0.275000000000000000000000000000000019        0.512000024318695068359375000000000000        0.425000011920928955078125000000000000         6.30000010132789611816406250000000000E-0002  0.870056494511586616800702331296776776        0.129943505488413383199297668703223248         0.00000000000000000000000000000000000        0.683022559859958444886526535977552353        0.167811590859605266884724425470909642        0.129098359310438402074632433326122454         2500.00000000000000000000000000000000        0.300000011920928955078125000000000000        -1.00000000000000000000000000000000000         4.50000000000000000000000000000000000         50.0000000000000000000000000000000000        0.290812285438665826249952191174973395        0.290800853757564864141926636576752956        0.290800853757564864141926636576752956        0.290800853757564864141926636576752956        0.290800853757564864141926636576752956         0.00000000000000000000000000000000000        -3.93110300511444953897027367064277611E-0003   11.9422080873214115784452660441279550         2688.04550935816531831700926167313322      
   1.66381688607613357256321400820289791E-0002   0.00000000000000000000000000000000000         0.00000000000000000000000000000000000        0.599999999999999999999999999999999981        0.400000000000000000000000000000000019        0.724999999999999999999999999999999981        0.275000000000000000000000000000000019        0.512000024318695068359375000000000000        0.425000011920928955078125000000000000         6.30000010132789611816406250000000000E-0002  0.870056494511586616800702331296776776        0.129943505488413383199297668703223248         0.00000000000000000000000000000000000        0.683022559859958444886526535977552353        0.167811590859605266884724425470909642        0.129098359310438402074632433326122454         2500.00000000000000000000000000000000        0.300000011920928955078125000000000000        -1.00000000000000000000000000000000000         4.50000000000000000000000000000000000         50.0000000000000000000000000000000000        0.295221173499844392552083011692003502        0.295200905090297797224574625637477099        0.295200905090297797224574625637477099        0.295200905090297797224574625637477099        0.295200905090297797224574625637477099         0.00000000000000000000000000000000000        -6.86597134259988350237198892062149500E-0003   12.3539523189750289799977055913207092         2699.21135418840959582623387390647577      
   1.74263338600965560876971718594349557E-0002   0.00000000000000000000000000000000000         0.00000000000000000000000000000000000        0.599999999999999999999999999999999981        0.400000000000000000000000000000000019        0.724999999999999999999999999999999981        0.275000000000000000000000000000000019        0.512000024318695068359375000000000000        0.425000011920928955078125000000000000         6.30000010132789611816406250000000000E-0002  0.870056494511586616800702331296776776        0.129943505488413383199297668703223248         0.00000000000000000000000000000000000        0.683022559859958444886526535977552353        0.167811590859605266884724425470909642        0.129098359310438402074632433326122454         2500.00000000000000000000000000000000        0.300000011920928955078125000000000000        -1.00000000000000000000000000000000000         4.50000000000000000000000000000000000         50.0000000000000000000000000000000000        0.299694640736381437189266152056428896        0.299676804559569839057284778824006801        0.299676804559569839057284778824006801        0.299676804559569839057284778824006801        0.299676804559569839057284778824006801         0.00000000000000000000000000000000000        -5.95180425719356993622721273643350296E-0003   12.7801502565496634988606975078921375         2710.61982797464845478822855914914955      
   1.82518349431904949929850662738093818E-0002   0.00000000000000000000000000000000000         0.00000000000000000000000000000000000        0.599999999999999999999999999999999981        0.400000000000000000000000000000000019        0.724999999999999999999999999999999981        0.275000000000000000000000000000000019        0.512000024318695068359375000000000000        0.425000011920928955078125000000000000         6.30000010132789611816406250000000000E-0002  0.870056494511586616800702331296776776        0.129943505488413383199297668703223248         0.00000000000000000000000000000000000        0.683022559859958444886526535977552353        0.167811590859605266884724425470909642        0.129098359310438402074632433326122454         2500.00000000000000000000000000000000        0.300000011920928955078125000000000000        -1.00000000000000000000000000000000000         4.50000000000000000000000000000000000         50.0000000000000000000000000000000000        0.304233452602342001434501486534260572        0.304228486860137621994558138356288223        0.304228486860137621994558138356288223        0.304228486860137621994558138356288223        0.304228486860137621994558138356288223         0.00000000000000000000000000000000000        -1.63224103555507314160759477684539662E-0003   13.2151278834740000164369493150240579         2722.09765381243422775543944919340409      
   1.91164407538570921685539093537247029E-0002   0.00000000000000000000000000000000000         0.00000000000000000000000000000000000        0.599999999999999999999999999999999981        0.400000000000000000000000000000000019        0.724999999999999999999999999999999981        0.275000000000000000000000000000000019        0.512000024318695068359375000000000000        0.425000011920928955078125000000000000         6.30000010132789611816406250000000000E-0002  0.870056494511586616800702331296776776        0.129943505488413383199297668703223248         0.00000000000000000000000000000000000        0.683022559859958444886526535977552353        0.167811590859605266884724425470909642        0.129098359310438402074632433326122454         2500.00000000000000000000000000000000        0.300000011920928955078125000000000000        -1.00000000000000000000000000000000000         4.50000000000000000000000000000000000         50.0000000000000000000000000000000000        0.308836579449405932133755027361433932        0.308826844159570855514461587219317326        0.308826844159570855514461587219317326        0.308826844159570855514461587219317326        0.308826844159570855514461587219317326         0.00000000000000000000000000000000000        -3.15234573003841409694432037011515356E-0003   13.6513182292726517886934406179212921         2733.44206525010984401010379964941812      
   2.00220037181559240923900195423679447E-0002   0.00000000000000000000000000000000000         0.00000000000000000000000000000000000        0.599999999999999999999999999999999981        0.400000000000000000000000000000000019        0.724999999999999999999999999999999981        0.275000000000000000000000000000000019        0.512000024318695068359375000000000000        0.425000011920928955078125000000000000         6.30000010132789611816406250000000000E-0002  0.870056494511586616800702331296776776        0.129943505488413383199297668703223248         0.00000000000000000000000000000000000        0.683022559859958444886526535977552353        0.167811590859605266884724425470909642        0.129098359310438402074632433326122454         2500.00000000000000000000000000000000        0.300000011920928955078125000000000000        -1.00000000000000000000000000000000000         4.50000000000000000000000000000000000         50.0000000000000000000000000000000000        0.313506518404367523883937525050096270        0.313503988107543171276951473468744905        0.313503988107543171276951473468744905        0.313503988107543171276951473468744905        0.313503988107543171276951473468744905         0.00000000000000000000000000000000000        -8.07101957339255265132575681369487075E-0004   14.1315694315425997461015024198763358         2745.85931496894011274929919223486886      
   2.09704640132324128654944033811962271E-0002   0.00000000000000000000000000000000000         0.00000000000000000000000000000000000        0.599999999999999999999999999999999981        0.400000000000000000000000000000000019        0.724999999999999999999999999999999981        0.275000000000000000000000000000000019        0.512000024318695068359375000000000000        0.425000011920928955078125000000000000         6.30000010132789611816406250000000000E-0002  0.870056494511586616800702331296776776        0.129943505488413383199297668703223248         0.00000000000000000000000000000000000        0.683022559859958444886526535977552353        0.167811590859605266884724425470909642        0.129098359310438402074632433326122454         2500.00000000000000000000000000000000        0.300000011920928955078125000000000000        -1.00000000000000000000000000000000000         4.50000000000000000000000000000000000         50.0000000000000000000000000000000000        0.318241773191751162801659919237807675        0.318216692601328397811184580493290646        0.318216692601328397811184580493290646        0.318216692601328397811184580493290646        0.318216692601328397811184580493290646         0.00000000000000000000000000000000000        -7.88160740963602466121005050397087644E-0003   14.6296183240433290814682826418639357         2758.55956573289240966920542088245760      
   2.19638537241655596358102494951593575E-0002   0.00000000000000000000000000000000000         0.00000000000000000000000000000000000        0.599999999999999999999999999999999981        0.400000000000000000000000000000000019        0.724999999999999999999999999999999981        0.275000000000000000000000000000000019        0.512000024318695068359375000000000000        0.425000011920928955078125000000000000         6.30000010132789611816406250000000000E-0002  0.870056494511586616800702331296776776        0.129943505488413383199297668703223248         0.00000000000000000000000000000000000        0.683022559859958444886526535977552353        0.167811590859605266884724425470909642        0.129098359310438402074632433326122454         2500.00000000000000000000000000000000        0.300000011920928955078125000000000000        -1.00000000000000000000000000000000000         4.50000000000000000000000000000000000         50.0000000000000000000000000000000000        0.323044630740867680373121380128850946        0.323024297107803822509044593431946369        0.323024297107803822509044593431946369        0.323024297107803822509044593431946369        0.323024297107803822509044593431946369         0.00000000000000000000000000000000000        -6.29476892169255694134077863727211632E-0003   15.1182249743434972523032570319722236         2770.76750019926711880460697560159362      
   2.30043011977292878351454756950050690E-0002   0.00000000000000000000000000000000000         0.00000000000000000000000000000000000        0.599999999999999999999999999999999981        0.400000000000000000000000000000000019        0.724999999999999999999999999999999981        0.275000000000000000000000000000000019        0.512000024318695068359375000000000000        0.425000011920928955078125000000000000         6.30000010132789611816406250000000000E-0002  0.870056494511586616800702331296776776        0.129943505488413383199297668703223248         0.00000000000000000000000000000000000        0.683022559859958444886526535977552353        0.167811590859605266884724425470909642        0.129098359310438402074632433326122454         2500.00000000000000000000000000000000        0.300000011920928955078125000000000000        -1.00000000000000000000000000000000000         4.50000000000000000000000000000000000         50.0000000000000000000000000000000000        0.327920462959419819931518588572946606        0.327899469404907522652007327163338979        0.327899469404907522652007327163338979        0.327899469404907522652007327163338979        0.327899469404907522652007327163338979         0.00000000000000000000000000000000000        -6.40243625596518836627296725060076235E-0003   15.6487118343117193599286438342402038         2783.94113540980933633105150639238677      
   2.40940356023953707463686306717419161E-0002   0.00000000000000000000000000000000000         0.00000000000000000000000000000000000        0.599999999999999999999999999999999981        0.400000000000000000000000000000000019        0.724999999999999999999999999999999981        0.275000000000000000000000000000000019        0.512000024318695068359375000000000000        0.425000011920928955078125000000000000         6.30000010132789611816406250000000000E-0002  0.870056494511586616800702331296776776        0.129943505488413383199297668703223248         0.00000000000000000000000000000000000        0.683022559859958444886526535977552353        0.167811590859605266884724425470909642        0.129098359310438402074632433326122454         2500.00000000000000000000000000000000        0.300000011920928955078125000000000000        -1.00000000000000000000000000000000000         4.50000000000000000000000000000000000         50.0000000000000000000000000000000000        0.332863491022971754191816254549896338        0.332843048268611464291307694867610523        0.332843048268611464291307694867610523        0.332843048268611464291307694867610523        0.332843048268611464291307694867610523         0.00000000000000000000000000000000000        -6.14186009490940612131998802184933694E-0003   16.1884123182261838621158665584470488         2797.09644447488729171169323557467347      
   2.52353917043477924471827901828532746E-0002   0.00000000000000000000000000000000000         0.00000000000000000000000000000000000        0.599999999999999999999999999999999981        0.400000000000000000000000000000000019        0.724999999999999999999999999999999981        0.275000000000000000000000000000000019        0.512000024318695068359375000000000000        0.425000011920928955078125000000000000         6.30000010132789611816406250000000000E-0002  0.870056494511586616800702331296776776        0.129943505488413383199297668703223248         0.00000000000000000000000000000000000        0.683022559859958444886526535977552353        0.167811590859605266884724425470909642        0.129098359310438402074632433326122454         2500.00000000000000000000000000000000        0.300000011920928955078125000000000000        -1.00000000000000000000000000000000000         4.50000000000000000000000000000000000         50.0000000000000000000000000000000000        0.337876478780933069328488220056686942        0.337847807464458468594215843190601542        0.337847807464458468594215843190601542        0.337847807464458468594215843190601542        0.337847807464458468594215843190601542         0.00000000000000000000000000000000000        -8.48645924026514567465256508690995319E-0003   16.7596153470652692502068913284519110         2810.88445792602791061061185223022278      
   2.64308148697411976990338126706688651E-0002   0.00000000000000000000000000000000000         0.00000000000000000000000000000000000        0.599999999999999999999999999999999981        0.400000000000000000000000000000000019        0.724999999999999999999999999999999981        0.275000000000000000000000000000000019        0.512000024318695068359375000000000000        0.425000011920928955078125000000000000         6.30000010132789611816406250000000000E-0002  0.870056494511586616800702331296776776        0.129943505488413383199297668703223248         0.00000000000000000000000000000000000        0.683022559859958444886526535977552353        0.167811590859605266884724425470909642        0.129098359310438402074632433326122454         2500.00000000000000000000000000000000        0.300000011920928955078125000000000000        -1.00000000000000000000000000000000000         4.50000000000000000000000000000000000         50.0000000000000000000000000000000000        0.342961994897325768596844710231939813        0.342940622648487555295049905206975380        0.342940622648487555295049905206975380        0.342940622648487555295049905206975380        0.342940622648487555295049905206975380         0.00000000000000000000000000000000000        -6.23205518003615200568163132495904759E-0003   17.3356305793190918064333749230586204         2824.53093325493051397056221637454221      
   2.76828663039208164325015985943068658E-0002   0.00000000000000000000000000000000000         0.00000000000000000000000000000000000        0.599999999999999999999999999999999981        0.400000000000000000000000000000000019        0.724999999999999999999999999999999981        0.275000000000000000000000000000000019        0.512000024318695068359375000000000000        0.425000011920928955078125000000000000         6.30000010132789611816406250000000000E-0002  0.870056494511586616800702331296776776        0.129943505488413383199297668703223248         0.00000000000000000000000000000000000        0.683022559859958444886526535977552353        0.167811590859605266884724425470909642        0.129098359310438402074632433326122454         2500.00000000000000000000000000000000        0.300000011920928955078125000000000000        -1.00000000000000000000000000000000000         4.50000000000000000000000000000000000         50.0000000000000000000000000000000000        0.348120774682414980595505278097847176        0.348118118637627721086995455427034830        0.348118118637627721086995455427034830        0.348118118637627721086995455427034830        0.348118118637627721086995455427034830         0.00000000000000000000000000000000000        -7.62972291604364491692597265957171545E-0004   17.9311334984749640100222453224026106         2838.39885109095003835335655910494091      
   2.89942285388289406626051058156534930E-0002   0.00000000000000000000000000000000000         0.00000000000000000000000000000000000        0.599999999999999999999999999999999981        0.400000000000000000000000000000000019        0.724999999999999999999999999999999981        0.275000000000000000000000000000000019        0.512000024318695068359375000000000000        0.425000011920928955078125000000000000         6.30000010132789611816406250000000000E-0002  0.870056494511586616800702331296776776        0.129943505488413383199297668703223248         0.00000000000000000000000000000000000        0.683022559859958444886526535977552353        0.167811590859605266884724425470909642        0.129098359310438402074632433326122454         2500.00000000000000000000000000000000        0.300000011920928955078125000000000000        -1.00000000000000000000000000000000000         4.50000000000000000000000000000000000         50.0000000000000000000000000000000000        0.353349840261206848461904702856454204        0.353327560768894892908623992199361787        0.353327560768894892908623992199361787        0.353327560768894892908623992199361787        0.353327560768894892908623992199361787         0.00000000000000000000000000000000000        -6.30561970978770106863824208659095895E-0003   18.5567462986268065204702028047328337         2852.80456833204569023315639469054174      
   3.03677111803547736840862033878692513E-0002   0.00000000000000000000000000000000000         0.00000000000000000000000000000000000        0.599999999999999999999999999999999981        0.400000000000000000000000000000000019        0.724999999999999999999999999999999981        0.275000000000000000000000000000000019        0.512000024318695068359375000000000000        0.425000011920928955078125000000000000         6.30000010132789611816406250000000000E-0002  0.870056494511586616800702331296776776        0.129943505488413383199297668703223248         0.00000000000000000000000000000000000        0.683022559859958444886526535977552353        0.167811590859605266884724425470909642        0.129098359310438402074632433326122454         2500.00000000000000000000000000000000        0.300000011920928955078125000000000000        -1.00000000000000000000000000000000000         4.50000000000000000000000000000000000         50.0000000000000000000000000000000000        0.358651467286002640301229673838664721        0.358651133705453464373622988899090947        0.358651133705453464373622988899090947        0.358651133705453464373622988899090947        0.358651133705453464373622988899090947         0.00000000000000000000000000000000000        -9.30097573453886318230019897791410395E-0005   19.2262947590098405000357923170046116         2868.05535046784728475635259479094351      
   3.18062569279414025101825130079188269E-0002   0.00000000000000000000000000000000000         0.00000000000000000000000000000000000        0.599999999999999999999999999999999981        0.400000000000000000000000000000000019        0.724999999999999999999999999999999981        0.275000000000000000000000000000000019        0.512000024318695068359375000000000000        0.425000011920928955078125000000000000         6.30000010132789611816406250000000000E-0002  0.870056494511586616800702331296776776        0.129943505488413383199297668703223248         0.00000000000000000000000000000000000        0.683022559859958444886526535977552353        0.167811590859605266884724425470909642        0.129098359310438402074632433326122454         2500.00000000000000000000000000000000        0.300000011920928955078125000000000000        -1.00000000000000000000000000000000000         4.50000000000000000000000000000000000         50.0000000000000000000000000000000000        0.364032904817212877077880049879008441        0.364010376879092048959928103294229782        0.364010376879092048959928103294229782        0.364010376879092048959928103294229782        0.364010376879092048959928103294229782         0.00000000000000000000000000000000000        -6.18881755898703142084490558489604944E-0003   19.8811989335221743526990876641159855         2882.57335159494359834311696154106415      
   3.33129478793469579587899033329322212E-0002   0.00000000000000000000000000000000000         0.00000000000000000000000000000000000        0.599999999999999999999999999999999981        0.400000000000000000000000000000000019        0.724999999999999999999999999999999981        0.275000000000000000000000000000000019        0.512000024318695068359375000000000000        0.425000011920928955078125000000000000         6.30000010132789611816406250000000000E-0002  0.870056494511586616800702331296776776        0.129943505488413383199297668703223248         0.00000000000000000000000000000000000        0.683022559859958444886526535977552353        0.167811590859605266884724425470909642        0.129098359310438402074632433326122454         2500.00000000000000000000000000000000        0.300000011920928955078125000000000000        -1.00000000000000000000000000000000000         4.50000000000000000000000000000000000         50.0000000000000000000000000000000000        0.369486381218572153177766073037009108        0.369451693016681421317039230288339140        0.369451693016681421317039230288339140        0.369451693016681421317039230288339140        0.369451693016681421317039230288339140         0.00000000000000000000000000000000000        -9.38910351377537869661811056965213521E-0003   20.5835123127647758833863149369789601         2898.00481999202287776686828444853596      
   3.48910121340679723117689330325258897E-0002   0.00000000000000000000000000000000000         0.00000000000000000000000000000000000        0.599999999999999999999999999999999981        0.400000000000000000000000000000000019        0.724999999999999999999999999999999981        0.275000000000000000000000000000000019        0.512000024318695068359375000000000000        0.425000011920928955078125000000000000         6.30000010132789611816406250000000000E-0002  0.870056494511586616800702331296776776        0.129943505488413383199297668703223248         0.00000000000000000000000000000000000        0.683022559859958444886526535977552353        0.167811590859605266884724425470909642        0.129098359310438402074632433326122454         2500.00000000000000000000000000000000        0.300000011920928955078125000000000000        -1.00000000000000000000000000000000000         4.50000000000000000000000000000000000         50.0000000000000000000000000000000000        0.375018380280305395337818142447856294        0.374998487351155596022594765007008968        0.374998487351155596022594765007008968        0.374998487351155596022594765007008968        0.374998487351155596022594765007008968         0.00000000000000000000000000000000000        -5.30480250475549368549365666994095648E-0003   21.3127904189878361220603274591356190         2913.86670508099983047149298551932514      
   3.65438307095728310329776802679418081E-0002   0.00000000000000000000000000000000000         0.00000000000000000000000000000000000        0.599999999999999999999999999999999981        0.400000000000000000000000000000000019        0.724999999999999999999999999999999981        0.275000000000000000000000000000000019        0.512000024318695068359375000000000000        0.425000011920928955078125000000000000         6.30000010132789611816406250000000000E-0002  0.870056494511586616800702331296776776        0.129943505488413383199297668703223248         0.00000000000000000000000000000000000        0.683022559859958444886526535977552353        0.167811590859605266884724425470909642        0.129098359310438402074632433326122454         2500.00000000000000000000000000000000        0.300000011920928955078125000000000000        -1.00000000000000000000000000000000000         4.50000000000000000000000000000000000         50.0000000000000000000000000000000000        0.380627553461394979942688136230640310        0.380600694658467587355048756098213891        0.380600694658467587355048756098213891        0.380600694658467587355048756098213891        0.380600694658467587355048756098213891         0.00000000000000000000000000000000000        -7.05695057952912072659452375160712681E-0003   22.0752922311750938926871033070822924         2930.33343499064175884111877200075181      
   3.82749447851634135913727803832376407E-0002   0.00000000000000000000000000000000000         0.00000000000000000000000000000000000        0.599999999999999999999999999999999981        0.400000000000000000000000000000000019        0.724999999999999999999999999999999981        0.275000000000000000000000000000000019        0.512000024318695068359375000000000000        0.425000011920928955078125000000000000         6.30000010132789611816406250000000000E-0002  0.870056494511586616800702331296776776        0.129943505488413383199297668703223248         0.00000000000000000000000000000000000        0.683022559859958444886526535977552353        0.167811590859605266884724425470909642        0.129098359310438402074632433326122454         2500.00000000000000000000000000000000        0.300000011920928955078125000000000000        -1.00000000000000000000000000000000000         4.50000000000000000000000000000000000         50.0000000000000000000000000000000000        0.386314251645083843665880493375943770        0.386287523510328423209188042650276141        0.386287523510328423209188042650276141        0.386287523510328423209188042650276141        0.386287523510328423209188042650276141         0.00000000000000000000000000000000000        -6.91923324691738561933602161103425576E-0003   22.8594500077096252210616540217513643         2946.95858987773992541679223005510109      
   4.00880632889849649039141805889355062E-0002   0.00000000000000000000000000000000000         0.00000000000000000000000000000000000        0.599999999999999999999999999999999981        0.400000000000000000000000000000000019        0.724999999999999999999999999999999981        0.275000000000000000000000000000000019        0.512000024318695068359375000000000000        0.425000011920928955078125000000000000         6.30000010132789611816406250000000000E-0002  0.870056494511586616800702331296776776        0.129943505488413383199297668703223248         0.00000000000000000000000000000000000        0.683022559859958444886526535977552353        0.167811590859605266884724425470909642        0.129098359310438402074632433326122454         2500.00000000000000000000000000000000        0.300000011920928955078125000000000000        -1.00000000000000000000000000000000000         4.50000000000000000000000000000000000         50.0000000000000000000000000000000000        0.392079240651354843884240452398359623        0.392040001420287226314976057600639805        0.392040001420287226314976057600639805        0.392040001420287226314976057600639805        0.392040001420287226314976057600639805         0.00000000000000000000000000000000000        -1.00089865639886775871037094630216168E-0002   23.6721029774712493320217657558677243         2963.86667573102546267422202078369072      
   4.19870708444394372159300809145208468E-0002   0.00000000000000000000000000000000000         0.00000000000000000000000000000000000        0.599999999999999999999999999999999981        0.400000000000000000000000000000000019        0.724999999999999999999999999999999981        0.275000000000000000000000000000000019        0.512000024318695068359375000000000000        0.425000011920928955078125000000000000         6.30000010132789611816406250000000000E-0002  0.870056494511586616800702331296776776        0.129943505488413383199297668703223248         0.00000000000000000000000000000000000        0.683022559859958444886526535977552353        0.167811590859605266884724425470909642        0.129098359310438402074632433326122454         2500.00000000000000000000000000000000        0.300000011920928955078125000000000000        -1.00000000000000000000000000000000000         4.50000000000000000000000000000000000         50.0000000000000000000000000000000000        0.397927697816497982395624763792157964        0.397922682677193461058360369974593822        0.397922682677193461058360369974593822        0.397922682677193461058360369974593822        0.397922682677193461058360369974593822         0.00000000000000000000000000000000000        -1.26033008995110872003369687573540018E-0003   24.5095951577998897565597930445048409         2981.00973403045065614469666247698959      
   4.39760360930275675433071206856609502E-0002   0.00000000000000000000000000000000000         0.00000000000000000000000000000000000        0.599999999999999999999999999999999981        0.400000000000000000000000000000000019        0.724999999999999999999999999999999981        0.275000000000000000000000000000000019        0.512000024318695068359375000000000000        0.425000011920928955078125000000000000         6.30000010132789611816406250000000000E-0002  0.870056494511586616800702331296776776        0.129943505488413383199297668703223248         0.00000000000000000000000000000000000        0.683022559859958444886526535977552353        0.167811590859605266884724425470909642        0.129098359310438402074632433326122454         2500.00000000000000000000000000000000        0.300000011920928955078125000000000000        -1.00000000000000000000000000000000000         4.50000000000000000000000000000000000         50.0000000000000000000000000000000000        0.403842490072892134607463545814793670        0.403809998253754953456158034866893721        0.403809998253754953456158034866893721        0.403809998253754953456158034866893721        0.403809998253754953456158034866893721         0.00000000000000000000000000000000000        -8.04631368160508788784805697537375986E-0003   25.3968799620770630489804476903770217         2998.86975139695405961612518288193539      
   4.60592204114514578978097464129404699E-0002   0.00000000000000000000000000000000000         0.00000000000000000000000000000000000        0.599999999999999999999999999999999981        0.400000000000000000000000000000000019        0.724999999999999999999999999999999981        0.275000000000000000000000000000000019        0.512000024318695068359375000000000000        0.425000011920928955078125000000000000         6.30000010132789611816406250000000000E-0002  0.870056494511586616800702331296776776        0.129943505488413383199297668703223248         0.00000000000000000000000000000000000        0.683022559859958444886526535977552353        0.167811590859605266884724425470909642        0.129098359310438402074632433326122454         2500.00000000000000000000000000000000        0.300000011920928955078125000000000000        -1.00000000000000000000000000000000000         4.50000000000000000000000000000000000         50.0000000000000000000000000000000000        0.409839066208309741156891597801031918        0.409833433074507219578759738098389810        0.409833433074507219578759738098389810        0.409833433074507219578759738098389810        0.409833433074507219578759738098389810         0.00000000000000000000000000000000000        -1.37449347659674247687743892106121402E-0003   26.2696029584049910944141354386420034         3015.87854166848755868538765243215676      
   4.82410870416541323423097474256259733E-0002   0.00000000000000000000000000000000000         0.00000000000000000000000000000000000        0.599999999999999999999999999999999981        0.400000000000000000000000000000000019        0.724999999999999999999999999999999981        0.275000000000000000000000000000000019        0.512000024318695068359375000000000000        0.425000011920928955078125000000000000         6.30000010132789611816406250000000000E-0002  0.870056494511586616800702331296776776        0.129943505488413383199297668703223248         0.00000000000000000000000000000000000        0.683022559859958444886526535977552353        0.167811590859605266884724425470909642        0.129098359310438402074632433326122454         2500.00000000000000000000000000000000        0.300000011920928955078125000000000000        -1.00000000000000000000000000000000000         4.50000000000000000000000000000000000         50.0000000000000000000000000000000000        0.415922489444449283607500755703523879        0.415897103069937359080692440455221188        0.415897103069937359080692440455221188        0.415897103069937359080692440455221188        0.415897103069937359080692440455221188         0.00000000000000000000000000000000000        -6.10400368854109277850909984383848232E-0003   27.2409320160840768658537874140823419         3034.81436341744514168871480175919771      
   5.05263106533572662690193201580239323E-0002   0.00000000000000000000000000000000000         0.00000000000000000000000000000000000        0.599999999999999999999999999999999981        0.400000000000000000000000000000000019        0.724999999999999999999999999999999981        0.275000000000000000000000000000000019        0.512000024318695068359375000000000000        0.425000011920928955078125000000000000         6.30000010132789611816406250000000000E-0002  0.870056494511586616800702331296776776        0.129943505488413383199297668703223248         0.00000000000000000000000000000000000        0.683022559859958444886526535977552353        0.167811590859605266884724425470909642        0.129098359310438402074632433326122454         2500.00000000000000000000000000000000        0.300000011920928955078125000000000000        -1.00000000000000000000000000000000000         4.50000000000000000000000000000000000         50.0000000000000000000000000000000000        0.422077147971914522414334396343410834        0.422053781101702021287025421125943757        0.422053781101702021287025421125943757        0.422053781101702021287025421125943757        0.422053781101702021287025421125943757         0.00000000000000000000000000000000000        -5.53646745007372129296290036272687226E-0003   28.2349279090500818510219355289655859         3053.65443916502356387930087556872069      
   5.29197873595849146847521071145970371E-0002   0.00000000000000000000000000000000000         0.00000000000000000000000000000000000        0.599999999999999999999999999999999981        0.400000000000000000000000000000000019        0.724999999999999999999999999999999981        0.275000000000000000000000000000000019        0.512000024318695068359375000000000000        0.425000011920928955078125000000000000         6.30000010132789611816406250000000000E-0002  0.870056494511586616800702331296776776        0.129943505488413383199297668703223248         0.00000000000000000000000000000000000        0.683022559859958444886526535977552353        0.167811590859605266884724425470909642        0.129098359310438402074632433326122454         2500.00000000000000000000000000000000        0.300000011920928955078125000000000000        -1.00000000000000000000000000000000000         4.50000000000000000000000000000000000         50.0000000000000000000000000000000000        0.428307353246374233989192305413772589        0.428285605041462919158814938366477992        0.428285605041462919158814938366477992        0.428285605041462919158814938366477992        0.428285605041462919158814938366477992         0.00000000000000000000000000000000000        -5.07796775219875921661251810825709523E-0003   29.2425588662739452827017670769197157         3072.21964877253717872451480994944066      
   5.54266452066315930392335611285580509E-0002   0.00000000000000000000000000000000000         0.00000000000000000000000000000000000        0.599999999999999999999999999999999981        0.400000000000000000000000000000000019        0.724999999999999999999999999999999981        0.275000000000000000000000000000000019        0.512000024318695068359375000000000000        0.425000011920928955078125000000000000         6.30000010132789611816406250000000000E-0002  0.870056494511586616800702331296776776        0.129943505488413383199297668703223248         0.00000000000000000000000000000000000        0.683022559859958444886526535977552353        0.167811590859605266884724425470909642        0.129098359310438402074632433326122454         2500.00000000000000000000000000000000        0.300000011920928955078125000000000000        -1.00000000000000000000000000000000000         4.50000000000000000000000000000000000         50.0000000000000000000000000000000000        0.434616872306821997616326405655555303        0.434585009228903300797141470809231623        0.434585009228903300797141470809231623        0.434585009228903300797141470809231623        0.434585009228903300797141470809231623         0.00000000000000000000000000000000000        -7.33184008699066635698085076693068688E-0003   30.3542610828399030071032221837924929         3092.62978720155460146125766827164874      
   5.80522551609495656082146517268962107E-0002   0.00000000000000000000000000000000000         0.00000000000000000000000000000000000        0.599999999999999999999999999999999981        0.400000000000000000000000000000000019        0.724999999999999999999999999999999981        0.275000000000000000000000000000000019        0.512000024318695068359375000000000000        0.425000011920928955078125000000000000         6.30000010132789611816406250000000000E-0002  0.870056494511586616800702331296776776        0.129943505488413383199297668703223248         0.00000000000000000000000000000000000        0.683022559859958444886526535977552353        0.167811590859605266884724425470909642        0.129098359310438402074632433326122454         2500.00000000000000000000000000000000        0.300000011920928955078125000000000000        -1.00000000000000000000000000000000000         4.50000000000000000000000000000000000         50.0000000000000000000000000000000000        0.440981207974759368940943538012890610        0.440953994450906348430863413925915433        0.440953994450906348430863413925915433        0.440953994450906348430863413925915433        0.440953994450906348430863413925915433         0.00000000000000000000000000000000000        -6.17151090487520918473384883489155438E-0003   31.4661055586434020794726087563866677         3112.26477792719802511292745069472971      
   6.08022426164948505065581588806303073E-0002   0.00000000000000000000000000000000000         0.00000000000000000000000000000000000        0.599999999999999999999999999999999981        0.400000000000000000000000000000000019        0.724999999999999999999999999999999981        0.275000000000000000000000000000000019        0.512000024318695068359375000000000000        0.425000011920928955078125000000000000         6.30000010132789611816406250000000000E-0002  0.870056494511586616800702331296776776        0.129943505488413383199297668703223248         0.00000000000000000000000000000000000        0.683022559859958444886526535977552353        0.167811590859605266884724425470909642        0.129098359310438402074632433326122454         2500.00000000000000000000000000000000        0.300000011920928955078125000000000000        -1.00000000000000000000000000000000000         4.50000000000000000000000000000000000         50.0000000000000000000000000000000000        0.447444166982170142641238958957904275        0.447440886502458063683970391881898603        0.447440886502458063683970391881898603        0.447440886502458063683970391881898603        0.447440886502458063683970391881898603         0.00000000000000000000000000000000000        -7.33164941121431379831169540409321039E-0004   32.6207672246004862279652410515111750         3132.36746374132559713743040049619672      
   6.36824994471865380888821842690214039E-0002   0.00000000000000000000000000000000000         0.00000000000000000000000000000000000        0.599999999999999999999999999999999981        0.400000000000000000000000000000000019        0.724999999999999999999999999999999981        0.275000000000000000000000000000000019        0.512000024318695068359375000000000000        0.425000011920928955078125000000000000         6.30000010132789611816406250000000000E-0002  0.870056494511586616800702331296776776        0.129943505488413383199297668703223248         0.00000000000000000000000000000000000        0.683022559859958444886526535977552353        0.167811590859605266884724425470909642        0.129098359310438402074632433326122454         2500.00000000000000000000000000000000        0.300000011920928955078125000000000000        -1.00000000000000000000000000000000000         4.50000000000000000000000000000000000         50.0000000000000000000000000000000000        0.453973741221703663067489639806725972        0.453940781684292085420698078837338257        0.453940781684292085420698078837338257        0.453940781684292085420698078837338257        0.453940781684292085420698078837338257         0.00000000000000000000000000000000000        -7.26075707260433620351592245834655908E-0003   33.8577805080443021352392983270806793         3153.49111702179656970976223888865840      
   6.66991966303019298825804335972346273E-0002   0.00000000000000000000000000000000000         0.00000000000000000000000000000000000        0.599999999999999999999999999999999981        0.400000000000000000000000000000000019        0.724999999999999999999999999999999981        0.275000000000000000000000000000000019        0.512000024318695068359375000000000000        0.425000011920928955078125000000000000         6.30000010132789611816406250000000000E-0002  0.870056494511586616800702331296776776        0.129943505488413383199297668703223248         0.00000000000000000000000000000000000        0.683022559859958444886526535977552353        0.167811590859605266884724425470909642        0.129098359310438402074632433326122454         2500.00000000000000000000000000000000        0.300000011920928955078125000000000000        -1.00000000000000000000000000000000000         4.50000000000000000000000000000000000         50.0000000000000000000000000000000000        0.460593827660611158420286736822200311        0.460568969532899589202356912303162429        0.460568969532899589202356912303162429        0.460568969532899589202356912303162429        0.460568969532899589202356912303162429         0.00000000000000000000000000000000000        -5.39726498221968033009474867918283649E-0003   35.1015763268897571406029545007821413         3174.26726445470486979277490050097520      
   6.98587974678532405490532339768403819E-0002   0.00000000000000000000000000000000000         0.00000000000000000000000000000000000        0.599999999999999999999999999999999981        0.400000000000000000000000000000000019        0.724999999999999999999999999999999981        0.275000000000000000000000000000000019        0.512000024318695068359375000000000000        0.425000011920928955078125000000000000         6.30000010132789611816406250000000000E-0002  0.870056494511586616800702331296776776        0.129943505488413383199297668703223248         0.00000000000000000000000000000000000        0.683022559859958444886526535977552353        0.167811590859605266884724425470909642        0.129098359310438402074632433326122454         2500.00000000000000000000000000000000        0.300000011920928955078125000000000000        -1.00000000000000000000000000000000000         4.50000000000000000000000000000000000         50.0000000000000000000000000000000000        0.467307154366550838393665076386596943        0.467267135539277140715843866952805333        0.467267135539277140715843866952805333        0.467267135539277140715843866952805333        0.467267135539277140715843866952805333         0.00000000000000000000000000000000000        -8.56444295563641443171770888810754003E-0003   36.4287967137970079602904924262378569         3196.07880310766442008050397144897592      
   7.31680714342727864769909562452151975E-0002   0.00000000000000000000000000000000000         0.00000000000000000000000000000000000        0.599999999999999999999999999999999981        0.400000000000000000000000000000000019        0.724999999999999999999999999999999981        0.275000000000000000000000000000000019        0.512000024318695068359375000000000000        0.425000011920928955078125000000000000         6.30000010132789611816406250000000000E-0002  0.870056494511586616800702331296776776        0.129943505488413383199297668703223248         0.00000000000000000000000000000000000        0.683022559859958444886526535977552353        0.167811590859605266884724425470909642        0.129098359310438402074632433326122454         2500.00000000000000000000000000000000        0.300000011920928955078125000000000000        -1.00000000000000000000000000000000000         4.50000000000000000000000000000000000         50.0000000000000000000000000000000000        0.474107726806403285085055283185253466        0.474059510047834905829746500781992639        0.474059510047834905829746500781992639        0.474059510047834905829746500781992639        0.474059510047834905829746500781992639         0.00000000000000000000000000000000000        -1.01710349748102195664572479527138444E-0002   37.7747058789419056919593062838018751         3217.65976038240963671050985224885056      
   7.66341086800754564190942258342304675E-0002   0.00000000000000000000000000000000000         0.00000000000000000000000000000000000        0.599999999999999999999999999999999981        0.400000000000000000000000000000000019        0.724999999999999999999999999999999981        0.275000000000000000000000000000000019        0.512000024318695068359375000000000000        0.425000011920928955078125000000000000         6.30000010132789611816406250000000000E-0002  0.870056494511586616800702331296776776        0.129943505488413383199297668703223248         0.00000000000000000000000000000000000        0.683022559859958444886526535977552353        0.167811590859605266884724425470909642        0.129098359310438402074632433326122454         2500.00000000000000000000000000000000        0.300000011920928955078125000000000000        -1.00000000000000000000000000000000000         4.50000000000000000000000000000000000         50.0000000000000000000000000000000000        0.480997236217202365892781164542858217        0.480990969393171714150267881236399842        0.480990969393171714150267881236399842        0.480990969393171714150267881236399842        0.480990969393171714150267881236399842         0.00000000000000000000000000000000000        -1.30289848030995239426436635990963187E-0003   39.1852771185218465480186930624270147         3239.84608252674102281712379088041461      
   8.02643352225726970636277878857272017E-0002   0.00000000000000000000000000000000000         0.00000000000000000000000000000000000        0.599999999999999999999999999999999981        0.400000000000000000000000000000000019        0.724999999999999999999999999999999981        0.275000000000000000000000000000000019        0.512000024318695068359375000000000000        0.425000011920928955078125000000000000         6.30000010132789611816406250000000000E-0002  0.870056494511586616800702331296776776        0.129943505488413383199297668703223248         0.00000000000000000000000000000000000        0.683022559859958444886526535977552353        0.167811590859605266884724425470909642        0.129098359310438402074632433326122454         2500.00000000000000000000000000000000        0.300000011920928955078125000000000000        -1.00000000000000000000000000000000000         4.50000000000000000000000000000000000         50.0000000000000000000000000000000000        0.487973265711625938730150915089455043        0.487968721925876784957209112856101141        0.487968721925876784957209112856101141        0.487968721925876784957209112856101141        0.487968721925876784957209112856101141         0.00000000000000000000000000000000000        -9.31163319489149784380394322777519015E-0004   40.6588555508189210547023318722053629         3262.57296844823506597793294385463369      
   8.40665288561842607476714319551580939E-0002   0.00000000000000000000000000000000000         0.00000000000000000000000000000000000        0.599999999999999999999999999999999981        0.400000000000000000000000000000000019        0.724999999999999999999999999999999981        0.275000000000000000000000000000000019        0.512000024318695068359375000000000000        0.425000011920928955078125000000000000         6.30000010132789611816406250000000000E-0002  0.870056494511586616800702331296776776        0.129943505488413383199297668703223248         0.00000000000000000000000000000000000        0.683022559859958444886526535977552353        0.167811590859605266884724425470909642        0.129098359310438402074632433326122454         2500.00000000000000000000000000000000        0.300000011920928955078125000000000000        -1.00000000000000000000000000000000000         4.50000000000000000000000000000000000         50.0000000000000000000000000000000000        0.495039668096772779789337771431447596        0.495030504829300820892764375990871533        0.495030504829300820892764375990871533        0.495030504829300820892764375990871533        0.495030504829300820892764375990871533         0.00000000000000000000000000000000000        -1.85105107312904394853048386901960528E-0003   42.2017268248922832710091246171429267         3285.84819740140219736885526454488668      
   8.80488358164357074743307360856496004E-0002   0.00000000000000000000000000000000000         0.00000000000000000000000000000000000        0.599999999999999999999999999999999981        0.400000000000000000000000000000000019        0.724999999999999999999999999999999981        0.275000000000000000000000000000000019        0.512000024318695068359375000000000000        0.425000011920928955078125000000000000         6.30000010132789611816406250000000000E-0002  0.870056494511586616800702331296776776        0.129943505488413383199297668703223248         0.00000000000000000000000000000000000        0.683022559859958444886526535977552353        0.167811590859605266884724425470909642        0.129098359310438402074632433326122454         2500.00000000000000000000000000000000        0.300000011920928955078125000000000000        -1.00000000000000000000000000000000000         4.50000000000000000000000000000000000         50.0000000000000000000000000000000000        0.502196512718330469065376990655547275        0.502164670422329560251686968017872820        0.502164670422329560251686968017872820        0.502164670422329560251686968017872820        0.502164670422329560251686968017872820         0.00000000000000000000000000000000000        -6.34100682035812425236420819633266614E-0003   43.8100319874305531938967963023467979         3309.69396259073643786426709500977026      
   9.22197882333444321945314637778022181E-0002   0.00000000000000000000000000000000000         0.00000000000000000000000000000000000        0.599999999999999999999999999999999981        0.400000000000000000000000000000000019        0.724999999999999999999999999999999981        0.275000000000000000000000000000000019        0.512000024318695068359375000000000000        0.425000011920928955078125000000000000         6.30000010132789611816406250000000000E-0002  0.870056494511586616800702331296776776        0.129943505488413383199297668703223248         0.00000000000000000000000000000000000        0.683022559859958444886526535977552353        0.167811590859605266884724425470909642        0.129098359310438402074632433326122454         2500.00000000000000000000000000000000        0.300000011920928955078125000000000000        -1.00000000000000000000000000000000000         4.50000000000000000000000000000000000         50.0000000000000000000000000000000000        0.509450758892921271238271550547290124        0.509442747533930836855414597608478015        0.509442747533930836855414597608478015        0.509442747533930836855414597608478015        0.509442747533930836855414597608478015         0.00000000000000000000000000000000000        -1.57257297885093470391718446322937271E-0003   45.4635041947322820526586299429741406         3333.57195122649818636781491741575979      
   9.65883224115882606340667665118364882E-0002   0.00000000000000000000000000000000000         0.00000000000000000000000000000000000        0.599999999999999999999999999999999981        0.400000000000000000000000000000000019        0.724999999999999999999999999999999981        0.275000000000000000000000000000000019        0.512000024318695068359375000000000000        0.425000011920928955078125000000000000         6.30000010132789611816406250000000000E-0002  0.870056494511586616800702331296776776        0.129943505488413383199297668703223248         0.00000000000000000000000000000000000        0.683022559859958444886526535977552353        0.167811590859605266884724425470909642        0.129098359310438402074632433326122454         2500.00000000000000000000000000000000        0.300000011920928955078125000000000000        -1.00000000000000000000000000000000000         4.50000000000000000000000000000000000         50.0000000000000000000000000000000000        0.516792271613087985066285147121573590        0.516737665962548872427073064059393788        0.516737665962548872427073064059393788        0.516737665962548872427073064059393788        0.516737665962548872427073064059393788         0.00000000000000000000000000000000000        -1.05673834396020675344322174757734147E-0002   47.2200868638785568900466610631999589         3358.55652281233337239431325022406340      
  0.101163797976622046355106172347094973         0.00000000000000000000000000000000000         0.00000000000000000000000000000000000        0.599999999999999999999999999999999981        0.400000000000000000000000000000000019        0.724999999999999999999999999999999981        0.275000000000000000000000000000000019        0.512000024318695068359375000000000000        0.425000011920928955078125000000000000         6.30000010132789611816406250000000000E-0002  0.870056494511586616800702331296776776        0.129943505488413383199297668703223248         0.00000000000000000000000000000000000        0.683022559859958444886526535977552353        0.167811590859605266884724425470909642        0.129098359310438402074632433326122454         2500.00000000000000000000000000000000        0.300000011920928955078125000000000000        -1.00000000000000000000000000000000000         4.50000000000000000000000000000000000         50.0000000000000000000000000000000000        0.524237241539672249804805435377083170        0.524230939669060108377215710095103984        0.524230939669060108377215710095103984        0.524230939669060108377215710095103984        0.524230939669060108377215710095103984         0.00000000000000000000000000000000000        -1.20211726078581190758192011635404749E-0003   48.9996662154155780233903841823389726         3383.14894354143559423022151441722851      
  0.105956017927763003456833559312410793         0.00000000000000000000000000000000000         0.00000000000000000000000000000000000        0.599999999999999999999999999999999981        0.400000000000000000000000000000000019        0.724999999999999999999999999999999981        0.275000000000000000000000000000000019        0.512000024318695068359375000000000000        0.425000011920928955078125000000000000         6.30000010132789611816406250000000000E-0002  0.870056494511586616800702331296776776        0.129943505488413383199297668703223248         0.00000000000000000000000000000000000        0.683022559859958444886526535977552353        0.167811590859605266884724425470909642        0.129098359310438402074632433326122454         2500.00000000000000000000000000000000        0.300000011920928955078125000000000000        -1.00000000000000000000000000000000000         4.50000000000000000000000000000000000         50.0000000000000000000000000000000000        0.531773242009765966784110717793060684        0.531765066059696794149531712455246269        0.531765066059696794149531712455246269        0.531765066059696794149531712455246269        0.531765066059696794149531712455246269         0.00000000000000000000000000000000000        -1.53751169285249538913829351749478939E-0003   50.8824761628418818262292433639391771         3408.70020316807664794613900068738240      
  0.110975249641208698343586493910800654         0.00000000000000000000000000000000000         0.00000000000000000000000000000000000        0.599999999999999999999999999999999981        0.400000000000000000000000000000000019        0.724999999999999999999999999999999981        0.275000000000000000000000000000000019        0.512000024318695068359375000000000000        0.425000011920928955078125000000000000         6.30000010132789611816406250000000000E-0002  0.870056494511586616800702331296776776        0.129943505488413383199297668703223248         0.00000000000000000000000000000000000        0.683022559859958444886526535977552353        0.167811590859605266884724425470909642        0.129098359310438402074632433326122454         2500.00000000000000000000000000000000        0.300000011920928955078125000000000000        -1.00000000000000000000000000000000000         4.50000000000000000000000000000000000         50.0000000000000000000000000000000000        0.539402757809952286650987301319686553        0.539358446699547936447898562244802738        0.539358446699547936447898562244802738        0.539358446699547936447898562244802738        0.539358446699547936447898562244802738         0.00000000000000000000000000000000000        -8.21552173243963446546806570526600721E-0003   52.8614476384410359252709102537612413         3435.04027097081773277771399547419139      
  0.116232246867986863621532357708454707         0.00000000000000000000000000000000000         0.00000000000000000000000000000000000        0.599999999999999999999999999999999981        0.400000000000000000000000000000000019        0.724999999999999999999999999999999981        0.275000000000000000000000000000000019        0.512000024318695068359375000000000000        0.425000011920928955078125000000000000         6.30000010132789611816406250000000000E-0002  0.870056494511586616800702331296776776        0.129943505488413383199297668703223248         0.00000000000000000000000000000000000        0.683022559859958444886526535977552353        0.167811590859605266884724425470909642        0.129098359310438402074632433326122454         2500.00000000000000000000000000000000        0.300000011920928955078125000000000000        -1.00000000000000000000000000000000000         4.50000000000000000000000000000000000         50.0000000000000000000000000000000000        0.547133016600039537476618257185925680        0.547078988243292875074362528947620494        0.547078988243292875074362528947620494        0.547078988243292875074362528947620494        0.547078988243292875074362528947620494         0.00000000000000000000000000000000000        -9.87578720947610505150083826010817249E-0003   54.9184299839666767202917455342376961         3461.75054211263948650636240414287945      
  0.121738272773967847946541636711935559         0.00000000000000000000000000000000000         0.00000000000000000000000000000000000        0.599999999999999999999999999999999981        0.400000000000000000000000000000000019        0.724999999999999999999999999999999981        0.275000000000000000000000000000000019        0.512000024318695068359375000000000000        0.425000011920928955078125000000000000         6.30000010132789611816406250000000000E-0002  0.870056494511586616800702331296776776        0.129943505488413383199297668703223248         0.00000000000000000000000000000000000        0.683022559859958444886526535977552353        0.167811590859605266884724425470909642        0.129098359310438402074632433326122454         2500.00000000000000000000000000000000        0.300000011920928955078125000000000000        -1.00000000000000000000000000000000000         4.50000000000000000000000000000000000         50.0000000000000000000000000000000000        0.554958187720520863070654812519055149        0.554886006096201163827218471471136621        0.554886006096201163827218471471136621        0.554886006096201163827218471471136621        0.554886006096201163827218471471136621         0.00000000000000000000000000000000000        -1.30083699222331875091841633376340894E-0002   57.0552886580915130417732925648966676         3488.88107222503508507990871689557888      
  0.127505124071303144618257819009567858         0.00000000000000000000000000000000000         0.00000000000000000000000000000000000        0.599999999999999999999999999999999981        0.400000000000000000000000000000000019        0.724999999999999999999999999999999981        0.275000000000000000000000000000000019        0.512000024318695068359375000000000000        0.425000011920928955078125000000000000         6.30000010132789611816406250000000000E-0002  0.870056494511586616800702331296776776        0.129943505488413383199297668703223248         0.00000000000000000000000000000000000        0.683022559859958444886526535977552353        0.167811590859605266884724425470909642        0.129098359310438402074632433326122454         2500.00000000000000000000000000000000        0.300000011920928955078125000000000000        -1.00000000000000000000000000000000000         4.50000000000000000000000000000000000         50.0000000000000000000000000000000000        0.562892217854407505375686652045963585        0.562883289364392735954591414019812214        0.562883289364392735954591414019812214        0.562883289364392735954591414019812214        0.562883289364392735954591414019812214         0.00000000000000000000000000000000000        -1.58620626752864938562906508813486393E-0003   59.2314537453962002155469323568293827         3515.77783773335929128278198393258575      
  0.133545156292991832326932402316673282         0.00000000000000000000000000000000000         0.00000000000000000000000000000000000        0.599999999999999999999999999999999981        0.400000000000000000000000000000000019        0.724999999999999999999999999999999981        0.275000000000000000000000000000000019        0.512000024318695068359375000000000000        0.425000011920928955078125000000000000         6.30000010132789611816406250000000000E-0002  0.870056494511586616800702331296776776        0.129943505488413383199297668703223248         0.00000000000000000000000000000000000        0.683022559859958444886526535977552353        0.167811590859605266884724425470909642        0.129098359310438402074632433326122454         2500.00000000000000000000000000000000        0.300000011920928955078125000000000000        -1.00000000000000000000000000000000000         4.50000000000000000000000000000000000         50.0000000000000000000000000000000000        0.570919799331060941831270300127857998        0.570912366269399151745497662317122898        0.570912366269399151745497662317122898        0.570912366269399151745497662317122898        0.570912366269399151745497662317122898         0.00000000000000000000000000000000000        -1.30196192987745011946345702753992545E-0003   61.5419831308903798633478412273956907         3543.81784757800081556814884923570731      
  0.139871310264725923734212542400487802         0.00000000000000000000000000000000000         0.00000000000000000000000000000000000        0.599999999999999999999999999999999981        0.400000000000000000000000000000000019        0.724999999999999999999999999999999981        0.275000000000000000000000000000000019        0.512000024318695068359375000000000000        0.425000011920928955078125000000000000         6.30000010132789611816406250000000000E-0002  0.870056494511586616800702331296776776        0.129943505488413383199297668703223248         0.00000000000000000000000000000000000        0.683022559859958444886526535977552353        0.167811590859605266884724425470909642        0.129098359310438402074632433326122454         2500.00000000000000000000000000000000        0.300000011920928955078125000000000000        -1.00000000000000000000000000000000000         4.50000000000000000000000000000000000         50.0000000000000000000000000000000000        0.579047782309920561024312978571109722        0.579032572829654819410579273052546306        0.579032572829654819410579273052546306        0.579032572829654819410579273052546306        0.579032572829654819410579273052546306         0.00000000000000000000000000000000000        -2.62670547037015824509750987195967374E-0003   63.9604330034081085736143375989070051         3572.53578594610016152772140961531516      
  0.146497139830730798859885014704254904         0.00000000000000000000000000000000000         0.00000000000000000000000000000000000        0.599999999999999999999999999999999981        0.400000000000000000000000000000000019        0.724999999999999999999999999999999981        0.275000000000000000000000000000000019        0.512000024318695068359375000000000000        0.425000011920928955078125000000000000         6.30000010132789611816406250000000000E-0002  0.870056494511586616800702331296776776        0.129943505488413383199297668703223248         0.00000000000000000000000000000000000        0.683022559859958444886526535977552353        0.167811590859605266884724425470909642        0.129098359310438402074632433326122454         2500.00000000000000000000000000000000        0.300000011920928955078125000000000000        -1.00000000000000000000000000000000000         4.50000000000000000000000000000000000         50.0000000000000000000000000000000000        0.587270724492589799204208673295303251        0.587260902376584250374529114395529691        0.587260902376584250374529114395529691        0.587260902376584250374529114395529691        0.587260902376584250374529114395529691         0.00000000000000000000000000000000000        -1.67253021030341712154374634280947430E-0003   66.4678147141034289970272013391292662         3601.70058098712586594796096855603758      
  0.153436840893003596478571043987610540         0.00000000000000000000000000000000000         0.00000000000000000000000000000000000        0.599999999999999999999999999999999981        0.400000000000000000000000000000000019        0.724999999999999999999999999999999981        0.275000000000000000000000000000000019        0.512000024318695068359375000000000000        0.425000011920928955078125000000000000         6.30000010132789611816406250000000000E-0002  0.870056494511586616800702331296776776        0.129943505488413383199297668703223248         0.00000000000000000000000000000000000        0.683022559859958444886526535977552353        0.167811590859605266884724425470909642        0.129098359310438402074632433326122454         2500.00000000000000000000000000000000        0.300000011920928955078125000000000000        -1.00000000000000000000000000000000000         4.50000000000000000000000000000000000         50.0000000000000000000000000000000000        0.595611208521278138809140641185242658        0.595594776164435978747989434294446284        0.595594776164435978747989434294446284        0.595594776164435978747989434294446284        0.595594776164435978747989434294446284         0.00000000000000000000000000000000000        -2.75898270095359280710113818069077125E-0003   69.1039246766090699139348221809856515         3631.49495392111409371862913096551417      
  0.160705281826166404175411117660175785         0.00000000000000000000000000000000000         0.00000000000000000000000000000000000        0.599999999999999999999999999999999981        0.400000000000000000000000000000000019        0.724999999999999999999999999999999981        0.275000000000000000000000000000000019        0.512000024318695068359375000000000000        0.425000011920928955078125000000000000         6.30000010132789611816406250000000000E-0002  0.870056494511586616800702331296776776        0.129943505488413383199297668703223248         0.00000000000000000000000000000000000        0.683022559859958444886526535977552353        0.167811590859605266884724425470909642        0.129098359310438402074632433326122454         2500.00000000000000000000000000000000        0.300000011920928955078125000000000000        -1.00000000000000000000000000000000000         4.50000000000000000000000000000000000         50.0000000000000000000000000000000000        0.604041807451978182033828224833350328        0.603971755841730566259027679270095530        0.603971755841730566259027679270095530        0.603971755841730566259027679270095530        0.603971755841730566259027679270095530         0.00000000000000000000000000000000000        -1.15984910834096422483628803428684329E-0002   71.8892944259251007196673308659719914         3662.45540062888265845661265358796260      
  0.168318035333098355319523878900328206         0.00000000000000000000000000000000000         0.00000000000000000000000000000000000        0.599999999999999999999999999999999981        0.400000000000000000000000000000000019        0.724999999999999999999999999999999981        0.275000000000000000000000000000000019        0.512000024318695068359375000000000000        0.425000011920928955078125000000000000         6.30000010132789611816406250000000000E-0002  0.870056494511586616800702331296776776        0.129943505488413383199297668703223248         0.00000000000000000000000000000000000        0.683022559859958444886526535977552353        0.167811590859605266884724425470909642        0.129098359310438402074632433326122454         2500.00000000000000000000000000000000        0.300000011920928955078125000000000000        -1.00000000000000000000000000000000000         4.50000000000000000000000000000000000         50.0000000000000000000000000000000000        0.612587926724628014783249626825045326        0.612577956508322751633911407393258042        0.612577956508322751633911407393258042        0.612577956508322751633911407393258042        0.612577956508322751633911407393258042         0.00000000000000000000000000000000000        -1.62758326500893109192995134212365656E-0003   74.6874607489726827662635128414793384         3692.49290636557649999169826782941618      
  0.176291411809597623536968597048402244         0.00000000000000000000000000000000000         0.00000000000000000000000000000000000        0.599999999999999999999999999999999981        0.400000000000000000000000000000000019        0.724999999999999999999999999999999981        0.275000000000000000000000000000000019        0.512000024318695068359375000000000000        0.425000011920928955078125000000000000         6.30000010132789611816406250000000000E-0002  0.870056494511586616800702331296776776        0.129943505488413383199297668703223248         0.00000000000000000000000000000000000        0.683022559859958444886526535977552353        0.167811590859605266884724425470909642        0.129098359310438402074632433326122454         2500.00000000000000000000000000000000        0.300000011920928955078125000000000000        -1.00000000000000000000000000000000000         4.50000000000000000000000000000000000         50.0000000000000000000000000000000000        0.621229441425780762133950223379180268        0.621211154468585176426922047052512592        0.621211154468585176426922047052512592        0.621211154468585176426922047052512592        0.621211154468585176426922047052512592         0.00000000000000000000000000000000000        -2.94375866628300918888383009353806520E-0003   77.6791880469936526968316449144562322         3723.97974451549578239301255632586817      
  0.184642494289557415975419190134436407         0.00000000000000000000000000000000000         0.00000000000000000000000000000000000        0.599999999999999999999999999999999981        0.400000000000000000000000000000000019        0.724999999999999999999999999999999981        0.275000000000000000000000000000000019        0.512000024318695068359375000000000000        0.425000011920928955078125000000000000         6.30000010132789611816406250000000000E-0002  0.870056494511586616800702331296776776        0.129943505488413383199297668703223248         0.00000000000000000000000000000000000        0.683022559859958444886526535977552353        0.167811590859605266884724425470909642        0.129098359310438402074632433326122454         2500.00000000000000000000000000000000        0.300000011920928955078125000000000000        -1.00000000000000000000000000000000000         4.50000000000000000000000000000000000         50.0000000000000000000000000000000000        0.629983574580945605569835301428208552        0.629977688489996785626851166702394711        0.629977688489996785626851166702394711        0.629977688489996785626851166702394711        0.629977688489996785626851166702394711         0.00000000000000000000000000000000000        -9.34333240107027431829789188074744776E-0004   80.7780432297779359508029901414417568         3755.79090470977856390909733247292354      
  0.193389175045526332720793931968250954         0.00000000000000000000000000000000000         0.00000000000000000000000000000000000        0.599999999999999999999999999999999981        0.400000000000000000000000000000000019        0.724999999999999999999999999999999981        0.275000000000000000000000000000000019        0.512000024318695068359375000000000000        0.425000011920928955078125000000000000         6.30000010132789611816406250000000000E-0002  0.870056494511586616800702331296776776        0.129943505488413383199297668703223248         0.00000000000000000000000000000000000        0.683022559859958444886526535977552353        0.167811590859605266884724425470909642        0.129098359310438402074632433326122454         2500.00000000000000000000000000000000        0.300000011920928955078125000000000000        -1.00000000000000000000000000000000000         4.50000000000000000000000000000000000         50.0000000000000000000000000000000000        0.638841514476495080242842647538379410        0.638832772920546119463337342006369890        0.638832772920546119463337342006369890        0.638832772920546119463337342006369890        0.638832772920546119463337342006369890         0.00000000000000000000000000000000000        -1.36836372827228098193923018557156395E-0003   84.0275232148205599302152933151127566         3788.36070127530681852768483416075627      
  0.202550193923070136258493621901443151         0.00000000000000000000000000000000000         0.00000000000000000000000000000000000        0.599999999999999999999999999999999981        0.400000000000000000000000000000000019        0.724999999999999999999999999999999981        0.275000000000000000000000000000000019        0.512000024318695068359375000000000000        0.425000011920928955078125000000000000         6.30000010132789611816406250000000000E-0002  0.870056494511586616800702331296776776        0.129943505488413383199297668703223248         0.00000000000000000000000000000000000        0.683022559859958444886526535977552353        0.167811590859605266884724425470909642        0.129098359310438402074632433326122454         2500.00000000000000000000000000000000        0.300000011920928955078125000000000000        -1.00000000000000000000000000000000000         4.50000000000000000000000000000000000         50.0000000000000000000000000000000000        0.647805549173627519632693475412301402        0.647796386940286523632698565228585963        0.647796386940286523632698565228585963        0.647796386940286523632698565228585963        0.647796386940286523632698565228585963         0.00000000000000000000000000000000000        -1.41436931815437388097884809665594384E-0003   87.4228400424667268740768231416144215         3821.47850000367108463140046637357708      
  0.212145178491066660656421546258877797         0.00000000000000000000000000000000000         0.00000000000000000000000000000000000        0.599999999999999999999999999999999981        0.400000000000000000000000000000000019        0.724999999999999999999999999999999981        0.275000000000000000000000000000000019        0.512000024318695068359375000000000000        0.425000011920928955078125000000000000         6.30000010132789611816406250000000000E-0002  0.870056494511586616800702331296776776        0.129943505488413383199297668703223248         0.00000000000000000000000000000000000        0.683022559859958444886526535977552353        0.167811590859605266884724425470909642        0.129098359310438402074632433326122454         2500.00000000000000000000000000000000        0.300000011920928955078125000000000000        -1.00000000000000000000000000000000000         4.50000000000000000000000000000000000         50.0000000000000000000000000000000000        0.656870470310083910502991892439180139        0.656795334050702800042832643232308706        0.656795334050702800042832643232308706        0.656795334050702800042832643232308706        0.656795334050702800042832643232308706         0.00000000000000000000000000000000000        -1.14398284344861297115835772055433445E-0002   91.0352946042193571705411929733405195         3855.96781357872878190539961880199284      
  0.222194686093956243932729053068759355         0.00000000000000000000000000000000000         0.00000000000000000000000000000000000        0.599999999999999999999999999999999981        0.400000000000000000000000000000000019        0.724999999999999999999999999999999981        0.275000000000000000000000000000000019        0.512000024318695068359375000000000000        0.425000011920928955078125000000000000         6.30000010132789611816406250000000000E-0002  0.870056494511586616800702331296776776        0.129943505488413383199297668703223248         0.00000000000000000000000000000000000        0.683022559859958444886526535977552353        0.167811590859605266884724425470909642        0.129098359310438402074632433326122454         2500.00000000000000000000000000000000        0.300000011920928955078125000000000000        -1.00000000000000000000000000000000000         4.50000000000000000000000000000000000         50.0000000000000000000000000000000000        0.666051653449144169736820642644718727        0.665987828031780534931692034463546630        0.665987828031780534931692034463546630        0.665987828031780534931692034463546630        0.665987828031780534931692034463546630         0.00000000000000000000000000000000000        -9.58357115208254150718758005878179794E-0003   94.7230865206952234223273301584299464         3889.96163091010214017032212840505654      
  0.232720247896045024620482335420595173         0.00000000000000000000000000000000000         0.00000000000000000000000000000000000        0.599999999999999999999999999999999981        0.400000000000000000000000000000000019        0.724999999999999999999999999999999981        0.275000000000000000000000000000000019        0.512000024318695068359375000000000000        0.425000011920928955078125000000000000         6.30000010132789611816406250000000000E-0002  0.870056494511586616800702331296776776        0.129943505488413383199297668703223248         0.00000000000000000000000000000000000        0.683022559859958444886526535977552353        0.167811590859605266884724425470909642        0.129098359310438402074632433326122454         2500.00000000000000000000000000000000        0.300000011920928955078125000000000000        -1.00000000000000000000000000000000000         4.50000000000000000000000000000000000         50.0000000000000000000000000000000000        0.675340592377372597248773962342361336        0.675284195348082329516716378717484105        0.675284195348082329516716378717484105        0.675284195348082329516716378717484105        0.675284195348082329516716378717484105         0.00000000000000000000000000000000000        -8.35159917539567042524481110827286445E-0003   98.5542083454878045902649947890571548         3924.37191322069566509569857095769281      
  0.243744415012226435488952487885240485         0.00000000000000000000000000000000000         0.00000000000000000000000000000000000        0.599999999999999999999999999999999981        0.400000000000000000000000000000000019        0.724999999999999999999999999999999981        0.275000000000000000000000000000000019        0.512000024318695068359375000000000000        0.425000011920928955078125000000000000         6.30000010132789611816406250000000000E-0002  0.870056494511586616800702331296776776        0.129943505488413383199297668703223248         0.00000000000000000000000000000000000        0.683022559859958444886526535977552353        0.167811590859605266884724425470909642        0.129098359310438402074632433326122454         2500.00000000000000000000000000000000        0.300000011920928955078125000000000000        -1.00000000000000000000000000000000000         4.50000000000000000000000000000000000         50.0000000000000000000000000000000000        0.684746839230900684820349811392698912        0.684702802798850339244100252660739274        0.684702802798850339244100252660739274        0.684702802798850339244100252660739274        0.684702802798850339244100252660739274         0.00000000000000000000000000000000000        -6.43146659694373260670587034910143989E-0003   102.389719366518613716828777567692914         3958.12350553715211923586663581370879      
  0.255290806823956397939774451911334331         0.00000000000000000000000000000000000         0.00000000000000000000000000000000000        0.599999999999999999999999999999999981        0.400000000000000000000000000000000019        0.724999999999999999999999999999999981        0.275000000000000000000000000000000019        0.512000024318695068359375000000000000        0.425000011920928955078125000000000000         6.30000010132789611816406250000000000E-0002  0.870056494511586616800702331296776776        0.129943505488413383199297668703223248         0.00000000000000000000000000000000000        0.683022559859958444886526535977552353        0.167811590859605266884724425470909642        0.129098359310438402074632433326122454         2500.00000000000000000000000000000000        0.300000011920928955078125000000000000        -1.00000000000000000000000000000000000         4.50000000000000000000000000000000000         50.0000000000000000000000000000000000        0.694288904834286836652657643297006752        0.694240876663688833094112069485284677        0.694240876663688833094112069485284677        0.694240876663688833094112069485284677        0.694240876663688833094112069485284677         0.00000000000000000000000000000000000        -6.91808451683403962277403168859146359E-0003   106.296745342001854518758238431447939         3991.94277290922015734967345816374281      
  0.267384161583999647148154120888094587         0.00000000000000000000000000000000000         0.00000000000000000000000000000000000        0.599999999999999999999999999999999981        0.400000000000000000000000000000000019        0.724999999999999999999999999999999981        0.275000000000000000000000000000000019        0.512000024318695068359375000000000000        0.425000011920928955078125000000000000         6.30000010132789611816406250000000000E-0002  0.870056494511586616800702331296776776        0.129943505488413383199297668703223248         0.00000000000000000000000000000000000        0.683022559859958444886526535977552353        0.167811590859605266884724425470909642        0.129098359310438402074632433326122454         2500.00000000000000000000000000000000        0.300000011920928955078125000000000000        -1.00000000000000000000000000000000000         4.50000000000000000000000000000000000         50.0000000000000000000000000000000000        0.703947489873633286098728488824346031        0.703895085496374854352125719886445990        0.703895085496374854352125719886445990        0.703895085496374854352125719886445990        0.703895085496374854352125719886445990         0.00000000000000000000000000000000000        -7.44491307557248679570672710996452894E-0003   110.429026662898667069522547256391840         4027.21421284390961398804532744942146      
  0.280050389418368331636181818145177102         0.00000000000000000000000000000000000         0.00000000000000000000000000000000000        0.599999999999999999999999999999999981        0.400000000000000000000000000000000019        0.724999999999999999999999999999999981        0.275000000000000000000000000000000019        0.512000024318695068359375000000000000        0.425000011920928955078125000000000000         6.30000010132789611816406250000000000E-0002  0.870056494511586616800702331296776776        0.129943505488413383199297668703223248         0.00000000000000000000000000000000000        0.683022559859958444886526535977552353        0.167811590859605266884724425470909642        0.129098359310438402074632433326122454         2500.00000000000000000000000000000000        0.300000011920928955078125000000000000        -1.00000000000000000000000000000000000         4.50000000000000000000000000000000000         50.0000000000000000000000000000000000        0.713725705056134799383147056922551860        0.713679875166744285876436608053675986        0.713679875166744285876436608053675986        0.713679875166744285876436608053675986        0.713679875166744285876436608053675986         0.00000000000000000000000000000000000        -6.42163118019907786490509185452250378E-0003   114.732530487343347820962909986519271         4063.17940161517480167766313426404933      
  0.293316627839010037899556840640473318         0.00000000000000000000000000000000000         0.00000000000000000000000000000000000        0.599999999999999999999999999999999981        0.400000000000000000000000000000000019        0.724999999999999999999999999999999981        0.275000000000000000000000000000000019        0.512000024318695068359375000000000000        0.425000011920928955078125000000000000         6.30000010132789611816406250000000000E-0002  0.870056494511586616800702331296776776        0.129943505488413383199297668703223248         0.00000000000000000000000000000000000        0.683022559859958444886526535977552353        0.167811590859605266884724425470909642        0.129098359310438402074632433326122454         2500.00000000000000000000000000000000        0.300000011920928955078125000000000000        -1.00000000000000000000000000000000000         4.50000000000000000000000000000000000         50.0000000000000000000000000000000000        0.723625435275158571367379795845604800        0.723561771757075155080576288892767874        0.723561771757075155080576288892767874        0.723561771757075155080576288892767874        0.723561771757075155080576288892767874         0.00000000000000000000000000000000000        -8.79862930414603819003841536794246415E-0003   119.270657338218910117589265191868071         4100.33326240312890883737715533124851      
  0.307211299886181694903675457144820827         0.00000000000000000000000000000000000         0.00000000000000000000000000000000000        0.599999999999999999999999999999999981        0.400000000000000000000000000000000019        0.724999999999999999999999999999999981        0.275000000000000000000000000000000019        0.512000024318695068359375000000000000        0.425000011920928955078125000000000000         6.30000010132789611816406250000000000E-0002  0.870056494511586616800702331296776776        0.129943505488413383199297668703223248         0.00000000000000000000000000000000000        0.683022559859958444886526535977552353        0.167811590859605266884724425470909642        0.129098359310438402074632433326122454         2500.00000000000000000000000000000000        0.300000011920928955078125000000000000        -1.00000000000000000000000000000000000         4.50000000000000000000000000000000000         50.0000000000000000000000000000000000        0.733639293594288886983485593556308618        0.733558578356527209350529131413277861        0.733558578356527209350529131413277861        0.733558578356527209350529131413277861        0.733558578356527209350529131413277861         0.00000000000000000000000000000000000        -1.10032436594924632452780922739220117E-0002   124.091163382821035751161772823828125         4139.07850943393262607020171604438422      
  0.321764175025079939929779942085648449         0.00000000000000000000000000000000000         0.00000000000000000000000000000000000        0.599999999999999999999999999999999981        0.400000000000000000000000000000000019        0.724999999999999999999999999999999981        0.275000000000000000000000000000000019        0.512000024318695068359375000000000000        0.425000011920928955078125000000000000         6.30000010132789611816406250000000000E-0002  0.870056494511586616800702331296776776        0.129943505488413383199297668703223248         0.00000000000000000000000000000000000        0.683022559859958444886526535977552353        0.167811590859605266884724425470909642        0.129098359310438402074632433326122454         2500.00000000000000000000000000000000        0.300000011920928955078125000000000000        -1.00000000000000000000000000000000000         4.50000000000000000000000000000000000         50.0000000000000000000000000000000000        0.743778271516888089035192703680593962        0.743718307312930558517828898004527756        0.743718307312930558517828898004527756        0.743718307312930558517828898004527756        0.743718307312930558517828898004527756         0.00000000000000000000000000000000000        -8.06275754783856425056591372289190981E-0003   129.022594645720221571252119165044374         4177.77512440265448382074419159195422      
  0.337006432927199547555937678304493054         0.00000000000000000000000000000000000         0.00000000000000000000000000000000000        0.599999999999999999999999999999999981        0.400000000000000000000000000000000019        0.724999999999999999999999999999999981        0.275000000000000000000000000000000019        0.512000024318695068359375000000000000        0.425000011920928955078125000000000000         6.30000010132789611816406250000000000E-0002  0.870056494511586616800702331296776776        0.129943505488413383199297668703223248         0.00000000000000000000000000000000000        0.683022559859958444886526535977552353        0.167811590859605266884724425470909642        0.129098359310438402074632433326122454         2500.00000000000000000000000000000000        0.300000011920928955078125000000000000        -1.00000000000000000000000000000000000         4.50000000000000000000000000000000000         50.0000000000000000000000000000000000        0.754031163663002408031120575019058631        0.753961218831633588609525977048053782        0.753961218831633588609525977048053782        0.753961218831633588609525977048053782        0.753961218831633588609525977048053782         0.00000000000000000000000000000000000        -9.27697998541735869858549026699470009E-0003   134.280174159867466712709086871210967         4218.36304925904826358709573406363897      
  0.352970730273072080492371624264509206         0.00000000000000000000000000000000000         0.00000000000000000000000000000000000        0.599999999999999999999999999999999981        0.400000000000000000000000000000000019        0.724999999999999999999999999999999981        0.275000000000000000000000000000000019        0.512000024318695068359375000000000000        0.425000011920928955078125000000000000         6.30000010132789611816406250000000000E-0002  0.870056494511586616800702331296776776        0.129943505488413383199297668703223248         0.00000000000000000000000000000000000        0.683022559859958444886526535977552353        0.167811590859605266884724425470909642        0.129098359310438402074632433326122454         2500.00000000000000000000000000000000        0.300000011920928955078125000000000000        -1.00000000000000000000000000000000000         4.50000000000000000000000000000000000         50.0000000000000000000000000000000000        0.764395974240151894837342033603780667        0.764343314254635885005297817988391234        0.764343314254635885005297817988391234        0.764343314254635885005297817988391234        0.764343314254635885005297817988391234         0.00000000000000000000000000000000000        -6.88957233404497452807444080022519481E-0003   139.733145142423461942679185307749001         4259.57016691471808563826155932412847      
  0.369691270719510256457304422777255813         0.00000000000000000000000000000000000         0.00000000000000000000000000000000000        0.599999999999999999999999999999999981        0.400000000000000000000000000000000019        0.724999999999999999999999999999999981        0.275000000000000000000000000000000019        0.512000024318695068359375000000000000        0.425000011920928955078125000000000000         6.30000010132789611816406250000000000E-0002  0.870056494511586616800702331296776776        0.129943505488413383199297668703223248         0.00000000000000000000000000000000000        0.683022559859958444886526535977552353        0.167811590859605266884724425470909642        0.129098359310438402074632433326122454         2500.00000000000000000000000000000000        0.300000011920928955078125000000000000        -1.00000000000000000000000000000000000         4.50000000000000000000000000000000000         50.0000000000000000000000000000000000        0.774897110293847714940364584557848401        0.774832077020688397671626984904765652        0.774832077020688397671626984904765652        0.774832077020688397671626984904765652        0.774832077020688397671626984904765652         0.00000000000000000000000000000000000        -8.39320868198656782610985657949435845E-0003   145.500058214739113169091490110924336         4302.07465477986750115744561420445946      
  0.387203878181263508459966947142191053         0.00000000000000000000000000000000000         0.00000000000000000000000000000000000        0.599999999999999999999999999999999981        0.400000000000000000000000000000000019        0.724999999999999999999999999999999981        0.275000000000000000000000000000000019        0.512000024318695068359375000000000000        0.425000011920928955078125000000000000         6.30000010132789611816406250000000000E-0002  0.870056494511586616800702331296776776        0.129943505488413383199297668703223248         0.00000000000000000000000000000000000        0.683022559859958444886526535977552353        0.167811590859605266884724425470909642        0.129098359310438402074632433326122454         2500.00000000000000000000000000000000        0.300000011920928955078125000000000000        -1.00000000000000000000000000000000000         4.50000000000000000000000000000000000         50.0000000000000000000000000000000000        0.785505684534987318010797159644196074        0.785423922844472248441942616076432683        0.785423922844472248441942616076432683        0.785423922844472248441942616076432683        0.785423922844472248441942616076432683         0.00000000000000000000000000000000000        -1.04098803381189882198564420007066425E-0002   151.555186650751811251035107441027885         4345.73957172932631817594563305601296      
  0.405546073584091372929320306957881816         0.00000000000000000000000000000000000         0.00000000000000000000000000000000000        0.599999999999999999999999999999999981        0.400000000000000000000000000000000019        0.724999999999999999999999999999999981        0.275000000000000000000000000000000019        0.512000024318695068359375000000000000        0.425000011920928955078125000000000000         6.30000010132789611816406250000000000E-0002  0.870056494511586616800702331296776776        0.129943505488413383199297668703223248         0.00000000000000000000000000000000000        0.683022559859958444886526535977552353        0.167811590859605266884724425470909642        0.129098359310438402074632433326122454         2500.00000000000000000000000000000000        0.300000011920928955078125000000000000        -1.00000000000000000000000000000000000         4.50000000000000000000000000000000000         50.0000000000000000000000000000000000        0.796224882471778892164594434303071123        0.796136976262769140089871984506369171        0.796136976262769140089871984506369171        0.796136976262769140089871984506369171        0.796136976262769140089871984506369171         0.00000000000000000000000000000000000        -1.10415935486883069104358182843031345E-0002   157.900031109152094065987559999076376         4390.41645437434271047522685943907782      
  0.424757155253698885385985478437553801         0.00000000000000000000000000000000000         0.00000000000000000000000000000000000        0.599999999999999999999999999999999981        0.400000000000000000000000000000000019        0.724999999999999999999999999999999981        0.275000000000000000000000000000000019        0.512000024318695068359375000000000000        0.425000011920928955078125000000000000         6.30000010132789611816406250000000000E-0002  0.870056494511586616800702331296776776        0.129943505488413383199297668703223248         0.00000000000000000000000000000000000        0.683022559859958444886526535977552353        0.167811590859605266884724425470909642        0.129098359310438402074632433326122454         2500.00000000000000000000000000000000        0.300000011920928955078125000000000000        -1.00000000000000000000000000000000000         4.50000000000000000000000000000000000         50.0000000000000000000000000000000000        0.807086425719449003213724294219841789        0.807019113768981736203257205825062897        0.807019113768981736203257205825062897        0.807019113768981736203257205825062897        0.807019113768981736203257205825062897         0.00000000000000000000000000000000000        -8.34081241928748301055350678256851503E-0003   164.490686661172155161083221429553463         4435.86676093012717844446334931289992      
  0.444878283112768031811350146623921564         0.00000000000000000000000000000000000         0.00000000000000000000000000000000000        0.599999999999999999999999999999999981        0.400000000000000000000000000000000019        0.724999999999999999999999999999999981        0.275000000000000000000000000000000019        0.512000024318695068359375000000000000        0.425000011920928955078125000000000000         6.30000010132789611816406250000000000E-0002  0.870056494511586616800702331296776776        0.129943505488413383199297668703223248         0.00000000000000000000000000000000000        0.683022559859958444886526535977552353        0.167811590859605266884724425470909642        0.129098359310438402074632433326122454         2500.00000000000000000000000000000000        0.300000011920928955078125000000000000        -1.00000000000000000000000000000000000         4.50000000000000000000000000000000000         50.0000000000000000000000000000000000        0.818059565729176571946147023224323478        0.818011694236774714659862839087143289        0.818011694236774714659862839087143289        0.818011694236774714659862839087143289        0.818011694236774714659862839087143289         0.00000000000000000000000000000000000        -5.85217702132273072865840730134024614E-0003   171.303651996271028534077943257217474         4481.65459280613418385233534430967391      
  0.465952566866478185388067003418371743         0.00000000000000000000000000000000000         0.00000000000000000000000000000000000        0.599999999999999999999999999999999981        0.400000000000000000000000000000000019        0.724999999999999999999999999999999981        0.275000000000000000000000000000000019        0.512000024318695068359375000000000000        0.425000011920928955078125000000000000         6.30000010132789611816406250000000000E-0002  0.870056494511586616800702331296776776        0.129943505488413383199297668703223248         0.00000000000000000000000000000000000        0.683022559859958444886526535977552353        0.167811590859605266884724425470909642        0.129098359310438402074632433326122454         2500.00000000000000000000000000000000        0.300000011920928955078125000000000000        -1.00000000000000000000000000000000000         4.50000000000000000000000000000000000         50.0000000000000000000000000000000000        0.829145699820356022810240233808554969        0.829128744925681552650356549731214122        0.829128744925681552650356549731214122        0.829128744925681552650356549731214122        0.829128744925681552650356549731214122         0.00000000000000000000000000000000000        -2.04490494126939254600461694989751635E-0003   178.532642076305511922054075829262866         4529.24520190640496268255859931981308      
  0.488025158365453833350361152141345848         0.00000000000000000000000000000000000         0.00000000000000000000000000000000000        0.599999999999999999999999999999999981        0.400000000000000000000000000000000019        0.724999999999999999999999999999999981        0.275000000000000000000000000000000019        0.512000024318695068359375000000000000        0.425000011920928955078125000000000000         6.30000010132789611816406250000000000E-0002  0.870056494511586616800702331296776776        0.129943505488413383199297668703223248         0.00000000000000000000000000000000000        0.683022559859958444886526535977552353        0.167811590859605266884724425470909642        0.129098359310438402074632433326122454         2500.00000000000000000000000000000000        0.300000011920928955078125000000000000        -1.00000000000000000000000000000000000         4.50000000000000000000000000000000000         50.0000000000000000000000000000000000        0.840341317183916471599614599550867338        0.840342694936082048739496744752756312        0.840342694936082048739496744752756312        0.840342694936082048739496744752756312        0.840342694936082048739496744752756312         0.00000000000000000000000000000000000         1.63951227740717630440461016482031185E-0004   186.319088324650198415110434577145689         4579.82462678807333898346741556107285      
  0.511143348344028075836959282509472174         0.00000000000000000000000000000000000         0.00000000000000000000000000000000000        0.599999999999999999999999999999999981        0.400000000000000000000000000000000019        0.724999999999999999999999999999999981        0.275000000000000000000000000000000019        0.512000024318695068359375000000000000        0.425000011920928955078125000000000000         6.30000010132789611816406250000000000E-0002  0.870056494511586616800702331296776776        0.129943505488413383199297668703223248         0.00000000000000000000000000000000000        0.683022559859958444886526535977552353        0.167811590859605266884724425470909642        0.129098359310438402074632433326122454         2500.00000000000000000000000000000000        0.300000011920928955078125000000000000        -1.00000000000000000000000000000000000         4.50000000000000000000000000000000000         50.0000000000000000000000000000000000        0.851576258386107841850432566410351093        0.851561805418758093326243211779082641        0.851561805418758093326243211779082641        0.851561805418758093326243211779082641        0.851561805418758093326243211779082641         0.00000000000000000000000000000000000        -1.69723057771963290236413481366291620E-0003   194.299702049078836528853863412153495         4630.40585808153529147753660142921881      
  0.535356667741084533722548138030577650         0.00000000000000000000000000000000000         0.00000000000000000000000000000000000        0.599999999999999999999999999999999981        0.400000000000000000000000000000000019        0.724999999999999999999999999999999981        0.275000000000000000000000000000000019        0.512000024318695068359375000000000000        0.425000011920928955078125000000000000         6.30000010132789611816406250000000000E-0002  0.870056494511586616800702331296776776        0.129943505488413383199297668703223248         0.00000000000000000000000000000000000        0.683022559859958444886526535977552353        0.167811590859605266884724425470909642        0.129098359310438402074632433326122454         2500.00000000000000000000000000000000        0.300000011920928955078125000000000000        -1.00000000000000000000000000000000000         4.50000000000000000000000000000000000         50.0000000000000000000000000000000000        0.862747547200028220264974211613910544        0.862690516363796531980486841401593329        0.862690516363796531980486841401593329        0.862690516363796531980486841401593329        0.862690516363796531980486841401593329         0.00000000000000000000000000000000000        -6.61081061515209525424399138948150293E-0003   203.072577949522728600021643199981252         4702.51254353712536536748040197825322      
  0.560716993820558519630662000117957924         0.00000000000000000000000000000000000         0.00000000000000000000000000000000000        0.599999999999999999999999999999999981        0.400000000000000000000000000000000019        0.724999999999999999999999999999999981        0.275000000000000000000000000000000019        0.512000024318695068359375000000000000        0.425000011920928955078125000000000000         6.30000010132789611816406250000000000E-0002  0.870056494511586616800702331296776776        0.129943505488413383199297668703223248         0.00000000000000000000000000000000000        0.683022559859958444886526535977552353        0.167811590859605266884724425470909642        0.129098359310438402074632433326122454         2500.00000000000000000000000000000000        0.300000011920928955078125000000000000        -1.00000000000000000000000000000000000         4.50000000000000000000000000000000000         50.0000000000000000000000000000000000        0.873869561547537429464390152373512278        0.873791247833511384274965495697490175        0.873791247833511384274965495697490175        0.873791247833511384274965495697490175        0.873791247833511384274965495697490175         0.00000000000000000000000000000000000        -8.96251984901624519994794856778304560E-0003   212.262790566031867971729417865300735         4788.76530412031601893442986354803365      
  0.587278661318961641324294675315294360         0.00000000000000000000000000000000000         0.00000000000000000000000000000000000        0.599999999999999999999999999999999981        0.400000000000000000000000000000000019        0.724999999999999999999999999999999981        0.275000000000000000000000000000000019        0.512000024318695068359375000000000000        0.425000011920928955078125000000000000         6.30000010132789611816406250000000000E-0002  0.870056494511586616800702331296776776        0.129943505488413383199297668703223248         0.00000000000000000000000000000000000        0.683022559859958444886526535977552353        0.167811590859605266884724425470909642        0.129098359310438402074632433326122454         2500.00000000000000000000000000000000        0.300000011920928955078125000000000000        -1.00000000000000000000000000000000000         4.50000000000000000000000000000000000         50.0000000000000000000000000000000000        0.885040736286860396661700795940479909        0.884933116453737452949517698357770185        0.884933116453737452949517698357770185        0.884933116453737452949517698357770185        0.884933116453737452949517698357770185         0.00000000000000000000000000000000000        -1.21613522109125253277427616051077422E-0002   221.980860791216169812484686930389229         4877.58985485400955123971491799277413      
  0.615098578858064451529164264953569834         0.00000000000000000000000000000000000         0.00000000000000000000000000000000000        0.599999999999999999999999999999999981        0.400000000000000000000000000000000019        0.724999999999999999999999999999999981        0.275000000000000000000000000000000019        0.512000024318695068359375000000000000        0.425000011920928955078125000000000000         6.30000010132789611816406250000000000E-0002  0.870056494511586616800702331296776776        0.129943505488413383199297668703223248         0.00000000000000000000000000000000000        0.683022559859958444886526535977552353        0.167811590859605266884724425470909642        0.129098359310438402074632433326122454         2500.00000000000000000000000000000000        0.300000011920928955078125000000000000        -1.00000000000000000000000000000000000         4.50000000000000000000000000000000000         50.0000000000000000000000000000000000        0.896320962184464726637514976478595907        0.896234029408729531091178851841870552        0.896234029408729531091178851841870552        0.896234029408729531091178851841870552        0.896234029408729531091178851841870552         0.00000000000000000000000000000000000        -9.69978519924617365476023259043285233E-0003   232.033108363848616376913761828493623         4967.22914408623846279332629102205036      
  0.644236350872152408747567964251532425         0.00000000000000000000000000000000000         0.00000000000000000000000000000000000        0.599999999999999999999999999999999981        0.400000000000000000000000000000000019        0.724999999999999999999999999999999981        0.275000000000000000000000000000000019        0.512000024318695068359375000000000000        0.425000011920928955078125000000000000         6.30000010132789611816406250000000000E-0002  0.870056494511586616800702331296776776        0.129943505488413383199297668703223248         0.00000000000000000000000000000000000        0.683022559859958444886526535977552353        0.167811590859605266884724425470909642        0.129098359310438402074632433326122454         2500.00000000000000000000000000000000        0.300000011920928955078125000000000000        -1.00000000000000000000000000000000000         4.50000000000000000000000000000000000         50.0000000000000000000000000000000000        0.907714084529463726843035393825073939        0.907619563303954291605576445717009588        0.907619563303954291605576445717009588        0.907619563303954291605576445717009588        0.907619563303954291605576445717009588         0.00000000000000000000000000000000000        -1.04141899680252771408341568296009215E-0002   242.705325830482379249016376724175771         5059.83765014448314193965749230024704      
  0.674754405311085438667667359428963781         0.00000000000000000000000000000000000         0.00000000000000000000000000000000000        0.599999999999999999999999999999999981        0.400000000000000000000000000000000019        0.724999999999999999999999999999999981        0.275000000000000000000000000000000019        0.512000024318695068359375000000000000        0.425000011920928955078125000000000000         6.30000010132789611816406250000000000E-0002  0.870056494511586616800702331296776776        0.129943505488413383199297668703223248         0.00000000000000000000000000000000000        0.683022559859958444886526535977552353        0.167811590859605266884724425470909642        0.129098359310438402074632433326122454         2500.00000000000000000000000000000000        0.300000011920928955078125000000000000        -1.00000000000000000000000000000000000         4.50000000000000000000000000000000000         50.0000000000000000000000000000000000        0.919232258496872480727530805271487182        0.919145658419531058494785257482381278        0.919145658419531058494785257482381278        0.919145658419531058494785257482381278        0.919145658419531058494785257482381278         0.00000000000000000000000000000000000        -9.42180127253507083831605929330045393E-0003   253.682979629711633971843921330129358         5152.79506683743519819637256167793901      
  0.706718127392766099165833109055340844         0.00000000000000000000000000000000000         0.00000000000000000000000000000000000        0.599999999999999999999999999999999981        0.400000000000000000000000000000000019        0.724999999999999999999999999999999981        0.275000000000000000000000000000000019        0.512000024318695068359375000000000000        0.425000011920928955078125000000000000         6.30000010132789611816406250000000000E-0002  0.870056494511586616800702331296776776        0.129943505488413383199297668703223248         0.00000000000000000000000000000000000        0.683022559859958444886526535977552353        0.167811590859605266884724425470909642        0.129098359310438402074632433326122454         2500.00000000000000000000000000000000        0.300000011920928955078125000000000000        -1.00000000000000000000000000000000000         4.50000000000000000000000000000000000         50.0000000000000000000000000000000000        0.930873947485054051856098533186944419        0.930794489367004615507401760178926614        0.930794489367004615507401760178926614        0.930794489367004615507401760178926614        0.930794489367004615507401760178926614         0.00000000000000000000000000000000000        -8.53659094001217984649473077511672680E-0003   265.318977712965128087878300675120406         5248.75367261581539439064060167370387      
  0.740195999691582266577873530475029904         0.00000000000000000000000000000000000         0.00000000000000000000000000000000000        0.599999999999999999999999999999999981        0.400000000000000000000000000000000019        0.724999999999999999999999999999999981        0.275000000000000000000000000000000019        0.512000024318695068359375000000000000        0.425000011920928955078125000000000000         6.30000010132789611816406250000000000E-0002  0.870056494511586616800702331296776776        0.129943505488413383199297668703223248         0.00000000000000000000000000000000000        0.683022559859958444886526535977552353        0.167811590859605266884724425470909642        0.129098359310438402074632433326122454         2500.00000000000000000000000000000000        0.300000011920928955078125000000000000        -1.00000000000000000000000000000000000         4.50000000000000000000000000000000000         50.0000000000000000000000000000000000        0.942635012903775005679904550345469318        0.942533572468196824115711740272079112        0.942533572468196824115711740272079112        0.942533572468196824115711740272079112        0.942533572468196824115711740272079112         0.00000000000000000000000000000000000        -1.07625275683858348467453484643852689E-0002   277.645421371290200052954402046097202         5347.79740854247748017016950987627826      
  0.775259748862965145759849187317876307         0.00000000000000000000000000000000000         0.00000000000000000000000000000000000        0.599999999999999999999999999999999981        0.400000000000000000000000000000000019        0.724999999999999999999999999999999981        0.275000000000000000000000000000000019        0.512000024318695068359375000000000000        0.425000011920928955078125000000000000         6.30000010132789611816406250000000000E-0002  0.870056494511586616800702331296776776        0.129943505488413383199297668703223248         0.00000000000000000000000000000000000        0.683022559859958444886526535977552353        0.167811590859605266884724425470909642        0.129098359310438402074632433326122454         2500.00000000000000000000000000000000        0.300000011920928955078125000000000000        -1.00000000000000000000000000000000000         4.50000000000000000000000000000000000         50.0000000000000000000000000000000000        0.954539833016830615920927077567556712        0.954472015529825852401242185233604658        0.954472015529825852401242185233604658        0.954472015529825852401242185233604658        0.954472015529825852401242185233604658         0.00000000000000000000000000000000000        -7.10523576399651106933500891413948229E-0003   290.261273650412866478159840809609222         5446.62731568917235779963887417781144      
  0.811984499318421345788851126412103227         0.00000000000000000000000000000000000         0.00000000000000000000000000000000000        0.599999999999999999999999999999999981        0.400000000000000000000000000000000019        0.724999999999999999999999999999999981        0.275000000000000000000000000000000019        0.512000024318695068359375000000000000        0.425000011920928955078125000000000000         6.30000010132789611816406250000000000E-0002  0.870056494511586616800702331296776776        0.129943505488413383199297668703223248         0.00000000000000000000000000000000000        0.683022559859958444886526535977552353        0.167811590859605266884724425470909642        0.129098359310438402074632433326122454         2500.00000000000000000000000000000000        0.300000011920928955078125000000000000        -1.00000000000000000000000000000000000         4.50000000000000000000000000000000000         50.0000000000000000000000000000000000        0.966569471012753272302881798799144379        0.966522026136876618309927467595390112        0.966522026136876618309927467595390112        0.966522026136876618309927467595390112        0.966522026136876618309927467595390112         0.00000000000000000000000000000000000        -4.90882510627181083508154276199545983E-0003   303.598770855352821921194742590758904         5548.44822469456856902060684266859642      
  0.850448934180289219036975673402549010         0.00000000000000000000000000000000000         0.00000000000000000000000000000000000        0.599999999999999999999999999999999981        0.400000000000000000000000000000000019        0.724999999999999999999999999999999981        0.275000000000000000000000000000000019        0.512000024318695068359375000000000000        0.425000011920928955078125000000000000         6.30000010132789611816406250000000000E-0002  0.870056494511586616800702331296776776        0.129943505488413383199297668703223248         0.00000000000000000000000000000000000        0.683022559859958444886526535977552353        0.167811590859605266884724425470909642        0.129098359310438402074632433326122454         2500.00000000000000000000000000000000        0.300000011920928955078125000000000000        -1.00000000000000000000000000000000000         4.50000000000000000000000000000000000         50.0000000000000000000000000000000000        0.978742170101048967385619160598119960        0.978850980588697290679669824846174718        0.978850980588697290679669824846174718        0.978850980588697290679669824846174718        0.978850980588697290679669824846174718         0.00000000000000000000000000000000000         1.11161443167664656809985489675379259E-0002   317.799918356933958207538922439341503         5654.44361182174436445353465640431991      
  0.890735463861066538871678342365989236         0.00000000000000000000000000000000000         0.00000000000000000000000000000000000        0.599999999999999999999999999999999981        0.400000000000000000000000000000000019        0.724999999999999999999999999999999981        0.275000000000000000000000000000000019        0.512000024318695068359375000000000000        0.425000011920928955078125000000000000         6.30000010132789611816406250000000000E-0002  0.870056494511586616800702331296776776        0.129943505488413383199297668703223248         0.00000000000000000000000000000000000        0.683022559859958444886526535977552353        0.167811590859605266884724425470909642        0.129098359310438402074632433326122454         2500.00000000000000000000000000000000        0.300000011920928955078125000000000000        -1.00000000000000000000000000000000000         4.50000000000000000000000000000000000         50.0000000000000000000000000000000000        0.990949278750143063979652662134403632        0.990819602739186503877252606776977151        0.990819602739186503877252606776977151        0.990819602739186503877252606776977151        0.990819602739186503877252606776977151         0.00000000000000000000000000000000000        -1.30877518569537956125850232198389965E-0002   332.984737147602965353553164980018081         5762.41871376523930365633396151673448      
  0.932930402628492306849122631846463221         0.00000000000000000000000000000000000         0.00000000000000000000000000000000000        0.599999999999999999999999999999999981        0.400000000000000000000000000000000019        0.724999999999999999999999999999999981        0.275000000000000000000000000000000019        0.512000024318695068359375000000000000        0.425000011920928955078125000000000000         6.30000010132789611816406250000000000E-0002  0.870056494511586616800702331296776776        0.129943505488413383199297668703223248         0.00000000000000000000000000000000000        0.683022559859958444886526535977552353        0.167811590859605266884724425470909642        0.129098359310438402074632433326122454         2500.00000000000000000000000000000000        0.300000011920928955078125000000000000        -1.00000000000000000000000000000000000         4.50000000000000000000000000000000000         50.0000000000000000000000000000000000         1.00324639294493089686692474648066745         1.00307746473755603879790315279407889         1.00307746473755603879790315279407889         1.00307746473755603879790315279407889         1.00307746473755603879790315279407889         0.00000000000000000000000000000000000        -1.68409931748448001087763597441691851E-0002   349.649506857811563725503699920941456         5878.96195199172951093679638715864303      
  0.977124153534675033397991232687960264         0.00000000000000000000000000000000000         0.00000000000000000000000000000000000        0.599999999999999999999999999999999981        0.400000000000000000000000000000000019        0.724999999999999999999999999999999981        0.275000000000000000000000000000000019        0.512000024318695068359375000000000000        0.425000011920928955078125000000000000         6.30000010132789611816406250000000000E-0002  0.870056494511586616800702331296776776        0.129943505488413383199297668703223248         0.00000000000000000000000000000000000        0.683022559859958444886526535977552353        0.167811590859605266884724425470909642        0.129098359310438402074632433326122454         2500.00000000000000000000000000000000        0.300000011920928955078125000000000000        -1.00000000000000000000000000000000000         4.50000000000000000000000000000000000         50.0000000000000000000000000000000000         1.01558465526593699644944292574864617         1.01555622197730109644514321100430187         1.01555622197730109644514321100430187         1.01555622197730109644514321100430187         1.01555622197730109644514321100430187         0.00000000000000000000000000000000000        -2.79977494308882512206197908666128242E-0003   368.970088412003273285997252269883431         6012.74378131519505357977084889476235      
   1.02341140210547988401757228923722065         0.00000000000000000000000000000000000         0.00000000000000000000000000000000000        0.599999999999999999999999999999999981        0.400000000000000000000000000000000019        0.724999999999999999999999999999999981        0.275000000000000000000000000000000019        0.512000024318695068359375000000000000        0.425000011920928955078125000000000000         6.30000010132789611816406250000000000E-0002  0.870056494511586616800702331296776776        0.129943505488413383199297668703223248         0.00000000000000000000000000000000000        0.683022559859958444886526535977552353        0.167811590859605266884724425470909642        0.129098359310438402074632433326122454         2500.00000000000000000000000000000000        0.300000011920928955078125000000000000        -1.00000000000000000000000000000000000         4.50000000000000000000000000000000000         50.0000000000000000000000000000000000         1.02797491662713328491375802578511010         1.02795304400863842863352413142894295         1.02795304400863842863352413142894295         1.02795304400863842863352413142894295         1.02795304400863842863352413142894295         0.00000000000000000000000000000000000        -2.12778381486776093904648502713090985E-0003   389.430992074526194035595735745868400         6148.39157765805211240007832154728940      
   1.07189131920515601980676290596541418         0.00000000000000000000000000000000000         0.00000000000000000000000000000000000        0.599999999999999999999999999999999981        0.400000000000000000000000000000000019        0.724999999999999999999999999999999981        0.275000000000000000000000000000000019        0.512000024318695068359375000000000000        0.425000011920928955078125000000000000         6.30000010132789611816406250000000000E-0002  0.870056494511586616800702331296776776        0.129943505488413383199297668703223248         0.00000000000000000000000000000000000        0.683022559859958444886526535977552353        0.167811590859605266884724425470909642        0.129098359310438402074632433326122454         2500.00000000000000000000000000000000        0.300000011920928955078125000000000000        -1.00000000000000000000000000000000000         4.50000000000000000000000000000000000         50.0000000000000000000000000000000000         1.04043584324876456367810280292147570         1.04026089950798418107816039073077035         1.04026089950798418107816039073077035         1.04026089950798418107816039073077035         1.04026089950798418107816039073077035         0.00000000000000000000000000000000000        -1.68172946674364431096947380559601352E-0002   411.089483605017061437382854802283719         6285.56163553398143973177723399023535      
   1.12266777351084349932308213365971722         0.00000000000000000000000000000000000         0.00000000000000000000000000000000000        0.599999999999999999999999999999999981        0.400000000000000000000000000000000019        0.724999999999999999999999999999999981        0.275000000000000000000000000000000019        0.512000024318695068359375000000000000        0.425000011920928955078125000000000000         6.30000010132789611816406250000000000E-0002  0.870056494511586616800702331296776776        0.129943505488413383199297668703223248         0.00000000000000000000000000000000000        0.683022559859958444886526535977552353        0.167811590859605266884724425470909642        0.129098359310438402074632433326122454         2500.00000000000000000000000000000000        0.300000011920928955078125000000000000        -1.00000000000000000000000000000000000         4.50000000000000000000000000000000000         50.0000000000000000000000000000000000         1.05302787181065920876568577726010306         1.05287774857438793455688955904524374         1.05287774857438793455688955904524374         1.05287774857438793455688955904524374         1.05287774857438793455688955904524374         0.00000000000000000000000000000000000        -1.42583729663337737111598398180133632E-0002   433.049393477307376937567739460905195         6418.48985006874971535997852348206672      
   1.17584955405218836587405952039268318         0.00000000000000000000000000000000000         0.00000000000000000000000000000000000        0.599999999999999999999999999999999981        0.400000000000000000000000000000000019        0.724999999999999999999999999999999981        0.275000000000000000000000000000000019        0.512000024318695068359375000000000000        0.425000011920928955078125000000000000         6.30000010132789611816406250000000000E-0002  0.870056494511586616800702331296776776        0.129943505488413383199297668703223248         0.00000000000000000000000000000000000        0.683022559859958444886526535977552353        0.167811590859605266884724425470909642        0.129098359310438402074632433326122454         2500.00000000000000000000000000000000        0.300000011920928955078125000000000000        -1.00000000000000000000000000000000000         4.50000000000000000000000000000000000         50.0000000000000000000000000000000000         1.06573646836771203324151491468225125         1.06561018484643762800310382327188321         1.06561018484643762800310382327188321         1.06561018484643762800310382327188321         1.06561018484643762800310382327188321         0.00000000000000000000000000000000000        -1.18508177821708447070091512077963100E-0002   455.795525675696389391685244144340073         6550.12287943840212647286165394566405      
   1.23155060329285913304393922610526752         0.00000000000000000000000000000000000         0.00000000000000000000000000000000000        0.599999999999999999999999999999999981        0.400000000000000000000000000000000019        0.724999999999999999999999999999999981        0.275000000000000000000000000000000019        0.512000024318695068359375000000000000        0.425000011920928955078125000000000000         6.30000010132789611816406250000000000E-0002  0.870056494511586616800702331296776776        0.129943505488413383199297668703223248         0.00000000000000000000000000000000000        0.683022559859958444886526535977552353        0.167811590859605266884724425470909642        0.129098359310438402074632433326122454         2500.00000000000000000000000000000000        0.300000011920928955078125000000000000        -1.00000000000000000000000000000000000         4.50000000000000000000000000000000000         50.0000000000000000000000000000000000         1.07856081467377134664876585719172701         1.07842762435757906013795826115857225         1.07842762435757906013795826115857225         1.07842762435757906013795826115857225         1.07842762435757906013795826115857225         0.00000000000000000000000000000000000        -1.23504176992524816181356423464765449E-0002   479.887197150172471493809623199987104         6683.36781750857275499234958242620229      
   1.28989026125334400389008600428654072         0.00000000000000000000000000000000000         0.00000000000000000000000000000000000        0.599999999999999999999999999999999981        0.400000000000000000000000000000000019        0.724999999999999999999999999999999981        0.275000000000000000000000000000000019        0.512000024318695068359375000000000000        0.425000011920928955078125000000000000         6.30000010132789611816406250000000000E-0002  0.870056494511586616800702331296776776        0.129943505488413383199297668703223248         0.00000000000000000000000000000000000        0.683022559859958444886526535977552353        0.167811590859605266884724425470909642        0.129098359310438402074632433326122454         2500.00000000000000000000000000000000        0.300000011920928955078125000000000000        -1.00000000000000000000000000000000000         4.50000000000000000000000000000000000         50.0000000000000000000000000000000000         1.09129822667099430090823722885017421         1.09115208757189412561579843863999502         1.09115208757189412561579843863999502         1.09115208757189412561579843863999502         1.09115208757189412561579843863999502         0.00000000000000000000000000000000000        -1.33931008119476690014762064419576774E-0002   504.998555642645650713437274818521544         6815.70343868222947211283939557152311      
   1.35099352119806420678539952158028216         0.00000000000000000000000000000000000         0.00000000000000000000000000000000000        0.599999999999999999999999999999999981        0.400000000000000000000000000000000019        0.724999999999999999999999999999999981        0.275000000000000000000000000000000019        0.512000024318695068359375000000000000        0.425000011920928955078125000000000000         6.30000010132789611816406250000000000E-0002  0.870056494511586616800702331296776776        0.129943505488413383199297668703223248         0.00000000000000000000000000000000000        0.683022559859958444886526535977552353        0.167811590859605266884724425470909642        0.129098359310438402074632433326122454         2500.00000000000000000000000000000000        0.300000011920928955078125000000000000        -1.00000000000000000000000000000000000         4.50000000000000000000000000000000000         50.0000000000000000000000000000000000         1.10411256005449681655617474613012767         1.10397388494610959811376552639823695         1.10397388494610959811376552639823695         1.10397388494610959811376552639823695         1.10397388494610959811376552639823695         0.00000000000000000000000000000000000        -1.25614482623370984324076299225314831E-0002   531.660491122469648382003898475658781         6949.84010514152699089080752946764213      
   1.41499129743461548663919584700832116         0.00000000000000000000000000000000000         0.00000000000000000000000000000000000        0.599999999999999999999999999999999981        0.400000000000000000000000000000000019        0.724999999999999999999999999999999981        0.275000000000000000000000000000000019        0.512000024318695068359375000000000000        0.425000011920928955078125000000000000         6.30000010132789611816406250000000000E-0002  0.870056494511586616800702331296776776        0.129943505488413383199297668703223248         0.00000000000000000000000000000000000        0.683022559859958444886526535977552353        0.167811590859605266884724425470909642        0.129098359310438402074632433326122454         2500.00000000000000000000000000000000        0.300000011920928955078125000000000000        -1.00000000000000000000000000000000000         4.50000000000000000000000000000000000         50.0000000000000000000000000000000000         1.11704400487942137908752882542129934         1.11688219338493172367663175585555203         1.11688219338493172367663175585555203         1.11688219338493172367663175585555203         1.11688219338493172367663175585555203         0.00000000000000000000000000000000000        -1.44877853231103783145596908171774330E-0002   559.823066906195325872941815590131016         7085.03195525349459694251777505266070      
   1.48202070579890013841676841137265918         0.00000000000000000000000000000000000         0.00000000000000000000000000000000000        0.599999999999999999999999999999999981        0.400000000000000000000000000000000019        0.724999999999999999999999999999999981        0.275000000000000000000000000000000019        0.512000024318695068359375000000000000        0.425000011920928955078125000000000000         6.30000010132789611816406250000000000E-0002  0.870056494511586616800702331296776776        0.129943505488413383199297668703223248         0.00000000000000000000000000000000000        0.683022559859958444886526535977552353        0.167811590859605266884724425470909642        0.129098359310438402074632433326122454         2500.00000000000000000000000000000000        0.300000011920928955078125000000000000        -1.00000000000000000000000000000000000         4.50000000000000000000000000000000000         50.0000000000000000000000000000000000         1.13011495443701202928142647019110886         1.12996408455937338653684595585081218         1.12996408455937338653684595585081218         1.12996408455937338653684595585081218         1.12996408455937338653684595585081218         0.00000000000000000000000000000000000        -1.33517409712605218475197828426778144E-0002   588.668728724400792819619864783921279         7217.16943366245154211619049293727885      
   1.55222535742709160936160846888458776         0.00000000000000000000000000000000000         0.00000000000000000000000000000000000        0.599999999999999999999999999999999981        0.400000000000000000000000000000000019        0.724999999999999999999999999999999981        0.275000000000000000000000000000000019        0.512000024318695068359375000000000000        0.425000011920928955078125000000000000         6.30000010132789611816406250000000000E-0002  0.870056494511586616800702331296776776        0.129943505488413383199297668703223248         0.00000000000000000000000000000000000        0.683022559859958444886526535977552353        0.167811590859605266884724425470909642        0.129098359310438402074632433326122454         2500.00000000000000000000000000000000        0.300000011920928955078125000000000000        -1.00000000000000000000000000000000000         4.50000000000000000000000000000000000         50.0000000000000000000000000000000000         1.14330993138990639781350264342953171         1.14315178845236741733411009262659038         1.14315178845236741733411009262659038         1.14315178845236741733411009262659038         1.14315178845236741733411009262659038         0.00000000000000000000000000000000000        -1.38339404387477754891328948000015845E-0002   619.304578407510215707759055060224969         7351.15459535202624005255159407838349      
   1.62575566644384085973659301860212051         0.00000000000000000000000000000000000         0.00000000000000000000000000000000000        0.599999999999999999999999999999999981        0.400000000000000000000000000000000019        0.724999999999999999999999999999999981        0.275000000000000000000000000000000019        0.512000024318695068359375000000000000        0.425000011920928955078125000000000000         6.30000010132789611816406250000000000E-0002  0.870056494511586616800702331296776776        0.129943505488413383199297668703223248         0.00000000000000000000000000000000000        0.683022559859958444886526535977552353        0.167811590859605266884724425470909642        0.129098359310438402074632433326122454         2500.00000000000000000000000000000000        0.300000011920928955078125000000000000        -1.00000000000000000000000000000000000         4.50000000000000000000000000000000000         50.0000000000000000000000000000000000         1.15665831376239032829148254702759543         1.15661289828194480136702041884949586         1.15661289828194480136702041884949586         1.15661289828194480136702041884949586         1.15661289828194480136702041884949586         0.00000000000000000000000000000000000        -3.92659294332511410291905152971639594E-0003   650.768208224858399275217339188824242         7482.51273175999496336913990160804380      
   1.70276917222594935040597643772334275         0.00000000000000000000000000000000000         0.00000000000000000000000000000000000        0.599999999999999999999999999999999981        0.400000000000000000000000000000000019        0.724999999999999999999999999999999981        0.275000000000000000000000000000000019        0.512000024318695068359375000000000000        0.425000011920928955078125000000000000         6.30000010132789611816406250000000000E-0002  0.870056494511586616800702331296776776        0.129943505488413383199297668703223248         0.00000000000000000000000000000000000        0.683022559859958444886526535977552353        0.167811590859605266884724425470909642        0.129098359310438402074632433326122454         2500.00000000000000000000000000000000        0.300000011920928955078125000000000000        -1.00000000000000000000000000000000000         4.50000000000000000000000000000000000         50.0000000000000000000000000000000000         1.17027526442325601170389144147933365         1.17013458065402334474101993083373610         1.17013458065402334474101993083373610         1.17013458065402334474101993083373610         1.17013458065402334474101993083373610         0.00000000000000000000000000000000000        -1.20228708354242963146833979646079848E-0002   683.599015381353421513688819685706488         7634.09587373633733621244677540272575      
   1.78343087693196159954962751479630605         0.00000000000000000000000000000000000         0.00000000000000000000000000000000000        0.599999999999999999999999999999999981        0.400000000000000000000000000000000019        0.724999999999999999999999999999999981        0.275000000000000000000000000000000019        0.512000024318695068359375000000000000        0.425000011920928955078125000000000000         6.30000010132789611816406250000000000E-0002  0.870056494511586616800702331296776776        0.129943505488413383199297668703223248         0.00000000000000000000000000000000000        0.683022559859958444886526535977552353        0.167811590859605266884724425470909642        0.129098359310438402074632433326122454         2500.00000000000000000000000000000000        0.300000011920928955078125000000000000        -1.00000000000000000000000000000000000         4.50000000000000000000000000000000000         50.0000000000000000000000000000000000         1.18424870721100891439251960057075924         1.18410054595212362769055539480425812         1.18410054595212362769055539480425812         1.18410054595212362769055539480425812         1.18410054595212362769055539480425812         0.00000000000000000000000000000000000        -1.25125572648183932570995266654766249E-0002   717.312338722649664594202494416794736         7811.97313915467257398453958220834005      
   1.86791359902083762667604333648365787         0.00000000000000000000000000000000000         0.00000000000000000000000000000000000        0.599999999999999999999999999999999981        0.400000000000000000000000000000000019        0.724999999999999999999999999999999981        0.275000000000000000000000000000000019        0.512000024318695068359375000000000000        0.425000011920928955078125000000000000         6.30000010132789611816406250000000000E-0002  0.870056494511586616800702331296776776        0.129943505488413383199297668703223248         0.00000000000000000000000000000000000        0.683022559859958444886526535977552353        0.167811590859605266884724425470909642        0.129098359310438402074632433326122454         2500.00000000000000000000000000000000        0.300000011920928955078125000000000000        -1.00000000000000000000000000000000000         4.50000000000000000000000000000000000         50.0000000000000000000000000000000000         1.19834914768561624624088932201285536         1.19819866009329319723073103598911589         1.19819866009329319723073103598911589         1.19819866009329319723073103598911589         1.19819866009329319723073103598911589         0.00000000000000000000000000000000000        -1.25594859462897299654172539079021006E-0002   753.086997687548549879056189862919222         7993.97469391171316333112728469877209      
   1.95639834351712235574086149449056598         0.00000000000000000000000000000000000         0.00000000000000000000000000000000000        0.599999999999999999999999999999999981        0.400000000000000000000000000000000019        0.724999999999999999999999999999999981        0.275000000000000000000000000000000019        0.512000024318695068359375000000000000        0.425000011920928955078125000000000000         6.30000010132789611816406250000000000E-0002  0.870056494511586616800702331296776776        0.129943505488413383199297668703223248         0.00000000000000000000000000000000000        0.683022559859958444886526535977552353        0.167811590859605266884724425470909642        0.129098359310438402074632433326122454         2500.00000000000000000000000000000000        0.300000011920928955078125000000000000        -1.00000000000000000000000000000000000         4.50000000000000000000000000000000000         50.0000000000000000000000000000000000         1.21259044864716870167418868104101353         1.21244653495476342291867789031738136         1.21244653495476342291867789031738136         1.21244653495476342291867789031738136         1.21244653495476342291867789031738136         0.00000000000000000000000000000000000        -1.18696939004117157826977878452937244E-0002   790.085034382157782114358564234970183         8176.35454291280097649613711958412749      
   2.04907468981590857599889354382844297         0.00000000000000000000000000000000000         0.00000000000000000000000000000000000        0.599999999999999999999999999999999981        0.400000000000000000000000000000000019        0.724999999999999999999999999999999981        0.275000000000000000000000000000000019        0.512000024318695068359375000000000000        0.425000011920928955078125000000000000         6.30000010132789611816406250000000000E-0002  0.870056494511586616800702331296776776        0.129943505488413383199297668703223248         0.00000000000000000000000000000000000        0.683022559859958444886526535977552353        0.167811590859605266884724425470909642        0.129098359310438402074632433326122454         2500.00000000000000000000000000000000        0.300000011920928955078125000000000000        -1.00000000000000000000000000000000000         4.50000000000000000000000000000000000         50.0000000000000000000000000000000000         1.22695336538246257859601730792487518         1.22680321836274442672525078811327095         1.22680321836274442672525078811327095         1.22680321836274442672525078811327095         1.22680321836274442672525078811327095         0.00000000000000000000000000000000000        -1.22388837484901349578534759795960246E-0002   829.497494542215548535744635225295260         8363.15086524744886392570832815641896      
   2.14614119785846923144288932206752821         0.00000000000000000000000000000000000         0.00000000000000000000000000000000000        0.599999999999999999999999999999999981        0.400000000000000000000000000000000019        0.724999999999999999999999999999999981        0.275000000000000000000000000000000019        0.512000024318695068359375000000000000        0.425000011920928955078125000000000000         6.30000010132789611816406250000000000E-0002  0.870056494511586616800702331296776776        0.129943505488413383199297668703223248         0.00000000000000000000000000000000000        0.683022559859958444886526535977552353        0.167811590859605266884724425470909642        0.129098359310438402074632433326122454         2500.00000000000000000000000000000000        0.300000011920928955078125000000000000        -1.00000000000000000000000000000000000         4.50000000000000000000000000000000000         50.0000000000000000000000000000000000         1.24145360405335109677701921040596503         1.24132203663948816382683544435080838         1.24132203663948816382683544435080838         1.24132203663948816382683544435080838         1.24132203663948816382683544435080838         0.00000000000000000000000000000000000        -1.05989751232575201608346756734568761E-0002   870.804095714288435650397738407813938         8551.82094300389960950933870361125359      
   2.24780583354879414104030832593962274         0.00000000000000000000000000000000000         0.00000000000000000000000000000000000        0.599999999999999999999999999999999981        0.400000000000000000000000000000000019        0.724999999999999999999999999999999981        0.275000000000000000000000000000000019        0.512000024318695068359375000000000000        0.425000011920928955078125000000000000         6.30000010132789611816406250000000000E-0002  0.870056494511586616800702331296776776        0.129943505488413383199297668703223248         0.00000000000000000000000000000000000        0.683022559859958444886526535977552353        0.167811590859605266884724425470909642        0.129098359310438402074632433326122454         2500.00000000000000000000000000000000        0.300000011920928955078125000000000000        -1.00000000000000000000000000000000000         4.50000000000000000000000000000000000         50.0000000000000000000000000000000000         1.25608287790134989821599982524966511         1.25594944941842196572307128022383654         1.25594944941842196572307128022383654         1.25594944941842196572307128022383654         1.25594944941842196572307128022383654         0.00000000000000000000000000000000000        -1.06237144329111082054029972519120113E-0002   914.508544147414743261966951908623925         8743.60809501802532869816486991165339      
   2.35428641432249007020695607335824657         0.00000000000000000000000000000000000         0.00000000000000000000000000000000000        0.599999999999999999999999999999999981        0.400000000000000000000000000000000019        0.724999999999999999999999999999999981        0.275000000000000000000000000000000019        0.512000024318695068359375000000000000        0.425000011920928955078125000000000000         6.30000010132789611816406250000000000E-0002  0.870056494511586616800702331296776776        0.129943505488413383199297668703223248         0.00000000000000000000000000000000000        0.683022559859958444886526535977552353        0.167811590859605266884724425470909642        0.129098359310438402074632433326122454         2500.00000000000000000000000000000000        0.300000011920928955078125000000000000        -1.00000000000000000000000000000000000         4.50000000000000000000000000000000000         50.0000000000000000000000000000000000         1.27084811533768002520223588778729733         1.27071233545067738683973308773727157         1.27071233545067738683973308773727157         1.27071233545067738683973308773727157         1.27071233545067738683973308773727157         0.00000000000000000000000000000000000        -1.06853363436093478933912416986867553E-0002   960.531083484319419821202972527093119         8937.59906050031083047303665502479450      
   2.46581107582267970147068279155487439         0.00000000000000000000000000000000000         0.00000000000000000000000000000000000        0.599999999999999999999999999999999981        0.400000000000000000000000000000000019        0.724999999999999999999999999999999981        0.275000000000000000000000000000000019        0.512000024318695068359375000000000000        0.425000011920928955078125000000000000         6.30000010132789611816406250000000000E-0002  0.870056494511586616800702331296776776        0.129943505488413383199297668703223248         0.00000000000000000000000000000000000        0.683022559859958444886526535977552353        0.167811590859605266884724425470909642        0.129098359310438402074632433326122454         2500.00000000000000000000000000000000        0.300000011920928955078125000000000000        -1.00000000000000000000000000000000000         4.50000000000000000000000000000000000         50.0000000000000000000000000000000000         1.28574157353173936666724521978243007         1.28558071188742810502340097780557217         1.28558071188742810502340097780557217         1.28558071188742810502340097780557217         1.28558071188742810502340097780557217         0.00000000000000000000000000000000000        -1.25127611844060940005316642384527508E-0002   1009.64778921982808557429372337651169         9135.70071600584548300595382814239646      
   2.58261876068275699540889612963339913         0.00000000000000000000000000000000000         0.00000000000000000000000000000000000        0.599999999999999999999999999999999981        0.400000000000000000000000000000000019        0.724999999999999999999999999999999981        0.275000000000000000000000000000000019        0.512000024318695068359375000000000000        0.425000011920928955078125000000000000         6.30000010132789611816406250000000000E-0002  0.870056494511586616800702331296776776        0.129943505488413383199297668703223248         0.00000000000000000000000000000000000        0.683022559859958444886526535977552353        0.167811590859605266884724425470909642        0.129098359310438402074632433326122454         2500.00000000000000000000000000000000        0.300000011920928955078125000000000000        -1.00000000000000000000000000000000000         4.50000000000000000000000000000000000         50.0000000000000000000000000000000000         1.30078215408651212758693637712132608         1.30063824887275301527944712558396471         1.30063824887275301527944712558396471         1.30063824887275301527944712558396471         1.30063824887275301527944712558396471         0.00000000000000000000000000000000000        -1.10641997406914001990680018917950811E-0002   1060.63408796377310792566405732184239         9333.41493627626585541959689855926291      
   2.70495973046322058012775948376762777         0.00000000000000000000000000000000000         0.00000000000000000000000000000000000        0.599999999999999999999999999999999981        0.400000000000000000000000000000000019        0.724999999999999999999999999999999981        0.275000000000000000000000000000000019        0.512000024318695068359375000000000000        0.425000011920928955078125000000000000         6.30000010132789611816406250000000000E-0002  0.870056494511586616800702331296776776        0.129943505488413383199297668703223248         0.00000000000000000000000000000000000        0.683022559859958444886526535977552353        0.167811590859605266884724425470909642        0.129098359310438402074632433326122454         2500.00000000000000000000000000000000        0.300000011920928955078125000000000000        -1.00000000000000000000000000000000000         4.50000000000000000000000000000000000         50.0000000000000000000000000000000000         1.31594615442586413288708483217337380         1.31578634270765988146483689455359282         1.31578634270765988146483689455359282         1.31578634270765988146483689455359282         1.31578634270765988146483689455359282         0.00000000000000000000000000000000000        -1.21457194847749102216268400599147933E-0002   1115.12087045515432381969861670986962         9535.17576164913211363931424346919040      
   2.83309610183941463691826271807341983         0.00000000000000000000000000000000000         0.00000000000000000000000000000000000        0.599999999999999999999999999999999981        0.400000000000000000000000000000000019        0.724999999999999999999999999999999981        0.275000000000000000000000000000000019        0.512000024318695068359375000000000000        0.425000011920928955078125000000000000         6.30000010132789611816406250000000000E-0002  0.870056494511586616800702331296776776        0.129943505488413383199297668703223248         0.00000000000000000000000000000000000        0.683022559859958444886526535977552353        0.167811590859605266884724425470909642        0.129098359310438402074632433326122454         2500.00000000000000000000000000000000        0.300000011920928955078125000000000000        -1.00000000000000000000000000000000000         4.50000000000000000000000000000000000         50.0000000000000000000000000000000000         1.33125873209960874891583018630513813         1.33110270110271668211687914147927993         1.33110270110271668211687914147927993         1.33110270110271668211687914147927993         1.33110270110271668211687914147927993         0.00000000000000000000000000000000000        -1.17219352618552320081407920302325372E-0002   1172.00493035750016500226243410211023         9736.75576111158151888727770448707819      
   2.96730240818896454651461614421851563         0.00000000000000000000000000000000000         0.00000000000000000000000000000000000        0.599999999999999999999999999999999981        0.400000000000000000000000000000000019        0.724999999999999999999999999999999981        0.275000000000000000000000000000000019        0.512000024318695068359375000000000000        0.425000011920928955078125000000000000         6.30000010132789611816406250000000000E-0002  0.870056494511586616800702331296776776        0.129943505488413383199297668703223248         0.00000000000000000000000000000000000        0.683022559859958444886526535977552353        0.167811590859605266884724425470909642        0.129098359310438402074632433326122454         2500.00000000000000000000000000000000        0.300000011920928955078125000000000000        -1.00000000000000000000000000000000000         4.50000000000000000000000000000000000         50.0000000000000000000000000000000000         1.34677663056802869333836570789861663         1.34659841397565926755525366021866558         1.34659841397565926755525366021866558         1.34659841397565926755525366021866558         1.34659841397565926755525366021866558         0.00000000000000000000000000000000000        -1.32345761379047024393696714205489450E-0002   1232.19890948494909162322819981629114         9917.59864877507540969813919929107416      
   3.10786618778211364466063213094136699         0.00000000000000000000000000000000000         0.00000000000000000000000000000000000        0.599999999999999999999999999999999981        0.400000000000000000000000000000000019        0.724999999999999999999999999999999981        0.275000000000000000000000000000000019        0.512000024318695068359375000000000000        0.425000011920928955078125000000000000         6.30000010132789611816406250000000000E-0002  0.870056494511586616800702331296776776        0.129943505488413383199297668703223248         0.00000000000000000000000000000000000        0.683022559859958444886526535977552353        0.167811590859605266884724425470909642        0.129098359310438402074632433326122454         2500.00000000000000000000000000000000        0.300000011920928955078125000000000000        -1.00000000000000000000000000000000000         4.50000000000000000000000000000000000         50.0000000000000000000000000000000000         1.36250778964007721148951019825647846         1.36235944191036008825295991805205028         1.36235944191036008825295991805205028         1.36235944191036008825295991805205028         1.36235944191036008825295991805205028         0.00000000000000000000000000000000000        -1.08890301012707447821371600485299562E-0002   1295.42900166850306531788480034905017         10035.7178122999036855731113889121608      
   3.25508859983516440085845691551799553         0.00000000000000000000000000000000000         0.00000000000000000000000000000000000        0.599999999999999999999999999999999981        0.400000000000000000000000000000000019        0.724999999999999999999999999999999981        0.275000000000000000000000000000000019        0.512000024318695068359375000000000000        0.425000011920928955078125000000000000         6.30000010132789611816406250000000000E-0002  0.870056494511586616800702331296776776        0.129943505488413383199297668703223248         0.00000000000000000000000000000000000        0.683022559859958444886526535977552353        0.167811590859605266884724425470909642        0.129098359310438402074632433326122454         2500.00000000000000000000000000000000        0.300000011920928955078125000000000000        -1.00000000000000000000000000000000000         4.50000000000000000000000000000000000         50.0000000000000000000000000000000000         1.37837988814838556454263060053776627         1.37822979699689645110525910576943358         1.37822979699689645110525910576943358         1.37822979699689645110525910576943358         1.37822979699689645110525910576943358         0.00000000000000000000000000000000000        -1.08901397877302908278736488628371562E-0002   1362.11924035211210944335976624388539         10154.4717547252029744186642218868041      
   3.40928506974692429676371810701270237         0.00000000000000000000000000000000000         0.00000000000000000000000000000000000        0.599999999999999999999999999999999981        0.400000000000000000000000000000000019        0.724999999999999999999999999999999981        0.275000000000000000000000000000000019        0.512000024318695068359375000000000000        0.425000011920928955078125000000000000         6.30000010132789611816406250000000000E-0002  0.870056494511586616800702331296776776        0.129943505488413383199297668703223248         0.00000000000000000000000000000000000        0.683022559859958444886526535977552353        0.167811590859605266884724425470909642        0.129098359310438402074632433326122454         2500.00000000000000000000000000000000        0.300000011920928955078125000000000000        -1.00000000000000000000000000000000000         4.50000000000000000000000000000000000         50.0000000000000000000000000000000000         1.39434479785845410988871335645763484         1.39418863850125832377909371585835248         1.39418863850125832377909371585835248         1.39418863850125832377909371585835248         1.39418863850125832377909371585835248         0.00000000000000000000000000000000000        -1.12007337374127631813712963491565601E-0002   1433.36811714740652464722111066452799         10275.5996672194036047021116680380931      
   3.57078596490058154200418219794212579         0.00000000000000000000000000000000000         0.00000000000000000000000000000000000        0.599999999999999999999999999999999981        0.400000000000000000000000000000000019        0.724999999999999999999999999999999981        0.275000000000000000000000000000000019        0.512000024318695068359375000000000000        0.425000011920928955078125000000000000         6.30000010132789611816406250000000000E-0002  0.870056494511586616800702331296776776        0.129943505488413383199297668703223248         0.00000000000000000000000000000000000        0.683022559859958444886526535977552353        0.167811590859605266884724425470909642        0.129098359310438402074632433326122454         2500.00000000000000000000000000000000        0.300000011920928955078125000000000000        -1.00000000000000000000000000000000000         4.50000000000000000000000000000000000         50.0000000000000000000000000000000000         1.41038379090890611566557871073640331         1.41019163996176088978473389013089936         1.41019163996176088978473389013089936         1.41019163996176088978473389013089936         1.41019163996176088978473389013089936         0.00000000000000000000000000000000000        -1.36258747889355161773016762429422672E-0002   1509.33823569728514258679268690795839         10398.4583965153460208626616019082890      
   3.73993730247892248533723346676967991         0.00000000000000000000000000000000000         0.00000000000000000000000000000000000        0.599999999999999999999999999999999981        0.400000000000000000000000000000000019        0.724999999999999999999999999999999981        0.275000000000000000000000000000000019        0.512000024318695068359375000000000000        0.425000011920928955078125000000000000         6.30000010132789611816406250000000000E-0002  0.870056494511586616800702331296776776        0.129943505488413383199297668703223248         0.00000000000000000000000000000000000        0.683022559859958444886526535977552353        0.167811590859605266884724425470909642        0.129098359310438402074632433326122454         2500.00000000000000000000000000000000        0.300000011920928955078125000000000000        -1.00000000000000000000000000000000000         4.50000000000000000000000000000000000         50.0000000000000000000000000000000000         1.42657480777179645906509793362678137         1.42643144749003640355784643400768705         1.42643144749003640355784643400768705         1.42643144749003640355784643400768705         1.42643144749003640355784643400768705         0.00000000000000000000000000000000000        -1.00502749019109014058702646809948861E-0002   1588.27043619913589847537760942070808         10519.9565859001943492229116327717701      
   3.91710149080939146393706924636129076         0.00000000000000000000000000000000000         0.00000000000000000000000000000000000        0.599999999999999999999999999999999981        0.400000000000000000000000000000000019        0.724999999999999999999999999999999981        0.275000000000000000000000000000000019        0.512000024318695068359375000000000000        0.425000011920928955078125000000000000         6.30000010132789611816406250000000000E-0002  0.870056494511586616800702331296776776        0.129943505488413383199297668703223248         0.00000000000000000000000000000000000        0.683022559859958444886526535977552353        0.167811590859605266884724425470909642        0.129098359310438402074632433326122454         2500.00000000000000000000000000000000        0.300000011920928955078125000000000000        -1.00000000000000000000000000000000000         4.50000000000000000000000000000000000         50.0000000000000000000000000000000000         1.44289580135921784803887849480909751         1.44273904797405054016099176541865709         1.44273904797405054016099176541865709         1.44273904797405054016099176541865709         1.44273904797405054016099176541865709         0.00000000000000000000000000000000000        -1.08649852783444787499816493497839165E-0002   1672.29231834391234976289769655434936         10643.3176232814066297589018292917247      
   4.10265810582733183554468384630866708         0.00000000000000000000000000000000000         0.00000000000000000000000000000000000        0.599999999999999999999999999999999981        0.400000000000000000000000000000000019        0.724999999999999999999999999999999981        0.275000000000000000000000000000000019        0.512000024318695068359375000000000000        0.425000011920928955078125000000000000         6.30000010132789611816406250000000000E-0002  0.870056494511586616800702331296776776        0.129943505488413383199297668703223248         0.00000000000000000000000000000000000        0.683022559859958444886526535977552353        0.167811590859605266884724425470909642        0.129098359310438402074632433326122454         2500.00000000000000000000000000000000        0.300000011920928955078125000000000000        -1.00000000000000000000000000000000000         4.50000000000000000000000000000000000         50.0000000000000000000000000000000000         1.45935505058451758397551897063095430         1.45920199963217953730028501587439223         1.45920199963217953730028501587439223         1.45920199963217953730028501587439223         1.45920199963217953730028501587439223         0.00000000000000000000000000000000000        -1.04886747946224146755968880628987580E-0002   1760.96650280885211538341823966132156         10767.3187273134006379428531298122557      
   4.29700470432098797081550436783669861         0.00000000000000000000000000000000000         0.00000000000000000000000000000000000        0.599999999999999999999999999999999981        0.400000000000000000000000000000000019        0.724999999999999999999999999999999981        0.275000000000000000000000000000000019        0.512000024318695068359375000000000000        0.425000011920928955078125000000000000         6.30000010132789611816406250000000000E-0002  0.870056494511586616800702331296776776        0.129943505488413383199297668703223248         0.00000000000000000000000000000000000        0.683022559859958444886526535977552353        0.167811590859605266884724425470909642        0.129098359310438402074632433326122454         2500.00000000000000000000000000000000        0.300000011920928955078125000000000000        -1.00000000000000000000000000000000000         4.50000000000000000000000000000000000         50.0000000000000000000000000000000000         1.47594240590397213038411774934885424         1.47576802881136041624359149985116543         1.47576802881136041624359149985116543         1.47576802881136041624359149985116543         1.47576802881136041624359149985116543         0.00000000000000000000000000000000000        -1.18160231965564445427347205982983583E-0002   1855.33244398091826233539972574022629         10893.2225417896401174643466545389449      
   4.50055767570065325107907567564988206         0.00000000000000000000000000000000000         0.00000000000000000000000000000000000        0.599999999999999999999999999999999981        0.400000000000000000000000000000000019        0.724999999999999999999999999999999981        0.275000000000000000000000000000000019        0.512000024318695068359375000000000000        0.425000011920928955078125000000000000         6.30000010132789611816406250000000000E-0002  0.870056494511586616800702331296776776        0.129943505488413383199297668703223248         0.00000000000000000000000000000000000        0.683022559859958444886526535977552353        0.167811590859605266884724425470909642        0.129098359310438402074632433326122454         2500.00000000000000000000000000000000        0.300000011920928955078125000000000000        -1.00000000000000000000000000000000000         4.50000000000000000000000000000000000         50.0000000000000000000000000000000000         1.49266527335488854846445379455224353         1.49250665076059467173395915069154713         1.49250665076059467173395915069154713         1.49250665076059467173395915069154713         1.49250665076059467173395915069154713         0.00000000000000000000000000000000000        -1.06279321578259798565533673067563077E-0002   1954.39473615223663065841983659127573         11018.8640420237204314452990389517950      
   4.71375313411688746090811432995346639         0.00000000000000000000000000000000000         0.00000000000000000000000000000000000        0.599999999999999999999999999999999981        0.400000000000000000000000000000000019        0.724999999999999999999999999999999981        0.275000000000000000000000000000000019        0.512000024318695068359375000000000000        0.425000011920928955078125000000000000         6.30000010132789611816406250000000000E-0002  0.870056494511586616800702331296776776        0.129943505488413383199297668703223248         0.00000000000000000000000000000000000        0.683022559859958444886526535977552353        0.167811590859605266884724425470909642        0.129098359310438402074632433326122454         2500.00000000000000000000000000000000        0.300000011920928955078125000000000000        -1.00000000000000000000000000000000000         4.50000000000000000000000000000000000         50.0000000000000000000000000000000000         1.50950980023082772083908394904620783         1.50933633062823499941248697982855420         1.50933633062823499941248697982855420         1.50933633062823499941248697982855420         1.50933633062823499941248697982855420         0.00000000000000000000000000000000000        -1.14931045567900509790380999163075147E-0002   2059.44671947897559937573656603997434         11145.7795071440743202669524839699994      
   4.93704785283917522455720499133271388         0.00000000000000000000000000000000000         0.00000000000000000000000000000000000        0.599999999999999999999999999999999981        0.400000000000000000000000000000000019        0.724999999999999999999999999999999981        0.275000000000000000000000000000000019        0.512000024318695068359375000000000000        0.425000011920928955078125000000000000         6.30000010132789611816406250000000000E-0002  0.870056494511586616800702331296776776        0.129943505488413383199297668703223248         0.00000000000000000000000000000000000        0.683022559859958444886526535977552353        0.167811590859605266884724425470909642        0.129098359310438402074632433326122454         2500.00000000000000000000000000000000        0.300000011920928955078125000000000000        -1.00000000000000000000000000000000000         4.50000000000000000000000000000000000         50.0000000000000000000000000000000000         1.52633582982891248792477494690167150         1.52631936007794341219687496579570223         1.52631936007794341219687496579570223         1.52631936007794341219687496579570223         1.52631936007794341219687496579570223         0.00000000000000000000000000000000000        -1.07905012540984079589490481886205113E-0003   2174.75289715777200550138392320144179         11278.5385486105203259897770380778696      
   5.17092024289694052668163232095138689         0.00000000000000000000000000000000000         0.00000000000000000000000000000000000        0.599999999999999999999999999999999981        0.400000000000000000000000000000000019        0.724999999999999999999999999999999981        0.275000000000000000000000000000000019        0.512000024318695068359375000000000000        0.425000011920928955078125000000000000         6.30000010132789611816406250000000000E-0002  0.870056494511586616800702331296776776        0.129943505488413383199297668703223248         0.00000000000000000000000000000000000        0.683022559859958444886526535977552353        0.167811590859605266884724425470909642        0.129098359310438402074632433326122454         2500.00000000000000000000000000000000        0.300000011920928955078125000000000000        -1.00000000000000000000000000000000000         4.50000000000000000000000000000000000         50.0000000000000000000000000000000000         1.54359215116977924388166280283668738         1.54342603164051163008367542638867380         1.54342603164051163008367542638867380         1.54342603164051163008367542638867380         1.54342603164051163008367542638867380         0.00000000000000000000000000000000000        -1.07630379339296816790722575906555020E-0002   2289.08962012375735594722658702019446         11403.6342658111405773810200529025567      
   5.41587137807966487084961468635563235         0.00000000000000000000000000000000000         0.00000000000000000000000000000000000        0.599999999999999999999999999999999981        0.400000000000000000000000000000000019        0.724999999999999999999999999999999981        0.275000000000000000000000000000000019        0.512000024318695068359375000000000000        0.425000011920928955078125000000000000         6.30000010132789611816406250000000000E-0002  0.870056494511586616800702331296776776        0.129943505488413383199297668703223248         0.00000000000000000000000000000000000        0.683022559859958444886526535977552353        0.167811590859605266884724425470909642        0.129098359310438402074632433326122454         2500.00000000000000000000000000000000        0.300000011920928955078125000000000000        -1.00000000000000000000000000000000000         4.50000000000000000000000000000000000         50.0000000000000000000000000000000000         1.56065902019695512529241011502555198         1.56064031820984511833029834323414908         1.56064031820984511833029834323414908         1.56064031820984511833029834323414908         1.56064031820984511833029834323414908         0.00000000000000000000000000000000000        -1.19835345093860864195836150351730734E-0003   2417.34709018584541702396986314928276         11537.0926415038555941571494381961013      
   5.67242606849218144376540893055636070         0.00000000000000000000000000000000000         0.00000000000000000000000000000000000        0.599999999999999999999999999999999981        0.400000000000000000000000000000000019        0.724999999999999999999999999999999981        0.275000000000000000000000000000000019        0.512000024318695068359375000000000000        0.425000011920928955078125000000000000         6.30000010132789611816406250000000000E-0002  0.870056494511586616800702331296776776        0.129943505488413383199297668703223248         0.00000000000000000000000000000000000        0.683022559859958444886526535977552353        0.167811590859605266884724425470909642        0.129098359310438402074632433326122454         2500.00000000000000000000000000000000        0.300000011920928955078125000000000000        -1.00000000000000000000000000000000000         4.50000000000000000000000000000000000         50.0000000000000000000000000000000000         1.57800273393204121100005287124597172         1.57800273393204121100005287124597172         1.57800273393204121100005287124597172         1.57800273393204121100005287124597172         1.57800273393204121100005287124597172         0.00000000000000000000000000000000000         0.00000000000000000000000000000000000         2550.56434067528962379503862710825726         11669.3005431561429589172778939424712      
   5.94113398496524757317294119695305884         0.00000000000000000000000000000000000         0.00000000000000000000000000000000000        0.599999999999999999999999999999999981        0.400000000000000000000000000000000019        0.724999999999999999999999999999999981        0.275000000000000000000000000000000019        0.512000024318695068359375000000000000        0.425000011920928955078125000000000000         6.30000010132789611816406250000000000E-0002  0.870056494511586616800702331296776776        0.129943505488413383199297668703223248         0.00000000000000000000000000000000000        0.683022559859958444886526535977552353        0.167811590859605266884724425470909642        0.129098359310438402074632433326122454         2500.00000000000000000000000000000000        0.300000011920928955078125000000000000        -1.00000000000000000000000000000000000         4.50000000000000000000000000000000000         50.0000000000000000000000000000000000         1.59568567291884081944890409816221578         1.59551679538768636856094441326959213         1.59551679538768636856094441326959213         1.59551679538768636856094441326959213         1.59551679538768636856094441326959213         0.00000000000000000000000000000000000        -1.05845035064902723687823624765935284E-0002   2686.50170333443517288287965602387019         11797.7296250882213336883852093568594      
   6.22257083673045567818932634861224246         0.00000000000000000000000000000000000         0.00000000000000000000000000000000000        0.599999999999999999999999999999999981        0.400000000000000000000000000000000019        0.724999999999999999999999999999999981        0.275000000000000000000000000000000019        0.512000024318695068359375000000000000        0.425000011920928955078125000000000000         6.30000010132789611816406250000000000E-0002  0.870056494511586616800702331296776776        0.129943505488413383199297668703223248         0.00000000000000000000000000000000000        0.683022559859958444886526535977552353        0.167811590859605266884724425470909642        0.129098359310438402074632433326122454         2500.00000000000000000000000000000000        0.300000011920928955078125000000000000        -1.00000000000000000000000000000000000         4.50000000000000000000000000000000000         50.0000000000000000000000000000000000         1.61328920515775523408756995910061768         1.61310519891138429167398188668429577         1.61310519891138429167398188668429577         1.61310519891138429167398188668429577         1.61310519891138429167398188668429577         0.00000000000000000000000000000000000        -1.14069588576814679882675347833295590E-0002   2835.16870626016623937270708940527293         11931.4047609442551581012619947643713      
   6.51733960488266225567076642791935208         0.00000000000000000000000000000000000         0.00000000000000000000000000000000000        0.599999999999999999999999999999999981        0.400000000000000000000000000000000019        0.724999999999999999999999999999999981        0.275000000000000000000000000000000019        0.512000024318695068359375000000000000        0.425000011920928955078125000000000000         6.30000010132789611816406250000000000E-0002  0.870056494511586616800702331296776776        0.129943505488413383199297668703223248         0.00000000000000000000000000000000000        0.683022559859958444886526535977552353        0.167811590859605266884724425470909642        0.129098359310438402074632433326122454         2500.00000000000000000000000000000000        0.300000011920928955078125000000000000        -1.00000000000000000000000000000000000         4.50000000000000000000000000000000000         50.0000000000000000000000000000000000         1.63102491011626705074061810239460212         1.63085529575921765864803055917803268         1.63085529575921765864803055917803268         1.63085529575921765864803055917803268         1.63085529575921765864803055917803268         0.00000000000000000000000000000000000        -1.04003315003144371113086620060440824E-0002   2991.72216092741240273429130048183418         12065.2738147614500037177712264167365      
   6.82607183427263972690668329495824292         0.00000000000000000000000000000000000         0.00000000000000000000000000000000000        0.599999999999999999999999999999999981        0.400000000000000000000000000000000019        0.724999999999999999999999999999999981        0.275000000000000000000000000000000019        0.512000024318695068359375000000000000        0.425000011920928955078125000000000000         6.30000010132789611816406250000000000E-0002  0.870056494511586616800702331296776776        0.129943505488413383199297668703223248         0.00000000000000000000000000000000000        0.683022559859958444886526535977552353        0.167811590859605266884724425470909642        0.129098359310438402074632433326122454         2500.00000000000000000000000000000000        0.300000011920928955078125000000000000        -1.00000000000000000000000000000000000         4.50000000000000000000000000000000000         50.0000000000000000000000000000000000         1.64887636502833773758689925265950520         1.64869495016396676003284067467950022         1.64869495016396676003284067467950022         1.64869495016396676003284067467950022         1.64869495016396676003284067467950022         0.00000000000000000000000000000000000        -1.10035433997620603166874893444253083E-0002   3157.53009977837048970348355000562265         12198.7249198150722277533001588429523      
   7.14942898659784326950660524938800231         0.00000000000000000000000000000000000         0.00000000000000000000000000000000000        0.599999999999999999999999999999999981        0.400000000000000000000000000000000019        0.724999999999999999999999999999999981        0.275000000000000000000000000000000019        0.512000024318695068359375000000000000        0.425000011920928955078125000000000000         6.30000010132789611816406250000000000E-0002  0.870056494511586616800702331296776776        0.129943505488413383199297668703223248         0.00000000000000000000000000000000000        0.683022559859958444886526535977552353        0.167811590859605266884724425470909642        0.129098359310438402074632433326122454         2500.00000000000000000000000000000000        0.300000011920928955078125000000000000        -1.00000000000000000000000000000000000         4.50000000000000000000000000000000000         50.0000000000000000000000000000000000         1.66684804810933275255566622862125347         1.66668943332306183829788690994962471         1.66668943332306183829788690994962471         1.66668943332306183829788690994962471         1.66668943332306183829788690994962471         0.00000000000000000000000000000000000        -9.51675717741046283429759620422195719E-0003   3335.46564260887889518763147552630101         12338.3823457922154596475450234137906      
   7.48810385759030229475404929283587874         0.00000000000000000000000000000000000         0.00000000000000000000000000000000000        0.599999999999999999999999999999999981        0.400000000000000000000000000000000019        0.724999999999999999999999999999999981        0.275000000000000000000000000000000019        0.512000024318695068359375000000000000        0.425000011920928955078125000000000000         6.30000010132789611816406250000000000E-0002  0.870056494511586616800702331296776776        0.129943505488413383199297668703223248         0.00000000000000000000000000000000000        0.683022559859958444886526535977552353        0.167811590859605266884724425470909642        0.129098359310438402074632433326122454         2500.00000000000000000000000000000000        0.300000011920928955078125000000000000        -1.00000000000000000000000000000000000         4.50000000000000000000000000000000000         50.0000000000000000000000000000000000         1.68492360825364578903693770275719645         1.68471308496820302338460019619478012         1.68471308496820302338460019619478012         1.68471308496820302338460019619478012         1.68471308496820302338460019619478012         0.00000000000000000000000000000000000        -1.24960913119956583924686991110876706E-0002   3524.44775655709182727820441950408442         12478.0388499244283869785125469001582      
   7.84282206133797492150195102086104320         0.00000000000000000000000000000000000         0.00000000000000000000000000000000000        0.599999999999999999999999999999999981        0.400000000000000000000000000000000019        0.724999999999999999999999999999999981        0.275000000000000000000000000000000019        0.512000024318695068359375000000000000        0.425000011920928955078125000000000000         6.30000010132789611816406250000000000E-0002  0.870056494511586616800702331296776776        0.129943505488413383199297668703223248         0.00000000000000000000000000000000000        0.683022559859958444886526535977552353        0.167811590859605266884724425470909642        0.129098359310438402074632433326122454         2500.00000000000000000000000000000000        0.300000011920928955078125000000000000        -1.00000000000000000000000000000000000         4.50000000000000000000000000000000000         50.0000000000000000000000000000000000         1.70312313526285545679281873704684980         1.70295449446324602045712538875094107         1.70295449446324602045712538875094107         1.70295449446324602045712538875094107         1.70295449446324602045712538875094107         0.00000000000000000000000000000000000        -9.90283652074861840662933574502153338E-0003   3722.74433453324683708456709122992835         12617.2721882010147782353155898446090      
   8.21434358491973787188331079880935809         0.00000000000000000000000000000000000         0.00000000000000000000000000000000000        0.599999999999999999999999999999999981        0.400000000000000000000000000000000019        0.724999999999999999999999999999999981        0.275000000000000000000000000000000019        0.512000024318695068359375000000000000        0.425000011920928955078125000000000000         6.30000010132789611816406250000000000E-0002  0.870056494511586616800702331296776776        0.129943505488413383199297668703223248         0.00000000000000000000000000000000000        0.683022559859958444886526535977552353        0.167811590859605266884724425470909642        0.129098359310438402074632433326122454         2500.00000000000000000000000000000000        0.300000011920928955078125000000000000        -1.00000000000000000000000000000000000         4.50000000000000000000000000000000000         50.0000000000000000000000000000000000         1.72143208515888260154720569692433443         1.72125145881131197912751301096615486         1.72125145881131197912751301096615486         1.72125145881131197912751301096615486         1.72125145881131197912751301096615486         0.00000000000000000000000000000000000        -1.04938965568320918656765820726328382E-0002   3935.08300593280689702400185648074987         12759.4957412968513407805323522419608      
   8.60346441668483183756181982790961157         0.00000000000000000000000000000000000         0.00000000000000000000000000000000000        0.599999999999999999999999999999999981        0.400000000000000000000000000000000019        0.724999999999999999999999999999999981        0.275000000000000000000000000000000019        0.512000024318695068359375000000000000        0.425000011920928955078125000000000000         6.30000010132789611816406250000000000E-0002  0.870056494511586616800702331296776776        0.129943505488413383199297668703223248         0.00000000000000000000000000000000000        0.683022559859958444886526535977552353        0.167811590859605266884724425470909642        0.129098359310438402074632433326122454         2500.00000000000000000000000000000000        0.300000011920928955078125000000000000        -1.00000000000000000000000000000000000         4.50000000000000000000000000000000000         50.0000000000000000000000000000000000         1.73985486353266341642920993429987192         1.73970160413895465076717059211018223         1.73970160413895465076717059211018223         1.73970160413895465076717059211018223         1.73970160413895465076717059211018223         0.00000000000000000000000000000000000        -8.80952189410779100811401429244973869E-0003   4158.97307484233276903644455359558421         12902.1042500546149284490311151411705      
   9.01101825166536630189666009569239489         0.00000000000000000000000000000000000         0.00000000000000000000000000000000000        0.599999999999999999999999999999999981        0.400000000000000000000000000000000019        0.724999999999999999999999999999999981        0.275000000000000000000000000000000019        0.512000024318695068359375000000000000        0.425000011920928955078125000000000000         6.30000010132789611816406250000000000E-0002  0.870056494511586616800702331296776776        0.129943505488413383199297668703223248         0.00000000000000000000000000000000000        0.683022559859958444886526535977552353        0.167811590859605266884724425470909642        0.129098359310438402074632433326122454         2500.00000000000000000000000000000000        0.300000011920928955078125000000000000        -1.00000000000000000000000000000000000         4.50000000000000000000000000000000000         50.0000000000000000000000000000000000         1.75837663352520381728999400211857754         1.75818975031618169133615078735207012         1.75818975031618169133615078735207012         1.75818975031618169133615078735207012         1.75818975031618169133615078735207012         0.00000000000000000000000000000000000        -1.06292969225032771949957323916193972E-0002   4398.53982125459280014510106250025088         13047.6797721728363691101179450131840      
   9.43787827777574610680776305101093867         0.00000000000000000000000000000000000         0.00000000000000000000000000000000000        0.599999999999999999999999999999999981        0.400000000000000000000000000000000019        0.724999999999999999999999999999999981        0.275000000000000000000000000000000019        0.512000024318695068359375000000000000        0.425000011920928955078125000000000000         6.30000010132789611816406250000000000E-0002  0.870056494511586616800702331296776776        0.129943505488413383199297668703223248         0.00000000000000000000000000000000000        0.683022559859958444886526535977552353        0.167811590859605266884724425470909642        0.129098359310438402074632433326122454         2500.00000000000000000000000000000000        0.300000011920928955078125000000000000        -1.00000000000000000000000000000000000         4.50000000000000000000000000000000000         50.0000000000000000000000000000000000         1.77701388469307247998820691154167960         1.77683140008885699388168845253594005         1.77683140008885699388168845253594005         1.77683140008885699388168845253594005         1.77683140008885699388168845253594005         0.00000000000000000000000000000000000        -1.02702262131545115783411266671952524E-0002   4652.15164582541092505151516155966660         13194.3878903741254282787906482566431      
   9.88495904662596879076778864032827051         0.00000000000000000000000000000000000         0.00000000000000000000000000000000000        0.599999999999999999999999999999999981        0.400000000000000000000000000000000019        0.724999999999999999999999999999999981        0.275000000000000000000000000000000019        0.512000024318695068359375000000000000        0.425000011920928955078125000000000000         6.30000010132789611816406250000000000E-0002  0.870056494511586616800702331296776776        0.129943505488413383199297668703223248         0.00000000000000000000000000000000000        0.683022559859958444886526535977552353        0.167811590859605266884724425470909642        0.129098359310438402074632433326122454         2500.00000000000000000000000000000000        0.300000011920928955078125000000000000        -1.00000000000000000000000000000000000         4.50000000000000000000000000000000000         50.0000000000000000000000000000000000         1.79575237126819958380572173022092659         1.79556001338007248854428291334317755         1.79556001338007248854428291334317755         1.79556001338007248854428291334317755         1.79556001338007248854428291334317755         0.00000000000000000000000000000000000        -1.07129745981026250603349418452793759E-0002   4921.00039371370322348222279851401464         13342.5606243704045659776797537449368      
   10.3532184329570277361739405380354267         0.00000000000000000000000000000000000         0.00000000000000000000000000000000000        0.599999999999999999999999999999999981        0.400000000000000000000000000000000019        0.724999999999999999999999999999999981        0.275000000000000000000000000000000019        0.512000024318695068359375000000000000        0.425000011920928955078125000000000000         6.30000010132789611816406250000000000E-0002  0.870056494511586616800702331296776776        0.129943505488413383199297668703223248         0.00000000000000000000000000000000000        0.683022559859958444886526535977552353        0.167811590859605266884724425470909642        0.129098359310438402074632433326122454         2500.00000000000000000000000000000000        0.300000011920928955078125000000000000        -1.00000000000000000000000000000000000         4.50000000000000000000000000000000000         50.0000000000000000000000000000000000         1.81438665945541420120165376455786345         1.81438665945541420120165376455786345         1.81438665945541420120165376455786345         1.81438665945541420120165376455786345         1.81438665945541420120165376455786345         0.00000000000000000000000000000000000         0.00000000000000000000000000000000000         5216.96569401338235856992937113171908         13497.9561286359051970219732487483855      
   10.8436596868965298573473131194133672         0.00000000000000000000000000000000000         0.00000000000000000000000000000000000        0.599999999999999999999999999999999981        0.400000000000000000000000000000000019        0.724999999999999999999999999999999981        0.275000000000000000000000000000000019        0.512000024318695068359375000000000000        0.425000011920928955078125000000000000         6.30000010132789611816406250000000000E-0002  0.870056494511586616800702331296776776        0.129943505488413383199297668703223248         0.00000000000000000000000000000000000        0.683022559859958444886526535977552353        0.167811590859605266884724425470909642        0.129098359310438402074632433326122454         2500.00000000000000000000000000000000        0.300000011920928955078125000000000000        -1.00000000000000000000000000000000000         4.50000000000000000000000000000000000         50.0000000000000000000000000000000000         1.83354475712371965958072813798388258         1.83337391074064031083037594681247647         1.83337391074064031083037594681247647         1.83337391074064031083037594681247647         1.83337391074064031083037594681247647         0.00000000000000000000000000000000000        -9.31868737077919884023773007736580686E-0003   5511.63917011249475268926089843522431         13645.5267212849320066324359205252627      
   11.3573335834315047407380755747457535         0.00000000000000000000000000000000000         0.00000000000000000000000000000000000        0.599999999999999999999999999999999981        0.400000000000000000000000000000000019        0.724999999999999999999999999999999981        0.275000000000000000000000000000000019        0.512000024318695068359375000000000000        0.425000011920928955078125000000000000         6.30000010132789611816406250000000000E-0002  0.870056494511586616800702331296776776        0.129943505488413383199297668703223248         0.00000000000000000000000000000000000        0.683022559859958444886526535977552353        0.167811590859605266884724425470909642        0.129098359310438402074632433326122454         2500.00000000000000000000000000000000        0.300000011920928955078125000000000000        -1.00000000000000000000000000000000000         4.50000000000000000000000000000000000         50.0000000000000000000000000000000000         1.85259041560600680048047252604660705         1.85243570618664358587952914100090739         1.85243570618664358587952914100090739         1.85243570618664358587952914100090739         1.85243570618664358587952914100090739         0.00000000000000000000000000000000000        -8.35167551815840102767223706812380365E-0003   5833.87608468605106304679804029859699         13799.4733213525493654877143015436136      
   11.8953406737036708935232311939754483         0.00000000000000000000000000000000000         0.00000000000000000000000000000000000        0.599999999999999999999999999999999981        0.400000000000000000000000000000000019        0.724999999999999999999999999999999981        0.275000000000000000000000000000000019        0.512000024318695068359375000000000000        0.425000011920928955078125000000000000         6.30000010132789611816406250000000000E-0002  0.870056494511586616800702331296776776        0.129943505488413383199297668703223248         0.00000000000000000000000000000000000        0.683022559859958444886526535977552353        0.167811590859605266884724425470909642        0.129098359310438402074632433326122454         2500.00000000000000000000000000000000        0.300000011920928955078125000000000000        -1.00000000000000000000000000000000000         4.50000000000000000000000000000000000         50.0000000000000000000000000000000000         1.87173532556034263467057232079657071         1.87157668290676483640107245548962929         1.87157668290676483640107245548962929         1.87157668290676483640107245548962929         1.87157668290676483640107245548962929         0.00000000000000000000000000000000000        -8.47641750544833386495006863306900360E-0003   6177.41152734761551362513090867847933         13956.1291865606267923060319099566269      
   12.4588336429505803262590704440291315         0.00000000000000000000000000000000000         0.00000000000000000000000000000000000        0.599999999999999999999999999999999981        0.400000000000000000000000000000000019        0.724999999999999999999999999999999981        0.275000000000000000000000000000000019        0.512000024318695068359375000000000000        0.425000011920928955078125000000000000         6.30000010132789611816406250000000000E-0002  0.870056494511586616800702331296776776        0.129943505488413383199297668703223248         0.00000000000000000000000000000000000        0.683022559859958444886526535977552353        0.167811590859605266884724425470909642        0.129098359310438402074632433326122454         2500.00000000000000000000000000000000        0.300000011920928955078125000000000000        -1.00000000000000000000000000000000000         4.50000000000000000000000000000000000         50.0000000000000000000000000000000000         1.89099128321267827967360255394090831         1.89097700844078014315623473705918765         1.89097700844078014315623473705918765         1.89097700844078014315623473705918765         1.89097700844078014315623473705918765         0.00000000000000000000000000000000000        -7.54888707499775049736042223973451846E-0004   6543.86030553546037528155248398545718         14115.5977671651490386329148129846489      
   13.0490197801445524899467209692621793         0.00000000000000000000000000000000000         0.00000000000000000000000000000000000        0.599999999999999999999999999999999981        0.400000000000000000000000000000000019        0.724999999999999999999999999999999981        0.275000000000000000000000000000000019        0.512000024318695068359375000000000000        0.425000011920928955078125000000000000         6.30000010132789611816406250000000000E-0002  0.870056494511586616800702331296776776        0.129943505488413383199297668703223248         0.00000000000000000000000000000000000        0.683022559859958444886526535977552353        0.167811590859605266884724425470909642        0.129098359310438402074632433326122454         2500.00000000000000000000000000000000        0.300000011920928955078125000000000000        -1.00000000000000000000000000000000000         4.50000000000000000000000000000000000         50.0000000000000000000000000000000000         1.91032066320759414551157801470989968         1.91023112068416981080679360851602941         1.91023112068416981080679360851602941         1.91023112068416981080679360851602941         1.91023112068416981080679360851602941         0.00000000000000000000000000000000000        -4.68752301513463394106126077077497321E-0003   6935.03664074504494110245428261033947         14277.7858489488809264749228473579193      
   13.6671635646206221493148154813537214         0.00000000000000000000000000000000000         0.00000000000000000000000000000000000        0.599999999999999999999999999999999981        0.400000000000000000000000000000000019        0.724999999999999999999999999999999981        0.275000000000000000000000000000000019        0.512000024318695068359375000000000000        0.425000011920928955078125000000000000         6.30000010132789611816406250000000000E-0002  0.870056494511586616800702331296776776        0.129943505488413383199297668703223248         0.00000000000000000000000000000000000        0.683022559859958444886526535977552353        0.167811590859605266884724425470909642        0.129098359310438402074632433326122454         2500.00000000000000000000000000000000        0.300000011920928955078125000000000000        -1.00000000000000000000000000000000000         4.50000000000000000000000000000000000         50.0000000000000000000000000000000000         1.92973781648817158818487050263030716         1.92951724903002047912010376258022585         1.92951724903002047912010376258022585         1.92951724903002047912010376258022585         1.92951724903002047912010376258022585         0.00000000000000000000000000000000000        -1.14312250000350920030791823183042640E-0002   7347.74489795252753146063108975309369         14441.9498219039968327373849458813634      
   14.3145893752353758338684692231306029         0.00000000000000000000000000000000000         0.00000000000000000000000000000000000        0.599999999999999999999999999999999981        0.400000000000000000000000000000000019        0.724999999999999999999999999999999981        0.275000000000000000000000000000000019        0.512000024318695068359375000000000000        0.425000011920928955078125000000000000         6.30000010132789611816406250000000000E-0002  0.870056494511586616800702331296776776        0.129943505488413383199297668703223248         0.00000000000000000000000000000000000        0.683022559859958444886526535977552353        0.167811590859605266884724425470909642        0.129098359310438402074632433326122454         2500.00000000000000000000000000000000        0.300000011920928955078125000000000000        -1.00000000000000000000000000000000000         4.50000000000000000000000000000000000         50.0000000000000000000000000000000000         1.94926882868621776373937842542175911         1.94913351144802897467507811193720303         1.94913351144802897467507811193720303         1.94913351144802897467507811193720303         1.94913351144802897467507811193720303         0.00000000000000000000000000000000000        -6.94243043865479794670042310846511013E-0003   7789.92792193827058764096810934691557         14608.7028074839475053494720114403754      
   14.9926843278610750864026478869771275         0.00000000000000000000000000000000000         0.00000000000000000000000000000000000        0.599999999999999999999999999999999981        0.400000000000000000000000000000000019        0.724999999999999999999999999999999981        0.275000000000000000000000000000000019        0.512000024318695068359375000000000000        0.425000011920928955078125000000000000         6.30000010132789611816406250000000000E-0002  0.870056494511586616800702331296776776        0.129943505488413383199297668703223248         0.00000000000000000000000000000000000        0.683022559859958444886526535977552353        0.167811590859605266884724425470909642        0.129098359310438402074632433326122454         2500.00000000000000000000000000000000        0.300000011920928955078125000000000000        -1.00000000000000000000000000000000000         4.50000000000000000000000000000000000         50.0000000000000000000000000000000000         1.96888021863859401708862509183682001         1.96873273507596440196139090413422928         1.96873273507596440196139090413422928         1.96873273507596440196139090413422928         1.96873273507596440196139090413422928         0.00000000000000000000000000000000000        -7.49129427280663417935610316894709111E-0003   8253.31106729716849654965640162129542         14775.2059720416306616969381988538327      
   15.7029012472944242844593367399923914         0.00000000000000000000000000000000000         0.00000000000000000000000000000000000        0.599999999999999999999999999999999981        0.400000000000000000000000000000000019        0.724999999999999999999999999999999981        0.275000000000000000000000000000000019        0.512000024318695068359375000000000000        0.425000011920928955078125000000000000         6.30000010132789611816406250000000000E-0002  0.870056494511586616800702331296776776        0.129943505488413383199297668703223248         0.00000000000000000000000000000000000        0.683022559859958444886526535977552353        0.167811590859605266884724425470909642        0.129098359310438402074632433326122454         2500.00000000000000000000000000000000        0.300000011920928955078125000000000000        -1.00000000000000000000000000000000000         4.50000000000000000000000000000000000         50.0000000000000000000000000000000000         1.98827027233847939598120047514421621         1.98825639827650624294447249336393360         1.98825639827650624294447249336393360         1.98825639827650624294447249336393360         1.98825639827650624294447249336393360         0.00000000000000000000000000000000000        -6.97800443905503526376119887098780676E-0004   8759.54735486620918523202082461488015         14952.8737824658622670428623090149702      
   16.4467617799473254470491446022305387         0.00000000000000000000000000000000000         0.00000000000000000000000000000000000        0.599999999999999999999999999999999981        0.400000000000000000000000000000000019        0.724999999999999999999999999999999981        0.275000000000000000000000000000000019        0.512000024318695068359375000000000000        0.425000011920928955078125000000000000         6.30000010132789611816406250000000000E-0002  0.870056494511586616800702331296776776        0.129943505488413383199297668703223248         0.00000000000000000000000000000000000        0.683022559859958444886526535977552353        0.167811590859605266884724425470909642        0.129098359310438402074632433326122454         2500.00000000000000000000000000000000        0.300000011920928955078125000000000000        -1.00000000000000000000000000000000000         4.50000000000000000000000000000000000         50.0000000000000000000000000000000000         2.00746446112696719147127880687973213         2.00732736618520931848709841931223987         2.00732736618520931848709841931223987         2.00732736618520931848709841931223987         2.00732736618520931848709841931223987         0.00000000000000000000000000000000000        -6.82972513937338992045665556625722615E-0003   9298.85272850800435737055619014025850         15130.3969250608729787484565558714810      
   17.2258596539885891666448939958271182         0.00000000000000000000000000000000000         0.00000000000000000000000000000000000        0.599999999999999999999999999999999981        0.400000000000000000000000000000000019        0.724999999999999999999999999999999981        0.275000000000000000000000000000000019        0.512000024318695068359375000000000000        0.425000011920928955078125000000000000         6.30000010132789611816406250000000000E-0002  0.870056494511586616800702331296776776        0.129943505488413383199297668703223248         0.00000000000000000000000000000000000        0.683022559859958444886526535977552353        0.167811590859605266884724425470909642        0.129098359310438402074632433326122454         2500.00000000000000000000000000000000        0.300000011920928955078125000000000000        -1.00000000000000000000000000000000000         4.50000000000000000000000000000000000         50.0000000000000000000000000000000000         2.02673151794891991127920356699116682         2.02671185979241509442476099756485205         2.02671185979241509442476099756485205         2.02671185979241509442476099756485205         2.02671185979241509442476099756485205         0.00000000000000000000000000000000000        -9.69953198321459019509020770083196879E-0004   9876.95727350530727973432129819757176         15315.4017484663677050646475657424744      
   18.0418640939214858630807661830989717         0.00000000000000000000000000000000000         0.00000000000000000000000000000000000        0.599999999999999999999999999999999981        0.400000000000000000000000000000000019        0.724999999999999999999999999999999981        0.275000000000000000000000000000000019        0.512000024318695068359375000000000000        0.425000011920928955078125000000000000         6.30000010132789611816406250000000000E-0002  0.870056494511586616800702331296776776        0.129943505488413383199297668703223248         0.00000000000000000000000000000000000        0.683022559859958444886526535977552353        0.167811590859605266884724425470909642        0.129098359310438402074632433326122454         2500.00000000000000000000000000000000        0.300000011920928955078125000000000000        -1.00000000000000000000000000000000000         4.50000000000000000000000000000000000         50.0000000000000000000000000000000000         2.04600486465827429770515310511459191         2.04578021900686778216165480359733046         2.04578021900686778216165480359733046         2.04578021900686778216165480359733046         2.04578021900686778216165480359733046         0.00000000000000000000000000000000000        -1.09809279276133912647292399238920079E-0002   10488.9169227912306137049525213303585         15499.2583643218938523578240569288066      
   18.8965233969129017925278720876753030         0.00000000000000000000000000000000000         0.00000000000000000000000000000000000        0.599999999999999999999999999999999981        0.400000000000000000000000000000000019        0.724999999999999999999999999999999981        0.275000000000000000000000000000000019        0.512000024318695068359375000000000000        0.425000011920928955078125000000000000         6.30000010132789611816406250000000000E-0002  0.870056494511586616800702331296776776        0.129943505488413383199297668703223248         0.00000000000000000000000000000000000        0.683022559859958444886526535977552353        0.167811590859605266884724425470909642        0.129098359310438402074632433326122454         2500.00000000000000000000000000000000        0.300000011920928955078125000000000000        -1.00000000000000000000000000000000000         4.50000000000000000000000000000000000         50.0000000000000000000000000000000000         2.06536157228470079768024112352584734         2.06532975417078714313407446493290169         2.06532975417078714313407446493290169         2.06532975417078714313407446493290169         2.06532975417078714313407446493290169         0.00000000000000000000000000000000000        -1.54058274952946951545834544437869164E-0003   11145.2441589995951293251126954473162         15692.5036123732045700221750668669937      
   19.7916686785364185751762295282302534         0.00000000000000000000000000000000000         0.00000000000000000000000000000000000        0.599999999999999999999999999999999981        0.400000000000000000000000000000000019        0.724999999999999999999999999999999981        0.275000000000000000000000000000000019        0.512000024318695068359375000000000000        0.425000011920928955078125000000000000         6.30000010132789611816406250000000000E-0002  0.870056494511586616800702331296776776        0.129943505488413383199297668703223248         0.00000000000000000000000000000000000        0.683022559859958444886526535977552353        0.167811590859605266884724425470909642        0.129098359310438402074632433326122454         2500.00000000000000000000000000000000        0.300000011920928955078125000000000000        -1.00000000000000000000000000000000000         4.50000000000000000000000000000000000         50.0000000000000000000000000000000000         2.08471675201963211005353618778563494         2.08452352053053091676160689964404425         2.08452352053053091676160689964404425         2.08452352053053091676160689964404425         2.08452352053053091676160689964404425         0.00000000000000000000000000000000000        -9.26981572517896337194528697027888983E-0003   11840.9894089865305597371302652224757         15884.4726709044130523002923897589420      
   20.7292177959546059255378205487295255         0.00000000000000000000000000000000000         0.00000000000000000000000000000000000        0.599999999999999999999999999999999981        0.400000000000000000000000000000000019        0.724999999999999999999999999999999981        0.275000000000000000000000000000000019        0.512000024318695068359375000000000000        0.425000011920928955078125000000000000         6.30000010132789611816406250000000000E-0002  0.870056494511586616800702331296776776        0.129943505488413383199297668703223248         0.00000000000000000000000000000000000        0.683022559859958444886526535977552353        0.167811590859605266884724425470909642        0.129098359310438402074632433326122454         2500.00000000000000000000000000000000        0.300000011920928955078125000000000000        -1.00000000000000000000000000000000000         4.50000000000000000000000000000000000         50.0000000000000000000000000000000000         2.10413124050188635630161306031171874         2.10405271450926532340961001382553916         2.10405271450926532340961001382553916         2.10405271450926532340961001382553916         2.10405271450926532340961001382553916         0.00000000000000000000000000000000000        -3.73213047750791502539784657743234882E-0003   12586.0175065926109388773744500302119         16085.5099068847411231305990401930516      
   21.7111794569459824479971497798839502         0.00000000000000000000000000000000000         0.00000000000000000000000000000000000        0.599999999999999999999999999999999981        0.400000000000000000000000000000000019        0.724999999999999999999999999999999981        0.275000000000000000000000000000000019        0.512000024318695068359375000000000000        0.425000011920928955078125000000000000         6.30000010132789611816406250000000000E-0002  0.870056494511586616800702331296776776        0.129943505488413383199297668703223248         0.00000000000000000000000000000000000        0.683022559859958444886526535977552353        0.167811590859605266884724425470909642        0.129098359310438402074632433326122454         2500.00000000000000000000000000000000        0.300000011920928955078125000000000000        -1.00000000000000000000000000000000000         4.50000000000000000000000000000000000         50.0000000000000000000000000000000000         2.12357043481648032689280955166778103         2.12354680010501102171127510966617635         2.12354680010501102171127510966617635         2.12354680010501102171127510966617635         2.12354680010501102171127510966617635         0.00000000000000000000000000000000000        -1.11298283928267683497439772334962626E-0003   13380.7236825084199309050585533168401         16289.8811244566516496112238358542223      
   22.7396575235802733048359620889347810         0.00000000000000000000000000000000000         0.00000000000000000000000000000000000        0.599999999999999999999999999999999981        0.400000000000000000000000000000000019        0.724999999999999999999999999999999981        0.275000000000000000000000000000000019        0.512000024318695068359375000000000000        0.425000011920928955078125000000000000         6.30000010132789611816406250000000000E-0002  0.870056494511586616800702331296776776        0.129943505488413383199297668703223248         0.00000000000000000000000000000000000        0.683022559859958444886526535977552353        0.167811590859605266884724425470909642        0.129098359310438402074632433326122454         2500.00000000000000000000000000000000        0.300000011920928955078125000000000000        -1.00000000000000000000000000000000000         4.50000000000000000000000000000000000         50.0000000000000000000000000000000000         2.14300643694894216445164156730711673         2.14281697255235341867199624419792923         2.14281697255235341867199624419792923         2.14281697255235341867199624419792923         2.14281697255235341867199624419792923         0.00000000000000000000000000000000000        -8.84183759115323954215733682494076914E-0003   14223.9403441494864492742101711830513         16494.8916925195268450612239754240406      
   23.8168555197626293658587845572158158         0.00000000000000000000000000000000000         0.00000000000000000000000000000000000        0.599999999999999999999999999999999981        0.400000000000000000000000000000000019        0.724999999999999999999999999999999981        0.275000000000000000000000000000000019        0.512000024318695068359375000000000000        0.425000011920928955078125000000000000         6.30000010132789611816406250000000000E-0002  0.870056494511586616800702331296776776        0.129943505488413383199297668703223248         0.00000000000000000000000000000000000        0.683022559859958444886526535977552353        0.167811590859605266884724425470909642        0.129098359310438402074632433326122454         2500.00000000000000000000000000000000        0.300000011920928955078125000000000000        -1.00000000000000000000000000000000000         4.50000000000000000000000000000000000         50.0000000000000000000000000000000000         2.16248583203687791949977436221871964         2.16238506627496557087512756281762972         2.16238506627496557087512756281762972         2.16238506627496557087512756281762972         2.16238506627496557087512756281762972         0.00000000000000000000000000000000000        -4.65993608094662103994610542217156843E-0003   15127.8436438214750279480490146704275         16709.9337421053715530181863186311930      
   24.9450813523042636110632071495682141         0.00000000000000000000000000000000000         0.00000000000000000000000000000000000        0.599999999999999999999999999999999981        0.400000000000000000000000000000000019        0.724999999999999999999999999999999981        0.275000000000000000000000000000000019        0.512000024318695068359375000000000000        0.425000011920928955078125000000000000         6.30000010132789611816406250000000000E-0002  0.870056494511586616800702331296776776        0.129943505488413383199297668703223248         0.00000000000000000000000000000000000        0.683022559859958444886526535977552353        0.167811590859605266884724425470909642        0.129098359310438402074632433326122454         2500.00000000000000000000000000000000        0.300000011920928955078125000000000000        -1.00000000000000000000000000000000000         4.50000000000000000000000000000000000         50.0000000000000000000000000000000000         2.18197729529996238332971410827064210         2.18194501969010637762103516485544940         2.18194501969010637762103516485544940         2.18194501969010637762103516485544940         2.18194501969010637762103516485544940         0.00000000000000000000000000000000000        -1.47921279247401452783783610378304748E-0003   16092.5202138313595017341934469882106         16928.9796359095869175945126233619696      
   26.1267522556344429096957856567219458         0.00000000000000000000000000000000000         0.00000000000000000000000000000000000        0.599999999999999999999999999999999981        0.400000000000000000000000000000000019        0.724999999999999999999999999999999981        0.275000000000000000000000000000000019        0.512000024318695068359375000000000000        0.425000011920928955078125000000000000         6.30000010132789611816406250000000000E-0002  0.870056494511586616800702331296776776        0.129943505488413383199297668703223248         0.00000000000000000000000000000000000        0.683022559859958444886526535977552353        0.167811590859605266884724425470909642        0.129098359310438402074632433326122454         2500.00000000000000000000000000000000        0.300000011920928955078125000000000000        -1.00000000000000000000000000000000000         4.50000000000000000000000000000000000         50.0000000000000000000000000000000000         2.20146713470925105018547120688715121         2.20143637523498842281280309399184091         2.20143637523498842281280309399184091         2.20143637523498842281280309399184091         2.20143637523498842281280309399184091         0.00000000000000000000000000000000000        -1.39724566236187530622175808393564270E-0003   17120.7379091536725641716339385435454         17152.5319718509242896978398096317894      
   27.3643999707479270007413801432196356         0.00000000000000000000000000000000000         0.00000000000000000000000000000000000        0.599999999999999999999999999999999981        0.400000000000000000000000000000000019        0.724999999999999999999999999999999981        0.275000000000000000000000000000000019        0.512000024318695068359375000000000000        0.425000011920928955078125000000000000         6.30000010132789611816406250000000000E-0002  0.870056494511586616800702331296776776        0.129943505488413383199297668703223248         0.00000000000000000000000000000000000        0.683022559859958444886526535977552353        0.167811590859605266884724425470909642        0.129098359310438402074632433326122454         2500.00000000000000000000000000000000        0.300000011920928955078125000000000000        -1.00000000000000000000000000000000000         4.50000000000000000000000000000000000         50.0000000000000000000000000000000000         2.22094108072681479972523667601229754         2.22083499629035488866611641185958287         2.22083499629035488866611641185958287         2.22083499629035488866611641185958287         2.22083499629035488866611641185958287         0.00000000000000000000000000000000000        -4.77678155455550288688403474330149737E-0003   18208.9411383872436557213457367821012         17380.5115941430204526144487719461038      
   28.6606761694837981427111233968978527         0.00000000000000000000000000000000000         0.00000000000000000000000000000000000        0.599999999999999999999999999999999981        0.400000000000000000000000000000000019        0.724999999999999999999999999999999981        0.275000000000000000000000000000000019        0.512000024318695068359375000000000000        0.425000011920928955078125000000000000         6.30000010132789611816406250000000000E-0002  0.870056494511586616800702331296776776        0.129943505488413383199297668703223248         0.00000000000000000000000000000000000        0.683022559859958444886526535977552353        0.167811590859605266884724425470909642        0.129098359310438402074632433326122454         2500.00000000000000000000000000000000        0.300000011920928955078125000000000000        -1.00000000000000000000000000000000000         4.50000000000000000000000000000000000         50.0000000000000000000000000000000000         2.24040846672582666644509293521229273         2.24008487446111865313683732454885797         2.24008487446111865313683732454885797         2.24008487446111865313683732454885797         2.24008487446111865313683732454885797         0.00000000000000000000000000000000000        -1.44455358989849706774910726500156890E-0002   19402.6321098894293734720467432303728         17618.4365957095846892986037945425438      
   30.0183581357572497063742795553511495         0.00000000000000000000000000000000000         0.00000000000000000000000000000000000        0.599999999999999999999999999999999981        0.400000000000000000000000000000000019        0.724999999999999999999999999999999981        0.275000000000000000000000000000000019        0.512000024318695068359375000000000000        0.425000011920928955078125000000000000         6.30000010132789611816406250000000000E-0002  0.870056494511586616800702331296776776        0.129943505488413383199297668703223248         0.00000000000000000000000000000000000        0.683022559859958444886526535977552353        0.167811590859605266884724425470909642        0.129098359310438402074632433326122454         2500.00000000000000000000000000000000        0.300000011920928955078125000000000000        -1.00000000000000000000000000000000000         4.50000000000000000000000000000000000         50.0000000000000000000000000000000000         2.25989907751155478010416589877523724         2.25969546766102373241180384190095300         2.25969546766102373241180384190095300         2.25969546766102373241180384190095300         2.25969546766102373241180384190095300         0.00000000000000000000000000000000000        -9.01049957593627158239784062462088005E-0003   20639.3138623403863539052073030998824         17858.0250714955537896428239880769994      
   31.4403547159164261088988818749477531         0.00000000000000000000000000000000000         0.00000000000000000000000000000000000        0.599999999999999999999999999999999981        0.400000000000000000000000000000000019        0.724999999999999999999999999999999981        0.275000000000000000000000000000000019        0.512000024318695068359375000000000000        0.425000011920928955078125000000000000         6.30000010132789611816406250000000000E-0002  0.870056494511586616800702331296776776        0.129943505488413383199297668703223248         0.00000000000000000000000000000000000        0.683022559859958444886526535977552353        0.167811590859605266884724425470909642        0.129098359310438402074632433326122454         2500.00000000000000000000000000000000        0.300000011920928955078125000000000000        -1.00000000000000000000000000000000000         4.50000000000000000000000000000000000         50.0000000000000000000000000000000000         2.27936727294722637506451715145341132         2.27931843293686177721966249185761072         2.27931843293686177721966249185761072         2.27931843293686177721966249185761072         2.27931843293686177721966249185761072         0.00000000000000000000000000000000000        -2.14274625514559407587832902611635535E-0003   21978.7489256655276526464784779231140         18105.2397640488046876648323732002209      
   32.9297125509730094348267134385588767         0.00000000000000000000000000000000000         0.00000000000000000000000000000000000        0.599999999999999999999999999999999981        0.400000000000000000000000000000000019        0.724999999999999999999999999999999981        0.275000000000000000000000000000000019        0.512000024318695068359375000000000000        0.425000011920928955078125000000000000         6.30000010132789611816406250000000000E-0002  0.870056494511586616800702331296776776        0.129943505488413383199297668703223248         0.00000000000000000000000000000000000        0.683022559859958444886526535977552353        0.167811590859605266884724425470909642        0.129098359310438402074632433326122454         2500.00000000000000000000000000000000        0.300000011920928955078125000000000000        -1.00000000000000000000000000000000000         4.50000000000000000000000000000000000         50.0000000000000000000000000000000000         2.29877955713464185992094257761582409         2.29862913976507289713763174809829069         2.29862913976507289713763174809829069         2.29862913976507289713763174809829069         2.29862913976507289713763174809829069         0.00000000000000000000000000000000000        -6.54378590120613845285408735970417385E-0003   23400.0054690510348525498426179474776         18359.3251645621543886846533523644541      
   34.4896226040591652356324616013479640         0.00000000000000000000000000000000000         0.00000000000000000000000000000000000        0.599999999999999999999999999999999981        0.400000000000000000000000000000000019        0.724999999999999999999999999999999981        0.275000000000000000000000000000000019        0.512000024318695068359375000000000000        0.425000011920928955078125000000000000         6.30000010132789611816406250000000000E-0002  0.870056494511586616800702331296776776        0.129943505488413383199297668703223248         0.00000000000000000000000000000000000        0.683022559859958444886526535977552353        0.167811590859605266884724425470909642        0.129098359310438402074632433326122454         2500.00000000000000000000000000000000        0.300000011920928955078125000000000000        -1.00000000000000000000000000000000000         4.50000000000000000000000000000000000         50.0000000000000000000000000000000000         2.31816955907840917141309434935285605         2.31808897735647767917793438348018520         2.31808897735647767917793438348018520         2.31808897735647767917793438348018520         2.31808897735647767917793438348018520         0.00000000000000000000000000000000000        -3.47621349821466796778008831389428243E-0003   24918.9732833026233404885669271478682         18619.5910694391461250620513158445531      
   36.1234269970959852434556329432163891         0.00000000000000000000000000000000000         0.00000000000000000000000000000000000        0.599999999999999999999999999999999981        0.400000000000000000000000000000000019        0.724999999999999999999999999999999981        0.275000000000000000000000000000000019        0.512000024318695068359375000000000000        0.425000011920928955078125000000000000         6.30000010132789611816406250000000000E-0002  0.870056494511586616800702331296776776        0.129943505488413383199297668703223248         0.00000000000000000000000000000000000        0.683022559859958444886526535977552353        0.167811590859605266884724425470909642        0.129098359310438402074632433326122454         2500.00000000000000000000000000000000        0.300000011920928955078125000000000000        -1.00000000000000000000000000000000000         4.50000000000000000000000000000000000         50.0000000000000000000000000000000000         2.33753477493129861993751444419405853         2.33750712929605578276619604882281832         2.33750712929605578276619604882281832         2.33750712929605578276619604882281832         2.33750712929605578276619604882281832         0.00000000000000000000000000000000000        -1.18269736576857846983764323976079229E-0003   26569.0756196142984952205605859981786         18889.8474942381598598622210888919594      
   37.8346261713210532672152332780757538         0.00000000000000000000000000000000000         0.00000000000000000000000000000000000        0.599999999999999999999999999999999981        0.400000000000000000000000000000000019        0.724999999999999999999999999999999981        0.275000000000000000000000000000000019        0.512000024318695068359375000000000000        0.425000011920928955078125000000000000         6.30000010132789611816406250000000000E-0002  0.870056494511586616800702331296776776        0.129943505488413383199297668703223248         0.00000000000000000000000000000000000        0.683022559859958444886526535977552353        0.167811590859605266884724425470909642        0.129098359310438402074632433326122454         2500.00000000000000000000000000000000        0.300000011920928955078125000000000000        -1.00000000000000000000000000000000000         4.50000000000000000000000000000000000         50.0000000000000000000000000000000000         2.35682971418845556825123003082577388         2.35678542614492301472868511011493383         2.35678542614492301472868511011493383         2.35678542614492301472868511011493383         2.35678542614492301472868511011493383         0.00000000000000000000000000000000000        -1.87917164801027458240474989652267926E-0003   28313.3727619335567053707004503412058         19165.7393847920874675124020500878250      
   39.6268863870166317486167498635414547         0.00000000000000000000000000000000000         0.00000000000000000000000000000000000        0.599999999999999999999999999999999981        0.400000000000000000000000000000000019        0.724999999999999999999999999999999981        0.275000000000000000000000000000000019        0.512000024318695068359375000000000000        0.425000011920928955078125000000000000         6.30000010132789611816406250000000000E-0002  0.870056494511586616800702331296776776        0.129943505488413383199297668703223248         0.00000000000000000000000000000000000        0.683022559859958444886526535977552353        0.167811590859605266884724425470909642        0.129098359310438402074632433326122454         2500.00000000000000000000000000000000        0.300000011920928955078125000000000000        -1.00000000000000000000000000000000000         4.50000000000000000000000000000000000         50.0000000000000000000000000000000000         2.37605228958021314922087947317998345         2.37588831213016227189369658222308491         2.37588831213016227189369658222308491         2.37588831213016227189369658222308491         2.37588831213016227189369658222308491         0.00000000000000000000000000000000000        -6.90173225793847314805672216981408410E-0003   30177.5522245801885502480278781789171         19448.9046806521059310658727764363129      
   41.5040475785067069671132337416860269         0.00000000000000000000000000000000000         0.00000000000000000000000000000000000        0.599999999999999999999999999999999981        0.400000000000000000000000000000000019        0.724999999999999999999999999999999981        0.275000000000000000000000000000000019        0.512000024318695068359375000000000000        0.425000011920928955078125000000000000         6.30000010132789611816406250000000000E-0002  0.870056494511586616800702331296776776        0.129943505488413383199297668703223248         0.00000000000000000000000000000000000        0.683022559859958444886526535977552353        0.167811590859605266884724425470909642        0.129098359310438402074632433326122454         2500.00000000000000000000000000000000        0.300000011920928955078125000000000000        -1.00000000000000000000000000000000000         4.50000000000000000000000000000000000         50.0000000000000000000000000000000000         2.39522892271153228841483250838171555         2.39516539375758166611449152081367641         2.39516539375758166611449152081367641         2.39516539375758166611449152081367641         2.39516539375758166611449152081367641         0.00000000000000000000000000000000000        -2.65238275887732546428584815195392427E-0003   32176.9680193494339830098940054315013         19742.0483747310488559198003556324696      
   43.4701315812522977450502814228557596         0.00000000000000000000000000000000000         0.00000000000000000000000000000000000        0.599999999999999999999999999999999981        0.400000000000000000000000000000000019        0.724999999999999999999999999999999981        0.275000000000000000000000000000000019        0.512000024318695068359375000000000000        0.425000011920928955078125000000000000         6.30000010132789611816406250000000000E-0002  0.870056494511586616800702331296776776        0.129943505488413383199297668703223248         0.00000000000000000000000000000000000        0.683022559859958444886526535977552353        0.167811590859605266884724425470909642        0.129098359310438402074632433326122454         2500.00000000000000000000000000000000        0.300000011920928955078125000000000000        -1.00000000000000000000000000000000000         4.50000000000000000000000000000000000         50.0000000000000000000000000000000000         2.41431252546510815858350043945752094         2.41420837990777433185567265729897767         2.41420837990777433185567265729897767         2.41420837990777433185567265729897767         2.41420837990777433185567265729897767         0.00000000000000000000000000000000000        -4.31385949119293561421331506411989320E-0003   34313.1947915506270735502469146750150         20042.7648277694343514344890967256849      
   45.5293507486716565241505913849878156         0.00000000000000000000000000000000000         0.00000000000000000000000000000000000        0.599999999999999999999999999999999981        0.400000000000000000000000000000000019        0.724999999999999999999999999999999981        0.275000000000000000000000000000000019        0.512000024318695068359375000000000000        0.425000011920928955078125000000000000         6.30000010132789611816406250000000000E-0002  0.870056494511586616800702331296776776        0.129943505488413383199297668703223248         0.00000000000000000000000000000000000        0.683022559859958444886526535977552353        0.167811590859605266884724425470909642        0.129098359310438402074632433326122454         2500.00000000000000000000000000000000        0.300000011920928955078125000000000000        -1.00000000000000000000000000000000000         4.50000000000000000000000000000000000         50.0000000000000000000000000000000000         2.43329720529214980143407033831436402         2.43307590910153106553201101204384293         2.43307590910153106553201101204384293         2.43307590910153106553201101204384293         2.43307590910153106553201101204384293         0.00000000000000000000000000000000000        -9.09532619968501444955016040732290673E-0003   36598.4487495454466465323082724297548         20351.8944146921769337110316156338938      
   47.6861169771469809221183781797401387         0.00000000000000000000000000000000000         0.00000000000000000000000000000000000        0.599999999999999999999999999999999981        0.400000000000000000000000000000000019        0.724999999999999999999999999999999981        0.275000000000000000000000000000000019        0.512000024318695068359375000000000000        0.425000011920928955078125000000000000         6.30000010132789611816406250000000000E-0002  0.870056494511586616800702331296776776        0.129943505488413383199297668703223248         0.00000000000000000000000000000000000        0.683022559859958444886526535977552353        0.167811590859605266884724425470909642        0.129098359310438402074632433326122454         2500.00000000000000000000000000000000        0.300000011920928955078125000000000000        -1.00000000000000000000000000000000000         4.50000000000000000000000000000000000         50.0000000000000000000000000000000000         2.45220926370965958647718841587027412         2.45214382727872825666788151550159024         2.45214382727872825666788151550159024         2.45214382727872825666788151550159024         2.45214382727872825666788151550159024         0.00000000000000000000000000000000000        -2.66853967550296694692534470401398493E-0003   39050.2552186565254095171223541336544         20672.1010086194192204361451033655579      
   49.9450511585537973057412883106299450         0.00000000000000000000000000000000000         0.00000000000000000000000000000000000        0.599999999999999999999999999999999981        0.400000000000000000000000000000000019        0.724999999999999999999999999999999981        0.275000000000000000000000000000000019        0.512000024318695068359375000000000000        0.425000011920928955078125000000000000         6.30000010132789611816406250000000000E-0002  0.870056494511586616800702331296776776        0.129943505488413383199297668703223248         0.00000000000000000000000000000000000        0.683022559859958444886526535977552353        0.167811590859605266884724425470909642        0.129098359310438402074632433326122454         2500.00000000000000000000000000000000        0.300000011920928955078125000000000000        -1.00000000000000000000000000000000000         4.50000000000000000000000000000000000         50.0000000000000000000000000000000000         2.47100066774181418163666786506248816         2.47092574503140301680516108940711560         2.47092574503140301680516108940711560         2.47092574503140301680516108940711560         2.47092574503140301680516108940711560         0.00000000000000000000000000000000000        -3.03217166933572251593067702209140416E-0003   41673.7803342004010762803168096780992         21001.1590688342596731823753144689353      
   52.3109930805651492519346455020741169         0.00000000000000000000000000000000000         0.00000000000000000000000000000000000        0.599999999999999999999999999999999981        0.400000000000000000000000000000000019        0.724999999999999999999999999999999981        0.275000000000000000000000000000000019        0.512000024318695068359375000000000000        0.425000011920928955078125000000000000         6.30000010132789611816406250000000000E-0002  0.870056494511586616800702331296776776        0.129943505488413383199297668703223248         0.00000000000000000000000000000000000        0.683022559859958444886526535977552353        0.167811590859605266884724425470909642        0.129098359310438402074632433326122454         2500.00000000000000000000000000000000        0.300000011920928955078125000000000000        -1.00000000000000000000000000000000000         4.50000000000000000000000000000000000         50.0000000000000000000000000000000000         2.48964495857030188767947424977515629         2.48938715862086809833793514827836333         2.48938715862086809833793514827836333         2.48938715862086809833793514827836333         2.48938715862086809833793514827836333         0.00000000000000000000000000000000000        -1.03559604435579918287886579962016102E-0002   44478.3257092131449801512644516354415         21339.0012022433669018773537892689451      
   54.7890117959420854878872849816232285         0.00000000000000000000000000000000000         0.00000000000000000000000000000000000        0.599999999999999999999999999999999981        0.400000000000000000000000000000000019        0.724999999999999999999999999999999981        0.275000000000000000000000000000000019        0.512000024318695068359375000000000000        0.425000011920928955078125000000000000         6.30000010132789611816406250000000000E-0002  0.870056494511586616800702331296776776        0.129943505488413383199297668703223248         0.00000000000000000000000000000000000        0.683022559859958444886526535977552353        0.167811590859605266884724425470909642        0.129098359310438402074632433326122454         2500.00000000000000000000000000000000        0.300000011920928955078125000000000000        -1.00000000000000000000000000000000000         4.50000000000000000000000000000000000         50.0000000000000000000000000000000000         2.50816989504087716375535967918125312         2.50782689927542950643227474249697088         2.50782689927542950643227474249697088         2.50782689927542950643227474249697088         2.50782689927542950643227474249697088         0.00000000000000000000000000000000000        -1.36770111823410503537599907204729719E-0002   47487.1774994914983718286273377703488         21688.1415158579066365166751161176311      
   57.3844164830267494473134630390337038         0.00000000000000000000000000000000000         0.00000000000000000000000000000000000        0.599999999999999999999999999999999981        0.400000000000000000000000000000000019        0.724999999999999999999999999999999981        0.275000000000000000000000000000000019        0.512000024318695068359375000000000000        0.425000011920928955078125000000000000         6.30000010132789611816406250000000000E-0002  0.870056494511586616800702331296776776        0.129943505488413383199297668703223248         0.00000000000000000000000000000000000        0.683022559859958444886526535977552353        0.167811590859605266884724425470909642        0.129098359310438402074632433326122454         2500.00000000000000000000000000000000        0.300000011920928955078125000000000000        -1.00000000000000000000000000000000000         4.50000000000000000000000000000000000         50.0000000000000000000000000000000000         2.52656748612039944429666670673365915         2.52631175997873352573151603085587714         2.52631175997873352573151603085587714         2.52631175997873352573151603085587714         2.52631175997873352573151603085587714         0.00000000000000000000000000000000000        -1.01225092530967463008726447185847067E-0002   50713.6822290069414692208309173399622         22048.9058409136500113466396453023590      
   60.1027678207067787613836741752440859         0.00000000000000000000000000000000000         0.00000000000000000000000000000000000        0.599999999999999999999999999999999981        0.400000000000000000000000000000000019        0.724999999999999999999999999999999981        0.275000000000000000000000000000000019        0.512000024318695068359375000000000000        0.425000011920928955078125000000000000         6.30000010132789611816406250000000000E-0002  0.870056494511586616800702331296776776        0.129943505488413383199297668703223248         0.00000000000000000000000000000000000        0.683022559859958444886526535977552353        0.167811590859605266884724425470909642        0.129098359310438402074632433326122454         2500.00000000000000000000000000000000        0.300000011920928955078125000000000000        -1.00000000000000000000000000000000000         4.50000000000000000000000000000000000         50.0000000000000000000000000000000000         2.54477771873484228968797348959672493         2.54430078420763406314874788088282480         2.54430078420763406314874788088282480         2.54430078420763406314874788088282480         2.54430078420763406314874788088282480         0.00000000000000000000000000000000000        -1.87452100855582292615917098064347564E-0002   54169.5577374074313794040538409675756         22419.6562505635627853430997501418303      
   62.9498899022219826103145225233349426         0.00000000000000000000000000000000000         0.00000000000000000000000000000000000        0.599999999999999999999999999999999981        0.400000000000000000000000000000000019        0.724999999999999999999999999999999981        0.275000000000000000000000000000000019        0.512000024318695068359375000000000000        0.425000011920928955078125000000000000         6.30000010132789611816406250000000000E-0002  0.870056494511586616800702331296776776        0.129943505488413383199297668703223248         0.00000000000000000000000000000000000        0.683022559859958444886526535977552353        0.167811590859605266884724425470909642        0.129098359310438402074632433326122454         2500.00000000000000000000000000000000        0.300000011920928955078125000000000000        -1.00000000000000000000000000000000000         4.50000000000000000000000000000000000         50.0000000000000000000000000000000000         2.56284326008146328235954436149297236         2.56238231753144433889622207889335701         2.56238231753144433889622207889335701         2.56238231753144433889622207889335701         2.56238231753144433889622207889335701         0.00000000000000000000000000000000000        -1.79888280864741408853135706759193326E-0002   57878.2345615710694796595353048154013         22803.2139139808941225650495057117674      
   65.9318827133387394963924236784617628         0.00000000000000000000000000000000000         0.00000000000000000000000000000000000        0.599999999999999999999999999999999981        0.400000000000000000000000000000000019        0.724999999999999999999999999999999981        0.275000000000000000000000000000000019        0.512000024318695068359375000000000000        0.425000011920928955078125000000000000         6.30000010132789611816406250000000000E-0002  0.870056494511586616800702331296776776        0.129943505488413383199297668703223248         0.00000000000000000000000000000000000        0.683022559859958444886526535977552353        0.167811590859605266884724425470909642        0.129098359310438402074632433326122454         2500.00000000000000000000000000000000        0.300000011920928955078125000000000000        -1.00000000000000000000000000000000000         4.50000000000000000000000000000000000         50.0000000000000000000000000000000000         2.58072247579070539554688467799175065         2.58022210171036839395971584591633147         2.58022210171036839395971584591633147         2.58022210171036839395971584591633147         2.58022210171036839395971584591633147         0.00000000000000000000000000000000000        -1.93926747625840196968389907137067632E-0002   61854.8852817593750143752274322796337         23198.6324038433021554422694923357822      
   69.0551352016267211341221719941803480         0.00000000000000000000000000000000000         0.00000000000000000000000000000000000        0.599999999999999999999999999999999981        0.400000000000000000000000000000000019        0.724999999999999999999999999999999981        0.275000000000000000000000000000000019        0.512000024318695068359375000000000000        0.425000011920928955078125000000000000         6.30000010132789611816406250000000000E-0002  0.870056494511586616800702331296776776        0.129943505488413383199297668703223248         0.00000000000000000000000000000000000        0.683022559859958444886526535977552353        0.167811590859605266884724425470909642        0.129098359310438402074632433326122454         2500.00000000000000000000000000000000        0.300000011920928955078125000000000000        -1.00000000000000000000000000000000000         4.50000000000000000000000000000000000         50.0000000000000000000000000000000000         2.59843270989233962086427216962501014         2.59814843221764596312881341542368506         2.59814843221764596312881341542368506         2.59814843221764596312881341542368506         2.59814843221764596312881341542368506         0.00000000000000000000000000000000000        -1.09415486493592255440334533991299959E-0002   66125.0927476303192242778647053372591         23607.7949104042620750945030006898564      
   72.3263389648389904315881138559222429         0.00000000000000000000000000000000000         0.00000000000000000000000000000000000        0.599999999999999999999999999999999981        0.400000000000000000000000000000000019        0.724999999999999999999999999999999981        0.275000000000000000000000000000000019        0.512000024318695068359375000000000000        0.425000011920928955078125000000000000         6.30000010132789611816406250000000000E-0002  0.870056494511586616800702331296776776        0.129943505488413383199297668703223248         0.00000000000000000000000000000000000        0.683022559859958444886526535977552353        0.167811590859605266884724425470909642        0.129098359310438402074632433326122454         2500.00000000000000000000000000000000        0.300000011920928955078125000000000000        -1.00000000000000000000000000000000000         4.50000000000000000000000000000000000         50.0000000000000000000000000000000000         2.61590771636514743784446998330703416         2.61557153780212371515365400315635177         2.61557153780212371515365400315635177         2.61557153780212371515365400315635177         2.61557153780212371515365400315635177         0.00000000000000000000000000000000000        -1.28529676273436978212549812823705593E-0002   70705.0531630415890746347810063217063         24029.0188167788196008973642240351852      
   75.7525025877229563234538363456045364         0.00000000000000000000000000000000000         0.00000000000000000000000000000000000        0.599999999999999999999999999999999981        0.400000000000000000000000000000000019        0.724999999999999999999999999999999981        0.275000000000000000000000000000000019        0.512000024318695068359375000000000000        0.425000011920928955078125000000000000         6.30000010132789611816406250000000000E-0002  0.870056494511586616800702331296776776        0.129943505488413383199297668703223248         0.00000000000000000000000000000000000        0.683022559859958444886526535977552353        0.167811590859605266884724425470909642        0.129098359310438402074632433326122454         2500.00000000000000000000000000000000        0.300000011920928955078125000000000000        -1.00000000000000000000000000000000000         4.50000000000000000000000000000000000         50.0000000000000000000000000000000000         2.63314547102301376239535809536286987         2.63260184254354555542826939648326211         2.63260184254354555542826939648326211         2.63260184254354555542826939648326211         2.63260184254354555542826939648326211         0.00000000000000000000000000000000000        -2.06498556174741746107751598317969713E-0002   75620.7216180879053824410313932755915         24463.3303318639218659918928728463886      
   79.3409666579789374092779396113335383         0.00000000000000000000000000000000000         0.00000000000000000000000000000000000        0.599999999999999999999999999999999981        0.400000000000000000000000000000000019        0.724999999999999999999999999999999981        0.275000000000000000000000000000000019        0.512000024318695068359375000000000000        0.425000011920928955078125000000000000         6.30000010132789611816406250000000000E-0002  0.870056494511586616800702331296776776        0.129943505488413383199297668703223248         0.00000000000000000000000000000000000        0.683022559859958444886526535977552353        0.167811590859605266884724425470909642        0.129098359310438402074632433326122454         2500.00000000000000000000000000000000        0.300000011920928955078125000000000000        -1.00000000000000000000000000000000000         4.50000000000000000000000000000000000         50.0000000000000000000000000000000000         2.65017252610710812693944994981660989         2.64966667599349765374618827972008353         2.64966667599349765374618827972008353         2.64966667599349765374618827972008353         2.64966667599349765374618827972008353         0.00000000000000000000000000000000000        -1.90910848596004519363495343680380320E-0002   80901.9323237607203123584964523225575         24912.3180646810065616715925043460604      
   83.0994194935381664732668516345784739         0.00000000000000000000000000000000000         0.00000000000000000000000000000000000        0.599999999999999999999999999999999981        0.400000000000000000000000000000000019        0.724999999999999999999999999999999981        0.275000000000000000000000000000000019        0.512000024318695068359375000000000000        0.425000011920928955078125000000000000         6.30000010132789611816406250000000000E-0002  0.870056494511586616800702331296776776        0.129943505488413383199297668703223248         0.00000000000000000000000000000000000        0.683022559859958444886526535977552353        0.167811590859605266884724425470909642        0.129098359310438402074632433326122454         2500.00000000000000000000000000000000        0.300000011920928955078125000000000000        -1.00000000000000000000000000000000000         4.50000000000000000000000000000000000         50.0000000000000000000000000000000000         2.66695271140070766226888925439493609         2.66647859427391931149887494600666218         2.66647859427391931149887494600666218         2.66647859427391931149887494600666218         2.66647859427391931149887494600666218         0.00000000000000000000000000000000000        -1.77806462728215753365896009649123454E-0002   86575.8836020275424573851798895664431         25376.0136182259870074778968355078425      
   87.0359136148560765360321240320169501         0.00000000000000000000000000000000000         0.00000000000000000000000000000000000        0.599999999999999999999999999999999981        0.400000000000000000000000000000000019        0.724999999999999999999999999999999981        0.275000000000000000000000000000000019        0.512000024318695068359375000000000000        0.425000011920928955078125000000000000         6.30000010132789611816406250000000000E-0002  0.870056494511586616800702331296776776        0.129943505488413383199297668703223248         0.00000000000000000000000000000000000        0.683022559859958444886526535977552353        0.167811590859605266884724425470909642        0.129098359310438402074632433326122454         2500.00000000000000000000000000000000        0.300000011920928955078125000000000000        -1.00000000000000000000000000000000000         4.50000000000000000000000000000000000         50.0000000000000000000000000000000000         2.68346923514904672779284311019622063         2.68303755291335935696877957191259270         2.68303755291335935696877957191259270         2.68303755291335935696877957191259270         2.68303755291335935696877957191259270         0.00000000000000000000000000000000000        -1.60893102378918028477157033214311076E-0002   92673.2346851390726333401095621025278         25854.9001367741296614816871184041492      
   91.1588829975129113180355582295095585         0.00000000000000000000000000000000000         0.00000000000000000000000000000000000        0.599999999999999999999999999999999981        0.400000000000000000000000000000000019        0.724999999999999999999999999999999981        0.275000000000000000000000000000000019        0.512000024318695068359375000000000000        0.425000011920928955078125000000000000         6.30000010132789611816406250000000000E-0002  0.870056494511586616800702331296776776        0.129943505488413383199297668703223248         0.00000000000000000000000000000000000        0.683022559859958444886526535977552353        0.167811590859605266884724425470909642        0.129098359310438402074632433326122454         2500.00000000000000000000000000000000        0.300000011920928955078125000000000000        -1.00000000000000000000000000000000000         4.50000000000000000000000000000000000         50.0000000000000000000000000000000000         2.69974655873640306912038823673463252         2.69971710456763803583918491676316896         2.69971710456763803583918491676316896         2.69971710456763803583918491676316896         2.69971710456763803583918491676316896         0.00000000000000000000000000000000000        -1.09100945114582259519647627291264143E-0003   99250.8552294535570350310174724637192         26352.1066629434388493001179706147135      
   95.4771611420855187564395181622441053         0.00000000000000000000000000000000000         0.00000000000000000000000000000000000        0.599999999999999999999999999999999981        0.400000000000000000000000000000000019        0.724999999999999999999999999999999981        0.275000000000000000000000000000000019        0.512000024318695068359375000000000000        0.425000011920928955078125000000000000         6.30000010132789611816406250000000000E-0002  0.870056494511586616800702331296776776        0.129943505488413383199297668703223248         0.00000000000000000000000000000000000        0.683022559859958444886526535977552353        0.167811590859605266884724425470909642        0.129098359310438402074632433326122454         2500.00000000000000000000000000000000        0.300000011920928955078125000000000000        -1.00000000000000000000000000000000000         4.50000000000000000000000000000000000         50.0000000000000000000000000000000000         2.71565735317175201230269881690658268         2.71530937835151272284841204365581289         2.71530937835151272284841204365581289         2.71530937835151272284841204365581289         2.71530937835151272284841204365581289         0.00000000000000000000000000000000000        -1.28152918048162861360210761652683981E-0002   106281.906065752730334490182156390710         26862.1949991408438463521183421326896      
   100.000000000005197392984105217599543         0.00000000000000000000000000000000000         0.00000000000000000000000000000000000        0.599999999999999999999999999999999981        0.400000000000000000000000000000000019        0.724999999999999999999999999999999981        0.275000000000000000000000000000000019        0.512000024318695068359375000000000000        0.425000011920928955078125000000000000         6.30000010132789611816406250000000000E-0002  0.870056494511586616800702331296776776        0.129943505488413383199297668703223248         0.00000000000000000000000000000000000        0.683022559859958444886526535977552353        0.167811590859605266884724425470909642        0.129098359310438402074632433326122454         2500.00000000000000000000000000000000        0.300000011920928955078125000000000000        -1.00000000000000000000000000000000000         4.50000000000000000000000000000000000         50.0000000000000000000000000000000000         2.73126927742800050226494931818180575         2.73067842495476692670342349053643707         2.73067842495476692670342349053643707         2.73067842495476692670342349053643707         2.73067842495476692670342349053643707         0.00000000000000000000000000000000000        -2.16375706430303267846117059441415586E-0002   113861.231617857707304530360617566668         27389.5746586610701100765136161822340      
